ISO-10303-21;
HEADER;

/* File generated by SOLIDWORKS MBD Version 2026 */

FILE_DESCRIPTION(('HOOPS Exchange Step'),'2;1');

FILE_NAME('C:\\Users\\yu061\\OneDrive - \X2\5B6668216CD54EBA95A267715B669662\X0\\\\X2\30C730B930AF30C830C330D7\X0\\\\X2\30C730B930AF30C830C330D7\X0\\\\X2\5352781495A24FC2\X0\\\\X2\53527814\X0\\\2026\X2\5E745EA630004E0951716280781430C730FC30BF\X0\\\2026\X2\5E745EA6\X0\CAD\X2\30C730FC30BF\X0\\\STEP\X2\30D530A130A430EB\X0\\\\X2\30D730E930F330C88A2D50993000\X0\STEP\X2\30D530A130A430EB\X0\\\40A-\X2\96D175286C347BA1\X0\-3.STP',
'2026-09-30T13:24:25+09:00',
('yu061'),
('None'),
'HOOPS Exchange 2025.5',
'SOLIDWORKS MBD',
'None');

FILE_SCHEMA( ('AP242_MANAGED_MODEL_BASED_3D_ENGINEERING_MIM_LF {1 0 10303 442 4 1 4}') );

ENDSEC;

DATA;
#3=(NAMED_UNIT(*)PLANE_ANGLE_UNIT()SI_UNIT($,.RADIAN.));
#4=PLANE_ANGLE_MEASURE_WITH_UNIT(PLANE_ANGLE_MEASURE(0.0174532925),#3);
#5=(CONVERSION_BASED_UNIT('DEGREE',#4)NAMED_UNIT(#6)PLANE_ANGLE_UNIT());
#6=DIMENSIONAL_EXPONENTS(0.,0.,0.,0.,0.,0.,0.);
#7=(NAMED_UNIT(*)SI_UNIT($,.STERADIAN.)SOLID_ANGLE_UNIT());
#8=(LENGTH_UNIT()NAMED_UNIT(*)SI_UNIT(.MILLI.,.METRE.));
#9=UNCERTAINTY_MEASURE_WITH_UNIT(LENGTH_MEASURE(1.000000E-03),#8,'DISTANCE_ACCURACY_VALUE','Maximum Tolerance applied to model');
#10=(GEOMETRIC_REPRESENTATION_CONTEXT(3)GLOBAL_UNCERTAINTY_ASSIGNED_CONTEXT((#9))GLOBAL_UNIT_ASSIGNED_CONTEXT((#8,#5,#7))REPRESENTATION_CONTEXT('','\X2\FF83FF9EFF8CFF6BFF99FF84\X0\'));
#12=CARTESIAN_POINT('',(0.,0.,0.));
#13=DIRECTION('',(0.,0.,1.));
#14=DIRECTION('',(1.,0.,0.));
#15=AXIS2_PLACEMENT_3D('',#12,#13,#14);
#28=COLOUR_RGB('',1.,0.501960814,0.250980407);
#29=DRAUGHTING_PRE_DEFINED_CURVE_FONT('continuous');
#30=CURVE_STYLE('',#29,POSITIVE_LENGTH_MEASURE(0.100000),#28);
#31=PRESENTATION_STYLE_ASSIGNMENT((#30));
#32=COORDINATES_LIST('',3,((-0.1,-140.861984,594.349976),(-0.1,-140.353989,591.047974),(-0.1,-141.369995,591.047974)));
#33=COMPLEX_TRIANGULATED_SURFACE_SET('',#32,3,((-1.,-0.,0.)),(),((2,3,1)),());
#34=COORDINATES_LIST('',3,((-0.1,-140.861984,-594.349976),(-0.1,-141.369995,-591.047974),(-0.1,-140.353989,-591.047974)));
#35=COMPLEX_TRIANGULATED_SURFACE_SET('',#34,3,((-1.,-0.,0.)),(),((3,1,2)),());
#37=COORDINATES_LIST('',2,((-0.1,-25.299999,594.349976),(-0.1,-141.861984,594.349976)));
#36=TESSELLATED_CURVE_SET('',#37,((1,2)));
#39=COORDINATES_LIST('',2,((-0.1,-25.299999,-594.349976),(-0.1,-141.861984,-594.349976)));
#38=TESSELLATED_CURVE_SET('',#39,((1,2)));
#41=COORDINATES_LIST('',2,((-0.1,-25.299999,594.349976),(-0.1,-24.299999,594.349976)));
#40=TESSELLATED_CURVE_SET('',#41,((1,2)));
#43=COORDINATES_LIST('',2,((-0.1,-24.299999,594.349976),(0.,-24.299999,594.349976)));
#42=TESSELLATED_CURVE_SET('',#43,((1,2)));
#45=COORDINATES_LIST('',2,((-0.1,-25.299999,594.349976),(-0.1,-24.299999,594.349976)));
#44=TESSELLATED_CURVE_SET('',#45,((1,2)));
#47=COORDINATES_LIST('',2,((-0.1,-24.299999,594.349976),(0.,-24.299999,594.349976)));
#46=TESSELLATED_CURVE_SET('',#47,((1,2)));
#49=COORDINATES_LIST('',2,((-0.1,-25.299999,-594.349976),(-0.1,-24.299999,-594.349976)));
#48=TESSELLATED_CURVE_SET('',#49,((1,2)));
#51=COORDINATES_LIST('',2,((-0.1,-24.299999,-594.349976),(0.,-24.299999,-594.349976)));
#50=TESSELLATED_CURVE_SET('',#51,((1,2)));
#53=COORDINATES_LIST('',2,((-0.1,-140.861984,594.349976),(-0.1,-140.861984,-594.349976)));
#52=TESSELLATED_CURVE_SET('',#53,((1,2)));
#54=COORDINATES_LIST('',6,((-0.1,-136.002396,-4.413726),(-0.1,-136.002396,-3.467412),(-0.1,-139.891281,-3.467412),(-0.1,-139.891281,-4.09588),(-0.1,-136.695633,-4.09588),(-0.1,-136.695633,-4.774915)));
#55=COMPLEX_TRIANGULATED_SURFACE_SET('',#54,6,((-1.,0.,0.)),(),((1,6,5),(5,3,2),(3,5,4),(5,2,1)),());
#56=COORDINATES_LIST('',6,((-0.1,-136.002396,-1.827615),(-0.1,-136.002396,-0.881301),(-0.1,-139.891281,-0.881301),(-0.1,-139.891281,-1.509769),(-0.1,-136.695633,-1.509769),(-0.1,-136.695633,-2.188804)));
#57=COMPLEX_TRIANGULATED_SURFACE_SET('',#56,6,((-1.,0.,0.)),(),((1,6,5),(5,3,2),(3,5,4),(5,2,1)),());
#58=COORDINATES_LIST('',183,((-0.1,-137.786209,1.97209),(-0.1,-137.857727,2.06022),(-0.1,-137.937027,2.139682),(-0.1,-138.024109,2.210475),(-0.1,-138.118958,2.272599),(-0.1,-138.221588,2.326055),(-0.1,-138.329636,2.370265),(-0.1,-138.44072,2.40465),(-0.1,-138.554855,2.429211),(-0.1,
   -138.672028,2.443947),(-0.1,-138.792252,2.448859),(-0.1,-138.925308,2.44308),(-0.1,-139.053986,2.425743),(-0.1,-139.178268,2.396848),(-0.1,-139.298141,2.356395),(-0.1,-139.41362,2.304384),(-0.1,-139.5215,2.242693),(-0.1,-139.618546,2.1732),(-0.1,-139.704788,2.095906),(-0.1,
   -139.780197,2.01081),(-0.1,-139.844788,1.917912),(-0.1,-139.898041,1.815768),(-0.1,-139.939468,1.702932),(-0.1,-139.969055,1.579406),(-0.1,-139.986816,1.445188),(-0.1,-139.992737,1.300279),(-0.1,-139.987152,1.147713),(-0.1,-139.970413,1.007861),(-0.1,-139.94252,0.880722),(-0.1,
   -139.903458,0.766298),(-0.1,-139.853241,0.664587),(-0.1,-139.791687,0.573134),(-0.1,-139.718643,0.489483),(-0.1,-139.634109,0.413633),(-0.1,-139.538071,0.345585),(-0.1,-139.430527,0.285339),(-0.1,-139.314377,0.234628),(-0.1,-139.192459,0.195186),(-0.1,-139.064804,0.167013),(-0.1,
   -138.931396,0.15011),(-0.1,-138.792252,0.144475),(-0.1,-138.672531,0.148954),(-0.1,-138.556885,0.16239),(-0.1,-138.445297,0.184784),(-0.1,-138.337753,0.216135),(-0.1,-138.234283,0.256444),(-0.1,-138.135193,0.305999),(-0.1,-138.040848,0.365089),(-0.1,-137.951233,0.433715),(-0.1,
   -137.866348,0.511876),(-0.1,-137.786209,0.599573),(-0.1,-137.714355,0.541927),(-0.1,-137.640793,0.49035),(-0.1,-137.565552,0.44484),(-0.1,-137.488617,0.405398),(-0.1,-137.410004,0.372024),(-0.1,-137.329681,0.344718),(-0.1,-137.247681,0.32348),(-0.1,-137.163986,0.30831),(-0.1,
   -137.078598,0.299208),(-0.1,-136.991516,0.296175),(-0.1,-136.871979,0.301231),(-0.1,-136.756836,0.316401),(-0.1,-136.646088,0.341684),(-0.1,-136.539734,0.377081),(-0.1,-136.437775,0.422591),(-0.1,-136.342422,0.477058),(-0.1,-136.255844,0.539327),(-0.1,-136.17807,0.609397),(-0.1,
   -136.109085,0.68727),(-0.1,-136.048889,0.772944),(-0.1,-135.998672,0.865408),(-0.1,-135.95961,0.963651),(-0.1,-135.931717,1.067674),(-0.1,-135.914978,1.177475),(-0.1,-135.909393,1.293055),(-0.1,-135.914978,1.408491),(-0.1,-135.931717,1.517859),(-0.1,-135.95961,1.621159),(-0.1,
   -135.998672,1.718391),(-0.1,-136.048889,1.809555),(-0.1,-136.109421,1.893929),(-0.1,-136.179428,1.97079),(-0.1,-136.258896,2.040138),(-0.1,-136.347824,2.101974),(-0.1,-136.446228,2.156296),(-0.1,-136.550888,2.201806),(-0.1,-136.6586,2.237203),(-0.1,-136.769348,2.262486),(-0.1,
   -136.883148,2.277656),(-0.1,-136.999969,2.282712),(-0.1,-137.080292,2.280112),(-0.1,-137.15892,2.27231),(-0.1,-137.23584,2.259307),(-0.1,-137.311081,2.241103),(-0.1,-137.384644,2.217699),(-0.1,-137.458862,2.18707),(-0.1,-137.536133,2.147195),(-0.1,-137.616455,2.098073),(-0.1,
   -137.699814,2.039705),(-0.1,-137.786209,1.97209),(-0.1,-136.619537,1.278608),(-0.1,-136.624451,1.21735),(-0.1,-136.63916,1.160716),(-0.1,-136.663666,1.108705),(-0.1,-136.697998,1.061317),(-0.1,-136.742126,1.018552),(-0.1,-136.793701,0.982144),(-0.1,-136.850342,0.953827),(-0.1,
   -136.912048,0.9336),(-0.1,-136.978836,0.921464),(-0.1,-137.050705,0.917419),(-0.1,-137.122726,0.921753),(-0.1,-137.190018,0.934756),(-0.1,-137.252579,0.956427),(-0.1,-137.31041,0.986767),(-0.1,-137.36351,1.025776),(-0.1,-137.409149,1.070852),(-0.1,-137.444656,1.119396),(-0.1,
   -137.470032,1.171407),(-0.1,-137.485245,1.226886),(-0.1,-137.490311,1.285832),(-0.1,-137.485413,1.347234),(-0.1,-137.470703,1.404302),(-0.1,-137.446182,1.457035),(-0.1,-137.411865,1.505434),(-0.1,-137.367737,1.549499),(-0.1,-137.315491,1.587208),(-0.1,-137.256805,1.616536),(-0.1,
   -137.191711,1.637485),(-0.1,-137.120193,1.650054),(-0.1,-137.042252,1.654244),(-0.1,-136.970551,1.650054),(-0.1,-136.904282,1.637485),(-0.1,-136.843414,1.616536),(-0.1,-136.787949,1.587207),(-0.1,-136.7379,1.549499),(-0.1,-136.695297,1.505145),(-0.1,-136.662155,1.455879),(-0.1,
   -136.638474,1.401701),(-0.1,-136.624283,1.342611),(-0.1,-136.619537,1.278608),(-0.1,-138.175095,1.300279),(-0.1,-138.181686,1.210849),(-0.1,-138.201477,1.127487),(-0.1,-138.234451,1.050192),(-0.1,-138.280609,0.978966),(-0.1,-138.339951,0.913807),(-0.1,-138.408096,0.857895),(-0.1,
   -138.480621,0.814408),(-0.1,-138.557556,0.783346),(-0.1,-138.638885,0.764709),(-0.1,-138.724609,0.758496),(-0.1,-138.816422,0.76442),(-0.1,-138.902496,0.78219),(-0.1,-138.982803,0.811808),(-0.1,-139.057373,0.853272),(-0.1,-139.12619,0.906583),(-0.1,-139.185532,0.96943),(-0.1,
   -139.231689,1.039501),(-0.1,-139.264664,1.116795),(-0.1,-139.284439,1.201313),(-0.1,-139.291046,1.293055),(-0.1,-139.284958,1.387109),(-0.1,-139.266693,1.472783),(-0.1,-139.236252,1.550077),(-0.1,-139.193649,1.618992),(-0.1,-139.13887,1.679527),(-0.1,-139.07428,1.730238),(-0.1,
   -139.002243,1.76968),(-0.1,-138.922775,1.797853),(-0.1,-138.835876,1.814756),(-0.1,-138.741516,1.820391),(-0.1,-138.649704,1.814467),(-0.1,-138.563644,1.796697),(-0.1,-138.483337,1.767079),(-0.1,-138.408768,1.725615),(-0.1,-138.339951,1.672304),(-0.1,-138.280609,1.610035),(-0.1,
   -138.234451,1.541698),(-0.1,-138.201477,1.467293),(-0.1,-138.181686,1.38682),(-0.1,-138.175095,1.300279)));
#59=COMPLEX_TRIANGULATED_SURFACE_SET('',#58,180,((-1.,0.,0.)),(),((40,39,154),(154,153,40),(41,40,153),(38,154,39),(34,155,35),(33,156,34),(36,155,37),(35,155,
   36),(38,37,154),(32,156,33),(44,43,153),(44,153,45),(152,46,45),(42,153,43),(48,47,152),(46,152,47),(49,48,151),(49,151,
   50),(51,50,150),(153,152,45),(42,41,153),(32,31,157),(30,29,159),(157,31,158),(159,158,30),(29,160,159),(157,156,32),(161,28,
   27),(26,162,27),(163,162,26),(161,160,28),(162,161,27),(28,160,29),(154,37,155),(155,34,156),(151,150,50),(152,151,48),(148,147,
   51),(149,148,51),(119,146,145),(118,147,146),(51,147,117),(150,149,51),(144,143,122),(158,31,30),(120,145,144),(112,59,58),(112,61,
   60),(59,112,60),(58,57,112),(54,113,55),(53,113,54),(56,55,112),(113,112,55),(56,112,57),(53,52,114),(61,112,62),(63,62,
   111),(111,64,63),(64,111,65),(111,66,65),(110,67,66),(110,68,67),(69,68,109),(109,70,69),(108,71,70),(71,107,72),(62,112,
   111),(114,51,115),(114,113,53),(114,52,51),(119,145,120),(120,144,121),(116,51,117),(117,147,118),(118,146,119),(51,116,115),(107,71,
   108),(108,70,109),(72,106,73),(72,107,106),(73,106,105),(68,110,109),(104,103,75),(105,104,74),(104,75,74),(75,103,102),(75,102,
   76),(105,74,73),(110,66,111),(144,122,121),(26,25,164),(165,164,25),(24,166,165),(165,25,24),(23,167,166),(168,167,22),(23,166,
   24),(21,169,168),(20,170,169),(170,18,171),(127,180,179),(124,182,181),(123,143,182),(181,180,125),(175,174,5),(1,177,176),(1,178,
   177),(175,3,176),(1,179,178),(167,23,22),(122,143,123),(169,21,20),(170,19,18),(20,19,170),(18,17,171),(172,171,16),(15,172,
   16),(172,14,13),(15,14,172),(16,171,17),(13,12,172),(6,5,174),(173,172,12),(5,4,175),(3,2,176),(175,4,3),(174,173,
   7),(173,10,9),(9,8,173),(6,174,7),(173,8,7),(10,173,11),(12,11,173),(21,168,22),(1,176,2),(123,182,124),(125,180,
   126),(126,180,127),(181,125,124),(129,128,1),(130,129,1),(84,135,134),(130,100,131),(127,1,128),(77,140,78),(76,141,77),(102,141,
   76),(77,141,140),(140,139,78),(81,137,136),(80,138,137),(79,78,139),(80,79,138),(79,139,138),(82,136,135),(134,133,86),(99,131,
   100),(98,97,131),(131,99,98),(131,97,132),(100,130,1),(96,95,132),(95,94,132),(93,92,132),(132,94,93),(96,132,97),(132,92,
   91),(85,84,134),(84,83,135),(82,81,136),(135,83,82),(80,137,81),(132,90,89),(88,133,89),(86,133,87),(88,87,133),(85,134,
   86),(132,91,90),(132,89,133),(179,1,127),(163,26,164)),());
#60=COORDINATES_LIST('',85,((-0.1,-139.992737,3.835824),(-0.1,-139.679932,3.294041),(-0.1,-138.352631,3.879167),(-0.1,-138.338593,3.713886),(-0.1,-138.296494,3.559009),(-0.1,-138.226334,3.414533),(-0.1,-138.128098,3.28046),(-0.1,-138.001785,3.156789),(-0.1,-137.854187,3.050166),(-0.1,
   -137.692032,2.967237),(-0.1,-137.515335,2.908002),(-0.1,-137.324112,2.872461),(-0.1,-137.118332,2.860614),(-0.1,-136.921692,2.872895),(-0.1,-136.737564,2.909736),(-0.1,-136.565948,2.971138),(-0.1,-136.40683,3.057101),(-0.1,-136.260239,3.167625),(-0.1,-136.133942,3.295197),(-0.1,
   -136.035706,3.432304),(-0.1,-135.96553,3.578947),(-0.1,-135.923431,3.735125),(-0.1,-135.909393,3.900838),(-0.1,-135.923935,4.074064),(-0.1,-135.96756,4.235443),(-0.1,-136.040268,4.384975),(-0.1,-136.142059,4.52266),(-0.1,-136.272919,4.648499),(-0.1,-136.423065,4.756422),(-0.1,
   -136.582687,4.840362),(-0.1,-136.75177,4.90032),(-0.1,-136.930313,4.936294),(-0.1,-137.118332,4.948285),(-0.1,-137.189514,4.946407),(-0.1,-137.261032,4.940773),(-0.1,-137.332901,4.931381),(-0.1,-137.40509,4.918234),(-0.1,-137.477631,4.90133),(-0.1,-137.557953,4.877781),(-0.1,
   -137.653473,4.844696),(-0.1,-137.764221,4.802076),(-0.1,-137.890198,4.74992),(-0.1,-138.031372,4.688229),(-0.1,-137.659393,3.915285),(-0.1,-137.653305,3.982467),(-0.1,-137.635056,4.045313),(-0.1,-137.604614,4.103826),(-0.1,-137.562012,4.158004),(-0.1,-137.507217,4.207848),(-0.1,
   -137.443649,4.250758),(-0.1,-137.374664,4.284132),(-0.1,-137.300262,4.30797),(-0.1,-137.220459,4.322273),(-0.1,-137.135239,4.327041),(-0.1,-137.046982,4.322128),(-0.1,-136.964813,4.307392),(-0.1,-136.888718,4.282831),(-0.1,-136.818726,4.248446),(-0.1,-136.754807,4.204237),(-0.1,
   -136.700027,4.153092),(-0.1,-136.65741,4.097902),(-0.1,-136.626984,4.038667),(-0.1,-136.608719,3.975387),(-0.1,-136.602631,3.908062),(-0.1,-136.608719,3.840592),(-0.1,-136.626984,3.776878),(-0.1,-136.65741,3.716921),(-0.1,-136.700027,3.66072),(-0.1,-136.754807,3.608275),(-0.1,
   -136.81839,3.562765),(-0.1,-136.887375,3.527369),(-0.1,-136.961761,3.502085),(-0.1,-137.041565,3.486916),(-0.1,-137.126785,3.481859),(-0.1,-137.215042,3.486771),(-0.1,-137.297226,3.501508),(-0.1,-137.373306,3.526068),(-0.1,-137.443314,3.560454),(-0.1,-137.507217,3.604663),(-0.1,
   -137.562012,3.656385),(-0.1,-137.604614,3.713309),(-0.1,-137.635056,3.775433),(-0.1,-137.653305,3.842759),(-0.1,-137.659393,3.915285),(-0.1,-139.016281,3.586604)));
#61=COMPLEX_TRIANGULATED_SURFACE_SET('',#60,84,((-1.,0.,0.)),(),((76,9,8),(78,7,6),(77,8,7),(78,77,7),(74,12,11),(10,9,75),(76,8,77),(11,10,
   75),(9,76,75),(81,5,4),(3,83,4),(3,1,43),(2,1,85),(82,4,83),(78,6,79),(81,80,5),(82,81,4),(6,80,
   79),(6,5,80),(3,85,1),(14,13,74),(14,74,15),(13,12,74),(74,73,15),(16,15,73),(11,75,74),(17,16,73),(72,18,
   17),(18,71,19),(19,70,20),(71,18,72),(68,20,69),(69,20,70),(70,19,71),(21,68,67),(21,20,68),(21,67,22),(22,66,
   65),(66,22,67),(22,65,23),(72,17,73),(83,3,44),(44,3,45),(46,3,47),(47,3,48),(3,46,45),(50,49,43),(52,51,
   42),(53,52,41),(50,43,51),(48,43,49),(42,41,52),(40,39,53),(40,53,41),(39,54,53),(54,38,37),(38,54,39),(54,37,
   36),(35,34,54),(35,54,36),(54,34,33),(42,51,43),(3,43,48),(62,61,24),(26,60,59),(25,60,26),(61,60,25),(23,64,
   63),(23,65,64),(62,24,63),(24,61,25),(63,24,23),(59,58,26),(28,57,56),(32,31,54),(32,54,33),(56,55,29),(31,55,
   54),(57,28,27),(26,58,27),(55,30,29),(29,28,56),(55,31,30),(27,58,57)),());
#27=TESSELLATED_GEOMETRIC_SET('general dimension',(#33,#35,#36,#38,#40,#42,#44,#46,#48,#50,#52,#55,#57,#59,#61));
#26=TESSELLATED_ANNOTATION_OCCURRENCE('\X2\8DDD96E295939694\X0\1@\X2\5E739762\X0\2(1188.7)',(#31),#27);
#62=DRAUGHTING_CALLOUT('\X2\8DDD96E295939694\X0\1@\X2\5E739762\X0\2(1188.7)',(#26));
#64=PRESENTATION_STYLE_ASSIGNMENT((NULL_STYLE(.NULL.)));
#65=CARTESIAN_POINT('',(0.,0.,0.));
#66=DIRECTION('',(-1.,0.,0.));
#67=DIRECTION('',(0.,0.,1.));
#68=AXIS2_PLACEMENT_3D('',#65,#66,#67);
#69=PLANE('',#68);
#63=ANNOTATION_PLANE('*\X2\5DE650749762\X0\',(#64),#69,(#62));
#72=DRAUGHTING_PRE_DEFINED_COLOUR('black');
#73=CURVE_STYLE('',#29,POSITIVE_LENGTH_MEASURE(0.100000),#72);
#74=PRESENTATION_STYLE_ASSIGNMENT((#73));
#76=COORDINATES_LIST('',2,((-178.741608,277.99884,2443.916748),(-167.563705,358.151489,2446.989746)));
#75=TESSELLATED_CURVE_SET('',#76,((1,2)));
#78=COORDINATES_LIST('',2,((-167.563705,358.151489,2446.989746),(-159.275848,417.580719,2449.268311)));
#77=TESSELLATED_CURVE_SET('',#78,((1,2)));
#80=COORDINATES_LIST('',2,((-279.16687,375.652588,2396.460938),(-270.879028,435.081848,2398.739502)));
#79=TESSELLATED_CURVE_SET('',#80,((1,2)));
#82=COORDINATES_LIST('',2,((-159.275848,417.580719,2449.268311),(-151.578201,472.77774,2451.384277)));
#81=TESSELLATED_CURVE_SET('',#82,((1,2)));
#84=COORDINATES_LIST('',2,((-270.879028,435.081848,2398.739502),(-263.181366,490.278839,2400.855713)));
#83=TESSELLATED_CURVE_SET('',#84,((1,2)));
#86=COORDINATES_LIST('',2,((-151.578201,472.77774,2451.384277),(-140.374817,553.113159,2454.464355)));
#85=TESSELLATED_CURVE_SET('',#86,((1,2)));
#88=COORDINATES_LIST('',2,((-140.374817,553.113159,2454.464355),(-132.67717,608.310181,2456.580566)));
#87=TESSELLATED_CURVE_SET('',#88,((1,2)));
#90=COORDINATES_LIST('',2,((-251.977982,570.614319,2403.935547),(-244.280334,625.81134,2406.051758)));
#89=TESSELLATED_CURVE_SET('',#90,((1,2)));
#92=COORDINATES_LIST('',2,((-132.67717,608.310181,2456.580566),(-124.979523,663.507202,2458.696777)));
#91=TESSELLATED_CURVE_SET('',#92,((1,2)));
#94=COORDINATES_LIST('',2,((-244.280334,625.81134,2406.051758),(-236.582687,681.008301,2408.167969)));
#93=TESSELLATED_CURVE_SET('',#94,((1,2)));
#96=COORDINATES_LIST('',2,((-419.520447,397.662231,2332.915527),(-411.232574,457.091461,2335.193848)));
#95=TESSELLATED_CURVE_SET('',#96,((1,2)));
#98=COORDINATES_LIST('',2,((-411.232574,457.091461,2335.193848),(-403.534943,512.288452,2337.310059)));
#97=TESSELLATED_CURVE_SET('',#98,((1,2)));
#100=COORDINATES_LIST('',2,((-392.331543,592.623901,2340.390137),(-384.633881,647.820923,2342.506348)));
#99=TESSELLATED_CURVE_SET('',#100,((1,2)));
#102=COORDINATES_LIST('',2,((-384.633881,647.820923,2342.506348),(-376.936249,703.017944,2344.622559)));
#101=TESSELLATED_CURVE_SET('',#102,((1,2)));
#104=COORDINATES_LIST('',2,((-567.227722,420.825043,2266.040527),(-558.939819,480.254272,2268.319092)));
#103=TESSELLATED_CURVE_SET('',#104,((1,2)));
#106=COORDINATES_LIST('',2,((-558.939819,480.254272,2268.319092),(-551.242188,535.451294,2270.435059)));
#105=TESSELLATED_CURVE_SET('',#106,((1,2)));
#108=COORDINATES_LIST('',2,((-540.038818,615.786743,2273.515137),(-532.341187,670.983765,2275.631348)));
#107=TESSELLATED_CURVE_SET('',#108,((1,2)));
#110=COORDINATES_LIST('',2,((-532.341187,670.983765,2275.631348),(-524.643494,726.180786,2277.747559)));
#109=TESSELLATED_CURVE_SET('',#110,((1,2)));
#112=COORDINATES_LIST('',2,((-972.929993,484.445496,2082.357422),(-964.642151,543.874756,2084.635986)));
#111=TESSELLATED_CURVE_SET('',#112,((1,2)));
#114=COORDINATES_LIST('',2,((-964.642151,543.874756,2084.635986),(-956.944519,599.071716,2086.752197)));
#113=TESSELLATED_CURVE_SET('',#114,((1,2)));
#116=COORDINATES_LIST('',2,((-540.038818,615.786743,2273.515137),(-532.341187,670.983765,2275.631348)));
#115=TESSELLATED_CURVE_SET('',#116,((1,2)));
#118=COORDINATES_LIST('',2,((-532.341187,670.983765,2275.631348),(-524.643494,726.180786,2277.747559)));
#117=TESSELLATED_CURVE_SET('',#118,((1,2)));
#120=COORDINATES_LIST('',2,((-972.929993,484.445496,2082.357422),(-964.642151,543.874756,2084.635986)));
#119=TESSELLATED_CURVE_SET('',#120,((1,2)));
#122=COORDINATES_LIST('',2,((-964.642151,543.874756,2084.635986),(-956.944519,599.071716,2086.752197)));
#121=TESSELLATED_CURVE_SET('',#122,((1,2)));
#124=COORDINATES_LIST('',2,((-1146.833496,710.94165,1998.786743),(-1139.135864,766.138611,2000.902954)));
#123=TESSELLATED_CURVE_SET('',#124,((1,2)));
#126=COORDINATES_LIST('',2,((-1139.135864,766.138611,2000.902954),(-1131.438232,821.335632,2003.019165)));
#125=TESSELLATED_CURVE_SET('',#126,((1,2)));
#128=COORDINATES_LIST('',2,((-1146.833496,710.94165,1998.786743),(-1139.135864,766.138611,2000.902954)));
#127=TESSELLATED_CURVE_SET('',#128,((1,2)));
#130=COORDINATES_LIST('',2,((-1139.135864,766.138611,2000.902954),(-1131.438232,821.335632,2003.019165)));
#129=TESSELLATED_CURVE_SET('',#130,((1,2)));
#132=COORDINATES_LIST('',2,((-1660.342041,510.336914,1773.117188),(-1649.164185,590.489563,1776.190186)));
#131=TESSELLATED_CURVE_SET('',#132,((1,2)));
#134=COORDINATES_LIST('',2,((-1649.164185,590.489563,1776.190186),(-1640.876343,649.918823,1778.468628)));
#133=TESSELLATED_CURVE_SET('',#134,((1,2)));
#136=COORDINATES_LIST('',2,((-1640.876343,649.918823,1778.468628),(-1633.178711,705.115845,1780.584839)));
#135=TESSELLATED_CURVE_SET('',#136,((1,2)));
#138=COORDINATES_LIST('',2,((-1633.178711,705.115845,1780.584839),(-1621.97522,785.451294,1783.664795)));
#137=TESSELLATED_CURVE_SET('',#138,((1,2)));
#140=COORDINATES_LIST('',2,((-1621.97522,785.451294,1783.664795),(-1614.277588,840.648254,1785.781006)));
#139=TESSELLATED_CURVE_SET('',#140,((1,2)));
#142=COORDINATES_LIST('',2,((-1614.277588,840.648254,1785.781006),(-1606.579956,895.845276,1787.897095)));
#141=TESSELLATED_CURVE_SET('',#142,((1,2)));
#144=COORDINATES_LIST('',2,((-178.741608,277.99884,2443.916748),(-290.344788,295.499939,2393.388184)));
#143=TESSELLATED_CURVE_SET('',#144,((1,2)));
#146=COORDINATES_LIST('',2,((-167.563705,358.151489,2446.989746),(-279.16687,375.652588,2396.460938)));
#145=TESSELLATED_CURVE_SET('',#146,((1,2)));
#148=COORDINATES_LIST('',2,((-290.344788,295.499939,2393.388184),(-430.698334,317.509583,2329.842529)));
#147=TESSELLATED_CURVE_SET('',#148,((1,2)));
#150=COORDINATES_LIST('',2,((-279.16687,375.652588,2396.460938),(-419.520447,397.662231,2332.915527)));
#149=TESSELLATED_CURVE_SET('',#150,((1,2)));
#152=COORDINATES_LIST('',2,((-430.698334,317.509583,2329.842529),(-578.405579,340.672394,2262.967529)));
#151=TESSELLATED_CURVE_SET('',#152,((1,2)));
#154=COORDINATES_LIST('',2,((-419.520447,397.662231,2332.915527),(-567.227722,420.825043,2266.040527)));
#153=TESSELLATED_CURVE_SET('',#154,((1,2)));
#156=COORDINATES_LIST('',2,((-578.405579,340.672394,2262.967529),(-984.10791,404.292847,2079.284424)));
#155=TESSELLATED_CURVE_SET('',#156,((1,2)));
#158=COORDINATES_LIST('',2,((-567.227722,420.825043,2266.040527),(-972.929993,484.445496,2082.357422)));
#157=TESSELLATED_CURVE_SET('',#158,((1,2)));
#160=COORDINATES_LIST('',2,((-984.10791,404.292847,2079.284424),(-1185.200317,435.827271,1988.239258)));
#159=TESSELLATED_CURVE_SET('',#160,((1,2)));
#162=COORDINATES_LIST('',2,((-972.929993,484.445496,2082.357422),(-1174.022461,515.979919,1991.312256)));
#161=TESSELLATED_CURVE_SET('',#162,((1,2)));
#164=COORDINATES_LIST('',2,((-1185.200317,435.827271,1988.239258),(-1413.873657,471.686829,1884.706665)));
#163=TESSELLATED_CURVE_SET('',#164,((1,2)));
#166=COORDINATES_LIST('',2,((-1174.022461,515.979919,1991.312256),(-1402.695801,551.839478,1887.779541)));
#165=TESSELLATED_CURVE_SET('',#166,((1,2)));
#168=COORDINATES_LIST('',2,((-1413.873657,471.686829,1884.706665),(-1660.342041,510.336914,1773.117188)));
#167=TESSELLATED_CURVE_SET('',#168,((1,2)));
#170=COORDINATES_LIST('',2,((-1402.695801,551.839478,1887.779541),(-1649.164185,590.489563,1776.190186)));
#169=TESSELLATED_CURVE_SET('',#170,((1,2)));
#172=COORDINATES_LIST('',2,((-159.275848,417.580719,2449.268311),(-270.879028,435.081848,2398.739502)));
#171=TESSELLATED_CURVE_SET('',#172,((1,2)));
#174=COORDINATES_LIST('',2,((-270.879028,435.081848,2398.739502),(-411.232574,457.091461,2335.193848)));
#173=TESSELLATED_CURVE_SET('',#174,((1,2)));
#176=COORDINATES_LIST('',2,((-411.232574,457.091461,2335.193848),(-558.939819,480.254272,2268.319092)));
#175=TESSELLATED_CURVE_SET('',#176,((1,2)));
#178=COORDINATES_LIST('',2,((-558.939819,480.254272,2268.319092),(-964.642151,543.874756,2084.635986)));
#177=TESSELLATED_CURVE_SET('',#178,((1,2)));
#180=COORDINATES_LIST('',2,((-964.642151,543.874756,2084.635986),(-1165.734619,575.40918,1993.590698)));
#179=TESSELLATED_CURVE_SET('',#180,((1,2)));
#182=COORDINATES_LIST('',2,((-1165.734619,575.40918,1993.590698),(-1394.407959,611.268738,1890.057983)));
#181=TESSELLATED_CURVE_SET('',#182,((1,2)));
#184=COORDINATES_LIST('',2,((-1394.407959,611.268738,1890.057983),(-1640.876343,649.918823,1778.468628)));
#183=TESSELLATED_CURVE_SET('',#184,((1,2)));
#186=COORDINATES_LIST('',2,((-151.578201,472.77774,2451.384277),(-263.181366,490.278839,2400.855713)));
#185=TESSELLATED_CURVE_SET('',#186,((1,2)));
#188=COORDINATES_LIST('',2,((-263.181366,490.278839,2400.855713),(-403.534943,512.288452,2337.310059)));
#187=TESSELLATED_CURVE_SET('',#188,((1,2)));
#190=COORDINATES_LIST('',2,((-403.534943,512.288452,2337.310059),(-551.242188,535.451294,2270.435059)));
#189=TESSELLATED_CURVE_SET('',#190,((1,2)));
#192=COORDINATES_LIST('',2,((-551.242188,535.451294,2270.435059),(-956.944519,599.071716,2086.752197)));
#191=TESSELLATED_CURVE_SET('',#192,((1,2)));
#194=COORDINATES_LIST('',2,((-956.944519,599.071716,2086.752197),(-1158.036987,630.606201,1995.706787)));
#193=TESSELLATED_CURVE_SET('',#194,((1,2)));
#196=COORDINATES_LIST('',2,((-1158.036987,630.606201,1995.706787),(-1386.710327,666.465759,1892.174194)));
#195=TESSELLATED_CURVE_SET('',#196,((1,2)));
#198=COORDINATES_LIST('',2,((-1386.710327,666.465759,1892.174194),(-1633.178711,705.115845,1780.584839)));
#197=TESSELLATED_CURVE_SET('',#198,((1,2)));
#200=COORDINATES_LIST('',2,((-140.374817,553.113159,2454.464355),(-251.977982,570.614319,2403.935547)));
#199=TESSELLATED_CURVE_SET('',#200,((1,2)));
#202=COORDINATES_LIST('',2,((-251.977982,570.614319,2403.935547),(-392.331543,592.623901,2340.390137)));
#201=TESSELLATED_CURVE_SET('',#202,((1,2)));
#204=COORDINATES_LIST('',2,((-392.331543,592.623901,2340.390137),(-540.038818,615.786743,2273.515137)));
#203=TESSELLATED_CURVE_SET('',#204,((1,2)));
#206=COORDINATES_LIST('',2,((-540.038818,615.786743,2273.515137),(-945.741089,679.407166,2089.832031)));
#205=TESSELLATED_CURVE_SET('',#206,((1,2)));
#208=COORDINATES_LIST('',2,((-945.741089,679.407166,2089.832031),(-1146.833496,710.94165,1998.786743)));
#207=TESSELLATED_CURVE_SET('',#208,((1,2)));
#210=COORDINATES_LIST('',2,((-1146.833496,710.94165,1998.786743),(-1375.506836,746.801147,1895.25415)));
#209=TESSELLATED_CURVE_SET('',#210,((1,2)));
#212=COORDINATES_LIST('',2,((-1375.506836,746.801147,1895.25415),(-1621.97522,785.451294,1783.664795)));
#211=TESSELLATED_CURVE_SET('',#212,((1,2)));
#214=COORDINATES_LIST('',2,((-132.67717,608.310181,2456.580566),(-244.280334,625.81134,2406.051758)));
#213=TESSELLATED_CURVE_SET('',#214,((1,2)));
#216=COORDINATES_LIST('',2,((-244.280334,625.81134,2406.051758),(-384.633881,647.820923,2342.506348)));
#215=TESSELLATED_CURVE_SET('',#216,((1,2)));
#218=COORDINATES_LIST('',2,((-384.633881,647.820923,2342.506348),(-532.341187,670.983765,2275.631348)));
#217=TESSELLATED_CURVE_SET('',#218,((1,2)));
#220=COORDINATES_LIST('',2,((-532.341187,670.983765,2275.631348),(-938.043457,734.604187,2091.948242)));
#219=TESSELLATED_CURVE_SET('',#220,((1,2)));
#222=COORDINATES_LIST('',2,((-938.043457,734.604187,2091.948242),(-1139.135864,766.138611,2000.902954)));
#221=TESSELLATED_CURVE_SET('',#222,((1,2)));
#224=COORDINATES_LIST('',2,((-1139.135864,766.138611,2000.902954),(-1367.809204,801.998169,1897.370361)));
#223=TESSELLATED_CURVE_SET('',#224,((1,2)));
#226=COORDINATES_LIST('',2,((-1367.809204,801.998169,1897.370361),(-1614.277588,840.648254,1785.781006)));
#225=TESSELLATED_CURVE_SET('',#226,((1,2)));
#228=COORDINATES_LIST('',2,((-124.979523,663.507202,2458.696777),(-236.582687,681.008301,2408.167969)));
#227=TESSELLATED_CURVE_SET('',#228,((1,2)));
#230=COORDINATES_LIST('',2,((-236.582687,681.008301,2408.167969),(-376.936249,703.017944,2344.622559)));
#229=TESSELLATED_CURVE_SET('',#230,((1,2)));
#232=COORDINATES_LIST('',2,((-376.936249,703.017944,2344.622559),(-524.643494,726.180786,2277.747559)));
#231=TESSELLATED_CURVE_SET('',#232,((1,2)));
#234=COORDINATES_LIST('',2,((-524.643494,726.180786,2277.747559),(-930.345825,789.801208,2094.064453)));
#233=TESSELLATED_CURVE_SET('',#234,((1,2)));
#236=COORDINATES_LIST('',2,((-930.345825,789.801208,2094.064453),(-1131.438232,821.335632,2003.019165)));
#235=TESSELLATED_CURVE_SET('',#236,((1,2)));
#238=COORDINATES_LIST('',2,((-1131.438232,821.335632,2003.019165),(-1360.111572,857.19519,1899.486572)));
#237=TESSELLATED_CURVE_SET('',#238,((1,2)));
#240=COORDINATES_LIST('',2,((-1360.111572,857.19519,1899.486572),(-1606.579956,895.845276,1787.897095)));
#239=TESSELLATED_CURVE_SET('',#240,((1,2)));
#241=COORDINATES_LIST('',95,((-894.964539,442.124695,2118.386963),(-894.846558,439.19046,2118.51123),(-896.772583,439.492493,2117.63916),(-897.020447,439.469452,2117.528564),(-897.213623,439.313995,2117.445557),(-897.352173,439.026154,2117.390381),(-897.436096,438.605927,2117.362793),(-897.465393,438.053284,2117.363037),(-897.406982,437.111084,2117.412109),(-897.220032,
   436.183289,2117.518555),(-896.904602,435.269897,2117.682373),(-896.460571,434.370911,2117.903564),(-895.888062,433.486328,2118.182129),(-898.113708,428.111847,2117.313232),(-896.290833,427.825989,2118.138672),(-893.90332,444.946014,2118.794922),(-891.289368,444.536102,2119.978516),(-894.035522,424.844574,2119.223389),(-899.332153,425.675171,2116.825439),(-899.715393,
   425.195313,2116.665039),(-901.798767,427.645813,2115.670166),(-901.042114,428.031128,2116.000488),(-898.516724,433.286591,2117.006836),(-899.26123,434.540833,2116.64209),(-899.800537,435.7341,2116.371094),(-900.134705,436.866425,2116.193604),(-900.263672,437.937744,2116.109619),(-900.187439,438.94809,2116.119385),(-899.859009,440.335022,2116.233154),(-899.365173,
   441.376373,2116.429443),(-898.705811,442.072083,2116.70874),(-897.88092,442.422211,2117.070557),(-896.890625,442.426727,2117.514893),(-882.012634,432.930298,2124.424805),(-891.09259,434.354156,2120.313965),(-889.844788,443.301666,2120.656982),(-887.230896,442.891754,2121.840332),(-887.363525,441.940643,2121.803955),(-883.511414,441.336578,2123.548096),(-883.31488,
   442.745636,2123.602051),(-880.700928,442.335724,2124.7854),(-884.263,435.94693,2123.341309),(-883.874939,438.729828,2123.447998),(-887.727051,439.333893,2121.704102),(-888.115112,436.551025,2121.597412),(-886.783264,422.159424,2122.544434),(-889.156433,422.531586,2121.469971),(-889.78894,422.815063,2121.179199),(-890.133667,423.105255,2121.017334),(-890.190674,
   423.402191,2120.984619),(-889.9599,423.705811,2121.080811),(-889.441467,424.016144,2121.306152),(-889.269531,425.249084,2121.353271),(-893.328003,425.885498,2119.515869),(-892.964478,428.492249,2119.615723),(-891.623108,428.281921,2120.223145),(-890.340759,430.924561,2120.734619),(-893.436218,431.409973,2119.333252),(-893.077637,433.981506,2119.431885),(-880.38623,
   431.991302,2125.177734),(-880.744873,429.419769,2125.079346),(-883.874695,429.910583,2123.662109),(-883.471741,427.003662,2123.913574),(-882.267944,426.81488,2124.45874),(-882.63147,424.20813,2124.358643),(-886.414856,424.801422,2122.645752),(-888.734009,427.828857,2121.53125),(-886.36084,427.456696,2122.605713),(-886.626221,430.342072,2122.416504),(-887.554871,
   430.487701,2121.996094),(-895.097046,436.385986,2118.466797),(-894.500183,440.666016,2118.630859),(-894.201782,442.806,2118.712891),(-894.798645,438.526001,2118.548828),(-895.69397,432.105988,2118.302734),(-895.395508,434.246002,2118.384766),(-892.662476,434.690338,2119.601074),(-893.348999,429.767456,2119.412109),(-893.692261,427.30603,2119.317871),(-893.005737,
   432.228882,2119.506592),(-893.177368,430.998169,2119.459473),(-892.834106,433.459625,2119.553711),(-891.975891,439.61322,2119.789795),(-891.632629,442.074646,2119.884033),(-886.552612,433.642212,2122.369385),(-890.468689,438.827911,2120.485352),(-893.14624,427.188873,2119.565918),(-893.126709,431.36145,2119.473389),(-893.256958,432.69574,2119.382568),(-892.768066,
   433.932983,2119.572021),(-886.577148,432.962128,2122.374756),(-889.672607,433.44754,2120.973389),(-891.220337,433.690277,2120.272705),(-883.481689,432.476715,2123.776367),(-881.93396,432.234009,2124.477051)));
#242=COMPLEX_TRIANGULATED_SURFACE_SET('',#241,95,((-0.409466,0.022136,0.912057)),(),((41,43,34),(43,41,39),(43,39,44),(40,39,41),(90,77,59),(43,42,34),(34,42,85),(71,59,
   77),(38,36,86),(44,39,38),(37,36,38),(74,77,83),(94,69,62),(91,92,70),(44,38,86),(57,70,92),(35,85,45),(70,57,
   67),(93,57,92),(63,62,68),(66,68,53),(68,62,69),(63,68,66),(64,63,65),(47,46,52),(66,52,46),(63,66,65),(53,68,
   67),(53,56,54),(56,53,67),(55,87,56),(57,56,67),(52,48,47),(48,52,51),(51,50,49),(51,49,48),(53,52,66),(72,84,
   73),(45,86,35),(59,71,76),(2,1,3),(33,3,1),(33,4,3),(5,4,30),(32,31,4),(30,4,31),(5,30,29),(7,6,
   28),(27,8,28),(28,6,29),(5,29,6),(28,8,7),(77,74,71),(32,4,33),(78,75,15),(8,27,26),(23,12,11),(23,13,
   12),(23,14,13),(18,15,19),(89,75,58),(19,15,14),(11,10,24),(58,81,88),(24,23,11),(10,25,24),(26,25,9),(9,8,
   26),(14,22,19),(14,23,22),(20,22,21),(22,20,19),(17,16,73),(9,25,10),(72,83,84),(84,17,73),(75,78,58),(79,78,
   15),(18,79,15),(82,80,93),(58,78,81),(72,74,83),(94,91,69),(42,45,85),(45,44,86),(54,56,87),(57,80,88),(59,76,
   89),(75,89,76),(93,90,82),(70,69,91),(80,57,93),(95,94,62),(62,61,95),(60,95,61)),());
#243=COORDINATES_LIST('',45,((-916.902771,436.529785,2108.673584),(-910.19104,435.513275,2111.71167),(-910.107483,436.112122,2111.734619),(-907.493591,435.702209,2112.917969),(-908.760986,426.6138,2112.56958),(-920.661316,428.47995,2107.181641),(-919.418396,437.392212,2107.523438),(-916.804504,436.98233,2108.706787),(-910.554565,432.906525,2111.611572),(-917.22699,
   433.95285,2108.590576),(-917.688721,430.641571,2108.463623),(-911.016357,429.595215,2111.484619),(-918.84375,447.057251,2107.546875),(-915.610718,446.550232,2109.010498),(-915.389709,448.135437,2109.071289),(-912.775757,447.725525,2110.254883),(-914.210205,437.439423,2109.860352),(-922.671143,438.766235,2106.029785),(-921.27594,448.770508,2106.41333),(-918.661987,
   448.360626,2107.59668),(-916.460632,440.456085,2108.776855),(-915.974304,443.943481,2108.910645),(-919.207336,444.45047,2107.446777),(-919.693665,440.963074,2107.313232),(-906.658386,438.918945,2113.214844),(-906.171997,442.406342,2113.348633),(-909.405029,442.91333,2111.884766),(-909.891357,439.425934,2111.751221),(-909.041504,445.520081,2111.984863),(-905.808472,
   445.013092,2113.448486),(-905.587402,446.598297,2113.509277),(-902.97345,446.188385,2114.692871),(-904.407959,435.902283,2114.29834),(-912.868835,437.229065,2110.467773),(-911.473694,447.233368,2110.851318),(-908.859741,446.823456,2112.034668),(-913.546875,436.021545,2110.192627),(-913.492981,442.582458,2110.057617),(-918.440674,438.102844,2107.945068),(-916.325439,
   437.771118,2108.902832),(-920.555908,438.43454,2106.987305),(-908.638428,436.565674,2112.383057),(-906.523193,436.233978,2113.34082),(-910.753601,436.897369,2111.425293),(-912.171265,442.231201,2110.659668)));
#244=COMPLEX_TRIANGULATED_SURFACE_SET('',#243,45,((-0.409466,0.022136,0.912057)),(),((32,31,30),(26,30,27),(30,26,32),(32,26,33),(36,35,29),(27,30,29),(29,35,45),(28,45,
   34),(29,45,27),(25,42,43),(25,33,26),(5,4,9),(42,25,28),(10,9,37),(28,44,42),(12,5,9),(9,4,2),(4,3,
   2),(5,12,6),(17,21,40),(16,15,14),(23,22,14),(22,38,14),(38,21,17),(20,19,13),(23,13,19),(23,14,13),(24,23,
   18),(23,19,18),(37,1,10),(40,21,39),(11,10,6),(39,24,41),(7,6,10),(1,8,7),(7,10,1),(39,21,24),(11,6,
   12),(22,21,38),(16,14,38),(2,37,9),(24,18,41),(33,25,43),(28,34,44),(28,27,45)),());
#245=COORDINATES_LIST('',126,((-940.816467,446.507263,2097.695557),(-941.268311,447.108002,2097.478027),(-941.967407,447.770538,2097.148193),(-942.913757,448.494873,2096.705811),(-944.107361,449.281036,2096.150879),(-945.548157,450.128998,2095.483398),(-943.921875,452.717712,2096.150635),(-941.381042,451.088196,2097.330811),(-939.336243,449.147675,2098.295898),(-937.787476,
   446.896179,2099.045898),(-936.734802,444.33371,2099.580811),(-936.178101,441.460266,2099.900391),(-936.246887,441.471069,2099.869141),(-935.883545,441.838837,2100.023438),(-935.516602,442.191681,2100.179688),(-935.146118,442.529541,2100.337646),(-934.772156,442.852448,2100.497803),(-934.394592,443.160431,2100.659912),(-933.809998,447.352356,2100.820557),(-938.723389,
   447.15094,2098.619629),(-938.836426,449.616455,2098.509033),(-936.778931,449.793427,2099.428467),(-934.792542,449.944122,2100.31665),(-932.877319,450.068573,2101.17334),(-931.033203,450.166687,2101.998779),(-929.260254,450.238556,2102.793213),(-928.951294,450.7099,2102.92041),(-928.669067,450.929138,2103.041748),(-928.413574,450.896271,2103.157227),(-928.184814,
   450.611298,2103.266846),(-927.982788,450.074219,2103.370605),(-927.565063,447.27298,2103.626221),(-931.137085,447.365173,2102.020264),(-931.485901,444.864105,2101.924316),(-930.725708,445.204193,2102.257324),(-929.836609,445.52121,2102.648926),(-928.818542,445.815125,2103.098877),(-927.67157,446.085938,2103.607178),(-926.39563,446.333649,2104.173828),(-925.486633,
   443.527344,2104.650146),(-927.351318,443.220764,2103.820313),(-929.022644,442.809021,2103.080078),(-930.50061,442.292053,2102.429199),(-931.785156,441.669861,2101.867432),(-932.876282,440.942505,2101.395264),(-926.616638,439.960876,2104.229492),(-926.97522,437.389343,2104.130859),(-935.332947,438.699982,2100.346924),(-935.42627,438.03067,2100.321289),(-929.235413,
   437.059845,2103.124023),(-929.598938,434.453094,2103.02417),(-935.789795,435.42392,2100.221191),(-935.883179,434.754639,2100.195557),(-928.557251,433.605804,2103.512451),(-928.915894,431.034271,2103.413818),(-936.24176,432.183105,2100.096924),(-936.53656,430.069519,2100.015869),(-938.634583,430.398529,2099.066162),(-939.223999,430.597504,2098.796631),(-939.553589,
   430.82486,2098.643066),(-939.623352,431.080566,2098.605469),(-939.433289,431.364655,2098.684082),(-938.983459,431.677124,2098.878418),(-938.855713,432.593018,2098.913574),(-946.147217,433.73642,2095.612305),(-945.788635,436.307953,2095.710938),(-938.49707,435.16452,2099.012207),(-938.403748,435.833832,2099.037842),(-944.594666,436.804657,2096.234863),(-944.23114,
   439.411407,2096.334717),(-938.040222,438.440582,2099.137695),(-937.946899,439.109894,2099.16333),(-946.270203,440.4151,2095.39502),(-945.911621,442.986633,2095.493652),(-938.792053,441.870178,2098.717041),(-938.88031,442.315979,2098.666504),(-939.011414,442.797302,2098.595947),(-939.185364,443.314148,2098.505371),(-939.402161,443.866486,2098.394531),(-939.661804,
   444.454346,2098.263672),(-940.230957,444.072754,2098.017578),(-940.857483,443.622437,2097.74707),(-941.541443,443.103333,2097.452637),(-942.282776,442.515503,2097.134033),(-943.081482,441.858887,2096.791504),(-944.526062,443.849274,2096.094727),(-944.527405,444.353424,2096.081787),(-944.441162,444.69989,2096.112061),(-944.267212,444.88858,2096.185547),(-944.005615,
   444.919556,2096.302246),(-943.656372,444.792786,2096.462158),(-943.069519,445.190338,2096.716064),(-942.492126,445.560547,2096.966309),(-941.924133,445.903442,2097.212891),(-941.365601,446.218994,2097.456055),(-940.816467,446.507263,2097.695557),(-938.56189,448.021912,2098.670898),(-936.456421,442.896973,2099.740723),(-936.317261,442.178619,2099.820557),(-936.247681,
   441.819458,2099.860352),(-936.191101,441.527496,2099.892822),(-937.983582,447.181274,2098.950928),(-935.89679,447.266815,2099.885742),(-938.77771,448.335754,2098.566406),(-929.74646,440.451691,2102.8125),(-931.154053,438.044678,2102.23877),(-929.064636,437.71701,2103.184814),(-932.330811,437.545258,2101.722656),(-930.783142,437.302551,2102.42334),(-932.694336,
   434.938507,2101.622559),(-932.220215,434.180237,2101.854004),(-930.388733,433.893005,2102.683105),(-932.578857,431.608704,2101.755371),(-942.501465,433.164734,2097.262939),(-942.142822,435.736237,2097.361572),(-943.965759,436.022095,2096.536133),(-941.499207,436.319244,2097.63623),(-941.135681,438.925995,2097.736328),(-942.108521,439.762512,2097.279297),(-944.189392,
   440.088806,2096.337158),(-940.02771,439.436188,2098.221191),(-942.351807,442.428406,2097.105469),(-940.57196,442.149292,2097.911133),(-944.131714,442.70752,2096.299561),(-942.382751,442.433258,2097.091309),(-943.641602,442.630676,2096.521484)));
#246=COMPLEX_TRIANGULATED_SURFACE_SET('',#245,125,((-0.409466,0.022136,0.912057)),(),((27,30,29),(20,10,102),(31,30,26),(31,26,32),(40,39,41),(102,103,22),(41,39,38),(37,42,
   41),(36,42,37),(37,41,38),(29,28,27),(23,103,19),(26,33,32),(33,26,25),(33,24,19),(24,33,25),(19,24,23),(42,35,
   43),(43,35,34),(19,18,34),(19,34,33),(42,36,35),(23,22,103),(26,30,27),(44,34,18),(46,107,47),(106,105,45),(43,34,
   44),(44,18,45),(58,57,56),(64,56,53),(109,110,51),(22,97,102),(45,16,15),(45,15,14),(101,12,14),(12,13,48),(14,48,
   45),(14,12,48),(52,67,53),(110,109,108),(71,49,48),(56,63,58),(56,64,63),(58,63,59),(52,49,68),(67,64,53),(13,72,
   48),(16,45,17),(17,45,18),(98,11,77),(76,75,98),(104,97,22),(22,21,104),(80,10,20),(10,80,11),(2,20,104),(2,9,
   3),(1,20,2),(79,11,80),(81,80,1),(95,94,81),(95,81,1),(80,20,1),(82,81,94),(79,78,11),(8,4,3),(4,8,
   5),(8,3,9),(5,7,6),(7,5,8),(100,13,101),(83,93,92),(94,93,82),(90,89,88),(91,90,87),(84,92,91),(90,88,
   87),(68,49,71),(13,75,72),(13,100,75),(77,11,78),(76,98,77),(63,62,59),(67,52,68),(114,115,116),(62,61,60),(62,60,
   59),(114,64,67),(71,48,72),(123,119,121),(82,93,83),(83,92,84),(91,86,126),(84,91,126),(126,124,85),(69,118,70),(65,116,
   66),(73,120,124),(91,87,86),(75,99,98),(75,100,99),(2,104,9),(107,105,106),(48,106,45),(46,105,107),(49,52,108),(51,50,
   109),(52,110,108),(111,53,56),(113,112,111),(54,112,55),(112,113,55),(56,113,111),(65,114,116),(67,115,114),(117,68,71),(117,118,
   69),(71,118,117),(120,119,85),(120,85,124),(72,75,121),(85,119,122),(123,122,119),(121,75,123),(124,74,73),(85,122,125),(125,84,
   126)),());
#247=COORDINATES_LIST('',12,((-213.669769,404.408447,2425.167969),(-214.563507,404.548615,2424.763184),(-214.165588,407.401947,2424.872559),(-209.597565,406.685608,2426.940918),(-209.995483,403.832275,2426.831299),(-210.889221,403.972443,2426.426758),(-212.618454,391.572723,2425.951416),(-211.724716,391.432587,2426.355957),(-212.122635,388.579254,2426.246582),(-216.690659,
   389.295593,2424.178467),(-216.29274,392.148926,2424.287842),(-215.399002,392.008759,2424.692383)));
#248=COMPLEX_TRIANGULATED_SURFACE_SET('',#247,12,((-0.409466,0.022136,0.912057)),(),((4,6,5),(6,4,3),(8,7,9),(9,7,12),(6,1,7),(1,3,2),(3,1,6),(12,11,
   10),(12,10,9),(1,12,7)),());
#249=COORDINATES_LIST('',47,((-222.241806,406.004669,2421.280762),(-222.76561,406.042175,2421.044678),(-223.277771,405.988586,2420.815918),(-223.778259,405.843872,2420.594727),(-224.26712,405.608093,2420.381104),(-224.744324,405.281189,2420.174805),(-225.231033,404.759979,2419.968994),(-225.661118,403.985107,2419.794678),(-226.034561,402.956573,2419.651855),(-226.351395,
   401.674347,2419.540771),(-226.611572,400.138519,2419.461426),(-226.783203,398.558533,2419.422607),(-226.826492,397.200317,2419.436035),(-226.74144,396.063873,2419.501953),(-226.52803,395.1492,2419.619873),(-226.186279,394.456329,2419.790039),(-225.83725,394.038727,2419.957031),(-225.448105,393.695496,2420.140137),(-225.018799,393.426605,2420.339355),(-224.549377,
   393.232025,2420.554688),(-224.039825,393.111816,2420.786377),(-223.576401,393.039124,2420.996338),(-221.778381,405.932007,2421.490479),(-224.403351,390.505066,2420.686523),(-225.447678,390.73938,2420.211914),(-226.382721,391.097656,2419.783447),(-227.20845,391.579926,2419.401123),(-227.924896,392.186157,2419.064697),(-228.532059,392.916351,2418.774414),(-229.120438,
   394.023712,2418.483398),(-229.51387,395.345306,2418.274658),(-229.712357,396.881104,2418.148193),(-229.715912,398.631104,2418.104248),(-229.524521,400.595306,2418.142578),(-229.182739,402.502808,2418.249512),(-228.727249,404.139069,2418.414307),(-228.158035,405.504059,2418.636719),(-227.475113,406.597839,2418.916748),(-226.678482,407.420349,2419.254639),(-225.82959,
   407.987,2419.621826),(-224.925125,408.389435,2420.018066),(-223.965088,408.627655,2420.443359),(-222.949463,408.70166,2420.897461),(-221.878281,408.61142,2421.380615),(-218.634323,408.102722,2422.849365),(-221.159393,389.996338,2422.155273),(-224.403351,390.505066,2420.686523)));
#250=COMPLEX_TRIANGULATED_SURFACE_SET('',#249,46,((-0.409466,0.022136,0.912057)),(),((45,44,23),(1,23,44),(2,1,44),(44,43,2),(45,23,46),(4,3,43),(43,3,2),(4,43,
   42),(5,4,42),(41,6,5),(5,42,41),(24,20,25),(21,20,24),(46,22,24),(22,46,23),(24,22,21),(20,19,25),(27,17,
   16),(26,17,27),(25,18,26),(18,25,19),(26,18,17),(16,15,28),(8,7,39),(40,6,41),(38,9,8),(36,10,9),(40,7,
   6),(8,39,38),(9,38,37),(35,10,36),(9,37,36),(39,7,40),(10,35,11),(32,13,12),(30,14,13),(16,28,27),(14,29,
   15),(28,15,29),(12,11,33),(12,33,32),(31,13,32),(30,29,14),(13,31,30),(33,11,34),(11,35,34)),());
#251=COORDINATES_LIST('',267,((-338.008362,420.559021,2368.95459),(-338.390228,419.887421,2368.799316),(-338.761444,418.989563,2368.654541),(-339.12207,417.865417,2368.519775),(-339.472076,416.515015,2368.395508),(-339.811462,414.938293,2368.281494),(-337.851013,414.630859,2369.168945),(-337.731537,416.253571,2369.18335),(-337.687561,417.657745,2369.168945),(-337.719025,
   418.843384,2369.125977),(-337.825958,419.810455,2369.054443),(-338.008362,420.559021,2368.95459),(-342.459778,415.353577,2367.082275),(-342.050446,417.310974,2367.21875),(-341.533783,419.090271,2367.407471),(-340.909821,420.691467,2367.648682),(-340.178558,422.114594,2367.942383),(-339.339966,423.359589,2368.288818),(-339.768036,424.019958,2368.080566),(-340.332886,
   424.70752,2367.810303),(-341.034546,425.422272,2367.477783),(-341.872986,426.164276,2367.083496),(-342.848206,426.933472,2366.626953),(-340.882904,429.433014,2367.44873),(-339.813538,428.411499,2367.953613),(-338.920654,427.495392,2368.376709),(-338.204254,426.684692,2368.717773),(-337.664368,425.979462,2368.977295),(-337.300934,425.379639,2369.155029),(-336.414398,
   426.031097,2369.537354),(-335.291595,426.642639,2370.026611),(-333.932556,427.214233,2370.622803),(-332.33728,427.745941,2371.326172),(-330.505768,428.237701,2372.136475),(-329.596741,425.431366,2372.612549),(-331.488007,424.9245,2371.775879),(-333.085632,424.406158,2371.071289),(-334.389618,423.876312,2370.498535),(-335.399994,423.334961,2370.058105),(-336.11676,
   422.782135,2369.749756),(-335.771423,421.639465,2369.932617),(-335.525543,420.61026,2370.067871),(-335.379089,419.69458,2370.156006),(-335.332092,418.892395,2370.196533),(-335.384552,418.203735,2370.189697),(-335.378479,418.28772,2370.19043),(-335.289429,418.44223,2370.226563),(-335.117462,418.667236,2370.29834),(-334.862579,418.962769,2370.405518),(-334.52475,
   419.328796,2370.54834),(-332.554413,417.327972,2371.481445),(-333.809845,415.745148,2370.956299),(-334.911194,413.976898,2370.504639),(-335.858459,412.023254,2370.126953),(-336.651642,409.884155,2369.822754),(-337.29071,407.559631,2369.592285),(-339.614777,408.536011,2368.525146),(-340.033783,408.978973,2368.326172),(-340.217773,409.333252,2368.235107),(-340.166656,
   409.598785,2368.251465),(-339.880524,409.775665,2368.375732),(-339.359314,409.863831,2368.607666),(-339.213867,410.362274,2368.660889),(-339.060608,410.836426,2368.718018),(-338.899445,411.286316,2368.779541),(-338.730438,411.711914,2368.844971),(-338.553558,412.113281,2368.914795),(-344.262939,413.008606,2366.329834),(-343.904327,415.580109,2366.428467),(-342.459778,
   415.353577,2367.082275),(-334.902863,409.812927,2370.609619),(-334.638123,410.249451,2370.717773),(-334.33136,410.68515,2370.844971),(-333.982513,411.119995,2370.990967),(-333.591614,411.554016,2371.156006),(-333.15863,411.987213,2371.339844),(-331.232544,410.425262,2372.242432),(-331.672974,409.85791,2372.058594),(-332.109863,409.255432,2371.876953),(-332.543213,
   408.617859,2371.697998),(-332.973022,407.94516,2371.52124),(-333.399292,407.237366,2371.347168),(-335.315552,408.617767,2370.453369),(-335.580505,409.066803,2370.323486),(-335.671692,409.410828,2370.27417),(-335.589142,409.649872,2370.30542),(-335.332886,409.783905,2370.417236),(-334.902863,409.812927,2370.609619),(-328.10788,420.734314,2373.39502),(-328.372223,
   420.865021,2373.273193),(-328.638519,421.001831,2373.150391),(-328.906799,421.144684,2373.026367),(-329.177032,421.29361,2372.901367),(-329.449249,421.448608,2372.775391),(-329.621399,421.282654,2372.702148),(-329.788055,421.075531,2372.632568),(-329.949219,420.82724,2372.566162),(-330.104858,420.53775,2372.503174),(-330.255005,420.207092,2372.443848),(-328.638489,
   419.953583,2373.175781),(-328.527649,420.143555,2373.220947),(-328.419189,420.316589,2373.265381),(-328.313049,420.472748,2373.309326),(-328.20929,420.611969,2373.352539),(-328.10788,420.734314,2373.39502),(-325.960785,423.529327,2374.29126),(-323.960999,421.991821,2375.226318),(-324.482574,421.38681,2375.006836),(-324.942871,420.838409,2374.813477),(-325.341827,
   420.346619,2374.64624),(-325.679443,419.911438,2374.505371),(-325.95578,419.532898,2374.390381),(-322.997894,419.069061,2375.729492),(-323.322144,416.74411,2375.640381),(-327.277435,417.36438,2373.849609),(-327.480835,417.02478,2373.766602),(-327.690125,416.663086,2373.681396),(-327.905334,416.279266,2373.593994),(-328.126434,415.873322,2373.504639),(-328.353424,
   415.445282,2373.413086),(-330.407227,416.343292,2372.469238),(-330.676117,416.784302,2372.337891),(-330.775177,417.132446,2372.284912),(-330.704437,417.387726,2372.310547),(-330.463867,417.550171,2372.414551),(-330.053497,417.61972,2372.597168),(-329.925751,417.779663,2372.650635),(-334.534546,418.50238,2370.563965),(-334.210327,420.827332,2370.653076),(-332.834564,
   420.611603,2371.275879),(-332.594391,421.164276,2371.370361),(-332.345612,421.65802,2371.470215),(-332.088135,422.092804,2371.575195),(-331.822052,422.468628,2371.685547),(-331.547302,422.785522,2371.801025),(-331.698242,422.8927,2371.730713),(-331.919159,423.062683,2371.627441),(-332.210022,423.295502,2371.491211),(-332.570862,423.591095,2371.322021),(-333.001678,
   423.949493,2371.119873),(-331.414703,426.004425,2371.782471),(-330.984497,425.5914,2371.98584),(-330.60968,425.244659,2372.162354),(-330.290314,424.964203,2372.3125),(-330.026337,424.75,2372.436279),(-329.81781,424.602112,2372.533447),(-328.763428,425.277649,2372.990479),(-327.553772,425.796387,2373.520996),(-326.188812,426.158295,2374.125),(-324.66861,
   426.363373,2374.80249),(-322.993164,426.411652,2375.553467),(-322.44278,423.805573,2375.86377),(-323.878479,423.833435,2375.218506),(-325.111755,423.78064,2374.66626),(-326.142578,423.647095,2374.206787),(-326.970978,423.432892,2373.839844),(-327.596924,423.137939,2373.566162),(-327.470367,423.057617,2373.624756),(-327.322571,422.968231,2373.693359),(-327.153534,
   422.86972,2373.771729),(-326.963287,422.762146,2373.859619),(-326.751831,422.645447,2373.95752),(-329.552063,406.094116,2373.102051),(-331.409332,406.385345,2372.26123),(-331.993835,406.619568,2371.99292),(-332.320496,406.868042,2371.840332),(-332.389282,407.130829,2371.802979),(-332.200226,407.407867,2371.881348),(-331.753326,407.699188,2372.074707),(-331.321014,
   410.799103,2372.193604),(-335.689026,411.48407,2370.216064),(-335.364807,413.809021,2370.305176),(-332.303741,413.32901,2371.691162),(-332.459808,413.520508,2371.616455),(-332.770721,413.811157,2371.469727),(-333.236511,414.200958,2371.251221),(-333.857208,414.689941,2370.960693),(-334.632751,415.278076,2370.598145),(-332.898346,417.381897,2371.325684),(-332.246429,
   416.824677,2371.631836),(-331.701813,416.324585,2371.888672),(-331.264526,415.881622,2372.095703),(-330.93454,415.49585,2372.253174),(-330.711853,415.167175,2372.361084),(-330.53009,416.470551,2372.411133),(-328.156891,416.098419,2373.485596),(-328.274811,415.25296,2373.453125),(-327.889191,415.558228,2373.618896),(-327.318085,415.903503,2373.866943),(-326.561432,
   416.288818,2374.197266),(-325.619232,416.714142,2374.609863),(-324.491516,417.179474,2375.10498),(-323.105896,414.766388,2375.7854),(-324.335815,414.314178,2375.244385),(-325.395905,413.869934,2374.779297),(-326.286194,413.433594,2374.390137),(-327.006714,413.005188,2374.076904),(-327.557373,412.584686,2373.840088),(-324.152374,412.050751,2375.381592),(-324.476624,
   409.7258,2375.29248),(-328.947815,410.426971,2373.268066),(-326.69751,410.937988,2374.266113),(-326.452789,410.22287,2374.393311),(-326.162903,409.52948,2374.540283),(-325.827789,408.857788,2374.707031),(-325.447479,408.207794,2374.893555),(-325.021942,407.579529,2375.099854),(-327.385284,406.510254,2374.064697),(-327.817657,407.149689,2373.85498),(-328.195038,
   407.800659,2373.669922),(-328.517365,408.463135,2373.509033),(-328.784668,409.137177,2373.372559),(-328.996948,409.822723,2373.260742),(-326.69751,410.937988,2374.266113),(-330.542358,425.177917,2372.194336),(-335.358337,418.548065,2370.193115),(-335.371429,418.375916,2370.191406),(-335.377991,418.289825,2370.19043),(-335.378113,418.288361,2370.19043),(-333.539581,
   418.328369,2371.014893),(-333.182129,416.53656,2371.21875),(-334.360535,414.861023,2370.730469),(-341.408264,412.560944,2367.622314),(-332.195587,411.206238,2371.791016),(-331.71405,410.815735,2372.016846),(-324.960876,422.760559,2374.758789),(-324.476837,419.300964,2375.060059),(-325.299805,417.05426,2374.745117),(-324.310974,416.89917,2375.192627),(-330.541687,
   416.563782,2372.403564),(-333.560547,418.34967,2371.004883),(-331.743134,418.064667,2371.827881),(-332.651855,418.207153,2371.416504),(-334.432404,419.235016,2370.592041),(-332.503082,424.595154,2371.328125),(-330.535736,425.179718,2372.197266),(-331.358856,410.527679,2372.18335),(-331.403931,410.204498,2372.170898),(-331.578613,408.951843,2372.122803),(-331.782867,
   410.871521,2371.984619),(-333.735931,411.177795,2371.100342),(-333.906372,411.204529,2371.023193),(-332.759399,411.024658,2371.54248),(-335.515076,412.731445,2370.263916),(-335.01889,413.754761,2370.46167),(-333.661316,413.541901,2371.076416),(-332.982544,413.435455,2371.383789),(-334.271423,415.004089,2370.76709),(-333.765564,416.329987,2370.961914),(-332.667877,
   417.184906,2371.434082),(-330.620972,415.818848,2372.38623),(-330.480042,416.462708,2372.433594),(-329.318451,416.280548,2372.959717),(-328.210358,415.715057,2373.470703),(-328.242584,415.484009,2373.461914),(-324.934021,416.996887,2374.910645),(-324.33252,416.902557,2375.182861),(-323.719208,415.834473,2375.484131),(-325.854858,412.317719,2374.61084),(-326.712219,
   410.076385,2374.280273),(-325.594421,409.901093,2374.786377),(-326.15332,409.988739,2374.533203),(-329.249939,408.260559,2373.185059),(-329.098877,409.34375,2373.226563),(-329.023346,409.885376,2373.247314),(-326.369049,410.022583,2374.435547),(-328.043518,410.285156,2373.67749)));
#252=COMPLEX_TRIANGULATED_SURFACE_SET('',#251,262,((-0.409466,0.022136,0.912057)),(),((153,152,151),(234,50,49),(153,151,150),(154,153,150),(154,150,149),(226,108,107),(156,155,148),(149,155,
   154),(89,162,161),(90,160,159),(89,161,160),(148,155,149),(108,226,109),(114,113,192),(192,228,256),(111,110,89),(162,110,109),(112,111,
   89),(227,112,228),(228,112,115),(115,112,100),(162,89,110),(115,127,116),(109,226,162),(257,256,258),(158,90,159),(93,157,94),(147,156,
   148),(157,156,147),(157,93,92),(91,90,158),(91,157,92),(90,89,160),(35,143,236),(135,95,94),(135,94,146),(157,146,94),(135,96,
   95),(145,135,146),(146,157,147),(104,103,112),(103,102,112),(100,112,101),(112,102,101),(100,127,115),(134,97,96),(133,98,97),(116,127,
   117),(232,127,99),(100,99,127),(127,126,253),(99,98,132),(112,89,104),(232,99,130),(158,157,91),(122,126,125),(194,191,195),(261,202,
   203),(187,197,196),(195,189,196),(118,117,186),(198,197,187),(196,189,188),(188,187,196),(267,198,201),(118,186,119),(189,195,190),(190,195,
   191),(259,198,202),(261,200,199),(259,261,199),(206,205,209),(207,206,208),(204,210,205),(267,212,211),(267,202,198),(239,264,238),(211,204,
   260),(206,209,208),(209,205,210),(210,204,211),(259,202,261),(36,144,215),(253,186,117),(121,251,120),(198,173,170),(184,187,120),(184,173,
   198),(198,170,201),(251,121,185),(254,119,186),(125,123,122),(252,126,230),(183,182,175),(184,183,175),(126,122,230),(127,253,117),(78,225,
   240),(239,263,264),(77,201,170),(165,169,168),(164,263,169),(164,163,263),(164,169,165),(10,216,44),(77,238,264),(264,265,77),(240,243,
   78),(73,80,79),(168,166,165),(166,168,167),(81,80,71),(170,237,77),(182,181,176),(198,187,184),(125,124,123),(36,145,144),(34,141,
   142),(141,34,33),(142,143,35),(145,36,135),(138,137,36),(136,36,137),(142,35,34),(37,235,32),(38,37,31),(138,235,139),(235,138,
   36),(140,139,235),(141,33,32),(136,135,36),(134,133,97),(132,131,99),(98,133,132),(131,130,99),(51,220,179),(128,49,48),(128,234,
   49),(47,128,48),(249,220,128),(233,232,130),(31,37,32),(96,135,134),(30,39,38),(30,29,39),(28,19,29),(40,39,29),(28,27,
   20),(21,26,25),(22,25,24),(21,20,26),(23,22,24),(21,25,22),(45,47,219),(26,20,27),(20,19,28),(1,11,42),(41,1,
   42),(43,11,10),(11,43,42),(43,10,44),(41,40,1),(18,40,29),(18,17,1),(1,17,2),(3,16,15),(16,3,2),(17,16,
   2),(18,1,40),(29,19,18),(38,31,30),(217,10,46),(182,176,175),(175,174,184),(173,184,174),(241,242,74),(250,51,179),(180,221,
   181),(45,249,128),(178,222,248),(176,181,52),(177,176,52),(246,76,247),(178,172,53),(178,7,172),(181,221,52),(245,53,172),(79,243,
   73),(244,171,242),(73,72,80),(71,83,81),(80,72,71),(81,83,82),(243,241,73),(71,84,83),(85,84,87),(86,85,87),(84,71,
   87),(246,75,76),(7,54,244),(224,173,76),(46,10,45),(178,45,8),(7,178,8),(9,8,45),(45,10,9),(67,54,7),(4,15,
   14),(4,14,5),(5,14,6),(13,68,223),(6,14,13),(68,13,69),(3,15,4),(7,6,67),(55,67,66),(6,223,67),(55,66,
   65),(62,56,55),(64,63,55),(55,65,64),(62,55,63),(55,54,67),(62,61,58),(57,62,58),(59,58,61),(60,59,61),(217,46,
   218),(62,57,56),(47,45,128),(219,218,46),(129,234,130),(10,217,216),(179,220,249),(178,53,222),(13,223,6),(173,224,170),(162,226,
   106),(192,113,227),(227,228,192),(114,192,229),(128,220,231),(231,233,130),(231,130,234),(32,235,141),(215,144,236),(78,238,225),(225,238,
   237),(239,169,263),(170,224,240),(241,74,73),(244,242,75),(78,243,79),(7,244,172),(246,244,75),(244,246,245),(173,247,76),(177,52,
   248),(178,249,45),(221,180,250),(120,251,184),(185,121,252),(252,253,126),(187,255,120),(254,120,255),(229,192,257),(258,191,194),(191,258,
   256),(194,193,258),(260,267,211),(203,262,261),(266,262,203),(201,77,265),(260,204,266),(212,267,213)),());
#253=COORDINATES_LIST('',132,((-349.785675,416.250427,2363.771729),(-350.689606,409.768768,2363.523193),(-364.653534,411.958527,2357.200928),(-363.749603,418.440186,2357.449463),(-346.518311,418.257843,2365.189941),(-346.84256,415.932892,2365.100586),(-366.756622,419.055725,2356.084473),(-366.432404,421.380676,2356.173584),(-356.753113,426.522217,2360.394287),(-356.748199,
   426.557434,2360.395752),(-363.007904,427.539063,2357.561523),(-362.683685,429.863983,2357.650635),(-356.423981,428.882385,2360.484863),(-356.399414,429.058502,2360.491699),(-365.410614,430.471619,2356.411865),(-365.086395,432.796539,2356.500977),(-344.690796,429.598206,2365.735107),(-345.015015,427.273254,2365.645996),(-354.026245,428.68634,2361.566162),(-354.050812,
   428.510223,2361.559326),(-347.687927,427.512421,2364.440186),(-348.012146,425.187469,2364.351074),(-354.375031,426.185272,2361.470215),(-354.379944,426.150055,2361.46875),(-351.903564,425.761719,2362.590088),(-348.53299,425.233154,2364.115967),(-349.42215,418.857178,2363.871582),(-363.386078,421.046936,2357.549316),(-362.496918,427.422913,2357.793945),(-360.742706,
   422.864227,2358.692139),(-360.772186,422.652863,2358.683838),(-357.367188,422.118896,2360.225586),(-357.337708,422.330261,2360.233643),(-357.028229,424.54953,2360.318848),(-360.433228,425.083496,2358.7771),(-360.467621,424.836914,2358.767578),(-357.062622,424.302948,2360.309326),(-352.753296,412.360199,2362.533691),(-362.005249,413.811035,2358.344971),(-362.039642,
   413.564453,2358.335449),(-352.787689,412.113617,2362.524414),(-352.43396,414.649902,2362.621582),(-361.685944,416.100769,2358.432617),(-361.730133,415.783722,2358.420654),(-352.47818,414.332855,2362.609375),(-351.490753,421.413361,2362.880859),(-354.964539,421.958099,2361.308105),(-354.994019,421.746765,2361.300049),(-351.520233,421.202026,2362.872803),(-351.181274,
   423.632629,2362.966064),(-354.65506,424.177368,2361.393311),(-354.689423,423.930786,2361.383789),(-351.215637,423.386047,2362.956543),(-356.767639,417.345306,2360.610596),(-353.276672,416.797852,2362.191162),(-360.258606,417.892761,2359.030029),(-356.799591,417.494324,2360.592529),(-351.821075,416.713593,2362.84668),(-349.331818,416.323242,2363.973633),(-350.576447,
   416.518433,2363.410156),(-349.954132,416.420837,2363.691895),(-354.310333,417.103943,2361.719482),(-353.065704,416.908783,2362.282959),(-361.778107,418.275024,2358.338379),(-359.288849,417.884674,2359.465576),(-360.533478,418.079834,2358.9021),(-364.267365,418.665375,2357.211426),(-363.022736,418.470184,2357.774902),(-363.64505,418.56778,2357.493164),(-356.475342,
   419.819275,2360.681641),(-361.453888,420.599976,2358.427734),(-363.943146,420.990326,2357.300537),(-362.698517,420.795135,2357.864258),(-363.320831,420.892731,2357.582275),(-358.96463,420.209625,2359.554688),(-351.496826,419.038544,2362.935791),(-353.986084,419.428894,2361.808838),(-349.007568,418.648193,2364.062988),(-350.252197,418.843384,2363.499268),(-349.629883,
   418.745789,2363.78125),(-359.878052,427.048248,2358.978516),(-361.442993,427.29364,2358.27002),(-362.225433,427.416351,2357.915771),(-362.616669,427.477722,2357.73877),(-359.553833,429.373169,2359.067871),(-360.905029,429.765076,2358.45166),(-358.652222,429.411774,2359.47168),(-363.157806,430.118347,2357.431885),(-349.52063,427.979797,2363.605957),(-347.267822,
   427.626526,2364.625977),(-350.869385,428.011322,2362.999756),(-349.278656,427.761871,2363.719971),(-351.193604,425.686371,2362.910645),(-349.602875,425.43692,2363.630859),(-348.807495,425.312195,2363.990967),(-348.409821,425.249817,2364.170898),(-352.784302,425.935822,2362.19043),(-351.988953,425.811096,2362.550537),(-353.141754,425.955872,2362.029297),(-352.522644,
   425.858795,2362.309814),(-350.218262,425.497437,2363.353027),(-351.060913,425.629578,2362.97168),(-351.482239,425.695648,2362.780762),(-349.375641,425.365295,2363.734375),(-349.796967,425.431366,2363.543701),(-348.954315,425.299225,2363.925293),(-348.97757,422.045166,2363.993652),(-356.404114,419.952057,2360.710449),(-352.913147,419.404602,2362.291016),(-351.167633,
   419.13089,2363.081299),(-350.294891,418.994049,2363.476563),(-352.040375,419.267761,2362.686035),(-354.65863,419.678345,2361.500732),(-353.785889,419.541473,2361.895996),(-359.895081,420.499512,2359.129883),(-358.149597,420.225769,2359.920166),(-359.022339,420.36264,2359.524902),(-361.640594,420.773224,2358.3396),(-360.767853,420.636353,2358.734863),(-362.513336,
   420.910065,2357.944336),(-362.941498,424.234924,2357.671631),(-359.625,426.972565,2359.094238),(-361.060974,427.197754,2358.444092),(-361.778931,427.310333,2358.118896),(-362.137939,427.366608,2357.956543),(-361.419952,427.254028,2358.281494),(-360.342987,427.085144,2358.769043),(-359.984009,427.02887,2358.931641),(-357.379272,413.085632,2360.439453),(-357.413666,
   412.83905,2360.429932),(-357.059937,415.375336,2360.5271),(-357.104156,415.058289,2360.515137)));
#254=COMPLEX_TRIANGULATED_SURFACE_SET('',#253,132,((-0.409466,0.022136,0.912057)),(),((17,89,90),(91,93,92),(106,107,26),(96,21,95),(104,107,106),(53,46,107),(91,97,98),(91,98,
   93),(24,23,9),(51,100,99),(52,51,37),(50,100,51),(33,47,52),(23,20,10),(53,52,47),(61,59,78),(41,2,38),(1,45,
   2),(114,48,113),(114,49,48),(63,76,77),(47,46,53),(38,2,45),(131,42,55),(42,45,1),(129,38,45),(48,47,32),(49,111,
   107),(62,77,57),(34,51,24),(132,44,39),(19,14,13),(19,17,14),(85,81,13),(13,10,20),(9,34,24),(23,10,9),(34,37,
   51),(86,16,88),(126,124,35),(122,35,34),(36,35,121),(85,82,81),(17,16,14),(33,32,47),(52,37,33),(3,40,39),(39,44,
   3),(129,132,39),(43,4,44),(33,37,30),(117,31,115),(30,121,31),(36,121,30),(3,44,4),(7,67,72),(55,42,1),(37,36,
   30),(43,56,4),(71,64,66),(19,13,20),(54,131,55),(6,5,59),(61,80,60),(60,80,79),(77,70,57),(76,63,58),(72,67,
   74),(70,65,57),(65,75,66),(69,74,67),(71,68,64),(73,69,68),(117,116,32),(7,72,8),(68,71,73),(69,73,74),(66,75,
   71),(70,75,65),(79,58,60),(112,110,49),(63,77,62),(59,5,78),(110,111,49),(58,79,76),(78,80,61),(10,13,81),(12,83,
   82),(121,35,124),(84,83,12),(29,121,125),(12,11,84),(86,87,16),(82,85,12),(14,16,87),(16,15,88),(17,19,89),(18,17,
   90),(97,91,20),(21,92,95),(102,103,50),(94,92,93),(104,105,50),(95,92,94),(22,21,96),(20,23,97),(24,51,99),(50,25,
   100),(102,50,101),(25,50,103),(107,104,50),(101,50,105),(50,53,107),(49,107,46),(48,32,108),(107,111,27),(49,109,112),(48,108,
   113),(49,114,109),(118,119,31),(108,32,116),(31,117,32),(31,120,118),(115,31,119),(120,31,121),(121,28,120),(34,9,122),(125,121,
   124),(35,123,126),(123,35,127),(127,35,128),(122,128,35),(130,40,3),(3,2,130),(41,130,2),(54,56,131),(131,56,43),(129,45,
   132)),());
#255=COORDINATES_LIST('',18,((-489.115845,432.016113,2300.837158),(-486.59079,450.122467,2301.53125),(-483.545441,449.644897,2302.910156),(-481.278137,435.826569,2304.263428),(-481.382355,435.806915,2304.217041),(-479.871155,449.068726,2304.573486),(-477.123718,448.637878,2305.817627),(-479.648773,430.531525,2305.123291),(-482.694122,431.009064,2303.744629),(-484.923431,
   444.857452,2302.407715),(-484.852295,444.882294,2302.438965),(-486.335327,431.580078,2302.095947),(-482.411804,442.735718,2303.586914),(-481.338318,436.193359,2304.227539),(-480.604736,442.631042,2304.400391),(-483.808777,437.933258,2303.076172),(-484.883057,444.606598,2302.431885),(-485.609192,438.093353,2302.263916)));
#256=COMPLEX_TRIANGULATED_SURFACE_SET('',#255,18,((-0.409466,0.022136,0.912057)),(),((13,11,17),(7,4,8),(4,9,8),(9,4,5),(9,5,16),(17,16,13),(11,3,10),(6,15,
   7),(10,3,2),(14,16,5),(18,2,1),(4,15,14),(13,3,11),(14,13,16),(7,15,4),(18,10,2),(10,18,17),(12,18,
   1)),());
#257=COORDINATES_LIST('',47,((-492.25058,448.346252,2299.033447),(-492.774384,448.383759,2298.797363),(-493.28653,448.33017,2298.568604),(-493.787048,448.185455,2298.347412),(-494.275879,447.949677,2298.133789),(-494.753082,447.622772,2297.92749),(-495.239807,447.101563,2297.72168),(-495.669891,446.326691,2297.547363),(-496.043335,445.298157,2297.404541),(-496.360168,
   444.01593,2297.293457),(-496.620361,442.480103,2297.214111),(-496.791992,440.900116,2297.175293),(-496.835266,439.541901,2297.188721),(-496.750214,438.405457,2297.254639),(-496.536804,437.490784,2297.372559),(-496.195068,436.797913,2297.542725),(-495.846039,436.38031,2297.709717),(-495.456879,436.037079,2297.892822),(-495.027588,435.768188,2298.092041),(-494.558167,
   435.573608,2298.307373),(-494.048584,435.4534,2298.539063),(-493.585175,435.380707,2298.749023),(-491.78717,448.27359,2299.243164),(-494.412109,432.846649,2298.439209),(-495.456451,433.080963,2297.9646),(-496.391479,433.43924,2297.536133),(-497.217224,433.921509,2297.153809),(-497.933685,434.52774,2296.817383),(-498.540833,435.257935,2296.5271),(-499.129211,
   436.365295,2296.236084),(-499.522644,437.68689,2296.027344),(-499.72113,439.222687,2295.900879),(-499.724701,440.972687,2295.856934),(-499.533295,442.93689,2295.895264),(-499.191498,444.844391,2296.002197),(-498.736023,446.480652,2296.166992),(-498.166809,447.845642,2296.389404),(-497.483887,448.939423,2296.669434),(-496.687256,449.761932,2297.007324),(-495.838379,
   450.328583,2297.374512),(-494.933899,450.731018,2297.770752),(-493.973846,450.969238,2298.196045),(-492.958252,451.043243,2298.650146),(-491.887054,450.953003,2299.133301),(-488.643097,450.444305,2300.602051),(-491.168152,432.337921,2299.907959),(-494.412109,432.846649,2298.439209)));
#258=COMPLEX_TRIANGULATED_SURFACE_SET('',#257,46,((-0.409466,0.022136,0.912057)),(),((45,44,23),(1,23,44),(2,1,44),(44,43,2),(45,23,46),(4,3,43),(43,3,2),(4,43,
   42),(5,4,42),(41,6,5),(5,42,41),(24,20,25),(21,20,24),(46,22,24),(22,46,23),(24,22,21),(20,19,25),(27,17,
   16),(26,17,27),(25,18,26),(18,25,19),(26,18,17),(16,15,28),(8,7,39),(40,6,41),(38,9,8),(36,10,9),(40,7,
   6),(8,39,38),(9,38,37),(35,10,36),(9,37,36),(39,7,40),(10,35,11),(32,13,12),(30,14,13),(16,28,27),(14,29,
   15),(28,15,29),(12,11,33),(12,33,32),(31,13,32),(30,29,14),(13,31,30),(33,11,34),(11,35,34)),());
#259=COORDINATES_LIST('',118,((-715.331116,465.217407,2198.472412),(-712.676208,467.453644,2199.610107),(-712.295837,466.589844,2199.801758),(-711.885315,465.900024,2200.00293),(-711.444763,465.384186,2200.213135),(-710.973999,465.042328,2200.432861),(-710.473145,464.87442,2200.661621),(-710.235718,464.854889,2200.768799),(-710.010681,464.87265,2200.869385),(-709.797974,
   464.927704,2200.963623),(-709.597656,465.020081,2201.05127),(-709.409668,465.14975,2201.132568),(-709.243286,465.303284,2201.203369),(-709.107666,465.467255,2201.260254),(-709.002808,465.641602,2201.303223),(-708.928711,465.826355,2201.332031),(-708.885376,466.021545,2201.34668),(-708.866882,466.238281,2201.349854),(-708.872314,466.451355,2201.342041),(-708.901733,
   466.660706,2201.32373),(-708.955017,466.866394,2201.294922),(-709.032288,467.06839,2201.255371),(-709.206665,467.414032,2201.168701),(-709.485718,467.89151,2201.031738),(-709.869324,468.500793,2200.844727),(-710.357605,469.241913,2200.607666),(-710.9505,470.114838,2200.320313),(-711.512329,470.927063,2200.04834),(-711.978088,471.608795,2199.82251),(-712.347839,
   472.160065,2199.643311),(-712.621582,472.580872,2199.51001),(-712.799316,472.871216,2199.42334),(-713.083191,473.413666,2199.282715),(-713.326721,473.940491,2199.160645),(-713.530029,474.451691,2199.056885),(-713.692993,474.947266,2198.97168),(-713.815735,475.427216,2198.905029),(-713.900696,475.904968,2198.855225),(-713.950378,476.393951,2198.821045),(-713.964783,
   476.894165,2198.80249),(-713.944031,477.405609,2198.799316),(-713.887939,477.928253,2198.811768),(-713.69165,478.921265,2198.875977),(-713.392273,479.823669,2198.988281),(-712.989807,480.635468,2199.149414),(-712.484314,481.356628,2199.358643),(-711.875793,481.987152,2199.616699),(-711.192932,482.499939,2199.910889),(-710.464355,482.867798,2200.229004),(-709.690063,
   483.090759,2200.571045),(-708.870056,483.168793,2200.9375),(-708.004456,483.101929,2201.327637),(-707.326355,482.949982,2201.635742),(-706.696594,482.714417,2201.924316),(-706.115051,482.395172,2202.193115),(-705.581848,481.99234,2202.442139),(-705.096863,481.505829,2202.671631),(-704.657837,480.93158,2202.882813),(-704.262329,480.265533,2203.076416),(-703.9104,
   479.507629,2203.25293),(-703.60199,478.657928,2203.411865),(-703.337219,477.71637,2203.553711),(-706.238342,476.077179,2202.291016),(-706.587524,477.15387,2202.108154),(-706.999268,478.013275,2201.902344),(-707.473511,478.655396,2201.673828),(-708.010254,479.080231,2201.422607),(-708.609558,479.28775,2201.148438),(-708.918823,479.312042,2201.009033),(-709.216064,
   479.286072,2200.876221),(-709.501282,479.209778,2200.75),(-709.774475,479.083221,2200.630615),(-710.035645,478.906403,2200.517578),(-710.269592,478.693665,2200.417725),(-710.461121,478.459351,2200.337402),(-710.610291,478.203522,2200.276611),(-710.717102,477.926178,2200.235352),(-710.781494,477.627258,2200.213867),(-710.805481,477.334137,2200.210205),(-710.796326,
   477.037659,2200.221436),(-710.753967,476.737823,2200.247803),(-710.678345,476.434631,2200.289063),(-710.569519,476.128113,2200.345215),(-710.407471,475.783478,2200.426514),(-710.172058,475.365875,2200.542236),(-709.863403,474.875366,2200.692627),(-709.481384,474.311951,2200.87793),(-709.026123,473.675598,2201.097656),(-708.175232,472.457886,2201.509277),(-707.462341,
   471.364166,2201.855957),(-706.887329,470.39444,2202.137695),(-706.450256,469.548737,2202.354248),(-706.151123,468.827057,2202.506104),(-705.952332,468.173218,2202.611328),(-705.816345,467.531097,2202.687988),(-705.743225,466.900696,2202.736084),(-705.732849,466.281982,2202.755615),(-705.785278,465.674988,2202.746826),(-705.955933,464.83432,2202.690674),(-706.224121,
   464.061066,2202.589111),(-706.589844,463.355194,2202.441895),(-707.05304,462.716766,2202.249512),(-707.613708,462.145721,2202.011719),(-708.239624,461.674286,2201.742188),(-708.898376,461.334534,2201.45459),(-709.590027,461.126556,2201.14917),(-710.314514,461.050323,2200.825684),(-711.07196,461.105804,2200.484375),(-711.550842,461.210663,2200.266846),(-712.013,
   461.372498,2200.05542),(-712.458435,461.591248,2199.850098),(-712.887085,461.866974,2199.650879),(-713.299072,462.199615,2199.458008),(-713.703247,462.609222,2199.266602),(-714.108521,463.115814,2199.072266),(-714.514893,463.71936,2198.875244),(-714.922424,464.419891,2198.675293),(-715.331116,465.217407,2198.472412)));
#260=COMPLEX_TRIANGULATED_SURFACE_SET('',#259,117,((-0.409466,0.022136,0.912057)),(),((61,63,62),(60,63,61),(58,64,59),(59,64,63),(60,59,63),(57,64,58),(95,100,96),(95,94,
   17),(92,18,93),(94,93,18),(91,20,92),(65,57,56),(55,54,66),(66,54,67),(55,66,65),(53,52,67),(68,67,52),(53,67,
   54),(64,57,65),(90,89,24),(26,89,88),(24,89,25),(26,25,89),(91,90,22),(68,52,69),(65,56,55),(90,24,23),(97,96,
   98),(98,96,99),(17,94,18),(96,100,99),(16,15,103),(100,95,17),(19,18,92),(102,17,16),(17,101,100),(17,102,101),(16,103,
   102),(103,15,104),(14,105,104),(105,12,106),(13,105,14),(21,91,22),(20,91,21),(92,20,19),(12,105,13),(10,106,11),(107,10,
   9),(107,106,10),(106,12,11),(8,108,107),(7,108,8),(109,108,7),(8,107,9),(14,104,15),(90,23,22),(87,27,88),(69,51,
   70),(51,69,52),(70,51,71),(71,50,72),(50,71,51),(73,72,50),(73,49,74),(30,84,83),(48,76,75),(32,82,81),(75,74,
   49),(31,83,82),(50,49,73),(76,48,47),(77,76,47),(77,46,45),(45,44,78),(47,46,77),(43,78,44),(77,45,78),(35,80,
   79),(79,78,38),(40,78,41),(39,78,40),(41,78,42),(43,42,78),(81,80,33),(48,75,49),(78,39,38),(26,88,27),(86,28,
   87),(28,86,85),(27,87,28),(4,3,114),(28,85,29),(84,29,85),(6,5,110),(110,109,6),(5,111,110),(6,109,7),(4,113,
   112),(114,113,4),(111,5,112),(112,5,4),(33,32,81),(31,82,32),(35,79,36),(80,35,34),(33,80,34),(30,83,31),(84,30,
   29),(115,3,2),(114,3,115),(116,2,117),(115,2,116),(117,2,1),(36,79,37),(79,38,37)),());
#261=COORDINATES_LIST('',88,((-733.66748,468.930481,2190.150146),(-731.107361,471.274689,2191.242676),(-730.333923,470.047668,2191.619629),(-729.483948,469.054413,2192.025391),(-728.557495,468.29483,2192.459717),(-727.554504,467.768982,2192.922852),(-726.474976,467.476837,2193.414551),(-725.547791,467.415192,2193.832275),(-724.657959,467.526978,2194.229004),(-723.805481,
   467.812103,2194.60498),(-722.990295,468.27063,2194.959717),(-722.212402,468.902557,2195.293701),(-721.51239,469.669525,2195.589355),(-720.930603,470.533234,2195.82959),(-720.467224,471.493652,2196.01416),(-720.12207,472.550842,2196.143555),(-719.895264,473.704742,2196.217285),(-719.809753,474.528046,2196.23584),(-719.786865,475.322113,2196.226807),(-719.82666,
   476.086884,2196.19043),(-719.929077,476.822418,2196.126465),(-720.094177,477.528656,2196.035156),(-720.318176,478.19577,2195.918457),(-720.597351,478.813812,2195.778076),(-720.931702,479.382782,2195.614258),(-721.321228,479.90271,2195.426758),(-721.76593,480.373596,2195.215576),(-722.255432,480.785431,2194.98584),(-722.77948,481.128204,2194.742432),(-723.338013,
   481.401947,2194.484863),(-723.931152,481.606628,2194.213623),(-724.558777,481.742279,2193.928711),(-725.097534,481.80072,2193.685303),(-725.624817,481.805237,2193.448486),(-726.140625,481.755798,2193.218018),(-726.644897,481.652466,2192.994141),(-727.137634,481.495178,2192.776855),(-727.639771,481.270508,2192.556885),(-728.17218,480.964966,2192.325195),(-728.734985,
   480.578522,2192.082031),(-729.328064,480.111237,2191.827148),(-729.951477,479.56308,2191.560547),(-731.677795,482.672516,2190.709961),(-730.836304,483.41452,2191.069824),(-730.027466,484.048096,2191.41748),(-729.251282,484.573242,2191.753174),(-728.507813,484.98996,2192.076904),(-727.797058,485.298248,2192.388428),(-727.087524,485.513672,2192.701904),(-726.347778,
   485.651764,2193.030518),(-725.57782,485.712524,2193.374756),(-724.777649,485.695923,2193.734375),(-723.947266,485.60202,2194.109375),(-722.487061,485.246429,2194.773682),(-721.173157,484.660675,2195.377686),(-720.005615,483.844666,2195.921631),(-718.984375,482.798492,2196.405518),(-718.109497,481.522064,2196.829346),(-717.4151,480.074768,2197.17627),(-716.935425,
   478.515991,2197.429443),(-716.670471,476.845642,2197.588867),(-716.620239,475.063782,2197.654785),(-716.784668,473.17041,2197.626709),(-716.998169,471.965088,2197.560303),(-717.293152,470.826538,2197.455322),(-717.669617,469.75473,2197.3125),(-718.127563,468.749664,2197.131348),(-718.666931,467.811401,2196.911865),(-719.280457,466.950806,2196.657227),(-719.960693,
   466.178864,2196.370605),(-720.707642,465.495575,2196.051758),(-721.521301,464.900909,2195.700928),(-722.401733,464.394928,2195.318115),(-723.320068,463.994446,2194.915527),(-724.247742,463.716431,2194.505859),(-725.184692,463.560883,2194.088867),(-726.13092,463.527771,2193.664795),(-727.086426,463.617126,2193.233643),(-727.890747,463.787903,2192.868408),(-728.669922,
   464.044128,2192.512451),(-729.424072,464.385773,2192.165527),(-730.153076,464.812805,2191.827881),(-730.857056,465.325287,2191.499512),(-731.522583,465.913635,2191.186523),(-732.136353,466.568329,2190.89502),(-732.698425,467.289368,2190.625),(-733.208801,468.076752,2190.376953),(-733.66748,468.930481,2190.150146)));
#262=COMPLEX_TRIANGULATED_SURFACE_SET('',#261,87,((-0.409466,0.022136,0.912057)),(),((21,20,61),(59,22,60),(21,61,60),(58,23,59),(63,18,17),(18,63,62),(19,18,62),(19,62,
   61),(61,20,19),(58,57,25),(56,27,26),(27,56,28),(55,29,28),(29,55,54),(55,28,56),(21,60,22),(22,59,23),(24,58,
   25),(25,57,26),(58,24,23),(57,56,26),(63,17,64),(65,16,15),(16,65,64),(65,15,66),(17,16,64),(15,67,66),(67,14,
   68),(14,69,68),(69,13,70),(70,12,71),(67,15,14),(12,70,13),(11,10,73),(12,11,72),(12,72,71),(10,74,73),(73,72,
   11),(75,9,76),(75,74,10),(76,9,8),(75,10,9),(13,69,14),(31,54,53),(33,32,52),(52,32,53),(34,52,51),(31,53,
   32),(31,30,54),(35,34,51),(50,36,35),(33,52,34),(35,51,50),(36,49,37),(47,38,48),(48,37,49),(39,47,46),(37,48,
   38),(38,47,39),(41,45,44),(46,45,40),(46,40,39),(42,44,43),(49,36,50),(8,7,77),(82,5,83),(6,5,81),(7,6,
   79),(7,79,78),(78,77,7),(6,81,80),(80,79,6),(5,82,81),(5,4,83),(77,76,8),(4,3,85),(42,41,44),(40,45,
   41),(3,2,87),(85,84,4),(83,4,84),(3,86,85),(3,87,86),(87,2,1),(29,54,30)),());
#263=COORDINATES_LIST('',12,((-736.904724,465.668671,2188.776123),(-740.093262,466.168701,2187.33252),(-738.98822,474.092773,2187.63623),(-744.505493,474.957977,2185.138184),(-745.610596,467.033905,2184.834473),(-748.763306,467.52829,2183.406982),(-745.841858,488.47699,2184.210205),(-742.689148,487.982574,2185.637695),(-743.972046,478.783386,2185.284912),(-738.454712,
   477.918182,2187.782959),(-737.171814,487.117401,2188.135498),(-733.983276,486.617371,2189.579102)));
#264=COMPLEX_TRIANGULATED_SURFACE_SET('',#263,12,((-0.409466,0.022136,0.912057)),(),((12,11,10),(12,10,1),(1,3,2),(3,1,10),(3,10,4),(9,8,7),(9,7,6),(5,4,
   6),(6,4,9),(4,10,9)),());
#265=COORDINATES_LIST('',4,((-747.685608,492.582123,2183.282715),(-758.590698,468.464417,2178.972412),(-760.776123,468.807098,2177.98291),(-749.835205,492.91922,2182.30957)));
#266=COMPLEX_TRIANGULATED_SURFACE_SET('',#265,4,((-0.409466,0.022136,0.912057)),(),((1,4,2),(3,2,4)),());
#267=COORDINATES_LIST('',88,((-777.662537,475.82959,2170.231445),(-775.102356,478.173798,2171.32373),(-774.328979,476.946777,2171.700928),(-773.479004,475.953522,2172.106445),(-772.552551,475.193939,2172.540771),(-771.5495,474.668091,2173.003906),(-770.470032,474.375946,2173.495605),(-769.542847,474.314331,2173.91333),(-768.653015,474.426086,2174.310303),(-767.800476,
   474.711212,2174.686035),(-766.985291,475.169739,2175.040771),(-766.207458,475.801666,2175.374756),(-765.507385,476.568634,2175.67041),(-764.925659,477.432343,2175.910645),(-764.462219,478.392761,2176.095459),(-764.117126,479.449951,2176.224609),(-763.89032,480.603851,2176.29834),(-763.804749,481.427155,2176.316895),(-763.781921,482.221222,2176.307861),(-763.821655,
   482.985992,2176.271484),(-763.924133,483.721527,2176.20752),(-764.089233,484.427765,2176.116455),(-764.313232,485.094879,2175.999512),(-764.592407,485.712921,2175.859131),(-764.926758,486.281891,2175.695313),(-765.316284,486.801819,2175.507813),(-765.760925,487.272705,2175.296875),(-766.250488,487.68454,2175.067139),(-766.774536,488.027313,2174.823486),(-767.333069,
   488.301056,2174.565918),(-767.926208,488.505737,2174.294678),(-768.553772,488.641388,2174.009766),(-769.09259,488.699829,2173.766357),(-769.619873,488.704346,2173.529541),(-770.135681,488.654907,2173.299316),(-770.639893,488.551575,2173.075439),(-771.132629,488.394287,2172.85791),(-771.634766,488.169617,2172.637939),(-772.167236,487.864075,2172.40625),(-772.730042,
   487.477661,2172.163086),(-773.32312,487.010345,2171.908203),(-773.946533,486.462189,2171.641602),(-775.672852,489.571625,2170.791016),(-774.831299,490.313629,2171.150879),(-774.022461,490.947205,2171.498535),(-773.246338,491.472351,2171.834229),(-772.502869,491.889069,2172.157959),(-771.792114,492.197357,2172.469482),(-771.082581,492.412781,2172.782959),(-770.342834,
   492.550873,2173.111572),(-769.572876,492.611633,2173.455811),(-768.772705,492.595032,2173.81543),(-767.942322,492.501129,2174.190674),(-766.482117,492.145569,2174.854736),(-765.168213,491.559784,2175.45874),(-764.000671,490.743774,2176.00293),(-762.979431,489.697601,2176.486572),(-762.104553,488.421173,2176.9104),(-761.410156,486.973907,2177.257324),(-760.930481,
   485.4151,2177.510498),(-760.665527,483.744751,2177.669922),(-760.615295,481.962891,2177.73584),(-760.779724,480.069519,2177.708008),(-760.993225,478.864197,2177.641357),(-761.288208,477.725647,2177.536621),(-761.664673,476.653839,2177.393555),(-762.122559,475.648804,2177.212402),(-762.661987,474.71051,2176.99292),(-763.275513,473.849915,2176.738281),(-763.95575,
   473.077972,2176.45166),(-764.702698,472.394684,2176.133057),(-765.516357,471.800049,2175.782227),(-766.39679,471.294037,2175.39917),(-767.315125,470.893555,2174.996582),(-768.242798,470.61554,2174.586914),(-769.179749,470.459991,2174.169922),(-770.125977,470.42688,2173.74585),(-771.081482,470.516235,2173.314941),(-771.885803,470.687012,2172.949707),(-772.664978,
   470.943237,2172.593506),(-773.419128,471.284882,2172.246582),(-774.148132,471.711914,2171.908936),(-774.852051,472.224396,2171.580566),(-775.517578,472.812744,2171.267578),(-776.131409,473.467438,2170.976074),(-776.693481,474.188477,2170.706299),(-777.203857,474.975861,2170.458008),(-777.662537,475.82959,2170.231445)));
#268=COMPLEX_TRIANGULATED_SURFACE_SET('',#267,87,((-0.409466,0.022136,0.912057)),(),((21,20,61),(59,22,60),(21,61,60),(58,23,59),(63,18,17),(18,63,62),(19,18,62),(19,62,
   61),(61,20,19),(58,57,25),(56,27,26),(27,56,28),(55,29,28),(29,55,54),(55,28,56),(21,60,22),(22,59,23),(24,58,
   25),(25,57,26),(58,24,23),(57,56,26),(63,17,64),(65,16,15),(16,65,64),(65,15,66),(17,16,64),(15,67,66),(67,14,
   68),(14,69,68),(69,13,70),(70,12,71),(67,15,14),(12,70,13),(11,10,73),(12,11,72),(12,72,71),(10,74,73),(73,72,
   11),(75,9,76),(75,74,10),(76,9,8),(75,10,9),(13,69,14),(31,54,53),(33,32,52),(52,32,53),(34,52,51),(31,53,
   32),(31,30,54),(35,34,51),(50,36,35),(33,52,34),(35,51,50),(36,49,37),(47,38,48),(48,37,49),(39,47,46),(37,48,
   38),(38,47,39),(41,45,44),(46,45,40),(46,40,39),(42,44,43),(49,36,50),(8,7,77),(82,5,83),(6,5,81),(7,6,
   79),(7,79,78),(78,77,7),(6,81,80),(80,79,6),(5,82,81),(5,4,83),(77,76,8),(4,3,85),(42,41,44),(40,45,
   41),(3,2,87),(85,84,4),(83,4,84),(3,86,85),(3,87,86),(87,2,1),(29,54,30)),());
#269=COORDINATES_LIST('',6,((-780.935608,472.573395,2168.84082),(-784.05249,473.062195,2167.429688),(-781.658203,490.231018,2168.087891),(-786.243958,490.950134,2166.011719),(-785.716858,494.730011,2166.156738),(-778.01416,493.522095,2169.644043)));
#270=COMPLEX_TRIANGULATED_SURFACE_SET('',#269,6,((-0.409466,0.022136,0.912057)),(),((2,1,3),(3,1,6),(3,5,4),(5,3,6)),());
#271=COORDINATES_LIST('',11,((-796.054382,474.944275,2161.99585),(-799.207153,475.43866,2160.568359),(-802.627014,497.381775,2158.500488),(-799.36676,496.870514,2159.976563),(-798.680359,492.341919,2160.394775),(-791.980774,491.291321,2163.427979),(-790.016052,495.404175,2164.210205),(-786.755798,494.892944,2165.686279),(-796.891785,480.753052,2161.479004),(-793.667053,
   487.600128,2162.760498),(-798.037903,488.285553,2160.781494)));
#272=COMPLEX_TRIANGULATED_SURFACE_SET('',#271,11,((-0.409466,0.022136,0.912057)),(),((8,7,6),(10,1,8),(10,6,11),(1,10,9),(10,8,6),(5,4,3),(5,11,6),(5,3,
   11),(9,11,2),(2,11,3),(9,2,1)),());
#273=COORDINATES_LIST('',118,((-816.182922,481.032532,2152.811523),(-813.528015,483.268799,2153.948975),(-813.147644,482.404999,2154.140869),(-812.737183,481.715179,2154.341797),(-812.29657,481.199341,2154.552246),(-811.825867,480.857452,2154.771729),(-811.325012,480.689575,2155.000732),(-811.087585,480.670013,2155.107666),(-810.862488,480.687775,2155.208496),(-810.649841,
   480.742859,2155.30249),(-810.449463,480.835205,2155.390137),(-810.261536,480.964905,2155.471436),(-810.095154,481.118439,2155.54248),(-809.959534,481.282379,2155.599365),(-809.854675,481.456757,2155.64209),(-809.780579,481.64151,2155.670898),(-809.737244,481.8367,2155.685791),(-809.71875,482.053436,2155.688721),(-809.724182,482.266479,2155.681152),(-809.75354,
   482.475861,2155.662842),(-809.806885,482.681549,2155.634033),(-809.884155,482.883514,2155.594238),(-810.058533,483.229187,2155.507568),(-810.337524,483.706665,2155.37085),(-810.721191,484.315948,2155.183838),(-811.209412,485.057068,2154.946533),(-811.802307,485.929993,2154.65918),(-812.364136,486.742188,2154.387207),(-812.829956,487.42395,2154.161621),(-813.199707,
   487.97522,2153.982178),(-813.47345,488.396027,2153.849121),(-813.651123,488.68634,2153.762207),(-813.934998,489.22879,2153.621582),(-814.178589,489.755646,2153.499512),(-814.381897,490.266846,2153.395996),(-814.544861,490.762421,2153.310791),(-814.667542,491.242371,2153.243896),(-814.752502,491.720123,2153.194092),(-814.802185,492.209106,2153.159912),(-814.81665,
   492.70932,2153.141357),(-814.795837,493.220734,2153.138428),(-814.739807,493.743408,2153.150879),(-814.543457,494.73642,2153.214844),(-814.24408,495.638824,2153.327393),(-813.841675,496.450592,2153.488281),(-813.336182,497.171753,2153.697754),(-812.727661,497.802307,2153.955566),(-812.044739,498.315094,2154.249756),(-811.316162,498.682953,2154.567871),(-810.54187,
   498.905914,2154.910156),(-809.721924,498.983948,2155.276367),(-808.856262,498.917053,2155.666748),(-808.178223,498.765137,2155.974854),(-807.548401,498.529541,2156.263184),(-806.966919,498.210327,2156.531982),(-806.433655,497.807465,2156.78125),(-805.948669,497.320953,2157.010742),(-805.509644,496.746735,2157.22168),(-805.114136,496.080658,2157.415527),(-804.762207,
   495.322784,2157.591797),(-804.453857,494.473053,2157.750977),(-804.189026,493.531525,2157.892578),(-807.090149,491.892303,2156.630127),(-807.439392,492.969025,2156.447021),(-807.851074,493.82843,2156.241455),(-808.325378,494.470551,2156.012939),(-808.862122,494.895355,2155.761719),(-809.461426,495.102875,2155.487549),(-809.770691,495.127197,2155.348145),(-810.067932,
   495.101196,2155.215332),(-810.353088,495.024933,2155.089111),(-810.626282,494.898376,2154.969482),(-810.887451,494.721527,2154.856445),(-811.121399,494.508789,2154.756592),(-811.312988,494.274506,2154.67627),(-811.462158,494.018677,2154.615723),(-811.568909,493.741302,2154.574463),(-811.633301,493.442413,2154.552734),(-811.657349,493.149261,2154.549072),(-811.648193,
   492.852783,2154.560303),(-811.605774,492.552948,2154.58667),(-811.530151,492.249786,2154.62793),(-811.421387,491.943268,2154.684326),(-811.259277,491.598602,2154.765381),(-811.023926,491.18103,2154.881348),(-810.71521,490.690521,2155.031738),(-810.333252,490.127106,2155.216797),(-809.877991,489.490753,2155.436768),(-809.0271,488.27301,2155.848389),(-808.314148,
   487.179291,2156.194824),(-807.739136,486.209595,2156.476563),(-807.302063,485.363892,2156.693359),(-807.00293,484.642212,2156.845215),(-806.804199,483.988373,2156.950195),(-806.668213,483.346252,2157.026855),(-806.595032,482.715851,2157.074951),(-806.584656,482.097137,2157.094727),(-806.637085,481.490143,2157.085938),(-806.8078,480.649475,2157.029541),(-807.075989,
   479.87619,2156.927979),(-807.44165,479.170349,2156.781006),(-807.904846,478.531921,2156.588623),(-808.465576,477.960876,2156.350586),(-809.091431,477.48941,2156.081055),(-809.750183,477.149689,2155.793701),(-810.441833,476.941711,2155.488037),(-811.166382,476.865448,2155.164795),(-811.923828,476.920929,2154.823242),(-812.402649,477.025818,2154.605713),(-812.864807,
   477.187653,2154.394287),(-813.310242,477.406403,2154.189209),(-813.738953,477.682129,2153.98999),(-814.15094,478.014771,2153.796875),(-814.555054,478.424377,2153.605469),(-814.960388,478.930969,2153.411377),(-815.36676,479.534515,2153.214111),(-815.774292,480.235046,2153.01416),(-816.182922,481.032532,2152.811523)));
#274=COMPLEX_TRIANGULATED_SURFACE_SET('',#273,117,((-0.409466,0.022136,0.912057)),(),((61,63,62),(60,63,61),(58,64,59),(59,64,63),(60,59,63),(57,64,58),(95,100,96),(95,94,
   17),(92,18,93),(94,93,18),(91,20,92),(65,57,56),(55,54,66),(66,54,67),(55,66,65),(53,52,67),(68,67,52),(53,67,
   54),(64,57,65),(90,89,24),(26,89,88),(24,89,25),(26,25,89),(91,90,22),(68,52,69),(65,56,55),(90,24,23),(97,96,
   98),(98,96,99),(17,94,18),(96,100,99),(16,15,103),(100,95,17),(19,18,92),(102,17,16),(17,101,100),(17,102,101),(16,103,
   102),(103,15,104),(14,105,104),(105,12,106),(13,105,14),(21,91,22),(20,91,21),(92,20,19),(12,105,13),(10,106,11),(107,10,
   9),(107,106,10),(106,12,11),(8,108,107),(7,108,8),(109,108,7),(8,107,9),(14,104,15),(90,23,22),(87,27,88),(69,51,
   70),(51,69,52),(70,51,71),(71,50,72),(50,71,51),(73,72,50),(73,49,74),(30,84,83),(48,76,75),(32,82,81),(75,74,
   49),(31,83,82),(50,49,73),(76,48,47),(77,76,47),(77,46,45),(45,44,78),(47,46,77),(43,78,44),(77,45,78),(35,80,
   79),(79,78,38),(40,78,41),(39,78,40),(41,78,42),(43,42,78),(81,80,33),(48,75,49),(78,39,38),(26,88,27),(86,28,
   87),(28,86,85),(27,87,28),(4,3,114),(28,85,29),(84,29,85),(6,5,110),(110,109,6),(5,111,110),(6,109,7),(4,113,
   112),(114,113,4),(111,5,112),(112,5,4),(33,32,81),(31,82,32),(35,79,36),(80,35,34),(33,80,34),(30,83,31),(84,30,
   29),(115,3,2),(114,3,115),(116,2,117),(115,2,116),(117,2,1),(36,79,37),(79,38,37)),());
#275=COORDINATES_LIST('',118,((-828.113159,482.903381,2147.409912),(-825.458252,485.139648,2148.547607),(-825.077942,484.275848,2148.739258),(-824.667419,483.586029,2148.94043),(-824.226807,483.07019,2149.150635),(-823.756104,482.728302,2149.370361),(-823.255249,482.560425,2149.599121),(-823.017822,482.540863,2149.706299),(-822.792786,482.558624,2149.806885),(-822.580078,
   482.613708,2149.901123),(-822.379761,482.706055,2149.98877),(-822.191772,482.835754,2150.070068),(-822.025391,482.989288,2150.140869),(-821.889771,483.153229,2150.197754),(-821.784912,483.327606,2150.240723),(-821.710815,483.51236,2150.269531),(-821.66748,483.70755,2150.28418),(-821.648987,483.924286,2150.287354),(-821.654419,484.137329,2150.279541),(-821.683777,
   484.34671,2150.261475),(-821.737122,484.552399,2150.232422),(-821.814392,484.754364,2150.192871),(-821.98877,485.100037,2150.106201),(-822.267761,485.577515,2149.969238),(-822.651428,486.186798,2149.782227),(-823.139709,486.927917,2149.545166),(-823.732605,487.800842,2149.257813),(-824.294434,488.613037,2148.98584),(-824.760193,489.2948,2148.760254),(-825.129944,
   489.846069,2148.580811),(-825.403687,490.266876,2148.447754),(-825.581421,490.55719,2148.36084),(-825.865234,491.09964,2148.220215),(-826.108826,491.626495,2148.098145),(-826.312134,492.137695,2147.994385),(-826.475098,492.63327,2147.90918),(-826.597839,493.11322,2147.842529),(-826.682739,493.590973,2147.792725),(-826.732483,494.079956,2147.758545),(-826.746887,
   494.58017,2147.73999),(-826.726074,495.091583,2147.736816),(-826.670044,495.614258,2147.749268),(-826.473694,496.607269,2147.813477),(-826.174316,497.509674,2147.925781),(-825.771912,498.321442,2148.086914),(-825.266418,499.042603,2148.296387),(-824.657898,499.673157,2148.554199),(-823.975037,500.185944,2148.848389),(-823.246399,500.553802,2149.166504),(-822.472168,
   500.776764,2149.508789),(-821.652161,500.854797,2149.875),(-820.786499,500.787903,2150.265137),(-820.108459,500.635986,2150.573242),(-819.478699,500.400391,2150.861816),(-818.897156,500.081177,2151.130615),(-818.363892,499.678314,2151.379639),(-817.878967,499.191803,2151.609375),(-817.43988,498.617584,2151.820313),(-817.044434,497.951508,2152.013916),(-816.692505,
   497.193634,2152.19043),(-816.384094,496.343903,2152.349609),(-816.119263,495.402374,2152.491211),(-819.020447,493.763153,2151.228516),(-819.369629,494.839874,2151.045654),(-819.781372,495.69928,2150.839844),(-820.255615,496.3414,2150.611572),(-820.792358,496.766205,2150.360107),(-821.391663,496.973724,2150.086182),(-821.700928,496.998047,2149.946533),(-821.998169,
   496.972046,2149.813721),(-822.283386,496.895782,2149.687744),(-822.55658,496.769226,2149.568115),(-822.817749,496.592407,2149.455078),(-823.051697,496.379639,2149.355225),(-823.243225,496.145355,2149.274902),(-823.392395,495.889526,2149.214111),(-823.499207,495.612152,2149.172852),(-823.563538,495.313263,2149.151367),(-823.587585,495.020111,2149.147705),(-823.57843,
   494.723633,2149.158936),(-823.536011,494.423798,2149.185303),(-823.460449,494.120636,2149.226563),(-823.351624,493.814117,2149.282959),(-823.189514,493.469452,2149.364014),(-822.954163,493.05188,2149.479736),(-822.645447,492.561371,2149.630371),(-822.263489,491.997955,2149.81543),(-821.808228,491.361603,2150.035156),(-820.957336,490.14386,2150.446777),(-820.244385,
   489.05014,2150.793457),(-819.669434,488.080444,2151.075195),(-819.232361,487.234741,2151.291748),(-818.933228,486.513062,2151.443604),(-818.734436,485.859222,2151.548828),(-818.59845,485.217102,2151.625488),(-818.525269,484.5867,2151.673584),(-818.514954,483.967987,2151.693115),(-818.567383,483.360992,2151.684326),(-818.738037,482.520325,2151.628174),(-819.006226,
   481.74704,2151.526611),(-819.371948,481.041199,2151.379395),(-819.835144,480.402771,2151.187012),(-820.395813,479.831726,2150.949219),(-821.021667,479.36026,2150.679688),(-821.680481,479.020538,2150.39209),(-822.372131,478.812561,2150.08667),(-823.096619,478.736298,2149.763184),(-823.854065,478.791779,2149.421875),(-824.332947,478.896667,2149.204346),(-824.795105,
   479.058502,2148.99292),(-825.240479,479.277252,2148.787598),(-825.669189,479.552979,2148.588379),(-826.081177,479.88562,2148.395508),(-826.485352,480.295227,2148.204102),(-826.890625,480.801819,2148.009766),(-827.296997,481.405365,2147.812744),(-827.704529,482.105896,2147.612793),(-828.113159,482.903381,2147.409912)));
#276=COMPLEX_TRIANGULATED_SURFACE_SET('',#275,117,((-0.409466,0.022136,0.912057)),(),((61,63,62),(60,63,61),(58,64,59),(59,64,63),(60,59,63),(57,64,58),(95,100,96),(95,94,
   17),(92,18,93),(94,93,18),(91,20,92),(65,57,56),(55,54,66),(66,54,67),(55,66,65),(53,52,67),(68,67,52),(53,67,
   54),(64,57,65),(90,89,24),(26,89,88),(24,89,25),(26,25,89),(91,90,22),(68,52,69),(65,56,55),(90,24,23),(97,96,
   98),(98,96,99),(17,94,18),(96,100,99),(16,15,103),(100,95,17),(19,18,92),(102,17,16),(17,101,100),(17,102,101),(16,103,
   102),(103,15,104),(14,105,104),(105,12,106),(13,105,14),(21,91,22),(20,91,21),(92,20,19),(12,105,13),(10,106,11),(107,10,
   9),(107,106,10),(106,12,11),(8,108,107),(7,108,8),(109,108,7),(8,107,9),(14,104,15),(90,23,22),(87,27,88),(69,51,
   70),(51,69,52),(70,51,71),(71,50,72),(50,71,51),(73,72,50),(73,49,74),(30,84,83),(48,76,75),(32,82,81),(75,74,
   49),(31,83,82),(50,49,73),(76,48,47),(77,76,47),(77,46,45),(45,44,78),(47,46,77),(43,78,44),(77,45,78),(35,80,
   79),(79,78,38),(40,78,41),(39,78,40),(41,78,42),(43,42,78),(81,80,33),(48,75,49),(78,39,38),(26,88,27),(86,28,
   87),(28,86,85),(27,87,28),(4,3,114),(28,85,29),(84,29,85),(6,5,110),(110,109,6),(5,111,110),(6,109,7),(4,113,
   112),(114,113,4),(111,5,112),(112,5,4),(33,32,81),(31,82,32),(35,79,36),(80,35,34),(33,80,34),(30,83,31),(84,30,
   29),(115,3,2),(114,3,115),(116,2,117),(115,2,116),(117,2,1),(36,79,37),(79,38,37)),());
#277=COORDINATES_LIST('',143,((-1292.400513,566.586914,1936.938354),(-1286.106445,565.599915,1939.788086),(-1286.469971,562.993164,1939.68811),(-1292.764038,563.980164,1936.838501),(-1286.588135,576.762451,1939.300903),(-1286.455566,577.713562,1939.33728),(-1284.116699,577.346863,1940.39624),(-1285.227051,569.385681,1940.090942),(-1292.380981,570.507507,1936.852051),(-1291.32959,
   578.045959,1937.140991),(-1288.990845,577.679199,1938.199951),(-1289.064575,577.150818,1938.179688),(-1285.762329,559.750488,1940.084473),(-1294.223267,561.077271,1936.253784),(-1293.864624,563.648804,1936.352417),(-1285.403687,562.322021,1940.183105),(-1285.664307,568.770325,1939.909546),(-1286.027832,566.163574,1939.809692),(-1292.321899,567.150574,1936.959961),(-1291.958374,
   569.757324,1937.059937),(-1287.241577,572.077393,1939.121216),(-1286.917358,574.402283,1939.210327),(-1289.393677,574.790649,1938.089233),(-1289.717896,572.465698,1938.),(-1293.260132,560.422302,1936.702026),(-1286.966064,559.435303,1939.551758),(-1287.32959,556.828552,1939.451782),(-1293.623779,557.815552,1936.602051),(-1295.456665,570.37793,1935.474243),(-1294.768799,
   570.27002,1935.785767),(-1293.289917,570.038086,1936.455322),(-1294.385376,562.182617,1936.154175),(-1305.185059,563.87616,1931.264526),(-1304.0896,571.731689,1931.565674),(-1301.40686,571.310974,1932.780396),(-1300.709229,576.31311,1932.972168),(-1300.703735,576.402954,1932.972412),(-1300.714722,576.475281,1932.965698),(-1300.74231,576.529968,1932.952026),(-1300.786377,
   576.567078,1932.931396),(-1300.846802,576.58667,1932.903687),(-1301.603516,576.705322,1932.561157),(-1301.723022,576.624695,1932.509399),(-1301.861328,576.348389,1932.453979),(-1302.018555,575.876282,1932.394897),(-1302.194702,575.208435,1932.332031),(-1302.389648,574.344849,1932.265503),(-1304.998657,575.545898,1931.065063),(-1304.608521,577.052734,1931.203613),(-1304.106445,
   578.193604,1931.401367),(-1303.49231,578.968384,1931.658203),(-1302.766113,579.377197,1931.974365),(-1301.927856,579.419983,1932.349609),(-1299.692261,579.069397,1933.361816),(-1298.985107,578.877869,1933.68396),(-1298.459595,578.553528,1933.927734),(-1298.115601,578.096436,1934.093262),(-1297.953247,577.506531,1934.18042),(-1297.972534,576.783875,1934.189331),(-1298.792969,
   570.901062,1933.963867),(-1298.070679,570.787781,1934.290771),(-1297.839722,572.44342,1934.354248),(-1297.394653,574.193665,1934.511597),(-1296.582031,575.696167,1934.839966),(-1295.401855,576.950928,1935.339355),(-1293.854126,577.958069,1936.009766),(-1291.938965,578.717468,1936.851196),(-1290.838257,576.025085,1937.410645),(-1292.28772,575.520935,1936.772217),(-1293.456055,
   574.834473,1936.264282),(-1294.343384,573.965698,1935.887085),(-1294.949707,572.914612,1935.640381),(-1295.274902,571.681274,1935.524292),(-1299.721313,562.479431,1933.751343),(-1300.208984,561.825867,1933.54834),(-1300.712646,561.097107,1933.339844),(-1301.232422,560.293091,1933.126099),(-1301.768433,559.413879,1932.906738),(-1302.320435,558.459412,1932.682129),(-1304.531494,
   559.994019,1931.652222),(-1304.68811,560.403076,1931.571899),(-1304.721802,560.726501,1931.54895),(-1304.632324,560.964478,1931.583374),(-1304.419922,561.116882,1931.675049),(-1304.084473,561.183838,1931.824097),(-1303.578003,561.881897,1932.034424),(-1303.104126,562.527527,1932.231567),(-1302.662964,563.120728,1932.415161),(-1302.254395,563.661377,1932.585571),(-1301.878418,
   564.149597,1932.742432),(-1296.640747,565.164063,1935.069336),(-1296.262451,567.876465,1935.173218),(-1301.834229,568.750244,1932.650635),(-1302.212524,566.037781,1932.546631),(-1297.421753,558.051208,1934.891235),(-1297.867798,558.704285,1934.675171),(-1298.28186,559.424377,1934.471802),(-1298.664185,560.211426,1934.281128),(-1299.014526,561.065491,1934.103027),(-1299.33313,
   561.986633,1933.937622),(-1296.76355,563.023499,1935.066162),(-1296.392578,562.094238,1935.255127),(-1296.022949,561.237122,1935.441895),(-1295.654419,560.452209,1935.626465),(-1295.287109,559.739441,1935.808716),(-1294.920898,559.098877,1935.988647),(-1288.803955,569.946594,1938.471436),(-1287.015503,569.666138,1939.28125),(-1290.592529,570.227051,1937.661743),(-1291.855225,
   574.276733,1936.996582),(-1291.592407,576.161377,1937.068726),(-1291.723877,575.219055,1937.032593),(-1289.992798,560.413879,1938.169189),(-1287.877563,560.082153,1939.126831),(-1292.108032,560.745605,1937.211426),(-1293.165649,560.911438,1936.732666),(-1294.043945,562.363037,1936.303101),(-1289.634155,562.985413,1938.267822),(-1291.74939,563.317139,1937.310059),(-1292.807007,
   563.482971,1936.831299),(-1287.518921,562.653687,1939.225464),(-1288.811279,569.263794,1938.484741),(-1290.384888,569.510559,1937.772339),(-1287.237793,569.01709,1939.197144),(-1290.113037,559.928833,1938.126953),(-1291.686646,560.175537,1937.414429),(-1288.539551,559.682068,1938.839355),(-1293.837646,566.110352,1936.304688),(-1294.111572,564.146484,1936.229492),(-1299.785156,
   563.029419,1933.709351),(-1297.085327,562.606018,1934.931763),(-1295.735352,562.394287,1935.542969),(-1296.410278,562.500183,1935.237305),(-1302.485107,563.452759,1932.486938),(-1301.135132,563.241089,1933.098145),(-1301.058105,573.812012,1932.876221),(-1298.382813,573.842468,1934.07666),(-1291.414795,577.435364,1937.117554),(-1291.650879,575.742432,1937.052734),(-1302.419678,
   563.442505,1932.516602),(-1300.595825,563.156494,1933.342407),(-1297.598633,562.686523,1934.699341),(-1296.564209,562.524292,1935.167725)));
#278=COMPLEX_TRIANGULATED_SURFACE_SET('',#277,143,((-0.409466,0.022136,0.912057)),(),((7,6,5),(7,5,22),(12,10,138),(10,12,11),(5,12,23),(23,12,68),(21,108,8),(21,8,
   22),(21,24,107),(23,22,5),(107,24,109),(68,112,23),(8,7,22),(18,124,122),(68,139,112),(111,66,69),(138,67,66),(24,23,
   110),(70,66,65),(66,70,69),(70,65,71),(9,24,110),(92,31,30),(63,72,71),(61,92,29),(73,72,62),(61,29,73),(126,28,
   125),(92,30,29),(3,2,4),(2,1,4),(119,116,115),(115,113,118),(13,16,114),(123,19,122),(125,27,127),(114,121,113),(91,130,
   142),(101,132,129),(98,102,99),(91,142,101),(128,91,129),(103,102,98),(105,104,96),(106,105,95),(96,104,97),(95,105,96),(104,103,
   97),(103,98,97),(92,128,31),(71,65,64),(118,113,121),(58,39,59),(56,58,57),(55,39,56),(56,39,58),(39,55,54),(36,137,
   59),(36,136,137),(63,62,72),(38,59,39),(36,59,37),(37,59,38),(54,40,39),(54,41,40),(41,53,42),(53,41,54),(42,53,
   52),(42,51,43),(66,111,138),(51,42,52),(43,51,50),(43,50,44),(45,44,49),(46,49,48),(49,46,45),(48,47,46),(50,49,
   44),(136,60,137),(61,60,92),(90,94,89),(93,92,60),(89,134,140),(141,94,90),(131,142,102),(87,77,76),(80,79,78),(78,77,
   85),(75,135,76),(88,76,135),(73,62,61),(93,35,34),(94,93,33),(93,60,35),(86,77,87),(33,93,34),(35,60,136),(134,94,
   33),(85,80,78),(80,85,81),(77,86,85),(84,83,82),(82,81,84),(84,81,85),(9,109,24),(87,76,88),(123,20,19),(64,63,
   71),(23,112,110),(108,21,107),(15,117,120),(126,25,28),(116,117,14),(120,116,119),(115,118,119),(120,117,116),(16,121,114),(19,18,
   122),(17,124,18),(28,27,125),(26,127,27),(92,91,128),(101,129,91),(94,130,91),(142,99,102),(129,132,32),(132,101,133),(143,133,
   101),(94,134,89),(141,75,74),(141,130,94),(12,138,68),(111,69,139),(88,135,140),(75,141,135),(99,142,100),(131,102,143)),());
#279=COORDINATES_LIST('',60,((-1319.276733,562.378296,1924.974487),(-1328.494263,563.82373,1920.80127),(-1326.033081,581.472168,1921.477905),(-1325.858398,582.170471,1921.539307),(-1325.554321,582.687256,1921.66333),(-1325.120972,583.022461,1921.849731),(-1324.558228,583.176086,1922.098633),(-1323.866333,583.148193,1922.409912),(-1321.321167,582.749084,1923.562256),(-1321.306274,
   580.083008,1923.633667),(-1323.713867,580.460571,1922.543579),(-1323.69519,580.533936,1922.550171),(-1323.662842,580.585022,1922.563477),(-1323.616577,580.61377,1922.583496),(-1323.556641,580.620239,1922.610352),(-1323.483032,580.604309,1922.643799),(-1324.082275,576.306702,1922.479004),(-1320.058228,575.675659,1924.300903),(-1319.455688,577.365173,1924.530396),(-1318.375122,
   578.832886,1924.979858),(-1316.81665,580.078735,1925.649414),(-1314.780151,581.102783,1926.538818),(-1312.265747,581.905029,1927.648193),(-1311.425415,578.857544,1928.099365),(-1313.478882,578.468201,1927.18689),(-1315.130493,577.774048,1926.46228),(-1316.380493,576.774963,1925.925415),(-1317.228638,575.470947,1925.576172),(-1317.675171,573.862122,1925.414795),(-1310.988037,
   573.425415,1928.427612),(-1313.877075,573.878479,1927.119507),(-1314.363525,570.391052,1926.98584),(-1311.474365,569.937988,1928.293823),(-1311.837891,567.331238,1928.19397),(-1314.727051,567.784302,1926.885864),(-1315.124878,564.930969,1926.776489),(-1312.23584,564.477905,1928.084595),(-1310.629395,575.996948,1928.526123),(-1310.418213,577.511658,1928.584229),(-1307.804199,
   577.101746,1929.7677),(-1309.985474,561.461243,1929.168091),(-1318.102417,562.734131,1925.493042),(-1316.132446,576.859863,1926.034668),(-1324.804443,571.128418,1922.280518),(-1320.814819,570.502808,1924.086792),(-1320.451294,573.109558,1924.186768),(-1324.440918,573.735168,1922.380371),(-1321.178345,567.896057,1923.986938),(-1325.167969,568.521667,1922.180542),(-1325.516846,
   566.02063,1922.084595),(-1321.5271,565.394958,1923.890991),(-1323.507446,580.428223,1922.636963),(-1315.755493,577.274536,1926.193848),(-1318.475952,568.120239,1925.19458),(-1318.876343,565.249268,1925.084595),(-1317.117432,569.796997,1925.763916),(-1317.609863,566.265564,1925.628418),(-1316.625,573.32843,1925.899292),(-1316.378662,575.094116,1925.966919),(-1313.380859,
   576.428406,1927.280396)));
#280=COMPLEX_TRIANGULATED_SURFACE_SET('',#279,60,((-0.409466,0.022136,0.912057)),(),((24,23,25),(25,23,22),(40,39,38),(40,38,30),(26,22,21),(53,20,27),(53,21,20),(27,19,
   28),(22,26,25),(41,40,33),(41,33,34),(35,34,33),(42,41,37),(37,41,34),(42,37,36),(33,40,30),(30,38,60),(18,29,
   28),(56,32,58),(32,35,33),(56,57,35),(36,35,57),(45,54,29),(10,16,52),(20,19,27),(16,8,15),(14,15,8),(9,16,
   10),(8,13,14),(9,8,16),(7,6,13),(1,55,51),(48,55,54),(6,5,13),(4,3,13),(13,5,4),(3,12,13),(26,21,
   53),(45,48,54),(12,3,11),(51,55,48),(7,13,8),(18,46,29),(46,18,17),(46,45,29),(49,48,45),(57,42,36),(32,56,
   35),(18,28,19),(47,17,3),(17,11,3),(50,49,2),(44,2,49),(44,47,3),(45,44,49),(50,2,51),(44,3,2),(47,46,
   17),(52,11,17),(51,2,1),(43,59,60),(32,31,58),(58,31,59),(59,31,60),(30,60,31)),());
#281=COORDINATES_LIST('',125,((-208.436249,458.914581,2426.19458),(-208.324677,459.743713,2426.224365),(-208.290527,460.46405,2426.222168),(-208.333786,461.075592,2426.187988),(-208.454453,461.578308,2426.121582),(-208.652527,461.972229,2426.023193),(-208.817551,462.166565,2425.944336),(-209.01947,462.329254,2425.849854),(-209.25827,462.460297,2425.739258),(-209.533951,
   462.559692,2425.613281),(-209.846527,462.627411,2425.471191),(-210.113556,462.643372,2425.35083),(-210.38501,462.608185,2425.22998),(-210.660889,462.521851,2425.108154),(-210.941193,462.384399,2424.985596),(-211.225922,462.195801,2424.862305),(-211.483261,461.922241,2424.753418),(-211.703934,461.562317,2424.663086),(-211.887939,461.116028,2424.591309),(-212.035294,
   460.583344,2424.538086),(-212.145981,459.964294,2424.503418),(-212.182144,459.481842,2424.499023),(-212.153076,459.020844,2424.523193),(-212.058777,458.581299,2424.576172),(-211.899246,458.163177,2424.657959),(-211.674484,457.766541,2424.768555),(-211.447769,457.529388,2424.875977),(-211.128464,457.335327,2425.02417),(-210.716553,457.184357,2425.212646),(-210.212036,
   457.076447,2425.441895),(-209.614929,457.011597,2425.711426),(-209.953903,454.580994,2425.618408),(-210.544937,454.611755,2425.352295),(-211.061646,454.593414,2425.120605),(-211.504013,454.526001,2424.923828),(-211.87204,454.409485,2424.76123),(-212.165741,454.243896,2424.633545),(-212.391586,454.021576,2424.537598),(-212.58252,453.739075,2424.45874),(-212.738556,
   453.396362,2424.396973),(-212.85968,452.993469,2424.352295),(-212.945908,452.530396,2424.324707),(-213.004074,451.929016,2424.313232),(-213.001694,451.393005,2424.327393),(-212.938797,450.922394,2424.366943),(-212.815353,450.517151,2424.432373),(-212.631393,450.177277,2424.523193),(-212.497253,450.013702,2424.587402),(-212.342896,449.878632,2424.659912),(-212.168335,
   449.772064,2424.740967),(-211.973557,449.694,2424.830078),(-211.758575,449.64444,2424.927979),(-211.527359,449.624023,2425.032227),(-211.310349,449.637512,2425.129395),(-211.107544,449.684906,2425.219238),(-210.918961,449.766205,2425.302002),(-210.744598,449.881409,2425.377441),(-210.440262,450.200836,2425.506348),(-210.169846,450.626404,2425.617432),(-209.933334,
   451.158051,2425.710693),(-209.730743,451.795837,2425.786133),(-209.562057,452.539703,2425.84375),(-206.913925,452.124451,2427.042725),(-207.15303,451.011475,2426.962402),(-207.487228,450.031494,2426.836182),(-207.91655,449.184509,2426.663818),(-208.440964,448.47049,2426.445801),(-209.060501,447.889465,2426.181885),(-209.595963,447.532837,2425.949951),(-210.168396,
   447.279907,2425.699219),(-210.777771,447.130707,2425.429199),(-211.424088,447.085175,2425.140137),(-212.107376,447.143372,2424.832031),(-212.801117,447.301117,2424.516846),(-213.425903,447.545959,2424.230225),(-213.981705,447.877899,2423.972656),(-214.468536,448.296936,2423.743896),(-214.886398,448.80307,2423.544189),(-215.269791,449.45929,2423.355957),(-215.540466,
   450.166962,2423.217285),(-215.698456,450.926056,2423.12793),(-215.743713,451.736603,2423.087891),(-215.67627,452.598602,2423.097412),(-215.52681,453.359894,2423.145996),(-215.302429,454.037445,2423.230225),(-215.003128,454.631256,2423.350342),(-214.628922,455.141327,2423.505859),(-214.179794,455.567627,2423.697266),(-213.804474,455.852905,2423.858643),(-213.499573,
   456.059967,2423.990479),(-213.265121,456.188782,2424.092773),(-213.10112,456.23938,2424.165039),(-213.007553,456.211731,2424.207764),(-213.210632,456.25943,2424.115479),(-213.418686,456.368347,2424.019531),(-213.631729,456.538544,2423.919678),(-213.849762,456.77002,2423.816162),(-214.072769,457.062714,2423.708984),(-214.457748,457.707672,2423.520508),(-214.733139,
   458.381531,2423.380371),(-214.898987,459.084259,2423.288818),(-214.955246,459.815918,2423.24585),(-214.901962,460.576447,2423.251465),(-214.711258,461.516998,2423.314209),(-214.414261,462.366028,2423.427002),(-214.010956,463.123505,2423.5896),(-213.501343,463.789459,2423.802246),(-212.885452,464.363861,2424.064697),(-212.274933,464.773499,2424.328857),(-211.629425,
   465.065369,2424.611572),(-210.948944,465.239441,2424.912842),(-210.233459,465.295715,2425.232666),(-209.483002,465.234161,2425.571045),(-208.702454,465.058502,2425.925781),(-208.00264,464.78894,2426.246582),(-207.383591,464.425476,2426.533203),(-206.845276,463.96814,2426.786133),(-206.387695,463.416901,2427.004883),(-205.989899,462.689301,2427.201172),(-205.721115,
   461.832184,2427.342529),(-205.581345,460.845551,2427.429199),(-205.570572,459.729401,2427.461182),(-205.688812,458.483734,2427.438477),(-208.436249,458.914581,2426.19458),(-213.111542,456.236176,2424.1604)));
#282=COMPLEX_TRIANGULATED_SURFACE_SET('',#281,124,((-0.409466,0.022136,0.912057)),(),((119,3,120),(118,3,119),(116,115,6),(118,117,4),(116,5,117),(115,7,6),(5,116,6),(1,122,
   2),(1,123,122),(122,121,2),(3,118,4),(2,121,120),(2,120,3),(117,5,4),(114,10,9),(10,114,113),(114,9,8),(113,112,
   12),(12,11,113),(112,13,12),(113,11,10),(7,115,8),(31,30,32),(14,13,112),(29,28,34),(35,28,27),(30,29,33),(112,111,
   14),(8,115,114),(63,62,64),(65,64,62),(67,61,60),(65,62,61),(68,60,59),(66,61,67),(68,67,60),(66,65,61),(69,58,
   70),(69,68,59),(57,71,70),(70,58,57),(59,58,69),(55,72,71),(55,71,56),(35,34,28),(74,49,48),(36,35,27),(33,29,
   34),(54,53,72),(73,53,52),(53,73,72),(54,72,55),(51,50,74),(74,73,51),(50,49,74),(51,73,52),(56,71,57),(32,30,
   33),(91,93,125),(15,111,16),(111,15,14),(16,111,110),(18,17,109),(110,17,16),(108,19,18),(19,107,20),(93,25,24),(93,27,
   26),(26,25,93),(104,21,20),(23,22,97),(21,99,22),(24,23,95),(17,110,109),(19,108,107),(106,20,107),(105,20,106),(104,103,
   21),(21,103,102),(20,105,104),(102,101,21),(23,96,95),(94,24,95),(97,96,23),(99,21,100),(22,99,98),(22,98,97),(21,101,
   100),(108,18,109),(24,94,92),(38,37,93),(39,38,93),(41,40,89),(39,90,40),(87,42,41),(43,42,82),(36,93,37),(46,45,
   76),(48,47,75),(46,76,47),(78,45,44),(75,47,76),(79,44,43),(77,76,45),(48,75,74),(39,93,91),(91,90,39),(125,92,
   94),(89,40,90),(89,88,41),(87,86,42),(42,86,85),(88,87,41),(42,85,84),(79,43,80),(78,44,79),(77,45,78),(80,43,
   81),(43,82,81),(82,42,83),(84,83,42),(93,24,92),(36,27,93)),());
#283=COORDINATES_LIST('',66,((-323.378662,480.43103,2374.069336),(-323.015137,483.037781,2374.169189),(-313.713562,481.579132,2378.380615),(-313.988678,479.606476,2378.304932),(-315.035065,478.176605,2377.869873),(-316.145203,476.79422,2377.405029),(-317.319092,475.459229,2376.9104),(-318.556702,474.171661,2376.385986),(-319.858063,472.931549,2375.831787),(-320.483398,
   472.28952,2375.56665),(-320.993805,471.61795,2375.35376),(-321.389221,470.91684,2375.193359),(-321.669739,470.186157,2375.085205),(-321.835266,469.425964,2375.029297),(-321.882172,468.914948,2375.020752),(-321.873566,468.45285,2375.035645),(-321.809418,468.039642,2375.074463),(-321.689758,467.675293,2375.137207),(-321.514557,467.359833,2375.223389),(-321.376434,
   467.195648,2375.289307),(-321.210175,467.058685,2375.367432),(-321.015747,466.949005,2375.457275),(-320.793182,466.866608,2375.559326),(-320.54245,466.811432,2375.673096),(-320.339355,466.802643,2375.764648),(-320.12735,466.838501,2375.858887),(-319.906403,466.919037,2375.956055),(-319.676514,467.04425,2376.056396),(-319.437683,467.214142,2376.159424),(-319.162537,
   467.528076,2376.275391),(-318.914917,468.013367,2376.374756),(-318.694794,468.669983,2376.45752),(-318.502228,469.497955,2376.523926),(-318.337158,470.497253,2376.57373),(-315.655914,470.076782,2377.787598),(-315.951141,468.648651,2377.689941),(-316.32901,467.423553,2377.549805),(-316.78949,466.401459,2377.36792),(-317.332642,465.582397,2377.144043),(-317.958405,
   464.966339,2376.87793),(-318.496521,464.610138,2376.64502),(-319.076874,464.358459,2376.390625),(-319.699493,464.211304,2376.114746),(-320.36438,464.168701,2375.817139),(-321.071472,464.230652,2375.498291),(-321.732849,464.387634,2375.19751),(-322.339996,464.64267,2374.918701),(-322.892853,464.995728,2374.662109),(-323.391418,465.446838,2374.427246),(-323.835754,
   465.996002,2374.214355),(-324.218384,466.657867,2374.026611),(-324.486694,467.382446,2373.888428),(-324.640747,468.169739,2373.800293),(-324.680511,469.019745,2373.761719),(-324.605988,469.932434,2373.773193),(-324.358124,471.020996,2373.85791),(-323.921051,472.088501,2374.02832),(-323.2948,473.13501,2374.283936),(-322.47934,474.160461,2374.625244),(-321.47467,
   475.164886,2375.052002),(-320.414307,476.141876,2375.50415),(-319.462158,477.060944,2375.909424),(-318.618195,477.922089,2376.267334),(-317.882416,478.725372,2376.578125),(-317.254852,479.470703,2376.841797),(-320.316772,479.950867,2375.455566)));
#284=COMPLEX_TRIANGULATED_SURFACE_SET('',#283,66,((-0.409466,0.022136,0.912057)),(),((66,2,1),(4,3,5),(65,6,5),(6,65,7),(36,35,34),(36,34,33),(65,5,3),(63,7,
   64),(9,8,62),(8,7,63),(65,2,66),(36,33,37),(37,33,32),(8,63,62),(7,65,64),(3,2,65),(39,32,31),(37,32,
   38),(31,40,39),(39,38,32),(40,31,30),(40,30,41),(41,30,42),(42,29,43),(42,30,29),(27,43,28),(27,26,44),(27,44,
   43),(44,25,45),(25,44,26),(24,45,25),(23,45,24),(28,43,29),(9,61,10),(12,11,59),(10,60,11),(58,13,12),(53,15,
   14),(14,13,57),(10,61,60),(58,12,59),(56,14,57),(55,14,56),(13,58,57),(59,11,60),(54,14,55),(46,20,47),(48,19,
   18),(47,20,19),(22,46,45),(21,46,22),(46,21,20),(22,45,23),(18,17,48),(15,51,16),(15,52,51),(52,15,53),(14,54,
   53),(19,48,47),(16,50,49),(48,17,49),(50,16,51),(17,16,49),(9,62,61)),());
#285=COORDINATES_LIST('',4,((-329.073425,481.072083,2371.49707),(-328.675507,483.925415,2371.606445),(-325.92807,483.494568,2372.850342),(-326.325989,480.641235,2372.740967)));
#286=COMPLEX_TRIANGULATED_SURFACE_SET('',#285,4,((-0.409466,0.022136,0.912057)),(),((4,3,2),(2,1,4)),());
#287=COORDINATES_LIST('',119,((-346.161011,469.388977,2364.109131),(-346.759735,470.509491,2363.813232),(-347.157745,471.866333,2363.601563),(-347.35498,473.459534,2363.474365),(-347.351501,475.289063,2363.431641),(-347.147278,477.354919,2363.473145),(-346.760162,479.432434,2363.596436),(-346.215759,481.240479,2363.797119),(-345.514099,482.779114,2364.074707),(-344.655182,
   484.048279,2364.429443),(-343.638977,485.048035,2364.861328),(-343.107483,485.405273,2365.091309),(-342.546997,485.660065,2365.336914),(-341.957458,485.812408,2365.5979),(-341.338959,485.862274,2365.874268),(-340.691437,485.809692,2366.16626),(-340.160492,485.687561,2366.407471),(-339.679871,485.495544,2366.62793),(-339.249603,485.233704,2366.827637),(-338.869659,
   484.901978,2367.006104),(-338.540039,484.500397,2367.163818),(-338.101349,483.775024,2367.378418),(-337.781433,482.993408,2367.541016),(-337.580322,482.155548,2367.651611),(-337.498016,481.261444,2367.710205),(-337.534485,480.311096,2367.717041),(-340.315033,480.747101,2366.458008),(-340.265686,481.285095,2366.467285),(-340.274963,481.77179,2366.451172),(-340.342773,
   482.207184,2366.410156),(-340.469147,482.591278,2366.344238),(-340.654114,482.924103,2366.25293),(-340.730896,483.013885,2366.216309),(-340.825897,483.089264,2366.171875),(-340.939178,483.150238,2366.119629),(-341.070709,483.196777,2366.059326),(-341.220459,483.228882,2365.991455),(-341.39209,483.23996,2365.914063),(-341.562775,483.219208,2365.837891),(-341.732483,
   483.166626,2365.762939),(-341.901184,483.082214,2365.689209),(-342.068939,482.965973,2365.616943),(-342.540466,482.524445,2365.415771),(-342.947601,482.020996,2365.245361),(-343.290283,481.455566,2365.105225),(-343.568542,480.828247,2364.995361),(-343.782379,480.138947,2364.91626),(-343.657013,480.222961,2364.970459),(-343.365326,480.257843,2365.100586),(-342.907257,
   480.243622,2365.306641),(-342.282898,480.180267,2365.588379),(-341.492188,480.06778,2365.946045),(-340.953339,479.934326,2366.191162),(-340.449066,479.708374,2366.423096),(-339.979309,479.389954,2366.641846),(-339.544128,478.979004,2366.847168),(-339.143463,478.475586,2367.039307),(-338.716034,477.6987,2367.25),(-338.425903,476.79071,2367.402344),(-338.273163,
   475.751648,2367.496094),(-338.257751,474.581512,2367.53125),(-338.379669,473.280273,2367.508301),(-338.613342,472.080048,2367.432373),(-338.960663,471.015747,2367.302246),(-339.421631,470.087311,2367.11792),(-339.996246,469.2948,2366.87915),(-340.684509,468.638153,2366.586182),(-341.231903,468.244507,2366.349854),(-341.801819,467.960968,2366.10083),(-342.394287,
   467.787506,2365.839111),(-343.009277,467.724121,2365.564697),(-343.64682,467.770813,2365.277344),(-344.245239,467.913605,2365.005127),(-344.795868,468.14682,2364.752197),(-345.298706,468.470459,2364.518555),(-345.753754,468.884491,2364.304199),(-346.161011,469.388977,2364.109131),(-344.104614,470.794342,2364.998291),(-343.969177,470.630554,2365.063232),(-343.810852,
   470.494843,2365.137451),(-343.629669,470.387238,2365.221436),(-343.425629,470.307739,2365.314941),(-343.19873,470.256317,2365.417969),(-343.07019,470.256317,2365.47583),(-342.922913,470.293701,2365.541016),(-342.756866,470.368439,2365.61377),(-342.572113,470.480591,2365.693848),(-342.368591,470.630096,2365.781738),(-342.026978,470.984009,2365.926514),(-341.732025,
   471.469055,2366.047119),(-341.483734,472.085266,2366.143555),(-341.282104,472.832611,2366.216064),(-341.127106,473.711121,2366.26416),(-341.023468,474.658142,2366.287842),(-340.995453,475.470154,2366.280762),(-341.043121,476.147156,2366.24292),(-341.166412,476.689178,2366.174316),(-341.365387,477.096161,2366.075195),(-341.496857,477.259338,2366.012207),(-341.64328,
   477.393158,2365.943115),(-341.804596,477.49765,2365.868164),(-341.980835,477.572815,2365.787354),(-342.171997,477.618622,2365.700439),(-342.40625,477.636627,2365.594727),(-342.632385,477.615936,2365.493652),(-342.850372,477.556549,2365.397217),(-343.060272,477.458435,2365.30542),(-343.261993,477.321594,2365.218262),(-343.628632,476.962952,2365.062256),(-343.937775,
   476.51181,2364.93457),(-344.189514,475.96814,2364.834717),(-344.383759,475.33194,2364.762939),(-344.520569,474.60321,2364.719238),(-344.621826,473.605438,2364.697998),(-344.630859,472.725647,2364.715088),(-344.547668,471.963867,2364.770996),(-344.372253,471.320099,2364.865479),(-344.104614,470.794342,2364.998291),(-338.924744,480.529114,2367.087402)));
#288=COMPLEX_TRIANGULATED_SURFACE_SET('',#287,117,((-0.409466,0.022136,0.912057)),(),((25,24,119),(119,24,23),(119,21,29),(21,119,22),(20,30,21),(25,119,26),(57,95,58),(55,97,
   56),(57,56,96),(54,97,55),(20,19,30),(32,18,17),(33,17,34),(32,17,33),(16,36,35),(36,16,37),(34,17,35),(35,17,
   16),(30,19,31),(119,29,28),(29,21,30),(53,99,54),(101,53,52),(31,18,32),(101,52,102),(18,31,19),(101,100,53),(93,62,
   61),(94,61,60),(94,93,61),(94,59,95),(93,63,62),(60,59,94),(63,93,92),(92,64,63),(92,65,64),(119,28,27),(65,91,
   66),(67,66,91),(68,67,90),(68,89,69),(65,92,91),(22,119,23),(95,59,58),(98,54,99),(96,56,97),(97,54,98),(57,96,
   95),(88,69,89),(70,88,87),(70,69,88),(68,90,89),(86,71,70),(71,85,84),(85,71,86),(86,70,87),(90,67,91),(53,100,
   99),(37,16,38),(39,38,15),(15,14,40),(41,40,14),(14,42,41),(15,40,39),(16,15,38),(102,52,103),(104,103,51),(106,51,
   50),(52,51,103),(106,105,51),(51,105,104),(42,14,13),(44,43,12),(13,43,42),(12,43,13),(11,45,44),(11,10,45),(11,44,
   12),(46,10,9),(45,10,46),(108,50,49),(46,9,47),(49,47,108),(7,47,8),(48,47,49),(8,47,9),(107,106,50),(111,47,
   7),(80,79,74),(108,47,109),(74,78,75),(78,117,75),(50,108,107),(79,78,74),(84,83,72),(72,83,82),(84,72,71),(82,81,
   73),(73,81,80),(80,74,73),(82,73,72),(110,47,111),(112,6,5),(6,112,111),(114,113,4),(5,113,112),(109,47,110),(4,113,
   5),(76,116,1),(75,117,76),(116,115,2),(76,117,116),(3,2,115),(1,116,2),(114,3,115),(114,4,3),(7,6,111)),());
#289=COORDINATES_LIST('',27,((-351.990906,474.154846,2361.376221),(-350.423309,487.335815,2361.76001),(-347.907593,486.941284,2362.89917),(-350.432648,468.83493,2362.204834),(-353.875214,469.374786,2360.64624),(-353.834412,481.067322,2360.380859),(-353.668915,481.041382,2360.455811),(-356.788177,469.831573,2359.327393),(-360.230743,470.371429,2357.768799),(-357.705688,
   488.477783,2358.462891),(-355.189941,488.083282,2359.602051),(-357.28717,474.985382,2358.978271),(-357.447754,475.046539,2358.904785),(-353.832794,487.870453,2360.216553),(-351.780487,487.548615,2361.145752),(-351.820465,474.164093,2361.452637),(-351.207092,480.745331,2361.568115),(-353.854797,475.221069,2360.513672),(-353.836609,480.43869,2360.39502),(-355.312378,
   475.135132,2359.861328),(-356.238556,481.534332,2359.290039),(-357.053345,476.445801,2359.047852),(-355.443054,482.158112,2359.63208),(-356.248199,479.301971,2359.340088),(-351.816132,475.624512,2361.418945),(-351.798309,481.586578,2361.282471),(-351.80722,478.60553,2361.350586)));
#290=COMPLEX_TRIANGULATED_SURFACE_SET('',#289,27,((-0.409466,0.022136,0.912057)),(),((19,26,7),(7,15,14),(19,27,26),(4,16,5),(4,3,25),(1,5,16),(5,1,18),(3,17,
   25),(14,6,7),(10,21,11),(8,12,13),(13,9,8),(13,22,9),(19,24,20),(25,18,1),(27,18,25),(6,23,19),(2,17,
   3),(19,23,24),(8,20,12),(22,10,9),(10,22,21),(12,20,22),(6,14,23),(20,24,22),(25,16,4),(15,7,26),(18,27,
   19)),());
#291=COORDINATES_LIST('',16,((-474.427216,506.781555,2305.616943),(-474.776001,504.280487,2305.520996),(-474.992157,502.73053,2305.46167),(-469.431091,501.858459,2307.979248),(-469.745483,499.603973,2307.892822),(-477.117798,488.701141,2304.847656),(-479.699707,489.106049,2303.678711),(-478.103119,500.554626,2304.117676),(-479.857513,500.829742,2303.323486),(-479.493988,
   503.436493,2303.42334),(-477.739594,503.161377,2304.217529),(-477.174652,507.212402,2304.373047),(-475.355682,500.123779,2305.361572),(-476.10733,494.734131,2305.155029),(-472.740662,499.713684,2306.545654),(-472.211609,502.294495,2306.720459)));
#292=COMPLEX_TRIANGULATED_SURFACE_SET('',#291,16,((-0.409466,0.022136,0.912057)),(),((3,2,11),(5,15,14),(4,16,5),(3,13,15),(13,3,11),(3,15,16),(2,1,12),(5,16,
   15),(8,13,11),(11,10,8),(8,10,9),(14,6,5),(6,14,7),(8,7,14),(13,8,14),(11,2,12)),());
#293=COORDINATES_LIST('',82,((-481.586761,498.617126,2302.60083),(-481.954651,496.599976,2302.484619),(-482.457062,494.860199,2302.30127),(-483.093964,493.397797,2302.050781),(-483.865387,492.21283,2301.733154),(-484.771301,491.305206,2301.348633),(-485.368561,490.893494,2301.090332),(-485.974365,490.595398,2300.825684),(-486.588623,490.41095,2300.554443),(-487.211426,
   490.340149,2300.276367),(-487.842743,490.382996,2299.991943),(-488.446777,490.533875,2299.717041),(-489.014313,490.791321,2299.456055),(-489.545349,491.155396,2299.208984),(-490.039886,491.626007,2298.975342),(-490.497894,492.203217,2298.755859),(-491.117279,493.350037,2298.449951),(-491.532257,494.721069,2298.230225),(-491.742737,496.316345,2298.097168),(-491.748779,
   498.135834,2298.050293),(-491.550354,500.179565,2298.0896),(-491.178925,502.222107,2298.206787),(-490.673767,503.981598,2298.390869),(-490.034882,505.458069,2298.64209),(-489.262299,506.65152,2298.959961),(-488.355988,507.561951,2299.344727),(-487.76004,507.973877,2299.602295),(-487.158234,508.272583,2299.865234),(-486.550568,508.458069,2300.133545),(-485.937042,
   508.530334,2300.407227),(-485.317657,508.489349,2300.686279),(-484.701691,508.336609,2300.966553),(-484.124878,508.077698,2301.231689),(-483.587219,507.712585,2301.481934),(-483.088745,507.241333,2301.717041),(-482.629395,506.66391,2301.937256),(-482.010376,505.514313,2302.243164),(-481.596619,504.134827,2302.462402),(-481.388092,502.525452,2302.595215),(-481.384796,
   500.686218,2302.641113),(-481.586761,498.617126,2302.60083),(-488.802917,499.748718,2299.33374),(-488.979492,498.055786,2299.29541),(-489.006134,496.584076,2299.319092),(-488.882843,495.333649,2299.404785),(-488.609619,494.304504,2299.55249),(-488.186493,493.496613,2299.762207),(-488.05899,493.334076,2299.823242),(-487.9245,493.202118,2299.886963),(-487.78302,
   493.100739,2299.952881),(-487.634613,493.029938,2300.02124),(-487.479187,492.989746,2300.092041),(-487.307556,492.978668,2300.169189),(-487.136871,492.99942,2300.245361),(-486.967194,493.052002,2300.320313),(-486.798462,493.136414,2300.394043),(-486.630707,493.252655,2300.466553),(-486.01239,493.931763,2300.727539),(-485.476898,494.851379,2300.945801),(-485.0242,
   496.011505,2301.12085),(-484.654327,497.412079,2301.25293),(-484.36731,499.053162,2301.341797),(-484.185883,500.771271,2301.381592),(-484.152496,502.262054,2301.360352),(-484.267212,503.525543,2301.27832),(-484.529968,504.561707,2301.135254),(-484.940796,505.370514,2300.931152),(-485.069641,505.533295,2300.869385),(-485.208099,505.665863,2300.803955),(-485.356171,
   505.76828,2300.734863),(-485.513885,505.840515,2300.662354),(-485.681183,505.882599,2300.586182),(-485.840912,505.891815,2300.514404),(-486.002319,505.869598,2300.442383),(-486.165405,505.815979,2300.370605),(-486.330139,505.730957,2300.298584),(-486.496552,505.614502,2300.226807),(-487.122498,504.968231,2299.961426),(-487.666077,504.058533,2299.739502),(-488.12735,
   502.885376,2299.560791),(-488.506287,501.448792,2299.425537),(-488.802917,499.748718,2299.33374)));
#294=COMPLEX_TRIANGULATED_SURFACE_SET('',#293,80,((-0.409466,0.022136,0.912057)),(),((64,38,37),(66,65,36),(37,36,65),(35,66,36),(40,39,63),(64,63,39),(64,39,38),(37,65,
   64),(40,63,62),(35,34,66),(69,33,32),(71,31,72),(31,71,32),(72,31,73),(70,32,71),(66,34,67),(69,68,33),(70,69,
   32),(67,33,68),(67,34,33),(2,1,62),(2,61,3),(62,61,2),(1,40,62),(3,61,60),(3,60,4),(5,4,60),(5,59,
   6),(6,58,7),(59,5,60),(58,8,7),(56,55,9),(57,56,9),(58,57,8),(8,57,9),(10,54,53),(10,9,55),(10,53,
   11),(54,10,55),(58,6,59),(74,73,30),(75,30,29),(30,75,74),(73,31,30),(77,29,28),(76,75,29),(78,77,28),(26,79,
   78),(76,29,77),(78,28,27),(26,25,79),(80,25,24),(25,80,79),(24,23,80),(80,23,81),(42,22,21),(22,42,81),(42,21,
   20),(23,22,81),(26,78,27),(50,49,12),(13,47,14),(48,47,13),(49,48,13),(52,11,53),(11,52,51),(50,12,51),(12,49,
   13),(51,12,11),(47,46,14),(17,45,44),(43,20,19),(20,43,42),(43,19,44),(18,44,19),(46,15,14),(45,17,16),(15,46,
   16),(17,44,18),(46,45,16)),());
#295=COORDINATES_LIST('',111,((-1191.464233,605.797424,1981.301758),(-1191.012329,605.691956,1981.507202),(-1190.599487,605.52356,1981.696655),(-1190.225586,605.292175,1981.870117),(-1189.890869,604.997742,1982.027588),(-1189.595215,604.640381,1982.168945),(-1189.353638,604.241089,1982.287109),(-1189.180908,603.820923,1982.374878),(-1189.077271,603.379883,1982.432129),(-1189.042603,
   602.91803,1982.458862),(-1189.076782,602.435303,1982.4552),(-1189.175781,601.962646,1982.422241),(-1189.335083,601.531189,1982.361206),(-1189.554688,601.140869,1982.272095),(-1189.834595,600.791687,1982.154907),(-1190.174927,600.483643,1982.009644),(-1190.55542,600.2323,1981.844849),(-1190.956299,600.053284,1981.669312),(-1191.377197,599.946533,1981.48291),(-1191.818359,
   599.911987,1981.285645),(-1192.279785,599.949829,1981.077637),(-1192.731689,600.055237,1980.87207),(-1193.144531,600.223633,1980.682739),(-1193.518433,600.455078,1980.509277),(-1193.853149,600.749451,1980.351807),(-1194.148804,601.106812,1980.210449),(-1194.390381,601.506104,1980.092285),(-1194.56311,601.92627,1980.004517),(-1194.666748,602.36731,1979.947266),(-1194.701416,
   602.829163,1979.920532),(-1194.667236,603.311951,1979.924194),(-1194.568237,603.784546,1979.957153),(-1194.408936,604.216003,1980.018188),(-1194.189331,604.606323,1980.1073),(-1193.909424,604.955505,1980.224487),(-1193.569092,605.26355,1980.369751),(-1193.188599,605.514893,1980.534546),(-1192.78772,605.693909,1980.710083),(-1192.366821,605.80072,1980.896484),(-1191.925659,
   605.835205,1981.09375),(-1191.464233,605.797424,1981.301758),(-1191.714844,604.000854,1981.23291),(-1191.9104,604.02002,1981.144653),(-1192.092896,604.014038,1981.062866),(-1192.262451,603.983032,1980.987549),(-1192.418823,603.926941,1980.918579),(-1192.562378,603.845764,1980.856201),(-1192.678223,603.725708,1980.807007),(-1192.774902,603.585388,1980.76709),(-1192.852295,
   603.424744,1980.736206),(-1192.910645,603.243835,1980.714478),(-1192.949707,603.042603,1980.701782),(-1192.967041,602.839417,1980.698975),(-1192.959961,602.652588,1980.706543),(-1192.928711,602.482056,1980.724731),(-1192.873169,602.327942,1980.753418),(-1192.793213,602.190125,1980.792725),(-1192.67981,602.055725,1980.846802),(-1192.546753,601.944153,1980.909302),(-1192.393921,
   601.855408,1980.980103),(-1192.221436,601.78949,1981.059082),(-1192.029175,601.746338,1981.146484),(-1191.845581,601.73053,1981.229248),(-1191.671875,601.742188,1981.307007),(-1191.508179,601.78125,1981.379517),(-1191.35437,601.847839,1981.447021),(-1191.210449,601.941956,1981.509277),(-1191.082642,602.058655,1981.563843),(-1190.977173,602.193298,1981.60791),(-1190.893921,
   602.345886,1981.641602),(-1190.833008,602.516296,1981.664795),(-1190.794312,602.70459,1981.677612),(-1190.778198,602.909424,1981.679932),(-1190.788574,603.101135,1981.670532),(-1190.825684,603.279724,1981.649536),(-1190.889282,603.44519,1981.616943),(-1190.979492,603.597595,1981.572754),(-1191.082642,603.717407,1981.52356),(-1191.207642,603.817627,1981.465088),(-1191.354736,
   603.898315,1981.397095),(-1191.523804,603.959351,1981.319702),(-1191.714844,604.000854,1981.23291),(-1188.375122,603.765137,1982.737915),(-1189.752686,606.443298,1982.054565),(-1190.912109,609.144897,1981.468384),(-1191.853516,611.869873,1980.979614),(-1192.577026,614.618286,1980.588135),(-1193.082397,617.390137,1980.293945),(-1189.826904,618.031494,1981.739868),(-1189.276855,
   615.056885,1982.059082),(-1188.583252,612.301636,1982.437378),(-1187.746216,609.765747,1982.874634),(-1186.765625,607.449341,1983.371094),(-1185.641724,605.352295,1983.926636),(-1181.796875,605.037354,1985.6604),(-1182.198364,605.47467,1985.469482),(-1182.377563,605.848328,1985.380005),(-1182.334351,606.158325,1985.391846),(-1182.068726,606.404663,1985.505127),(-1181.580688,
   606.58728,1985.719849),(-1180.602173,608.619568,1986.109741),(-1179.453247,610.590576,1986.577759),(-1178.133789,612.500244,1987.123779),(-1176.644043,614.348694,1987.747681),(-1174.983887,616.135864,1988.449707),(-1172.573975,613.922119,1989.585327),(-1174.332642,612.099976,1988.839966),(-1175.898315,610.141113,1988.18457),(-1177.27124,608.045349,1987.619141),(-1178.451172,
   605.812866,1987.143555),(-1179.43811,603.443542,1986.757935)));
#296=COMPLEX_TRIANGULATED_SURFACE_SET('',#295,109,((-0.409466,0.022136,0.912057)),(),((107,106,104),(104,106,105),(107,103,108),(103,107,104),(108,103,102),(110,109,101),(111,110,95),(100,110,
   101),(95,100,96),(95,110,100),(101,109,102),(109,108,102),(99,98,97),(99,97,96),(91,85,92),(93,92,84),(92,85,84),(84,83,
   94),(79,78,5),(5,78,6),(93,84,94),(5,4,79),(4,3,80),(99,96,100),(11,71,12),(75,9,8),(10,9,74),(10,73,
   11),(15,14,68),(13,69,14),(66,17,16),(17,65,18),(67,16,15),(70,13,12),(7,76,8),(73,72,11),(74,73,10),(77,7,
   6),(76,75,8),(77,76,7),(74,9,75),(68,14,69),(69,13,70),(66,16,67),(66,65,17),(64,19,18),(15,68,67),(70,12,
   71),(72,71,11),(6,78,77),(86,91,90),(42,2,1),(2,42,81),(43,40,39),(1,40,42),(90,89,88),(42,40,43),(79,4,
   80),(80,3,81),(39,44,43),(37,46,45),(45,44,38),(85,91,86),(3,2,81),(38,37,45),(86,90,87),(37,36,46),(88,87,
   90),(46,36,47),(48,47,35),(49,48,34),(34,33,49),(33,50,49),(48,35,34),(47,36,35),(50,33,32),(38,44,39),(63,19,
   64),(26,58,57),(24,60,59),(59,58,25),(23,60,24),(21,20,62),(20,19,63),(62,20,63),(62,61,22),(23,22,61),(61,60,
   23),(62,22,21),(57,56,27),(64,18,65),(54,53,30),(52,51,31),(30,53,31),(50,32,51),(31,53,52),(32,31,51),(54,30,
   29),(25,24,59),(58,26,25),(28,56,55),(56,28,27),(57,27,26),(28,55,29),(55,54,29)),());
#297=COORDINATES_LIST('',26,((-1196.589233,612.972473,1978.826782),(-1200.345459,611.770325,1977.169556),(-1203.780396,610.24707,1975.664551),(-1206.893921,608.402771,1974.311401),(-1209.686035,606.237305,1973.110474),(-1212.156738,603.750793,1972.061646),(-1213.902954,605.788452,1971.228149),(-1214.281616,606.28125,1971.046265),(-1214.384888,606.676086,1970.990356),(-1214.212646,
   606.973083,1971.060425),(-1213.765015,607.172119,1971.25647),(-1213.041992,607.273315,1971.578613),(-1212.295044,608.01001,1971.896118),(-1211.471558,608.743347,1972.248047),(-1210.571289,609.473328,1972.634521),(-1209.594482,610.19989,1973.05542),(-1208.541138,610.923096,1973.510742),(-1206.831543,623.181885,1973.980713),(-1204.002686,622.738281,1975.261475),(-1205.378174,
   612.874878,1974.883423),(-1204.288452,613.464233,1975.358276),(-1203.028442,614.049927,1975.90979),(-1201.598267,614.631958,1976.53772),(-1199.997925,615.210388,1977.242188),(-1198.227295,615.785156,1978.023071),(-1204.69043,617.80658,1975.07251)));
#298=COMPLEX_TRIANGULATED_SURFACE_SET('',#297,26,((-0.409466,0.022136,0.912057)),(),((2,1,25),(24,2,25),(2,24,23),(2,23,22),(22,3,2),(3,22,21),(3,21,20),(20,17,
   4),(17,20,26),(4,17,16),(20,4,3),(26,18,17),(5,16,15),(16,5,4),(5,14,13),(15,14,5),(13,12,5),(12,6,
   5),(12,7,6),(19,18,26),(11,10,8),(9,8,10),(11,8,7),(12,11,7)),());
#299=COORDINATES_LIST('',105,((-1237.546875,610.216125,1960.505859),(-1237.742676,610.233826,1960.417603),(-1237.925781,610.223694,1960.335571),(-1238.096191,610.185608,1960.26001),(-1238.254028,610.11969,1960.190674),(-1238.399292,610.025818,1960.127808),(-1238.513428,609.918457,1960.079224),(-1238.608643,609.787964,1960.039551),(-1238.685181,609.634399,1960.008911),(-1238.742798,
   609.457703,1959.987305),(-1238.781738,609.257874,1959.974731),(-1238.799194,609.053284,1959.971802),(-1238.792847,608.862183,1959.97937),(-1238.762573,608.684692,1959.997314),(-1238.708374,608.520691,1960.025635),(-1238.630249,608.370178,1960.064331),(-1238.515015,608.248474,1960.119019),(-1238.380615,608.146729,1960.181763),(-1238.226807,608.065002,1960.252808),(-1238.053711,
   608.003296,1960.332031),(-1237.861328,607.961609,1960.419434),(-1237.667114,607.942688,1960.50708),(-1237.488525,607.94928,1960.587036),(-1237.325806,607.981323,1960.659302),(-1237.178711,608.038879,1960.723999),(-1237.047363,608.121948,1960.780884),(-1236.919434,608.240112,1960.835571),(-1236.813354,608.379028,1960.879761),(-1236.729126,608.538574,1960.913696),(-1236.66687,
   608.718872,1960.937256),(-1236.626465,608.919861,1960.950562),(-1236.612061,609.112,1960.952393),(-1236.623779,609.293823,1960.942627),(-1236.661865,609.465393,1960.921387),(-1236.726074,609.626648,1960.888672),(-1236.816528,609.777588,1960.84436),(-1236.928589,609.911804,1960.790894),(-1237.057617,610.022766,1960.730225),(-1237.203735,610.110474,1960.662476),(-1237.366821,
   610.174927,1960.587769),(-1237.546875,610.216125,1960.505859),(-1237.296265,612.012634,1960.574707),(-1236.84436,611.907227,1960.780151),(-1236.431519,611.738831,1960.969604),(-1236.057739,611.507446,1961.143066),(-1235.723022,611.213013,1961.300537),(-1235.427246,610.855652,1961.441895),(-1235.185669,610.45636,1961.560059),(-1235.012939,610.036194,1961.647827),(-1234.909302,
   609.595154,1961.705078),(-1234.874634,609.133301,1961.731812),(-1234.908936,608.650574,1961.728149),(-1235.007813,608.177917,1961.69519),(-1235.167114,607.74646,1961.634155),(-1235.386719,607.35614,1961.545044),(-1235.666748,607.006958,1961.427856),(-1236.006958,606.698914,1961.282593),(-1236.387573,606.447571,1961.117798),(-1236.78833,606.268555,1960.942261),(-1237.209229,
   606.161804,1960.755859),(-1237.650391,606.127258,1960.558594),(-1238.111816,606.1651,1960.350586),(-1238.563721,606.270508,1960.145142),(-1238.976685,606.438904,1959.955688),(-1239.350464,606.670349,1959.782227),(-1239.685181,606.964722,1959.624756),(-1239.980835,607.322083,1959.483398),(-1240.222534,607.721375,1959.365234),(-1240.395142,608.141541,1959.277466),(-1240.498779,
   608.582581,1959.220215),(-1240.533569,609.044434,1959.193481),(-1240.499268,609.527222,1959.197144),(-1240.400269,609.999817,1959.230103),(-1240.240967,610.431274,1959.291138),(-1240.021362,610.821594,1959.380249),(-1239.741455,611.170776,1959.497437),(-1239.401123,611.478821,1959.6427),(-1239.02063,611.730164,1959.807495),(-1238.619873,611.90918,1959.983032),(-1238.198853,
   612.015991,1960.169434),(-1237.75769,612.050476,1960.366699),(-1237.296265,612.012634,1960.574707),(-1221.647827,610.710632,1967.631714),(-1222.045654,607.8573,1967.522339),(-1235.078613,609.901062,1961.621582),(-1237.300537,612.229309,1960.567627),(-1236.092529,616.30188,1961.011108),(-1234.068359,619.612915,1961.839478),(-1231.228149,622.162476,1963.052734),(-1227.571899,
   623.9505,1964.650757),(-1223.099609,624.977051,1966.633667),(-1221.361084,621.896667,1967.488892),(-1225.48584,621.230347,1965.65332),(-1228.836426,619.976074,1964.179443),(-1231.412842,618.133911,1963.067505),(-1233.214966,615.703796,1962.317505),(-1234.24292,612.68573,1961.929199),(-1234.977417,609.885193,1961.66748),(-1228.511597,608.871277,1964.594849),(-1231.744507,
   609.378235,1963.131104),(-1237.035767,611.951843,1960.693115),(-1236.057129,610.926453,1961.157349),(-1235.567871,610.413757,1961.389526),(-1236.546509,611.439148,1960.925293),(-1227.945313,611.698181,1964.780518)));
#300=COMPLEX_TRIANGULATED_SURFACE_SET('',#299,103,((-0.409466,0.022136,0.912057)),(),((92,91,93),(94,93,90),(90,93,91),(94,90,89),(84,105,99),(105,97,100),(88,96,95),(87,97,
   96),(94,89,95),(100,99,105),(88,95,89),(97,46,47),(43,44,97),(47,48,97),(97,44,45),(45,46,97),(104,38,102),(100,49,
   98),(51,50,85),(102,38,37),(97,48,49),(35,103,36),(43,97,87),(87,96,88),(53,52,31),(31,52,51),(32,31,51),(31,30,
   53),(85,32,51),(53,30,54),(54,29,55),(55,28,56),(27,57,56),(57,26,58),(58,25,59),(29,54,30),(32,85,33),(103,34,
   33),(103,33,85),(27,56,28),(26,25,58),(57,27,26),(25,24,59),(60,23,61),(24,23,60),(60,59,24),(85,50,98),(28,55,
   29),(101,1,104),(101,43,86),(1,42,2),(1,40,104),(81,2,42),(2,81,3),(43,87,86),(39,104,40),(79,5,4),(78,6,
   5),(4,3,80),(81,80,3),(79,78,5),(6,78,77),(7,77,76),(6,77,7),(75,8,76),(7,76,8),(8,75,9),(10,74,
   73),(74,10,9),(10,73,72),(74,9,75),(79,4,80),(19,18,64),(66,17,16),(65,18,17),(64,18,65),(22,21,62),(62,21,
   20),(62,61,22),(19,63,20),(63,19,64),(100,97,49),(20,63,62),(105,84,83),(16,15,67),(22,61,23),(70,13,12),(69,14,
   13),(72,71,12),(72,11,10),(72,12,11),(71,70,12),(67,66,16),(65,17,66),(1,101,42),(14,69,68),(67,15,68),(36,103,
   102),(13,70,69),(36,102,37),(103,35,34),(14,68,15),(38,104,39)),());
#301=COORDINATES_LIST('',7,((-1241.175781,623.924011,1958.543945),(-1243.970947,624.362305,1957.278442),(-1243.62207,626.863403,1957.37439),(-1242.060303,629.426208,1958.013306),(-1240.241699,629.141052,1958.83667),(-1241.417725,626.877686,1958.363647),(-1240.777832,626.777344,1958.653442)));
#302=COMPLEX_TRIANGULATED_SURFACE_SET('',#301,7,((-0.409466,0.022136,0.912057)),(),((1,7,6),(6,4,3),(4,6,5),(3,2,6),(6,2,1)),());
#303=COORDINATES_LIST('',49,((-1267.229492,615.266785,1947.057373),(-1266.448364,620.867798,1947.272095),(-1267.930176,621.100159,1946.601196),(-1268.44751,621.151001,1946.367676),(-1268.921875,621.134705,1946.155151),(-1269.353394,621.051208,1945.963379),(-1269.741943,620.900452,1945.792603),(-1270.087524,620.682556,1945.642822),(-1270.359375,620.421326,1945.5271),(-1270.588257,
   620.092957,1945.432251),(-1270.77417,619.697327,1945.358398),(-1270.917236,619.234558,1945.30542),(-1271.017334,618.704529,1945.273438),(-1271.064331,618.179138,1945.265015),(-1271.05249,617.702087,1945.281982),(-1270.981445,617.273438,1945.324219),(-1270.85144,616.893066,1945.391846),(-1270.662354,616.561035,1945.484741),(-1270.390991,616.246338,1945.614258),(-1270.060181,
   615.982849,1945.769165),(-1269.670044,615.770447,1945.949463),(-1269.220337,615.609192,1946.155273),(-1268.711182,615.499146,1946.386475),(-1269.579956,612.971619,1946.057861),(-1270.412842,613.158386,1945.679321),(-1271.1604,613.444092,1945.336792),(-1271.82251,613.828674,1945.030273),(-1272.399292,614.312195,1944.759521),(-1272.890747,614.894653,1944.52478),(-1273.311523,
   615.608582,1944.318604),(-1273.6073,616.389282,1944.166748),(-1273.778198,617.236816,1944.06958),(-1273.824097,618.151123,1944.026733),(-1273.745117,619.132263,1944.03833),(-1273.551392,620.106934,1944.101685),(-1273.25708,620.973633,1944.212769),(-1272.862183,621.732422,1944.371704),(-1272.366699,622.383301,1944.578247),(-1271.77063,622.92627,1944.832764),(-1271.141235,
   623.333008,1945.105347),(-1270.457153,623.618774,1945.405518),(-1269.718384,623.783691,1945.733276),(-1268.924927,623.827759,1946.088379),(-1268.07666,623.750854,1946.471069),(-1266.089722,623.43927,1947.370728),(-1265.067871,630.766418,1947.651611),(-1262.239014,630.322754,1948.932373),(-1264.76416,612.216431,1948.238159),(-1269.579956,612.971619,1946.057861)));
#304=COMPLEX_TRIANGULATED_SURFACE_SET('',#303,48,((-0.409466,0.022136,0.912057)),(),((45,47,46),(2,45,3),(45,2,47),(3,45,44),(44,4,3),(47,2,48),(4,44,5),(5,44,
   43),(6,43,42),(6,5,43),(7,6,42),(42,8,7),(22,21,24),(23,22,24),(48,1,24),(48,2,1),(24,1,23),(21,25,
   24),(19,18,26),(25,20,26),(20,25,21),(26,20,19),(18,27,26),(41,8,42),(10,9,40),(41,9,8),(11,10,39),(38,12,
   11),(35,13,12),(9,41,40),(39,38,11),(38,37,12),(36,35,12),(12,37,36),(39,10,40),(13,35,34),(29,16,15),(28,16,
   29),(17,28,27),(28,17,16),(17,27,18),(15,14,30),(14,33,32),(14,32,31),(30,29,15),(14,31,30),(33,14,13),(13,34,
   33)),());
#305=COORDINATES_LIST('',12,((-1278.30542,621.719238,1941.928223),(-1284.030518,622.617004,1939.336182),(-1283.666992,625.223755,1939.436157),(-1277.941895,624.325989,1942.028198),(-1277.151001,629.997437,1942.245605),(-1283.81897,631.043091,1939.226685),(-1283.455444,633.649841,1939.326538),(-1273.99231,632.165894,1943.611084),(-1276.517334,614.059509,1942.91687),(-1285.542725,
   615.474792,1938.830566),(-1285.179199,618.081604,1938.930542),(-1278.948975,617.104553,1941.751343)));
#306=COMPLEX_TRIANGULATED_SURFACE_SET('',#305,12,((-0.409466,0.022136,0.912057)),(),((8,5,4),(5,8,7),(1,4,2),(8,4,9),(9,1,12),(1,9,4),(9,12,10),(6,5,
   7),(11,10,12),(3,2,4)),());
#307=COORDINATES_LIST('',7,((-1286.908813,631.095642,1937.838135),(-1289.703979,631.533997,1936.572632),(-1289.355225,634.035095,1936.668579),(-1287.793335,636.5979,1937.307495),(-1285.974854,636.312683,1938.130859),(-1287.150757,634.049316,1937.657837),(-1286.510864,633.948975,1937.947632)));
#308=COMPLEX_TRIANGULATED_SURFACE_SET('',#307,7,((-0.409466,0.022136,0.912057)),(),((1,7,6),(6,4,3),(4,6,5),(3,2,6),(6,2,1)),());
#309=COORDINATES_LIST('',46,((-1318.049438,632.84729,1923.815186),(-1317.821899,634.06427,1923.887817),(-1317.500854,635.12262,1924.006226),(-1317.086304,636.022339,1924.170532),(-1316.578369,636.763428,1924.380615),(-1315.976807,637.345825,1924.636475),(-1315.358154,637.754211,1924.904297),(-1314.706421,638.045105,1925.189819),(-1314.021484,638.218445,1925.493164),(-1313.303467,
   638.274292,1925.814209),(-1312.552246,638.212646,1926.152954),(-1311.840576,638.044922,1926.476563),(-1311.187256,637.773987,1926.776367),(-1310.592529,637.399963,1927.05249),(-1310.056152,636.922791,1927.30481),(-1309.578125,636.342407,1927.533447),(-1309.161377,635.600342,1927.738647),(-1308.877319,634.735046,1927.887207),(-1308.726074,633.746643,1927.979004),(-1308.707642,
   632.63501,1928.014282),(-1308.822021,631.400269,1927.99292),(-1309.057861,629.709412,1927.928101),(-1311.886719,630.153015,1926.647339),(-1311.591919,632.266602,1926.728394),(-1311.516602,632.964661,1926.745239),(-1311.498901,633.565186,1926.738647),(-1311.53894,634.068176,1926.708496),(-1311.636475,634.473694,1926.654785),(-1311.791748,634.781738,1926.577637),(-1311.953369,
   634.975525,1926.500366),(-1312.138916,635.13562,1926.413208),(-1312.348389,635.262085,1926.31604),(-1312.581787,635.354858,1926.208984),(-1312.839233,635.41394,1926.092041),(-1313.163818,635.446106,1925.945557),(-1313.463745,635.437012,1925.811035),(-1313.739258,635.386597,1925.688599),(-1313.990112,635.294922,1925.578247),(-1314.216553,635.161926,1925.479736),(-1314.480103,
   634.870667,1925.36853),(-1314.711426,634.456238,1925.27478),(-1314.910278,633.918701,1925.198486),(-1315.07666,633.257996,1925.139771),(-1315.210815,632.474121,1925.098633),(-1316.895874,620.391479,1924.635376),(-1319.724609,620.835083,1923.354614)));
#310=COMPLEX_TRIANGULATED_SURFACE_SET('',#309,46,((-0.409466,0.022136,0.912057)),(),((15,27,16),(17,25,18),(17,16,26),(28,15,14),(31,13,12),(11,33,12),(34,33,11),(32,31,
   12),(33,32,12),(14,13,29),(31,30,13),(24,20,25),(25,20,19),(20,24,21),(22,21,23),(23,21,24),(27,15,28),(28,14,
   29),(25,19,18),(25,17,26),(26,16,27),(13,30,29),(11,10,35),(36,35,10),(37,36,10),(10,9,37),(11,35,34),(39,9,
   8),(40,8,7),(42,6,5),(6,41,7),(9,38,37),(42,5,4),(38,9,39),(39,8,40),(41,6,42),(42,4,43),(7,41,
   40),(43,2,44),(2,43,3),(44,2,1),(45,1,46),(1,45,44),(3,43,4)),());
#311=COORDINATES_LIST('',12,((-1326.050415,637.413635,1920.112305),(-1326.959717,637.556274,1919.700684),(-1326.561768,640.409607,1919.810059),(-1321.914307,639.680786,1921.914185),(-1322.312256,636.827454,1921.80481),(-1323.221558,636.970032,1921.393066),(-1324.950806,624.570374,1920.917725),(-1324.041504,624.427795,1921.329346),(-1324.439453,621.574463,1921.219971),(-1329.086792,
   622.303223,1919.115845),(-1328.688843,625.156555,1919.22522),(-1327.779663,625.013977,1919.636963)));
#312=COMPLEX_TRIANGULATED_SURFACE_SET('',#311,12,((-0.409466,0.022136,0.912057)),(),((5,4,6),(6,4,1),(9,8,7),(9,7,10),(6,12,7),(1,3,2),(3,1,4),(12,11,
   10),(12,10,7),(1,12,6)),());
#313=COORDINATES_LIST('',115,((-1336.794312,630.207275,1915.463745),(-1337.420532,630.918884,1915.165405),(-1338.044189,631.589722,1914.869141),(-1338.665161,632.219849,1914.575073),(-1339.283691,632.809265,1914.283081),(-1339.899536,633.357971,1913.993286),(-1340.611694,634.025452,1913.657349),(-1341.134644,634.766907,1913.404541),(-1341.468262,635.582336,1913.234985),(-1341.612671,
   636.471802,1913.14856),(-1341.567749,637.435242,1913.145386),(-1341.384399,638.335205,1913.205811),(-1341.097778,639.146973,1913.314819),(-1340.707886,639.870544,1913.47229),(-1340.214478,640.50592,1913.678345),(-1339.61792,641.053101,1913.932983),(-1338.98584,641.459412,1914.206787),(-1338.293701,641.743958,1914.51062),(-1337.541382,641.906738,1914.844482),(-1336.729004,
   641.947815,1915.20813),(-1335.856567,641.867126,1915.601807),(-1335.025879,641.683655,1915.979126),(-1334.285278,641.407654,1916.318359),(-1333.634644,641.039246,1916.619385),(-1333.073975,640.578369,1916.882324),(-1332.603271,640.025085,1917.107056),(-1332.159424,639.29895,1917.323975),(-1331.840454,638.546265,1917.485474),(-1331.64624,637.76709,1917.591553),(-1331.576904,
   636.961365,1917.642212),(-1331.632446,636.129211,1917.637451),(-1331.819092,634.790588,1917.586182),(-1334.647949,635.234192,1916.30542),(-1334.471069,636.50238,1916.354004),(-1334.427612,636.972107,1916.362183),(-1334.434692,637.395142,1916.348633),(-1334.49231,637.771362,1916.313721),(-1334.600586,638.100769,1916.25708),(-1334.759399,638.383423,1916.178955),(-1334.95874,
   638.622009,1916.083618),(-1335.188599,638.819336,1915.975586),(-1335.449097,638.975342,1915.85498),(-1335.73999,639.090088,1915.721558),(-1336.061523,639.163513,1915.575439),(-1336.510498,639.210938,1915.372681),(-1336.914673,639.2052,1915.191406),(-1337.273926,639.146301,1915.031494),(-1337.588257,639.034363,1914.893188),(-1337.857666,638.869263,1914.776245),(-1338.115356,
   638.620239,1914.666504),(-1338.328857,638.332642,1914.577637),(-1338.498291,638.00647,1914.509521),(-1338.623535,637.641663,1914.462158),(-1338.70459,637.23822,1914.435547),(-1338.72229,636.82489,1914.437622),(-1338.657593,636.430298,1914.476318),(-1338.510376,636.054443,1914.551514),(-1338.280762,635.697327,1914.663208),(-1337.968628,635.358948,1914.811523),(-1337.210571,
   634.655518,1915.168945),(-1336.476318,633.938538,1915.515991),(-1335.766113,633.208008,1915.852539),(-1335.079712,632.463928,1916.178833),(-1334.417236,631.70636,1916.494629),(-1333.941528,631.090332,1916.723145),(-1333.589233,630.418823,1916.897583),(-1333.360229,629.691772,1917.018066),(-1333.254639,628.909241,1917.084473),(-1333.272339,628.071106,1917.096802),(-1333.423584,
   627.243835,1917.049072),(-1333.691162,626.489563,1916.947144),(-1334.075195,625.808289,1916.79126),(-1334.575806,625.199951,1916.581299),(-1335.192749,624.664612,1916.317261),(-1335.826172,624.258545,1916.042847),(-1336.468506,623.966187,1915.761597),(-1337.119751,623.787537,1915.473511),(-1337.779907,623.722595,1915.178711),(-1338.448975,623.771362,1914.877197),(-1339.215454,
   623.940491,1914.528931),(-1339.898682,624.194519,1914.216064),(-1340.498413,624.533325,1913.938599),(-1341.014648,624.95697,1913.696533),(-1341.44751,625.465454,1913.489868),(-1341.860352,626.196838,1913.286743),(-1342.132324,627.030029,1913.144409),(-1342.26355,627.964905,1913.062866),(-1342.253906,629.001526,1913.041992),(-1342.103394,630.139893,1913.081909),(-1339.274536,
   629.696289,1914.362671),(-1339.412842,629.039795,1914.316528),(-1339.469849,628.454041,1914.305176),(-1339.445313,627.939087,1914.328735),(-1339.339233,627.494812,1914.387085),(-1339.151855,627.121277,1914.480225),(-1338.97998,626.912903,1914.5625),(-1338.786377,626.741455,1914.653564),(-1338.571167,626.606873,1914.75354),(-1338.334229,626.509277,1914.862183),(-1338.075562,
   626.448547,1914.979736),(-1337.823608,626.429199,1915.093384),(-1337.579712,626.451416,1915.202393),(-1337.343628,626.515198,1915.306763),(-1337.115601,626.620544,1915.406616),(-1336.895508,626.767456,1915.501831),(-1336.626831,627.006104,1915.616699),(-1336.407349,627.266846,1915.708862),(-1336.237183,627.549744,1915.778442),(-1336.116211,627.854736,1915.825317),(-1336.044434,
   628.181824,1915.849609),(-1336.031982,628.5672,1915.845825),(-1336.100708,628.962463,1915.80542),(-1336.250732,629.367554,1915.728271),(-1336.481934,629.782471,1915.61438),(-1336.794312,630.207275,1915.463745)));
#314=COMPLEX_TRIANGULATED_SURFACE_SET('',#313,114,((-0.409466,0.022136,0.912057)),(),((34,30,29),(28,35,29),(36,27,26),(36,35,27),(35,28,27),(25,37,26),(34,32,31),(34,31,
   30),(34,33,32),(29,35,34),(113,64,63),(25,24,38),(23,22,41),(41,22,42),(23,41,40),(61,2,62),(21,44,43),(42,22,
   43),(43,22,21),(36,26,37),(37,25,38),(39,24,40),(1,63,62),(24,39,38),(40,24,23),(2,1,62),(110,69,68),(110,68,
   67),(111,67,66),(110,70,69),(66,65,111),(111,110,67),(72,110,109),(110,71,70),(110,72,71),(109,73,72),(109,74,73),(107,75,
   74),(75,106,76),(108,74,109),(112,111,65),(113,63,114),(112,64,113),(65,64,112),(106,75,107),(105,77,76),(77,104,103),(104,77,
   105),(76,106,105),(103,102,78),(78,101,79),(101,78,102),(103,78,77),(107,74,108),(63,1,114),(44,21,45),(45,20,46),(20,45,
   21),(46,20,47),(47,19,48),(19,47,20),(49,48,19),(49,18,50),(5,59,58),(4,60,59),(17,51,50),(6,57,56),(5,58,
   57),(18,49,19),(3,61,60),(17,16,51),(17,50,18),(51,16,52),(15,53,52),(15,14,53),(15,52,16),(53,14,13),(53,13,
   54),(8,55,54),(10,54,11),(9,54,10),(11,54,12),(13,12,54),(56,55,7),(54,9,8),(2,61,3),(81,95,82),(95,94,
   82),(60,4,3),(96,95,81),(79,100,99),(79,101,100),(79,99,80),(98,97,80),(81,80,97),(97,96,81),(98,80,99),(94,93,
   83),(91,90,89),(7,6,56),(6,5,57),(4,59,5),(91,89,88),(84,83,93),(93,85,84),(82,94,83),(92,85,93),(86,92,
   87),(85,92,86),(92,91,87),(91,88,87),(55,8,7)),());
#315=COORDINATES_LIST('',85,((-1362.961914,634.058777,1903.622437),(-1363.043335,633.109741,1903.608887),(-1363.058594,632.299988,1903.621704),(-1363.007446,631.629639,1903.660889),(-1362.890137,631.098694,1903.72644),(-1362.706665,630.707031,1903.818359),(-1362.547852,630.513672,1903.894409),(-1362.370361,630.354797,1903.977905),(-1362.174316,630.230469,1904.06897),(-1361.959717,
   630.140686,1904.16748),(-1361.726563,630.085388,1904.273438),(-1361.532349,630.066467,1904.361084),(-1361.353882,630.073059,1904.441162),(-1361.19104,630.105103,1904.513428),(-1361.044067,630.162659,1904.578003),(-1360.91272,630.245728,1904.63501),(-1360.177612,630.985779,1904.947021),(-1359.546997,631.98407,1905.205933),(-1359.020752,633.240601,1905.411621),(-1358.598877,
   634.755432,1905.564331),(-1358.281372,636.528503,1905.663818),(-1358.114136,638.083252,1905.701172),(-1358.076172,639.422119,1905.685791),(-1358.167236,640.545166,1905.617554),(-1358.387695,641.452271,1905.496582),(-1358.737305,642.143494,1905.322876),(-1358.923096,642.380005,1905.233643),(-1359.112671,642.570984,1905.143921),(-1359.305664,642.716431,1905.053711),(-1359.502319,
   642.816406,1904.963013),(-1359.702637,642.87085,1904.871826),(-1359.969849,642.889709,1904.751465),(-1360.232544,642.861755,1904.634155),(-1360.490723,642.787048,1904.52002),(-1360.744385,642.665588,1904.409058),(-1360.993652,642.497314,1904.30127),(-1361.367554,642.125427,1904.142456),(-1361.686768,641.63269,1904.011108),(-1361.951294,641.019043,1903.907227),(-1362.161133,
   640.284485,1903.830811),(-1362.316284,639.429016,1903.781982),(-1362.488159,638.196106,1903.734741),(-1359.86145,637.78418,1904.92395),(-1360.219971,635.212646,1904.825439),(-1365.40625,636.02594,1902.477295),(-1363.976685,646.276855,1902.870361),(-1361.720337,645.922974,1903.891846),(-1361.713379,644.985962,1903.917725),(-1361.340088,645.264404,1904.078613),(-1360.888062,
   645.455566,1904.276855),(-1360.3573,645.559509,1904.512695),(-1359.747925,645.576233,1904.785767),(-1359.059814,645.505798,1905.096436),(-1358.450928,645.361328,1905.373291),(-1357.890381,645.126587,1905.630615),(-1357.378174,644.801514,1905.86853),(-1356.914429,644.386047,1906.086792),(-1356.499023,643.88031,1906.285522),(-1355.886475,642.764832,1906.587646),(-1355.475586,
   641.427551,1906.804565),(-1355.266357,639.868469,1906.936401),(-1355.258667,638.087585,1906.983032),(-1355.452637,636.0849,1906.94458),(-1355.838745,633.977051,1906.822388),(-1356.36853,632.162354,1906.62854),(-1357.04187,630.640869,1906.363159),(-1357.858765,629.412598,1906.026245),(-1358.819214,628.4776,1905.617798),(-1359.457886,628.033447,1905.341797),(-1360.10437,
   627.711487,1905.059448),(-1360.758545,627.511719,1904.770508),(-1361.42041,627.434082,1904.47522),(-1362.090088,627.478638,1904.173584),(-1362.778931,627.632751,1903.860596),(-1363.390503,627.866882,1903.580322),(-1363.924805,628.18103,1903.332764),(-1364.381836,628.575256,1903.118042),(-1364.761719,629.0495,1902.936035),(-1365.230347,629.864502,1902.705811),(-1365.550781,
   630.814697,1902.53894),(-1365.7229,631.899963,1902.435303),(-1365.746704,633.120422,1902.39502),(-1365.622437,634.476013,1902.417847),(-1362.961914,634.058777,1903.622437),(-1362.81311,635.619263,1903.651367)));
#316=COMPLEX_TRIANGULATED_SURFACE_SET('',#315,84,((-0.409466,0.022136,0.912057)),(),((24,60,59),(25,24,58),(59,58,24),(57,25,58),(62,61,22),(23,22,61),(23,61,60),(60,24,
   23),(62,22,21),(57,56,25),(27,55,54),(53,31,30),(31,53,52),(54,53,29),(30,29,53),(25,56,26),(28,27,54),(29,28,
   54),(26,55,27),(26,56,55),(42,45,85),(64,63,21),(64,20,65),(21,20,64),(62,21,63),(65,20,19),(65,19,66),(67,66,
   19),(67,18,68),(68,17,69),(18,67,19),(17,70,69),(43,42,85),(17,16,70),(71,15,72),(71,70,16),(14,13,72),(15,14,
   72),(16,15,71),(72,13,12),(17,68,18),(32,52,33),(52,32,31),(34,33,51),(51,33,52),(34,51,50),(35,34,50),(48,37,
   36),(48,38,37),(35,50,36),(49,36,50),(48,36,49),(38,48,39),(48,47,46),(48,46,39),(39,46,40),(43,85,44),(45,41,
   40),(45,42,41),(40,46,45),(1,83,82),(9,8,74),(75,7,6),(75,8,7),(74,8,75),(12,73,72),(73,12,11),(10,74,
   73),(74,10,9),(10,73,11),(6,5,76),(79,4,3),(2,82,81),(82,2,1),(2,81,3),(80,3,81),(77,76,5),(75,6,
   76),(4,79,78),(5,78,77),(79,3,80),(4,78,5)),());
#317=COORDINATES_LIST('',125,((-1381.284668,642.835571,1895.183472),(-1381.173218,643.664734,1895.213379),(-1381.140137,644.385193,1895.210693),(-1381.185547,644.99707,1895.175537),(-1381.309448,645.500305,1895.107666),(-1381.511841,645.894897,1895.007202),(-1381.680176,646.089783,1894.92688),(-1381.885864,646.253052,1894.830566),(-1382.129028,646.384766,1894.718262),(-1382.409668,
   646.484924,1894.589844),(-1382.727783,646.553528,1894.445313),(-1382.99939,646.57019,1894.322998),(-1383.275391,646.535706,1894.199951),(-1383.555664,646.450134,1894.076172),(-1383.840454,646.313354,1893.95166),(-1384.129517,646.125427,1893.826416),(-1384.390625,645.852478,1893.71582),(-1384.614258,645.492981,1893.624146),(-1384.800293,645.046997,1893.551514),(-1384.948853,
   644.514526,1893.497681),(-1385.059937,643.895508,1893.462891),(-1385.095581,643.413025,1893.458496),(-1385.064941,642.951782,1893.483521),(-1384.968018,642.51178,1893.53772),(-1384.80481,642.09314,1893.621094),(-1384.575195,641.69574,1893.733887),(-1384.344116,641.457886,1893.843384),(-1384.018921,641.262878,1893.994141),(-1383.599609,641.110779,1894.186035),(-1383.086304,
   641.001465,1894.419189),(-1382.478882,640.934998,1894.693481),(-1382.817871,638.504395,1894.60022),(-1383.419067,638.536743,1894.32959),(-1383.944458,638.519775,1894.094116),(-1384.394165,638.453552,1893.893799),(-1384.768188,638.337952,1893.72876),(-1385.066528,638.173096,1893.598755),(-1385.295654,637.951294,1893.501343),(-1385.489136,637.669189,1893.421265),(-1385.647095,
   637.326782,1893.358643),(-1385.769287,636.924011,1893.313599),(-1385.855835,636.460999,1893.285889),(-1385.913574,635.859558,1893.274658),(-1385.909912,635.323364,1893.289307),(-1385.844849,634.852417,1893.329956),(-1385.718384,634.446655,1893.396606),(-1385.530396,634.106201,1893.489258),(-1385.393677,633.9422,1893.554565),(-1385.236328,633.806641,1893.62854),(-1385.058594,
   633.699585,1893.710938),(-1384.860229,633.620972,1893.80188),(-1384.641479,633.570862,1893.901245),(-1384.406372,633.549805,1894.007446),(-1384.185669,633.562683,1894.106201),(-1383.979492,633.609558,1894.19751),(-1383.787964,633.690369,1894.281616),(-1383.61084,633.805176,1894.358276),(-1383.302124,634.123901,1894.489136),(-1383.028076,634.548889,1894.601929),(-1382.788818,
   635.080139,1894.696411),(-1382.584351,635.71759,1894.772705),(-1382.414551,636.461304,1894.830933),(-1379.720337,636.038818,1896.050659),(-1379.960938,634.926086,1895.969727),(-1380.298462,633.946655,1895.841919),(-1380.733032,633.100464,1895.667358),(-1381.264771,632.387573,1895.446045),(-1381.893433,631.807983,1895.177856),(-1382.437134,631.452698,1894.942383),(-1383.018677,
   631.201172,1894.687378),(-1383.638062,631.053528,1894.412842),(-1384.295288,631.009705,1894.118896),(-1384.990356,631.069763,1893.80542),(-1385.696289,631.229431,1893.484619),(-1386.332275,631.476013,1893.193115),(-1386.898315,631.80957,1892.930908),(-1387.394409,632.230042,1892.697998),(-1387.820557,632.737488,1892.494263),(-1388.212036,633.394958,1892.302612),(-1388.489014,
   634.103638,1892.161011),(-1388.651367,634.863403,1892.069702),(-1388.699341,635.674377,1892.028442),(-1388.632813,636.536499,1892.037354),(-1388.482666,637.297668,1892.086426),(-1388.256104,637.974915,1892.171631),(-1387.953125,638.568115,1892.293335),(-1387.57373,639.077393,1892.451294),(-1387.11792,639.502686,1892.645508),(-1386.736938,639.787048,1892.809692),(-1386.427368,
   639.993347,1892.943726),(-1386.189209,640.121582,1893.047485),(-1386.022583,640.171753,1893.121094),(-1385.927246,640.143921,1893.164551),(-1386.133911,640.192139,1893.070557),(-1386.345825,640.301697,1892.972778),(-1386.562866,640.472473,1892.871216),(-1386.785156,640.70459,1892.765747),(-1387.012695,640.998047,1892.656494),(-1387.40564,641.644226,1892.464355),(-1387.687378,
   642.319092,1892.321533),(-1387.857666,643.022522,1892.228027),(-1387.916626,643.754578,1892.183716),(-1387.864258,644.515259,1892.188843),(-1387.672607,645.455688,1892.252075),(-1387.372559,646.304199,1892.366211),(-1386.964111,647.060913,1892.531128),(-1386.44751,647.725769,1892.746948),(-1385.82251,648.298706,1893.013672),(-1385.202515,648.706909,1893.282104),(-1384.546753,
   648.997131,1893.569458),(-1383.855103,649.169434,1893.875732),(-1383.127563,649.223816,1894.20105),(-1382.364258,649.160278,1894.545288),(-1381.569946,648.982483,1894.90625),(-1380.857666,648.710938,1895.232544),(-1380.227173,648.345703,1895.524536),(-1379.678589,647.886719,1895.78186),(-1379.211914,647.334106,1896.004761),(-1378.805664,646.605164,1896.204956),(-1378.530273,
   645.747009,1896.349365),(-1378.385864,644.759644,1896.438232),(-1378.372192,643.643005,1896.471436),(-1378.489502,642.397217,1896.448975),(-1381.284668,642.835571,1895.183472),(-1386.033203,640.168579,1893.116455)));
#318=COMPLEX_TRIANGULATED_SURFACE_SET('',#317,124,((-0.409466,0.022136,0.912057)),(),((119,3,120),(118,3,119),(116,115,6),(118,117,4),(116,5,117),(115,7,6),(5,116,6),(1,122,
   2),(1,123,122),(122,121,2),(3,118,4),(2,121,120),(2,120,3),(117,5,4),(114,10,9),(10,114,113),(114,9,8),(113,112,
   12),(12,11,113),(112,13,12),(113,11,10),(7,115,8),(31,30,32),(14,13,112),(29,28,34),(35,28,27),(30,29,33),(112,111,
   14),(8,115,114),(63,62,64),(65,64,62),(67,61,60),(65,62,61),(68,60,59),(66,61,67),(68,67,60),(66,65,61),(69,58,
   70),(69,68,59),(57,71,70),(70,58,57),(59,58,69),(55,72,71),(55,71,56),(35,34,28),(74,49,48),(36,35,27),(33,29,
   34),(54,53,72),(73,72,53),(53,52,73),(54,72,55),(51,50,74),(51,73,52),(73,51,74),(50,49,74),(56,71,57),(32,30,
   33),(91,93,125),(15,111,16),(111,15,14),(16,111,110),(18,17,109),(110,17,16),(108,19,18),(19,107,20),(93,25,24),(93,27,
   26),(26,25,93),(104,21,20),(23,22,97),(21,99,22),(24,23,95),(17,110,109),(19,108,107),(106,20,107),(105,20,106),(104,103,
   21),(21,103,102),(20,105,104),(102,101,21),(23,96,95),(94,24,95),(97,96,23),(99,21,100),(22,99,98),(22,98,97),(21,101,
   100),(108,18,109),(24,94,92),(38,37,93),(39,38,93),(41,40,89),(39,90,40),(87,42,41),(43,42,82),(36,93,37),(46,45,
   76),(48,47,75),(46,76,47),(78,45,44),(75,47,76),(79,44,43),(77,76,45),(48,75,74),(39,93,91),(91,90,39),(125,92,
   94),(89,40,90),(89,88,41),(87,86,42),(42,86,85),(88,87,41),(42,85,84),(79,43,80),(78,44,79),(77,45,78),(80,43,
   81),(43,82,81),(82,42,83),(84,83,42),(93,24,92),(36,27,93)),());
#319=COORDINATES_LIST('',16,((-1394.689941,651.09314,1888.964844),(-1395.038696,648.592041,1888.868896),(-1395.254883,647.042114,1888.809448),(-1389.597168,646.154907,1891.371094),(-1389.911621,643.900391,1891.284546),(-1397.383423,633.013184,1888.194336),(-1400.010132,633.42511,1887.005127),(-1398.413574,644.873657,1887.44397),(-1400.198486,645.153564,1886.635864),(-1399.834961,
   647.760315,1886.73584),(-1398.050049,647.480408,1887.543945),(-1397.485107,651.531494,1887.699219),(-1395.618408,644.435364,1888.709595),(-1396.369995,639.045715,1888.50293),(-1392.957886,644.018127,1889.914063),(-1392.426025,646.598511,1890.090332)));
#320=COMPLEX_TRIANGULATED_SURFACE_SET('',#319,16,((-0.409466,0.022136,0.912057)),(),((13,3,8),(16,3,15),(5,15,14),(4,16,5),(8,14,13),(3,13,15),(5,14,6),(11,3,
   2),(11,8,3),(2,12,11),(11,10,9),(6,14,7),(9,8,11),(8,7,14),(1,12,2),(5,16,15)),());
#321=COORDINATES_LIST('',16,((-1406.342041,652.92041,1883.689209),(-1406.690918,650.419312,1883.593384),(-1406.907104,648.869324,1883.533936),(-1401.24939,647.982117,1886.095459),(-1401.563721,645.727661,1886.009033),(-1409.035522,634.840454,1882.918823),(-1411.662354,635.252319,1881.729492),(-1410.065796,646.700928,1882.168457),(-1411.850586,646.980835,1881.360352),(-1411.487061,
   649.587585,1881.460327),(-1409.702271,649.307678,1882.268433),(-1409.137329,653.358704,1882.423706),(-1407.27063,646.262573,1883.43396),(-1408.022217,640.872986,1883.227417),(-1404.610107,645.845398,1884.63855),(-1404.078247,648.42572,1884.814697)));
#322=COMPLEX_TRIANGULATED_SURFACE_SET('',#321,16,((-0.409466,0.022136,0.912057)),(),((3,2,11),(16,3,15),(5,15,14),(4,16,5),(8,14,13),(3,13,15),(5,14,6),(13,3,
   8),(11,8,3),(2,12,11),(11,10,9),(6,14,7),(9,8,11),(8,7,14),(1,12,2),(5,16,15)),());
#323=COORDINATES_LIST('',66,((-1422.5,652.790466,1876.438354),(-1422.136475,655.397217,1876.538208),(-1412.67334,653.913208,1880.822754),(-1412.948486,651.940552,1880.74707),(-1414.009277,650.512939,1880.305542),(-1415.13501,649.132996,1879.833618),(-1416.325684,647.800659,1879.331421),(-1417.581299,646.51593,1878.79895),(-1418.901855,645.278809,1878.236084),(-1419.536255,
   644.638184,1877.966797),(-1420.053711,643.967773,1877.750732),(-1420.454224,643.267395,1877.587891),(-1420.737793,642.537231,1877.478394),(-1420.904297,641.777161,1877.421997),(-1420.950806,641.266113,1877.413574),(-1420.940918,640.803833,1877.429199),(-1420.874756,640.390259,1877.468994),(-1420.752197,640.025452,1877.532837),(-1420.573242,639.709473,1877.62085),(-1420.432373,
   639.5448,1877.68811),(-1420.262939,639.407349,1877.767456),(-1420.064941,639.297119,1877.859009),(-1419.838379,639.214111,1877.962769),(-1419.583252,639.158264,1878.078613),(-1419.376709,639.148865,1878.171631),(-1419.161255,639.184204,1878.267456),(-1418.936646,639.26416,1878.366333),(-1418.703247,639.388855,1878.46814),(-1418.460693,639.558167,1878.572876),(-1418.181641,
   639.87146,1878.690674),(-1417.930908,640.356262,1878.791382),(-1417.708618,641.012573,1878.875244),(-1417.514771,641.840332,1878.942261),(-1417.349243,642.839539,1878.99231),(-1414.62146,642.411804,1880.227295),(-1414.918335,640.983887,1880.128662),(-1415.299683,639.759338,1879.987183),(-1415.765625,638.738098,1879.802856),(-1416.31604,637.920166,1879.575562),(-1416.950928,
   637.305603,1879.30542),(-1417.497437,636.950684,1879.068726),(-1418.087036,636.700439,1878.810059),(-1418.719849,636.554871,1878.529419),(-1419.395996,636.514038,1878.226929),(-1420.115234,636.577881,1877.902466),(-1420.788208,636.736694,1877.596436),(-1421.40625,636.993469,1877.312744),(-1421.96936,637.348145,1877.051392),(-1422.477539,637.80072,1876.812256),(-1422.930664,
   638.351257,1876.595459),(-1423.321411,639.014404,1876.403931),(-1423.595947,639.73999,1876.263062),(-1423.754517,640.527954,1876.172729),(-1423.796997,641.378418,1876.133057),(-1423.723389,642.29126,1876.143921),(-1423.473877,643.379517,1876.229492),(-1423.03186,644.446289,1876.4021),(-1422.397461,645.491516,1876.661499),(-1421.570557,646.515137,1877.007935),(-1420.551147,
   647.517273,1877.441284),(-1419.475098,648.491821,1877.900635),(-1418.508911,649.408691,1878.312256),(-1417.65271,650.267883,1878.675781),(-1416.90625,651.069519,1878.991333),(-1416.269897,651.813477,1879.259033),(-1419.38501,652.302002,1877.848633)));
#324=COMPLEX_TRIANGULATED_SURFACE_SET('',#323,66,((-0.409466,0.022136,0.912057)),(),((4,3,5),(65,6,5),(6,65,7),(36,35,34),(36,34,33),(65,5,3),(66,2,1),(63,7,
   64),(9,8,62),(8,7,63),(65,2,66),(36,33,37),(37,33,32),(8,63,62),(7,65,64),(3,2,65),(39,32,31),(37,32,
   38),(31,40,39),(39,38,32),(40,31,30),(40,30,41),(41,30,42),(42,29,43),(42,30,29),(27,43,28),(27,26,44),(27,44,
   43),(44,25,45),(25,44,26),(24,45,25),(23,45,24),(28,43,29),(9,61,10),(12,11,59),(10,60,11),(58,13,12),(53,15,
   14),(14,13,57),(10,61,60),(58,12,59),(56,14,57),(55,14,56),(13,58,57),(59,11,60),(54,14,55),(46,20,47),(48,19,
   18),(47,20,19),(22,46,45),(21,46,22),(46,21,20),(22,45,23),(18,17,48),(15,51,16),(15,52,51),(52,15,53),(14,54,
   53),(19,48,47),(16,50,49),(48,17,49),(50,16,51),(17,16,49),(9,62,61)),());
#325=COORDINATES_LIST('',54,((-799.565369,615.857483,2156.999512),(-795.4823,615.397156,2158.84375),(-794.647461,618.127319,2159.152344),(-793.33783,620.572693,2159.680908),(-791.553345,622.733459,2160.429688),(-789.294006,624.609497,2161.398438),(-786.559814,626.200928,2162.587402),(-784.766357,623.687866,2163.453369),(-787.250549,622.296326,2162.37207),(-789.278748,
   620.726685,2161.499512),(-790.851013,618.979004,2160.835938),(-791.967285,617.053284,2160.381592),(-792.627625,614.949524,2160.13623),(-786.549744,614.176392,2162.883545),(-786.682312,611.461426,2162.890137),(-793.104126,612.288513,2159.986816),(-793.791931,607.356812,2159.797852),(-796.096313,607.71814,2158.754395),(-796.743896,608.004028,2158.456787),(-797.106506,
   608.296997,2158.286865),(-797.184143,608.597168,2158.244873),(-796.976807,608.90448,2158.330322),(-796.484497,609.218933,2158.543701),(-795.998169,612.706299,2158.67749),(-802.813049,613.487061,2155.599121),(-801.982849,619.440308,2155.827148),(-801.71814,621.106445,2155.905762),(-801.41925,622.554199,2156.004639),(-801.086121,623.783447,2156.124512),(-800.718811,
   624.794189,2156.264893),(-800.317322,625.586548,2156.425781),(-799.770386,626.25238,2156.655273),(-799.100403,626.731934,2156.944336),(-798.307373,627.025085,2157.293213),(-797.391357,627.132019,2157.701904),(-796.352234,627.052551,2158.17041),(-793.910278,626.669617,2159.275879),(-793.94458,623.399292,2159.339844),(-794.636597,623.598511,2159.024414),(-795.254333,
   623.76593,2158.74292),(-795.797729,623.90155,2158.49585),(-796.266907,624.005371,2158.282715),(-796.661743,624.077393,2158.103516),(-797.033752,624.111206,2157.935791),(-797.35199,624.087708,2157.793457),(-797.616272,624.006775,2157.676758),(-797.826782,623.868408,2157.585693),(-797.983398,623.672668,2157.52002),(-798.241455,623.09259,2157.418213),(-798.484924,
   622.334473,2157.327393),(-798.713867,621.398499,2157.247314),(-798.928284,620.284546,2157.177979),(-799.128113,618.992615,2157.119629),(-799.40564,613.09668,2157.138184)));
#326=COMPLEX_TRIANGULATED_SURFACE_SET('',#325,54,((-0.409466,0.022136,0.912057)),(),((9,8,7),(9,7,6),(10,9,6),(5,11,10),(10,6,5),(38,37,39),(39,37,40),(11,4,
   12),(4,11,5),(4,3,12),(12,3,13),(16,15,14),(16,14,13),(18,17,23),(16,23,17),(16,13,2),(24,23,16),(24,2,
   54),(24,16,2),(19,22,20),(22,19,23),(21,20,22),(54,2,1),(23,19,18),(3,2,13),(1,25,54),(42,36,43),(36,42,
   41),(43,36,44),(40,37,41),(36,35,44),(41,37,36),(46,45,35),(34,46,35),(32,47,33),(34,33,47),(48,32,31),(48,31,
   30),(35,45,44),(46,34,47),(47,32,48),(50,49,29),(52,51,27),(50,28,51),(30,49,48),(28,27,51),(27,26,52),(1,53,
   26),(26,25,1),(52,26,53),(28,50,29),(49,30,29)),());
#327=COORDINATES_LIST('',54,((-825.439392,620.09491,2145.280518),(-824.826477,622.181641,2145.505127),(-824.084167,624.006165,2145.794189),(-823.212585,625.568542,2146.147461),(-822.21167,626.868774,2146.565186),(-821.081421,627.906738,2147.047607),(-819.844421,628.75238,2147.582275),(-818.464355,629.494934,2148.183838),(-816.941223,630.134399,2148.852051),(-815.275024,
   630.670776,2149.587158),(-813.465698,631.104126,2150.388916),(-812.197998,628.349548,2151.024902),(-813.954407,628.00293,2150.244873),(-815.540649,627.566284,2149.543213),(-816.956665,627.039612,2148.92041),(-818.202515,626.422913,2148.375977),(-819.278137,625.716125,2147.910156),(-820.264343,624.743408,2147.491211),(-821.143616,623.428406,2147.128174),(-821.915955,
   621.771301,2146.821777),(-822.58136,619.772034,2146.571533),(-823.139893,617.430542,2146.377686),(-825.360779,618.6427,2145.351074),(-825.912659,618.959656,2145.095703),(-826.196472,619.263306,2144.960938),(-826.212158,619.553772,2144.946777),(-825.959839,619.830994,2145.053467),(-825.439392,620.09491,2145.280518),(-817.037537,622.377075,2148.997314),(-816.704407,
   621.207458,2149.175049),(-816.353577,620.104248,2149.359375),(-815.985046,619.067322,2149.550049),(-815.598816,618.096741,2149.74707),(-815.194885,617.192566,2149.950195),(-817.749878,616.261292,2148.825928),(-818.246887,617.203186,2148.579834),(-818.700378,618.195801,2148.352051),(-819.110168,619.239197,2148.142822),(-819.476318,620.333313,2147.951904),(-819.798889,
   621.47821,2147.779297),(-817.037537,622.377075,2148.997314),(-812.453369,622.990051,2151.040283),(-812.121399,621.79187,2151.218506),(-811.766235,620.659119,2151.405518),(-811.387878,619.591919,2151.601318),(-810.986328,618.590149,2151.805908),(-810.561584,617.65387,2152.019287),(-813.249207,616.779419,2150.83374),(-813.696716,617.70343,2150.610596),(-814.107727,
   618.687988,2150.4021),(-814.482117,619.733032,2150.20874),(-814.820007,620.838562,2150.030029),(-815.121338,622.004578,2149.866455),(-812.453369,622.990051,2151.040283)));
#328=COMPLEX_TRIANGULATED_SURFACE_SET('',#327,51,((-0.409466,0.022136,0.912057)),(),((42,53,43),(44,43,52),(53,52,43),(44,52,51),(12,11,13),(13,10,14),(10,13,11),(39,31,
   30),(30,29,40),(49,46,45),(50,45,51),(49,45,50),(46,48,47),(48,46,49),(51,45,44),(36,32,37),(34,33,35),(36,35,
   33),(33,32,36),(37,32,31),(9,14,10),(15,9,8),(9,15,14),(15,8,16),(7,17,16),(16,8,7),(40,39,30),(6,5,
   17),(17,5,18),(19,18,4),(4,3,19),(18,5,4),(6,17,7),(20,19,3),(37,31,38),(22,21,23),(20,2,21),(31,39,
   38),(1,27,24),(1,23,21),(23,1,24),(25,24,27),(26,25,27),(1,21,2),(20,3,2)),());
#329=COORDINATES_LIST('',27,((-839.899658,624.522339,2138.681152),(-831.301147,623.17395,2142.574219),(-831.699097,620.320618,2142.464844),(-850.203003,623.22229,2134.087158),(-849.805115,626.075623,2134.196533),(-842.754333,624.969971,2137.388672),(-842.661011,625.639282,2137.414551),(-842.177979,627.852905,2137.577637),(-841.373413,629.872192,2137.889893),(-840.247314,
   631.697021,2138.351074),(-838.799622,633.327393,2138.961426),(-837.030457,634.763428,2139.720703),(-834.82428,632.437622,2140.767822),(-836.407166,631.3396,2140.08374),(-837.696777,630.065979,2139.535645),(-838.693237,628.61676,2139.123535),(-839.396362,626.991943,2138.847168),(-839.806335,625.19165,2138.707031),(-835.148254,618.269714,2140.966064),(-835.546143,
   615.416382,2140.856689),(-847.859192,617.347229,2135.281982),(-847.461243,620.200623,2135.391357),(-840.95105,621.771484,2138.275879),(-845.577026,622.496887,2136.181641),(-836.325073,621.046021,2140.370361),(-846.279724,625.522827,2135.79248),(-841.304749,619.235168,2138.178711)));
#330=COMPLEX_TRIANGULATED_SURFACE_SET('',#329,27,((-0.409466,0.022136,0.912057)),(),((14,13,12),(15,10,16),(17,16,9),(14,11,15),(2,1,25),(3,2,25),(6,23,1),(1,23,
   25),(12,11,14),(6,26,24),(10,9,16),(18,17,8),(17,9,8),(18,8,7),(20,19,27),(18,7,6),(24,23,6),(1,18,
   6),(26,4,24),(4,26,5),(10,15,11),(27,22,21),(21,20,27)),());
#331=COORDINATES_LIST('',26,((-863.842957,639.07605,2127.578613),(-861.229065,638.666138,2128.762207),(-862.304871,630.951538,2128.466553),(-861.645508,631.284424,2128.754395),(-860.736572,631.673218,2129.153076),(-859.578003,632.117859,2129.662354),(-858.1698,632.618408,2130.282471),(-856.512024,633.174866,2131.013184),(-855.072388,630.645325,2131.720947),(-858.524292,
   629.421326,2130.200928),(-861.55719,628.056763,2128.872314),(-864.171082,626.551636,2127.735352),(-866.365967,624.905945,2126.790039),(-868.141846,623.119629,2126.036133),(-869.797668,624.855164,2125.250488),(-870.122192,625.32074,2125.093506),(-870.226929,625.688538,2125.037598),(-870.112,625.958435,2125.082764),(-869.777283,626.130615,2125.22876),(-869.222839,
   626.204895,2125.47583),(-868.534424,626.806824,2125.770264),(-867.789734,627.408508,2126.090088),(-866.988892,628.010071,2126.435059),(-866.131775,628.61145,2126.805176),(-865.218506,629.212646,2127.200684),(-861.766968,634.808838,2128.614258)));
#332=COMPLEX_TRIANGULATED_SURFACE_SET('',#331,26,((-0.409466,0.022136,0.912057)),(),((9,8,7),(10,9,7),(10,7,6),(10,6,5),(5,11,10),(11,5,4),(11,4,3),(25,12,
   11),(25,3,26),(12,25,24),(25,11,3),(26,1,25),(12,23,13),(23,12,24),(13,22,21),(23,22,13),(21,20,13),(20,14,
   13),(20,15,14),(2,1,26),(19,18,16),(17,16,18),(19,16,15),(20,19,15)),());
#333=COORDINATES_LIST('',30,((-896.688843,631.375916,2113.019531),(-894.006836,634.760925,2114.141602),(-890.960388,637.291077,2115.447754),(-887.549561,638.966431,2116.938477),(-883.774292,639.786926,2118.613281),(-879.634644,639.752563,2120.472656),(-879.266968,640.312622,2120.624268),(-878.926331,640.557251,2120.77124),(-878.612854,640.486511,2120.913574),(-878.326538,
   640.100342,2121.051514),(-878.067261,639.398804,2121.185059),(-877.615173,636.340149,2121.462158),(-881.965881,636.534302,2119.50415),(-885.824097,635.905396,2117.787354),(-889.189697,634.453308,2116.311523),(-892.062805,632.178223,2115.076904),(-894.44342,629.080017,2114.083252),(-883.923828,630.166138,2118.779785),(-883.019958,629.036621,2119.212891),(-882.120361,
   627.976929,2119.642578),(-881.225098,626.987,2120.068359),(-880.334229,626.066895,2120.490723),(-879.447632,625.216553,2120.909424),(-881.830566,622.998474,2119.893555),(-882.650146,623.754761,2119.50708),(-883.528687,624.652771,2119.091064),(-884.466187,625.692505,2118.644775),(-885.462646,626.873962,2118.168701),(-886.518066,628.197144,2117.662842),(-883.923828,
   630.166138,2118.779785)));
#334=COMPLEX_TRIANGULATED_SURFACE_SET('',#333,29,((-0.409466,0.022136,0.912057)),(),((6,12,11),(6,11,10),(9,8,7),(6,10,7),(7,10,9),(22,21,26),(23,22,24),(26,25,
   22),(20,27,21),(24,22,25),(26,21,27),(13,12,6),(13,5,14),(5,13,6),(14,5,4),(4,3,15),(15,2,16),(2,15,
   3),(4,15,14),(28,19,29),(27,20,28),(19,18,29),(28,20,19),(16,1,17),(1,16,2)),());
#335=COORDINATES_LIST('',73,((-916.450623,633.071045,2104.106445),(-914.977844,636.544861,2104.68335),(-912.921753,639.503906,2105.534668),(-910.282349,641.94812,2106.660156),(-907.05957,643.877563,2108.060303),(-903.253479,645.292236,2109.734619),(-901.391235,642.516418,2110.637939),(-904.850647,641.390076,2109.112305),(-907.776245,639.837341,2107.836426),(-910.16803,
   637.858276,2106.810791),(-912.026062,635.452759,2106.034912),(-913.35022,632.62085,2105.509277),(-907.262512,631.666199,2108.265381),(-906.322876,632.778748,2108.6604),(-905.343567,633.813049,2109.074951),(-904.324585,634.769165,2109.509277),(-903.265869,635.647034,2109.963135),(-902.167419,636.446716,2110.436768),(-899.917053,634.437927,2111.49585),(-901.951965,
   632.870789,2110.620361),(-903.73291,631.148682,2109.862549),(-905.259949,629.271545,2109.222656),(-906.533081,627.23938,2108.700439),(-907.552246,625.052185,2108.295898),(-909.871399,626.315796,2107.224121),(-910.307312,626.667847,2107.019775),(-910.510559,626.974731,2106.921143),(-910.481079,627.23645,2106.927979),(-910.218933,627.453064,2107.040527),(-909.72406,
   627.624573,2107.258545),(-909.550903,627.968933,2107.327881),(-909.385193,628.279846,2107.394775),(-909.22699,628.557434,2107.458984),(-909.076294,628.801636,2107.520752),(-908.932983,629.01239,2107.579834),(-914.264038,629.848389,2105.16626),(-915.305725,629.435791,2104.70874),(-916.838745,631.548035,2103.969238),(-917.143982,632.050903,2103.819824),(-917.257751,
   632.45459,2103.759033),(-917.180115,632.759216,2103.786377),(-916.911072,632.964661,2103.902344),(-916.450623,633.071045,2104.106445),(-916.735535,631.279846,2104.021973),(-916.212341,630.273438,2104.28125),(-915.672607,629.345032,2104.546143),(-915.116394,628.49469,2104.816406),(-914.543701,627.722351,2105.092285),(-913.954468,627.028076,2105.373779),(-916.032776,
   625.734131,2104.472168),(-916.646606,626.514343,2104.17749),(-917.237976,627.334229,2103.89209),(-917.807007,628.193787,2103.615967),(-918.353577,629.093018,2103.348633),(-918.877747,630.031921,2103.090576),(-916.735535,631.279846,2104.021973),(-919.42804,630.622192,2102.829102),(-918.878723,629.702332,2103.098145),(-918.34314,628.845154,2103.359375),(-917.82135,
   628.050598,2103.612793),(-917.313232,627.318665,2103.858643),(-916.81897,626.649353,2104.096924),(-918.740051,625.222778,2103.269043),(-919.291199,625.958557,2103.003662),(-919.824219,626.723206,2102.74585),(-920.339111,627.516724,2102.495361),(-920.835999,628.33905,2102.252441),(-921.314758,629.190186,2102.016846),(-919.42804,630.622192,2102.829102),(-911.598511,
   629.43042,2106.373047),(-916.072266,630.491943,2104.338867),(-916.455505,631.019958,2104.154053),(-916.942261,626.924316,2104.034668)));
#336=COMPLEX_TRIANGULATED_SURFACE_SET('',#335,70,((-0.409466,0.022136,0.912057)),(),((18,17,20),(19,18,20),(21,16,15),(16,21,20),(17,16,20),(8,7,6),(8,5,9),(5,8,
   6),(9,4,10),(4,9,5),(15,14,21),(3,11,10),(21,14,22),(11,2,12),(22,13,35),(13,22,14),(22,35,23),(35,13,
   70),(13,12,70),(23,35,34),(30,24,23),(33,32,23),(23,34,33),(31,23,32),(30,25,24),(30,29,26),(25,30,26),(27,26,
   29),(28,27,29),(30,23,31),(3,10,4),(12,36,70),(2,1,12),(36,71,37),(53,46,45),(71,36,12),(45,44,54),(39,38,
   1),(39,42,40),(41,40,42),(55,54,44),(58,57,68),(39,1,42),(51,48,47),(47,46,52),(51,50,48),(62,61,63),(51,47,
   73),(60,64,61),(48,50,49),(60,59,65),(67,58,68),(46,53,52),(58,67,66),(72,12,1),(61,64,63),(64,60,65),(59,66,
   65),(38,72,1),(12,72,71),(58,66,59),(47,52,73),(45,54,53),(11,3,2)),());
#337=COORDINATES_LIST('',28,((-937.907593,640.503418,2094.292969),(-937.28363,643.062134,2094.510986),(-936.178162,645.242981,2094.954346),(-934.591187,647.045959,2095.623047),(-932.522705,648.471008,2096.51709),(-929.972656,649.518188,2097.636475),(-927.791077,647.016296,2098.676758),(-930.146484,646.124329,2097.640869),(-932.05188,644.971741,2096.813477),(-933.507202,
   643.558472,2096.194336),(-934.512451,641.884644,2095.783691),(-935.067627,639.950073,2095.581299),(-936.359619,630.685547,2095.226318),(-938.629639,631.041504,2094.198486),(-939.233215,631.320496,2093.920654),(-939.573792,631.610046,2093.760742),(-939.651428,631.910156,2093.71875),(-939.466125,632.220947,2093.794189),(-939.017822,632.542297,2093.987793),(-928.734314,
   641.512695,2098.386719),(-925.845215,641.059631,2099.694824),(-927.36322,630.174683,2099.277588),(-929.736389,630.546875,2098.203125),(-930.365662,630.782349,2097.914795),(-930.712769,631.045532,2097.752686),(-930.777649,631.336487,2097.716553),(-930.560303,631.655151,2097.806396),(-930.060669,632.001587,2098.022217)));
#338=COMPLEX_TRIANGULATED_SURFACE_SET('',#337,28,((-0.409466,0.022136,0.912057)),(),((21,20,28),(6,5,8),(9,8,5),(6,8,7),(22,28,23),(28,22,21),(23,28,24),(27,26,
   25),(25,24,27),(27,24,28),(9,5,4),(11,10,3),(12,11,2),(2,11,3),(1,12,2),(3,10,4),(10,9,4),(12,1,
   19),(13,19,14),(19,13,12),(14,19,15),(18,17,16),(16,15,18),(18,15,19)),());
#339=COORDINATES_LIST('',38,((-957.079712,643.149963,2085.621582),(-958.307922,644.484375,2085.037598),(-959.563232,645.946899,2084.438721),(-960.845642,647.537476,2083.824219),(-962.155212,649.256104,2083.19458),(-963.491882,651.102844,2082.549805),(-960.789551,652.838928,2083.720703),(-959.492615,651.009888,2084.347412),(-958.247131,649.335876,2084.947266),(-957.053101,
   647.816711,2085.520264),(-955.910645,646.452576,2086.066162),(-954.819641,645.243347,2086.585449),(-953.319458,646.39325,2087.230957),(-951.704163,647.502075,2087.929199),(-949.973694,648.569763,2088.680176),(-948.128052,649.596375,2089.483887),(-946.167236,650.581909,2090.340332),(-944.128113,648.066345,2091.31665),(-947.982544,646.123657,2089.633545),(-951.244202,
   644.177246,2088.216309),(-953.913147,642.227173,2087.06543),(-955.989258,640.273438,2086.180908),(-957.472717,638.31604,2085.562256),(-948.343567,637.496399,2089.680664),(-948.353333,634.402222,2089.751465),(-958.838562,635.578491,2085.015625),(-960.120972,635.455627,2084.442871),(-961.447632,637.283508,2083.802979),(-961.765015,637.799805,2083.647949),(-961.864258,
   638.207031,2083.593506),(-961.745361,638.505127,2083.639648),(-961.408325,638.694153,2083.786377),(-960.853149,638.774109,2084.033691),(-960.096863,639.741211,2084.349609),(-959.341431,640.662354,2084.666504),(-958.586731,641.537476,2084.984131),(-957.832825,642.366699,2085.302246),(-957.079712,643.149963,2085.621582)));
#340=COMPLEX_TRIANGULATED_SURFACE_SET('',#339,37,((-0.409466,0.022136,0.912057)),(),((17,16,18),(19,18,16),(16,15,19),(19,14,20),(2,12,11),(20,14,13),(14,19,15),(21,20,
   12),(23,25,24),(1,22,21),(2,1,12),(23,22,35),(37,22,1),(36,22,37),(1,21,12),(20,13,12),(25,23,26),(3,11,
   10),(3,2,11),(10,4,3),(35,22,36),(10,9,4),(8,7,6),(5,4,9),(5,8,6),(5,9,8),(33,23,34),(27,26,
   28),(26,23,33),(28,26,33),(23,35,34),(32,31,30),(29,28,33),(29,32,30),(29,33,32)),());
#341=COORDINATES_LIST('',22,((-978.143494,643.573364,2076.154785),(-979.685913,644.337891,2075.443604),(-981.278687,645.205383,2074.70752),(-982.921753,646.175781,2073.946289),(-984.615112,647.249084,2073.160156),(-986.358826,648.425293,2072.348633),(-984.52124,651.016907,2073.11084),(-982.776978,649.784424,2073.923828),(-981.223328,648.737305,2074.646729),(-979.860352,
   647.875671,2075.279541),(-978.687988,647.199402,2075.822266),(-977.706238,646.708496,2076.274902),(-976.443726,655.761658,2076.62207),(-973.58905,655.314026,2077.914307),(-976.177979,636.749695,2077.202637),(-978.37915,637.09491,2076.206055),(-979.092407,637.333435,2075.880127),(-979.494751,637.603882,2075.692871),(-979.586121,637.906189,2075.644531),(-979.366577,
   638.240356,2075.735107),(-978.836182,638.606445,2075.964355),(-978.143494,643.573364,2076.154785)));
#342=COMPLEX_TRIANGULATED_SURFACE_SET('',#341,21,((-0.409466,0.022136,0.912057)),(),((15,1,21),(12,1,15),(14,12,15),(13,12,14),(12,2,1),(15,21,16),(17,20,18),(17,16,
   21),(19,18,20),(20,17,21),(3,10,9),(5,8,7),(9,8,4),(7,6,5),(2,12,11),(11,10,2),(3,2,10),(9,4,
   3),(8,5,4)),());
#343=COORDINATES_LIST('',12,((-186.77597,597.254028,2432.561523),(-187.669708,597.394165,2432.156738),(-187.27179,600.247559,2432.266113),(-182.703766,599.531189,2434.334473),(-183.101685,596.677856,2434.224854),(-183.995422,596.817993,2433.820313),(-185.724655,584.418335,2433.344971),(-184.830917,584.278137,2433.749512),(-185.228836,581.424805,2433.640137),(-189.79686,
   582.141174,2431.572021),(-189.398941,584.994507,2431.681396),(-188.505203,584.85437,2432.085938)));
#344=COMPLEX_TRIANGULATED_SURFACE_SET('',#343,12,((-0.409466,0.022136,0.912057)),(),((4,6,5),(6,4,3),(8,7,9),(9,7,12),(6,1,7),(1,3,2),(3,1,6),(12,11,
   10),(12,10,9),(1,12,7)),());
#345=COORDINATES_LIST('',47,((-195.348007,598.85022,2428.674316),(-195.871811,598.887756,2428.438232),(-196.383972,598.834167,2428.209473),(-196.88446,598.689453,2427.988281),(-197.373322,598.453674,2427.774658),(-197.850525,598.12677,2427.568359),(-198.337234,597.605591,2427.362549),(-198.767319,596.830688,2427.188232),(-199.140762,595.802124,2427.04541),(-199.457596,
   594.519958,2426.934326),(-199.717773,592.98407,2426.85498),(-199.889404,591.404114,2426.816162),(-199.932693,590.045898,2426.82959),(-199.847641,588.909485,2426.895508),(-199.634232,587.994812,2427.013428),(-199.29248,587.30188,2427.183594),(-198.943451,586.884338,2427.350586),(-198.554306,586.541077,2427.533691),(-198.125,586.272156,2427.73291),(-197.655579,
   586.077637,2427.948242),(-197.146027,585.957397,2428.179932),(-196.682602,585.884705,2428.389893),(-194.884583,598.777588,2428.884033),(-197.509552,583.350647,2428.080078),(-198.553879,583.584961,2427.605469),(-199.488922,583.943237,2427.177002),(-200.314651,584.425476,2426.794678),(-201.031097,585.031738,2426.458252),(-201.63826,585.761902,2426.167969),(-202.226639,
   586.869324,2425.876953),(-202.620071,588.190857,2425.668213),(-202.818558,589.726685,2425.541748),(-202.822113,591.476685,2425.497803),(-202.630722,593.440857,2425.536133),(-202.28894,595.348389,2425.643066),(-201.83345,596.984619,2425.807861),(-201.264236,598.34967,2426.030273),(-200.581314,599.44342,2426.310303),(-199.784683,600.26593,2426.648193),(-198.935791,
   600.832581,2427.015381),(-198.031326,601.235046,2427.411621),(-197.071289,601.473206,2427.836914),(-196.055664,601.547241,2428.291016),(-194.984482,601.457031,2428.77417),(-191.740524,600.948303,2430.24292),(-194.265594,582.841919,2429.548828),(-197.509552,583.350647,2428.080078)));
#346=COMPLEX_TRIANGULATED_SURFACE_SET('',#345,46,((-0.409466,0.022136,0.912057)),(),((45,44,23),(1,23,44),(2,1,44),(44,43,2),(45,23,46),(4,3,43),(43,3,2),(4,43,
   42),(5,4,42),(41,6,5),(5,42,41),(24,20,25),(21,20,24),(46,22,24),(22,46,23),(24,22,21),(20,19,25),(27,17,
   16),(26,17,27),(25,18,26),(18,25,19),(26,18,17),(16,15,28),(8,7,39),(40,6,41),(38,9,8),(36,10,9),(40,7,
   6),(8,39,38),(9,38,37),(35,10,36),(9,37,36),(39,7,40),(10,35,11),(32,13,12),(30,14,13),(16,28,27),(14,29,
   15),(28,15,29),(12,11,33),(12,33,32),(31,13,32),(30,29,14),(13,31,30),(33,11,34),(11,35,34)),());
#347=COORDINATES_LIST('',79,((-279.495605,616.689514,2390.463379),(-276.682739,615.283691,2391.760254),(-274.362061,613.609497,2392.842773),(-272.533569,611.66687,2393.710938),(-271.197266,609.455933,2394.364502),(-270.353119,606.976563,2394.803467),(-268.476135,606.68219,2395.65332),(-267.808014,611.473022,2395.837158),(-272.601379,611.360718,2393.687744),(-272.813354,
   613.841797,2393.532471),(-263.611603,614.306641,2397.652344),(-263.457855,614.728882,2397.710938),(-263.255188,614.941895,2397.796875),(-263.003571,614.945618,2397.909668),(-262.703003,614.740112,2398.049561),(-262.353546,614.325317,2398.216553),(-261.951782,611.45459,2398.466553),(-265.155365,611.488953,2397.027588),(-265.882446,606.275452,2396.827637),(-261.78714,
   605.63324,2398.681885),(-262.150665,603.026489,2398.582031),(-266.245972,603.668701,2396.727783),(-267.572357,594.157593,2396.363037),(-280.745575,596.223389,2390.398926),(-280.38205,598.830139,2390.498779),(-269.802521,597.171082,2395.288818),(-269.748474,597.558594,2395.303711),(-279.133545,599.030273,2391.054443),(-278.769989,601.637024,2391.154541),(-269.384949,
   600.165344,2395.403564),(-269.306366,600.728943,2395.425049),(-278.86203,602.227417,2391.098877),(-278.498505,604.834167,2391.19873),(-268.94281,603.335693,2395.525146),(-268.839661,604.075439,2395.553467),(-281.978729,606.135864,2389.604736),(-281.615204,608.742615,2389.70459),(-273.049194,607.399353,2393.583008),(-273.138336,607.600525,2393.538086),(-273.285126,
   607.868286,2393.465576),(-273.489563,608.202698,2393.365723),(-273.751678,608.603821,2393.238281),(-274.071472,609.071533,2393.083496),(-277.0672,607.345459,2391.780273),(-278.601624,608.846008,2391.055176),(-279.079895,609.387512,2390.827148),(-279.263824,609.779175,2390.735107),(-279.153381,610.021057,2390.778809),(-278.748566,610.113098,2390.958252),(-278.049377,
   610.055298,2391.273682),(-275.873474,611.153931,2392.223877),(-276.415466,611.588806,2391.969971),(-277.230804,612.104004,2391.591309),(-278.319519,612.699463,2391.088135),(-279.68161,613.375305,2390.460205),(-281.317047,614.131348,2389.707764),(-272.352081,611.366577,2393.799805),(-272.636902,611.776672,2393.661865),(-268.212463,614.074219,2395.592285),(-266.90918,
   598.913147,2396.54541),(-275.092285,598.00061,2392.893799),(-277.737183,598.415405,2391.696289),(-279.059601,598.622742,2391.097656),(-274.44101,598.294434,2393.179199),(-276.787292,598.662354,2392.116699),(-277.960419,598.846313,2391.585693),(-274.077454,600.901184,2393.279053),(-274.084198,601.478149,2393.261963),(-273.720642,604.084961,2393.361816),(-275.40918,
   605.105652,2392.579102),(-278.69397,605.620728,2391.091797),(-277.051575,605.36322,2391.835449),(-272.12442,604.590576,2394.066406),(-273.766815,604.848083,2393.322754),(-277.332214,608.070984,2391.643799),(-275.190704,607.735168,2392.613281),(-279.473694,608.406799,2390.674316),(-276.134094,607.883118,2392.186279),(-277.900177,608.160034,2391.386719)));
#348=COMPLEX_TRIANGULATED_SURFACE_SET('',#347,79,((-0.409466,0.022136,0.912057)),(),((12,15,14),(12,14,13),(17,16,11),(11,16,15),(15,12,11),(17,11,18),(59,8,18),(23,61,
   24),(59,18,11),(59,4,57),(59,57,8),(19,18,8),(40,5,41),(40,39,5),(5,9,43),(39,38,5),(19,8,7),(19,7,
   22),(20,19,21),(22,21,19),(34,22,35),(31,60,22),(22,7,35),(9,5,57),(7,6,35),(73,38,74),(73,6,38),(60,31,
   30),(23,60,26),(27,30,67),(27,26,60),(29,65,67),(22,34,31),(5,38,6),(26,61,23),(24,61,62),(3,2,53),(9,58,
   51),(51,50,78),(43,9,51),(53,52,3),(51,3,52),(2,54,53),(43,42,5),(55,1,56),(55,54,2),(4,59,10),(50,49,
   46),(50,75,78),(55,2,1),(48,47,49),(41,5,42),(43,51,78),(68,33,32),(67,65,64),(50,46,45),(79,75,50),(63,25,
   24),(36,71,77),(47,46,49),(10,58,4),(27,60,30),(51,58,3),(24,62,63),(69,31,34),(66,65,29),(29,28,66),(27,67,
   64),(68,69,33),(68,31,69),(71,72,44),(79,71,44),(70,44,72),(35,6,73),(76,74,38),(45,79,50),(70,76,78),(74,76,
   70),(36,77,37),(70,78,44),(71,79,77)),());
#349=COORDINATES_LIST('',104,((-295.159698,605.395081,2383.705078),(-293.840912,605.278992,2384.300049),(-292.478485,605.135925,2384.915039),(-291.072388,604.96582,2385.550537),(-289.62262,604.768677,2386.206055),(-288.129181,604.544556,2386.88208),(-287.75174,601.749634,2387.119385),(-289.550354,602.02594,2386.305176),(-291.123962,602.255432,2385.593262),(-292.472504,
   602.43811,2384.983398),(-293.596008,602.573975,2384.475586),(-294.494507,602.663025,2384.070068),(-294.344604,601.817322,2384.157959),(-294.224792,600.915894,2384.233643),(-294.135101,599.95874,2384.297119),(-294.0755,598.945801,2384.348389),(-294.045959,597.877136,2384.387695),(-296.469025,598.25708,2383.290527),(-297.003967,598.5224,2383.043945),(-297.314178,
   598.798523,2382.897949),(-297.399689,599.08551,2382.852539),(-297.260529,599.383362,2382.907959),(-296.896637,599.692017,2383.063721),(-296.950836,600.27356,2383.025391),(-297.021027,600.880676,2382.979004),(-297.107147,601.513367,2382.925049),(-297.209259,602.17157,2382.863281),(-297.327332,602.855286,2382.793701),(-298.379364,602.903625,2382.320068),(-299.432983,
   602.920532,2381.84668),(-300.48819,602.906006,2381.373291),(-301.545013,602.860107,2380.899902),(-302.603394,602.782715,2380.426758),(-302.81485,605.767639,2380.259277),(-301.655731,605.747131,2380.780273),(-300.600769,605.71991,2381.254395),(-299.649933,605.685974,2381.682129),(-298.803284,605.645386,2382.063232),(-298.060791,605.598083,2382.397705),(-298.545685,
   606.742493,2382.152344),(-299.226318,607.92334,2381.818115),(-300.102783,609.140686,2381.39502),(-301.175018,610.394531,2380.883301),(-302.443024,611.684753,2380.282715),(-300.354004,613.66095,2381.172607),(-299.086243,612.879028,2381.760742),(-297.836273,612.229431,2382.337646),(-296.604126,611.71228,2382.90332),(-295.389771,611.327454,2383.457764),(-294.193237,
   611.075012,2384.001221),(-293.202118,610.9599,2384.448975),(-292.331055,610.944275,2384.840332),(-291.580048,611.028076,2385.175537),(-290.949097,611.211365,2385.454346),(-290.438171,611.49408,2385.676758),(-290.279053,611.644775,2385.744629),(-290.145233,611.834045,2385.800049),(-290.036774,612.061768,2385.843262),(-289.953583,612.328064,2385.874023),(-289.895721,
   612.632874,2385.892578),(-289.884338,612.904663,2385.891113),(-289.924805,613.184631,2385.866211),(-290.017151,613.472656,2385.817871),(-290.161377,613.76886,2385.74585),(-290.357483,614.073181,2385.650391),(-290.854156,614.552795,2385.415771),(-291.619659,614.985291,2385.061768),(-292.653961,615.370667,2384.587891),(-293.957123,615.708923,2383.994629),(-295.529083,
   616.000061,2383.281982),(-299.044189,616.551331,2381.69043),(-298.061188,619.348877,2382.063721),(-294.443695,618.781616,2383.70166),(-292.718475,618.429016,2384.484863),(-291.228638,617.949158,2385.165283),(-289.974152,617.342041,2385.743164),(-288.955017,616.607727,2386.218506),(-288.171234,615.746155,2386.591309),(-287.752014,615.061279,2386.796143),(-287.448669,
   614.365784,2386.949219),(-287.261169,613.659607,2387.050537),(-287.189545,612.942871,2387.100098),(-287.233795,612.215454,2387.0979),(-287.375946,611.506287,2387.05127),(-287.594055,610.872437,2386.96875),(-287.888184,610.313782,2386.850342),(-288.258301,609.830444,2386.695801),(-288.704407,609.422363,2386.505371),(-289.529572,608.916748,2386.147217),(-290.474731,
   608.571106,2385.731445),(-291.539886,608.385376,2385.257568),(-292.725006,608.359558,2384.726318),(-294.030121,608.493652,2384.136963),(-295.256897,608.719177,2383.580811),(-296.234406,608.971802,2383.135742),(-296.962616,609.251587,2382.802002),(-297.441528,609.558533,2382.57959),(-297.671143,609.892578,2382.468506),(-296.902222,608.824524,2382.8396),(-296.266602,
   607.84082,2383.148926),(-295.764313,606.941284,2383.39624),(-295.395355,606.126099,2383.581543),(-295.159698,605.395081,2383.705078),(-297.421295,609.545593,2382.588867)));
#350=COMPLEX_TRIANGULATED_SURFACE_SET('',#349,103,((-0.409466,0.022136,0.912057)),(),((61,82,81),(80,61,81),(79,62,80),(61,80,62),(78,63,79),(84,59,85),(60,84,83),(60,83,
   82),(60,59,84),(82,61,60),(85,59,58),(78,77,65),(77,66,65),(65,64,78),(66,76,67),(67,75,68),(75,67,76),(68,75,
   74),(85,58,86),(63,78,64),(88,57,56),(79,63,62),(87,58,57),(66,77,76),(89,56,55),(57,88,87),(87,86,58),(55,90,
   89),(89,88,56),(91,90,53),(55,54,90),(7,6,8),(8,6,5),(10,9,4),(4,9,5),(5,9,8),(90,54,53),(91,52,
   92),(3,10,4),(51,92,52),(12,11,2),(3,2,11),(18,17,16),(23,15,14),(15,18,16),(10,3,11),(14,13,25),(51,93,
   92),(53,52,91),(96,48,104),(69,74,73),(50,93,51),(70,69,73),(70,73,72),(96,95,49),(50,49,94),(93,50,94),(39,101,
   100),(49,95,94),(99,40,100),(71,70,72),(48,47,98),(46,45,43),(47,46,42),(98,104,48),(97,98,41),(104,40,99),(42,46,
   43),(42,41,98),(42,98,47),(45,44,43),(40,104,97),(48,96,49),(97,41,40),(28,27,12),(12,2,1),(1,28,12),(25,13,
   26),(27,26,12),(1,102,39),(25,24,14),(18,23,19),(15,23,18),(19,23,22),(22,20,19),(21,20,22),(24,23,14),(26,13,
   12),(39,102,101),(29,39,38),(31,37,36),(38,37,30),(32,36,35),(28,39,29),(29,38,30),(36,32,31),(31,30,37),(32,35,
   33),(34,33,35),(39,28,1),(100,40,39),(74,69,68)),());
#351=COORDINATES_LIST('',43,((-322.85907,607.327026,2371.222656),(-323.426697,606.53772,2370.987061),(-324.129303,605.740784,2370.690918),(-324.966858,604.936218,2370.334473),(-325.939423,604.123962,2369.91748),(-327.046967,603.304138,2369.440186),(-328.439728,605.070435,2368.771973),(-327.408112,605.835938,2369.216553),(-326.511108,606.576477,2369.601318),(-325.748718,
   607.292053,2369.92627),(-325.120911,607.982666,2370.191406),(-324.627747,608.648254,2370.396484),(-324.195923,609.404175,2370.572021),(-323.826416,610.233154,2370.717773),(-323.519257,611.135315,2370.83374),(-323.274445,612.110596,2370.920166),(-323.09198,613.158997,2370.976563),(-323.002869,614.057922,2370.994629),(-322.987122,614.95105,2370.980225),(-323.044739,
   615.838379,2370.932861),(-323.175659,616.719971,2370.852539),(-323.379944,617.595764,2370.739502),(-323.661896,618.434814,2370.592529),(-324.060791,619.35553,2370.391113),(-324.57663,620.35791,2370.135254),(-325.209381,621.442017,2369.824951),(-325.959106,622.607788,2369.459961),(-324.124237,624.011902,2370.249756),(-323.356506,622.72522,2370.625732),(-322.692841,
   621.512451,2370.953125),(-322.13327,620.373596,2371.231934),(-321.677765,619.308655,2371.462158),(-321.326355,618.317627,2371.644043),(-321.049896,617.239014,2371.794434),(-320.869843,616.149597,2371.901611),(-320.786133,615.049377,2371.96582),(-320.798798,613.938354,2371.987061),(-320.907806,612.816528,2371.965332),(-321.128906,611.571106,2371.896484),(-321.434601,
   610.399475,2371.787598),(-321.82486,609.301575,2371.63916),(-322.299683,608.277405,2371.450684),(-322.85907,607.327026,2371.222656)));
#352=COMPLEX_TRIANGULATED_SURFACE_SET('',#351,42,((-0.409466,0.022136,0.912057)),(),((18,35,34),(36,17,37),(36,35,17),(34,33,19),(20,32,21),(18,34,19),(19,33,20),(32,31,
   21),(33,32,20),(18,17,35),(40,39,17),(40,16,41),(42,41,16),(38,17,39),(15,1,42),(15,42,16),(1,14,2),(3,2,
   13),(15,14,1),(16,40,17),(38,37,17),(23,30,24),(21,31,22),(23,22,30),(30,29,24),(28,27,26),(24,29,25),(26,25,
   28),(25,29,28),(12,3,13),(4,12,11),(4,3,12),(4,11,5),(13,2,14),(9,8,6),(10,9,5),(9,6,5),(6,8,
   7),(10,5,11),(31,30,22)),());
#353=COORDINATES_LIST('',78,((-338.874542,624.02124,2363.627441),(-336.280853,623.614502,2364.801758),(-337.612183,614.068115,2364.435791),(-337.631683,613.868164,2364.431885),(-337.631287,613.690979,2364.436279),(-337.610962,613.536621,2364.449219),(-337.57074,613.405029,2364.470459),(-337.51059,613.296265,2364.5),(-337.457184,613.249023,2364.525146),(-337.394409,
   613.208923,2364.554199),(-337.322296,613.176025,2364.587402),(-337.240784,613.150269,2364.624756),(-337.149902,613.131714,2364.666016),(-337.039124,613.125854,2364.71582),(-336.925201,613.142578,2364.766602),(-336.808136,613.181824,2364.818115),(-336.687927,613.243591,2364.870605),(-336.564575,613.327881,2364.924072),(-336.361511,613.52356,2365.010498),(-336.189636,
   613.77594,2365.081543),(-336.048859,614.085022,2365.137207),(-335.93927,614.450867,2365.17749),(-335.860809,614.873413,2365.202393),(-334.67688,623.362976,2365.527832),(-332.083191,622.956238,2366.702148),(-333.424316,613.339417,2366.333496),(-333.44754,613.142944,2366.327881),(-333.458252,612.976135,2366.327148),(-333.456451,612.83905,2366.331299),(-333.442108,
   612.731689,2366.340332),(-333.415283,612.654053,2366.354248),(-333.364624,612.607239,2366.378174),(-333.310059,612.56842,2366.403564),(-333.251556,612.537659,2366.43042),(-333.189178,612.514954,2366.458984),(-333.122864,612.500244,2366.489258),(-332.987518,612.490479,2366.550293),(-332.854492,612.504211,2366.609619),(-332.723755,612.541321,2366.66748),(-332.595367,
   612.601807,2366.723633),(-332.469269,612.685669,2366.778076),(-332.266235,612.881348,2366.864502),(-332.09433,613.133728,2366.935547),(-331.953583,613.44281,2366.991211),(-331.843964,613.808655,2367.031494),(-331.765503,614.231201,2367.056641),(-330.581573,622.720764,2367.38208),(-327.987885,622.314026,2368.556396),(-329.800629,609.315491,2368.058105),(-332.394318,
   609.722229,2366.883789),(-332.296326,610.174805,2366.916748),(-332.457214,610.031555,2366.8479),(-332.724884,609.942505,2366.72998),(-333.099426,609.907654,2366.562744),(-333.58078,609.927002,2366.346191),(-334.168945,610.000488,2366.080322),(-334.788086,610.132141,2365.799072),(-335.280396,610.312988,2365.57373),(-335.645874,610.543091,2365.404053),(-335.884521,
   610.822449,2365.290039),(-335.996307,611.151001,2365.231934),(-336.274933,610.883667,2365.113281),(-336.634186,610.69812,2364.956543),(-337.074127,610.594299,2364.761475),(-337.594727,610.572266,2364.52832),(-338.195984,610.632019,2364.25708),(-338.648193,610.730286,2364.051514),(-339.049255,610.875244,2363.86792),(-339.39917,611.066895,2363.706299),(-339.697937,
   611.305237,2363.566406),(-339.945526,611.590271,2363.448242),(-340.137909,611.921387,2363.35376),(-340.270935,612.297913,2363.284912),(-340.344604,612.719788,2363.241699),(-340.358948,613.187134,2363.223877),(-340.313934,613.69989,2363.231689),(-332.753754,618.147827,2366.517822),(-331.173523,618.475952,2367.219238)));
#354=COMPLEX_TRIANGULATED_SURFACE_SET('',#353,78,((-0.409466,0.022136,0.912057)),(),((48,46,49),(45,49,46),(44,43,49),(41,40,51),(42,41,51),(43,42,51),(49,45,44),(61,29,
   20),(21,27,26),(20,28,27),(20,29,28),(39,38,51),(31,30,61),(32,31,56),(29,61,30),(40,39,51),(53,51,37),(51,49,
   43),(54,37,36),(55,54,36),(49,51,50),(51,53,52),(53,37,54),(36,35,55),(51,38,37),(56,34,33),(58,57,31),(15,62,
   61),(31,61,58),(60,59,61),(55,34,56),(57,56,31),(56,33,32),(58,61,59),(34,55,35),(24,77,25),(26,77,23),(23,77,
   24),(20,27,21),(21,26,22),(18,61,19),(15,61,16),(16,61,17),(17,61,18),(19,61,20),(76,5,4),(2,1,3),(4,3,
   76),(1,76,3),(67,9,8),(73,7,6),(5,75,6),(8,7,69),(75,5,76),(15,14,63),(65,11,66),(63,14,64),(13,12,
   65),(65,12,11),(13,65,64),(14,13,64),(11,10,66),(63,62,15),(7,71,70),(71,7,72),(73,72,7),(70,69,7),(47,78,
   48),(9,66,10),(67,8,68),(9,67,66),(69,68,8),(6,74,73),(6,75,74),(22,26,23),(46,48,78)),());
#355=COORDINATES_LIST('',78,((-350.682648,625.872925,2358.28125),(-348.088959,625.466187,2359.455566),(-349.420288,615.9198,2359.0896),(-349.439789,615.719849,2359.085693),(-349.439392,615.542725,2359.090088),(-349.419067,615.388306,2359.103027),(-349.378845,615.256775,2359.124268),(-349.318665,615.147949,2359.153809),(-349.265289,615.100708,2359.178955),(-349.202515,
   615.060608,2359.208252),(-349.130402,615.02771,2359.241211),(-349.048889,615.001953,2359.278564),(-348.958008,614.983398,2359.319824),(-348.847229,614.977539,2359.369629),(-348.733307,614.994263,2359.42041),(-348.616241,615.033508,2359.471924),(-348.496033,615.095276,2359.524414),(-348.372681,615.179565,2359.577881),(-348.169617,615.375244,2359.664307),(-347.997711,
   615.627625,2359.735352),(-347.856964,615.936707,2359.791016),(-347.747375,616.302551,2359.831299),(-347.668915,616.725098,2359.856201),(-346.484985,625.214661,2360.181641),(-343.891296,624.807922,2361.355957),(-345.232422,615.191101,2360.987305),(-345.255646,614.994629,2360.981689),(-345.266357,614.82782,2360.980957),(-345.264557,614.690735,2360.985107),(-345.250214,
   614.583374,2360.994141),(-345.223389,614.505737,2361.008057),(-345.172729,614.458923,2361.031982),(-345.118134,614.420166,2361.057373),(-345.059662,614.389343,2361.084473),(-344.997284,614.366638,2361.113037),(-344.930969,614.351929,2361.143066),(-344.795624,614.342224,2361.204102),(-344.662598,614.355896,2361.263428),(-344.53186,614.393005,2361.321289),(-344.403473,
   614.453491,2361.377441),(-344.277374,614.537415,2361.431885),(-344.074341,614.733032,2361.518311),(-343.902435,614.985413,2361.589355),(-343.761688,615.294495,2361.64502),(-343.652069,615.660339,2361.685547),(-343.573608,616.082886,2361.710449),(-342.389679,624.572449,2362.035889),(-339.79599,624.16571,2363.210205),(-341.608734,611.167175,2362.711914),(-344.202423,
   611.573914,2361.537598),(-344.104431,612.026489,2361.570557),(-344.265289,611.88324,2361.501709),(-344.53299,611.794189,2361.383789),(-344.907532,611.759338,2361.216553),(-345.388885,611.778687,2361.),(-345.977051,611.852173,2360.734131),(-346.596191,611.983826,2360.452881),(-347.088501,612.164734,2360.227539),(-347.453979,612.394775,2360.057861),(-347.692596,
   612.674133,2359.943848),(-347.804413,613.002686,2359.885742),(-348.083038,612.735352,2359.76709),(-348.442291,612.549805,2359.610352),(-348.882233,612.445984,2359.415283),(-349.402832,612.42395,2359.182129),(-350.004089,612.483704,2358.910889),(-350.456299,612.58197,2358.705322),(-350.857361,612.726929,2358.521729),(-351.207275,612.918579,2358.360107),(-351.506042,
   613.156921,2358.220215),(-351.753632,613.442017,2358.102051),(-351.946014,613.773071,2358.007813),(-352.07901,614.149597,2357.938965),(-352.15271,614.571533,2357.895508),(-352.167053,615.038818,2357.877686),(-352.12204,615.551575,2357.885498),(-344.561859,619.999512,2361.171631),(-342.981628,620.327637,2361.873047)));
#356=COMPLEX_TRIANGULATED_SURFACE_SET('',#355,78,((-0.409466,0.022136,0.912057)),(),((48,46,49),(45,49,46),(44,43,49),(41,40,51),(42,41,51),(43,42,51),(49,45,44),(61,29,
   20),(21,27,26),(20,28,27),(20,29,28),(39,38,51),(31,30,61),(32,31,56),(29,61,30),(40,39,51),(53,51,37),(51,49,
   43),(54,37,36),(55,54,36),(49,51,50),(51,53,52),(53,37,54),(36,35,55),(51,38,37),(56,34,33),(58,57,31),(15,62,
   61),(31,61,58),(60,59,61),(55,34,56),(57,56,31),(56,33,32),(58,61,59),(34,55,35),(24,77,25),(26,77,23),(23,77,
   24),(20,27,21),(21,26,22),(18,61,19),(15,61,16),(16,61,17),(17,61,18),(19,61,20),(76,5,4),(2,1,3),(4,3,
   76),(1,76,3),(67,9,8),(73,7,6),(5,75,6),(8,7,69),(75,5,76),(15,14,63),(65,11,66),(63,14,64),(13,12,
   65),(65,12,11),(13,65,64),(14,13,64),(11,10,66),(63,62,15),(7,71,70),(71,7,72),(73,72,7),(70,69,7),(47,78,
   48),(9,66,10),(67,8,68),(9,67,66),(69,68,8),(6,74,73),(6,75,74),(22,26,23),(46,48,78)),());
#357=COORDINATES_LIST('',43,((-358.320496,624.118896,2354.894775),(-357.713623,624.959656,2355.146729),(-356.986969,625.839233,2355.45166),(-356.140472,626.757568,2355.80957),(-355.174225,627.714722,2356.219971),(-354.088135,628.710754,2356.68335),(-352.715057,626.803589,2357.346191),(-353.750885,625.917786,2356.902588),(-354.652466,625.07428,2356.518311),(-355.41983,
   624.273071,2356.193359),(-356.052948,623.514221,2355.92749),(-356.551849,622.797668,2355.720947),(-356.98642,622.022034,2355.544678),(-357.352386,621.218384,2355.399902),(-357.649719,620.386658,2355.286621),(-357.878418,619.526917,2355.204834),(-358.038483,618.63916,2355.154297),(-358.149963,617.579651,2355.130127),(-358.181854,616.570984,2355.140137),(-358.134064,
   615.613159,2355.185059),(-358.006653,614.706238,2355.26416),(-357.799622,613.850159,2355.37793),(-357.509247,613.061646,2355.527344),(-357.096832,612.207886,2355.733154),(-356.562378,611.289001,2355.995605),(-355.905884,610.30481,2356.314209),(-355.12738,609.255493,2356.688965),(-356.942627,607.992249,2355.904785),(-357.778992,609.116943,2355.501953),(-358.48822,
   610.192871,2355.157471),(-359.070343,611.220093,2354.871338),(-359.52536,612.198547,2354.643311),(-359.853241,613.128296,2354.473389),(-360.129272,614.209717,2354.323242),(-360.30423,615.335754,2354.217285),(-360.378113,616.50647,2354.155762),(-360.350922,617.721741,2354.138428),(-360.222656,618.981689,2354.165527),(-360.020782,620.088989,2354.229248),(-359.729645,
   621.156311,2354.333984),(-359.349243,622.183777,2354.47998),(-358.879517,623.171326,2354.666748),(-358.320496,624.118896,2354.894775)));
#358=COMPLEX_TRIANGULATED_SURFACE_SET('',#357,42,((-0.409466,0.022136,0.912057)),(),((7,6,8),(9,8,6),(5,10,9),(9,6,5),(4,11,10),(12,11,4),(3,13,12),(4,10,
   5),(28,25,29),(27,26,28),(28,26,25),(25,24,29),(31,22,21),(30,22,31),(29,23,30),(23,29,24),(30,23,22),(21,20,
   32),(3,12,4),(2,14,13),(1,15,14),(42,16,15),(1,14,2),(2,13,3),(41,16,42),(17,41,40),(17,16,41),(42,15,
   1),(17,40,39),(34,19,18),(32,31,21),(32,20,33),(19,33,20),(18,17,36),(17,37,36),(36,35,18),(34,33,19),(18,35,
   34),(37,17,38),(17,39,38)),());
#359=COORDINATES_LIST('',18,((-462.222046,624.861694,2308.230469),(-459.696991,642.968079,2308.924561),(-456.651642,642.49054,2310.303467),(-454.384338,628.67218,2311.656738),(-454.488556,628.652527,2311.610352),(-452.977356,641.914307,2311.966797),(-450.229919,641.483521,2313.210938),(-452.754974,623.377136,2312.516602),(-455.800323,623.854675,2311.137939),(-458.029633,
   637.703064,2309.801025),(-457.958496,637.727905,2309.832275),(-459.441528,624.425659,2309.489258),(-455.518005,635.58136,2310.97998),(-454.444519,629.03894,2311.62085),(-453.710938,635.476624,2311.793701),(-456.914978,630.77887,2310.469482),(-457.989258,637.452209,2309.825195),(-458.715393,630.938965,2309.657227)));
#360=COMPLEX_TRIANGULATED_SURFACE_SET('',#359,18,((-0.409466,0.022136,0.912057)),(),((4,15,14),(7,4,8),(4,9,8),(9,4,5),(9,5,16),(17,16,13),(11,3,10),(10,3,
   2),(14,16,5),(18,2,1),(7,15,4),(13,3,11),(6,15,7),(14,13,16),(13,11,17),(18,10,2),(10,18,17),(12,18,
   1)),());
#361=COORDINATES_LIST('',47,((-465.356781,641.191833,2306.426758),(-465.880585,641.22937,2306.190674),(-466.392731,641.175781,2305.961914),(-466.89325,641.031067,2305.740723),(-467.38208,640.795288,2305.5271),(-467.859283,640.468384,2305.320801),(-468.346008,639.947205,2305.11499),(-468.776093,639.172302,2304.940674),(-469.149536,638.143738,2304.797852),(-469.46637,
   636.861572,2304.686768),(-469.726563,635.325684,2304.607422),(-469.898193,633.745728,2304.568604),(-469.941467,632.387512,2304.582031),(-469.856415,631.251099,2304.647949),(-469.643005,630.336426,2304.765869),(-469.30127,629.643494,2304.936035),(-468.95224,629.225952,2305.103027),(-468.56308,628.88269,2305.286133),(-468.133789,628.61377,2305.485352),(-467.664368,
   628.41925,2305.700684),(-467.154785,628.299011,2305.932373),(-466.691376,628.226318,2306.142334),(-464.893372,641.119202,2306.636475),(-467.518311,625.692261,2305.83252),(-468.562653,625.926575,2305.35791),(-469.497681,626.284851,2304.929443),(-470.323425,626.76709,2304.547119),(-471.039886,627.373352,2304.210693),(-471.647034,628.103516,2303.92041),(-472.235413,
   629.210938,2303.629395),(-472.628845,630.532471,2303.420654),(-472.827332,632.068298,2303.294189),(-472.830902,633.818298,2303.250244),(-472.639496,635.782471,2303.288574),(-472.297699,637.690002,2303.395508),(-471.842224,639.326233,2303.560303),(-471.27301,640.691284,2303.782715),(-470.590088,641.785034,2304.062744),(-469.793457,642.607544,2304.400635),(-468.94458,
   643.174194,2304.767822),(-468.0401,643.57666,2305.164063),(-467.080048,643.814819,2305.589355),(-466.064453,643.888855,2306.043457),(-464.993256,643.798645,2306.526611),(-461.749298,643.289917,2307.995361),(-464.274353,625.183533,2307.30127),(-467.518311,625.692261,2305.83252)));
#362=COMPLEX_TRIANGULATED_SURFACE_SET('',#361,46,((-0.409466,0.022136,0.912057)),(),((45,44,23),(1,23,44),(2,1,44),(44,43,2),(45,23,46),(4,3,43),(43,3,2),(4,43,
   42),(5,4,42),(41,6,5),(5,42,41),(24,20,25),(22,24,46),(24,22,21),(24,21,20),(20,19,25),(22,46,23),(27,17,
   16),(26,17,27),(25,18,26),(18,25,19),(26,18,17),(16,15,28),(8,7,39),(40,6,41),(38,9,8),(36,10,9),(40,7,
   6),(8,39,38),(9,38,37),(35,10,36),(9,37,36),(39,7,40),(10,35,11),(32,13,12),(30,14,13),(16,28,27),(14,29,
   15),(28,15,29),(12,11,33),(12,33,32),(31,13,32),(30,29,14),(13,31,30),(33,11,34),(11,35,34)),());
#363=COORDINATES_LIST('',140,((-825.058533,690.615356,2143.73999),(-825.999634,690.618896,2143.317383),(-826.264832,691.057922,2143.187744),(-826.359253,691.401001,2143.136963),(-826.282959,691.648193,2143.165283),(-826.035828,691.799561,2143.272461),(-825.617981,691.85498,2143.45874),(-825.178467,692.505981,2143.640381),(-831.389648,693.47998,2140.828125),(-831.031067,
   696.051514,2140.926758),(-828.710388,695.687622,2141.977539),(-828.357971,696.414185,2142.118164),(-828.020081,697.036499,2142.254639),(-827.696777,697.554565,2142.387207),(-827.387939,697.968323,2142.515869),(-827.093689,698.277832,2142.640381),(-827.726257,698.643372,2142.347656),(-828.403564,699.087952,2142.032715),(-829.125671,699.611572,2141.695801),(-829.892578,
   700.214172,2141.336914),(-830.704224,700.895813,2140.956055),(-828.878357,702.985291,2141.724854),(-827.782104,702.14386,2142.237549),(-826.835938,701.426697,2142.679688),(-826.039734,700.833923,2143.051514),(-825.393677,700.365417,2143.353027),(-824.897644,700.02124,2143.583984),(-823.67395,700.543518,2144.120605),(-822.34082,700.950745,2144.709229),(-820.898132,
   701.242859,2145.349854),(-819.345947,701.419922,2146.04248),(-817.684326,701.481873,2146.786865),(-817.072632,698.86615,2147.125),(-818.596497,698.892029,2146.440186),(-819.891418,698.858948,2145.859863),(-820.957458,698.766968,2145.383301),(-821.794556,698.616028,2145.01123),(-822.40271,698.406128,2144.743408),(-821.35022,697.701111,2145.23291),(-820.720398,
   698.466309,2145.49707),(-818.727539,697.001892,2146.427246),(-820.69043,694.429932,2145.608643),(-818.438049,694.076721,2146.628418),(-818.796631,691.505188,2146.529785),(-822.380005,692.067139,2144.907227),(-823.185913,690.789612,2144.57666),(-818.237427,690.013611,2146.816895),(-818.600952,687.40686,2146.717041),(-821.945435,687.931335,2145.202881),(-821.577332,
   685.569824,2145.425293),(-820.178101,685.350403,2146.058838),(-820.536682,682.77887,2145.960205),(-824.734375,683.437134,2144.059814),(-825.078247,680.971313,2143.965332),(-827.160034,681.297729,2143.022705),(-827.744751,681.495972,2142.755371),(-828.071655,681.7229,2142.603271),(-828.140625,681.978516,2142.565918),(-827.951721,682.262756,2142.643799),(-827.504944,
   682.575745,2142.836914),(-827.328064,683.843872,2142.885498),(-832.105896,684.59314,2140.722412),(-831.747314,687.164612,2140.820801),(-829.836182,686.864929,2141.686279),(-828.839172,689.01239,2142.081543),(-832.627319,689.606445,2140.366455),(-832.263794,692.213196,2140.466553),(-824.803284,696.946716,2143.700928),(-825.065918,696.694153,2143.589111),(-825.31488,
   696.39917,2143.484619),(-825.550232,696.061707,2143.387207),(-825.772034,695.681824,2143.296875),(-825.980164,695.25946,2143.213623),(-823.557129,694.879517,2144.310547),(-822.795471,695.839966,2144.62915),(-824.675659,688.359497,2143.966797),(-826.211365,688.600342,2143.271484),(-827.140076,686.442139,2142.906738),(-824.307495,685.997986,2144.189209),(-815.761475,
   679.510254,2148.183594),(-817.87738,679.842102,2147.225586),(-818.471436,680.043213,2146.953857),(-818.799072,680.274597,2146.80127),(-818.860291,680.536194,2146.767334),(-818.654968,680.827942,2146.852539),(-818.183228,681.149902,2147.056396),(-817.804932,683.862366,2147.1604),(-820.193848,684.237,2146.078857),(-819.830322,686.84375,2146.178711),(-817.441406,
   686.469116,2147.260498),(-816.955078,689.956543,2147.394043),(-818.671753,689.64978,2146.630859),(-819.234863,692.113892,2146.318115),(-816.566956,692.739441,2147.500732),(-815.638489,699.397217,2147.756104),(-815.488098,699.995667,2147.809082),(-815.225464,700.438232,2147.91626),(-814.850708,700.725037,2148.077393),(-814.363708,700.856018,2148.292969),(-813.764587,
   700.831177,2148.5625),(-811.785156,700.520813,2149.45874),(-811.734253,697.88501,2149.54541),(-813.27002,698.125854,2148.850098),(-813.26062,698.163269,2148.853516),(-813.244202,698.190918,2148.860107),(-813.220764,698.208862,2148.870361),(-813.190308,698.217041,2148.883789),(-813.152893,698.215515,2148.900635),(-813.845581,693.248596,2148.710205),(-813.206726,
   693.328369,2148.995117),(-813.04834,693.713867,2149.056885),(-812.847229,693.905518,2149.142334),(-812.603394,693.90332,2149.251953),(-812.316895,693.707214,2149.385254),(-811.987671,693.3172,2149.542725),(-811.449158,690.677002,2149.848389),(-814.248413,690.359985,2148.599365),(-814.847717,686.062378,2148.43457),(-812.561157,685.703796,2149.469971),(-812.924744,
   683.097046,2149.369873),(-815.211243,683.455627,2148.334717),(-828.284058,692.992981,2142.234375),(-818.61731,692.790955,2146.579102),(-820.71167,690.401611,2145.696777),(-819.474548,690.207642,2146.256836),(-818.419189,688.710205,2146.76709),(-820.273193,687.669067,2145.959961),(-820.357422,684.064636,2146.009521),(-828.661133,691.414307,2142.103271),(-826.859863,
   691.014832,2142.921631),(-826.1427,690.855774,2143.247559),(-820.012085,685.540405,2146.128906),(-818.278381,689.720032,2146.805664),(-818.77417,690.097778,2146.573975),(-819.106873,691.553833,2146.389404),(-818.940491,690.825806,2146.481689),(-818.694092,692.240662,2146.558105),(-816.102722,696.068359,2147.628418),(-813.167664,698.109802,2148.896484),(-813.506592,
   695.679199,2148.803223)));
#364=COMPLEX_TRIANGULATED_SURFACE_SET('',#363,140,((-0.409466,0.022136,0.912057)),(),((108,100,107),(100,108,101),(101,108,102),(106,100,105),(100,106,107),(95,104,105),(104,95,103),(110,115,
   114),(114,113,111),(110,114,111),(109,140,138),(111,113,112),(102,108,139),(115,110,116),(100,99,105),(99,98,97),(99,97,96),(95,105,
   96),(32,31,34),(96,105,99),(34,33,32),(34,31,35),(45,93,42),(42,41,39),(39,41,40),(36,35,30),(103,95,138),(35,31,
   30),(110,117,116),(117,110,109),(117,109,94),(91,118,117),(118,90,121),(90,118,91),(90,132,87),(91,117,94),(118,120,119),(118,121,
   120),(121,86,80),(86,81,80),(82,86,85),(82,81,86),(86,121,87),(90,87,121),(137,123,93),(91,94,44),(11,9,122),(44,135,
   136),(126,127,48),(42,93,123),(44,47,91),(42,123,43),(92,127,126),(90,89,132),(84,83,85),(87,132,88),(85,83,82),(50,128,
   51),(50,53,52),(49,79,50),(133,92,126),(42,39,75),(66,129,67),(29,37,36),(38,37,29),(68,27,16),(26,16,27),(38,29,
   28),(38,28,27),(38,68,75),(68,38,27),(69,68,16),(75,39,38),(15,71,70),(13,73,72),(72,71,13),(70,69,16),(26,25,
   16),(74,42,75),(18,24,19),(19,24,23),(24,18,17),(22,21,20),(19,23,20),(20,23,22),(16,25,17),(14,71,15),(14,13,
   71),(11,73,12),(11,122,73),(73,13,12),(15,70,16),(17,25,24),(9,11,10),(46,45,8),(45,42,74),(8,45,74),(76,49,
   46),(46,8,1),(6,3,7),(3,6,4),(73,122,8),(1,8,7),(74,73,8),(131,7,3),(61,53,79),(79,49,76),(60,55,
   54),(50,79,53),(1,2,77),(1,7,131),(77,2,130),(53,60,54),(77,76,1),(76,46,1),(49,124,46),(65,78,77),(78,65,
   64),(66,65,129),(64,63,62),(61,79,78),(60,56,55),(59,56,60),(78,64,61),(61,60,53),(58,57,59),(134,125,92),(59,57,
   56),(64,62,61),(124,49,127),(92,125,127),(6,5,4),(124,127,125),(36,30,29),(50,52,128),(129,65,130),(130,65,77),(130,2,
   131),(91,47,133),(44,136,47),(93,45,135),(47,136,134),(44,94,137),(94,109,138),(140,139,103),(103,138,140)),());
#365=COORDINATES_LIST('',86,((-850.244263,699.56842,2132.215576),(-850.908447,700.50769,2131.894775),(-851.533447,701.527222,2131.589355),(-852.119446,702.627014,2131.299561),(-852.66626,703.807068,2131.025391),(-853.174011,705.067383,2130.766846),(-850.101013,706.097351,2132.121582),(-849.707947,704.824768,2132.328857),(-849.278931,703.630066,2132.550537),(-848.813904,
   702.513245,2132.786377),(-848.312927,701.474304,2133.036621),(-847.776001,700.513245,2133.300781),(-846.446289,699.0448,2133.933594),(-846.899902,700.293762,2133.699463),(-847.244995,701.519958,2133.514893),(-847.481689,702.723328,2133.379395),(-847.609985,703.903992,2133.293213),(-847.629883,705.06189,2133.256104),(-844.523499,705.330688,2134.644287),(-844.491943,
   704.166626,2134.686523),(-844.406555,703.008545,2134.75293),(-844.267273,701.856445,2134.843506),(-844.074219,700.710266,2134.958008),(-843.827271,699.570007,2135.096436),(-833.565247,702.136414,2139.641357),(-834.395874,701.431519,2139.285645),(-835.170044,700.631409,2138.95752),(-835.887756,699.736084,2138.656982),(-836.549011,698.745483,2138.384033),(-837.153809,
   697.659607,2138.138916),(-839.605042,699.087891,2137.003906),(-839.092834,700.260254,2137.205322),(-838.479248,701.359131,2137.454102),(-837.764282,702.384521,2137.750244),(-836.948059,703.336426,2138.093506),(-836.030396,704.214844,2138.484131),(-842.574646,699.049622,2135.671631),(-842.748047,699.996887,2135.570801),(-842.821472,701.040771,2135.512451),(-842.794922,
   702.181335,2135.496582),(-842.668457,703.418518,2135.523438),(-842.441956,704.752319,2135.592773),(-839.516602,704.473511,2136.912842),(-839.722595,703.136536,2136.852783),(-839.869568,701.902588,2136.81665),(-839.95752,700.771667,2136.804688),(-839.98645,699.743835,2136.81665),(-839.956421,698.819031,2136.852539),(-848.974609,696.669556,2132.855957),(-849.323425,
   694.168457,2132.760254),(-840.655029,692.809143,2136.684814),(-840.306274,695.310181,2136.780762),(-846.568726,684.41333,2134.233643),(-847.158142,684.648315,2133.963379),(-847.483398,684.896545,2133.811279),(-847.544556,685.158142,2133.777588),(-847.341614,685.432983,2133.861816),(-846.874573,685.721191,2134.064697),(-846.702637,686.954102,2134.111816),(-853.869385,
   688.077942,2130.867188),(-853.505859,690.684692,2130.967041),(-846.339111,689.560852,2134.211914),(-846.137695,691.005127,2134.26709),(-852.55365,692.01123,2131.362305),(-851.404114,700.254211,2131.678467),(-848.537415,699.804688,2132.976318),(-848.611084,699.276306,2132.956055),(-839.942688,697.916931,2136.880615),(-839.844482,698.62146,2136.907715),(-837.011902,
   698.177307,2138.190186),(-838.185974,689.758179,2137.867432),(-843.305115,690.560974,2135.549561),(-844.213928,684.044067,2135.299805),(-846.568726,684.41333,2134.233643),(-849.010132,700.040833,2132.758301),(-844.989258,693.48877,2134.722656),(-844.640442,695.989868,2134.818359),(-849.345703,691.508179,2132.814697),(-850.645081,700.135193,2132.021973),(-849.310303,
   699.925903,2132.626221),(-848.923889,699.865295,2132.80127),(-844.276855,698.596619,2134.918457),(-846.44397,698.936462,2133.937256),(-842.109802,698.256775,2135.899414),(-838.421692,698.398376,2137.551758),(-837.060791,697.82666,2138.176514)));
#366=COMPLEX_TRIANGULATED_SURFACE_SET('',#365,85,((-0.409466,0.022136,0.912057)),(),((26,25,36),(80,75,11),(26,36,35),(27,35,34),(26,35,27),(29,28,33),(28,27,34),(29,33,
   32),(33,28,34),(44,43,42),(42,41,44),(44,41,45),(46,45,39),(40,39,45),(45,41,40),(38,46,39),(29,70,86),(32,85,
   29),(85,70,29),(85,32,31),(71,30,52),(52,51,71),(30,85,52),(68,52,85),(71,51,72),(37,47,38),(47,46,38),(76,72,
   51),(73,58,53),(59,73,72),(72,76,63),(48,47,37),(13,24,23),(66,81,67),(23,22,14),(11,10,80),(20,19,18),(18,17,
   20),(20,17,16),(14,13,23),(22,15,14),(16,15,21),(21,20,16),(4,9,8),(8,7,5),(6,5,7),(10,2,80),(9,3,
   10),(9,4,3),(8,5,4),(11,75,12),(3,2,10),(59,72,62),(62,61,59),(63,50,78),(72,63,62),(58,54,53),(54,58,
   57),(57,56,55),(57,55,54),(58,73,59),(1,65,49),(79,80,2),(67,1,49),(63,76,50),(50,49,64),(61,60,59),(49,65,
   64),(83,67,49),(77,84,82),(77,82,83),(21,15,22),(50,64,78),(65,1,79),(1,67,80),(80,67,81),(49,77,83),(77,52,
   84),(68,84,52),(68,85,69),(30,71,86)),());
#367=COORDINATES_LIST('',13,((-859.541687,705.669983,2127.893555),(-860.563477,698.342896,2127.612549),(-861.447754,692.002136,2127.369629),(-858.888184,691.600769,2128.52832),(-859.163269,689.628052,2128.452881),(-860.290955,689.704102,2127.94458),(-861.244141,689.551208,2127.520508),(-862.022766,689.169373,2127.180176),(-862.626831,688.558533,2126.923828),(-863.056396,
   687.718811,2126.751221),(-864.899292,688.007813,2125.916992),(-862.374268,706.114136,2126.611084),(-860.167969,691.801453,2127.948975)));
#368=COMPLEX_TRIANGULATED_SURFACE_SET('',#367,13,((-0.409466,0.022136,0.912057)),(),((2,1,12),(6,5,4),(7,6,13),(3,7,13),(6,4,13),(8,3,9),(11,2,12),(3,2,
   11),(3,8,7),(9,11,10),(11,9,3)),());
#369=COORDINATES_LIST('',140,((-1366.026733,775.447632,1898.815063),(-1366.967896,775.451172,1898.392456),(-1367.233032,775.890198,1898.262695),(-1367.327515,776.233276,1898.212036),(-1367.251221,776.480469,1898.240234),(-1367.00415,776.631836,1898.347534),(-1366.586304,776.687256,1898.533813),(-1366.146729,777.338257,1898.715332),(-1372.35791,778.312256,1895.903198),(-1371.999268,
   780.883789,1896.001709),(-1369.678589,780.519897,1897.052368),(-1369.326172,781.24646,1897.192993),(-1368.988403,781.868774,1897.32959),(-1368.665039,782.386841,1897.462158),(-1368.356201,782.800598,1897.59082),(-1368.062012,783.110107,1897.715332),(-1368.694458,783.475647,1897.422485),(-1369.371826,783.920227,1897.107666),(-1370.093994,784.443848,1896.770752),(-1370.86084,
   785.046448,1896.411865),(-1371.672485,785.728088,1896.030884),(-1369.84668,787.817566,1896.799927),(-1368.750366,786.976135,1897.3125),(-1367.804199,786.258972,1897.754639),(-1367.008057,785.666199,1898.126465),(-1366.361938,785.197693,1898.427979),(-1365.865845,784.853516,1898.658936),(-1364.642212,785.375793,1899.195679),(-1363.309082,785.78302,1899.784302),(-1361.866333,
   786.075134,1900.424927),(-1360.314209,786.252197,1901.117432),(-1358.652588,786.314148,1901.861938),(-1358.040894,783.698425,1902.200073),(-1359.564697,783.724304,1901.515259),(-1360.859741,783.691223,1900.934692),(-1361.925659,783.599243,1900.458374),(-1362.762817,783.448303,1900.086182),(-1363.370972,783.238403,1899.818237),(-1362.318481,782.533386,1900.307861),(-1361.688599,
   783.298584,1900.572021),(-1359.695801,781.834167,1901.502319),(-1361.658691,779.262207,1900.683472),(-1359.40625,778.908997,1901.703247),(-1359.764893,776.337463,1901.604736),(-1363.348267,776.899414,1899.9823),(-1364.154175,775.621887,1899.651489),(-1359.205688,774.845886,1901.891968),(-1359.569214,772.239136,1901.791992),(-1362.913696,772.763611,1900.27771),(-1362.545532,
   770.4021,1900.500366),(-1361.146362,770.182678,1901.133911),(-1361.505005,767.611145,1901.035278),(-1365.702637,768.269409,1899.134766),(-1366.046509,765.803589,1899.040283),(-1368.128296,766.130005,1898.097656),(-1368.713013,766.328247,1897.830322),(-1369.039917,766.555176,1897.678101),(-1369.108887,766.810791,1897.640991),(-1368.919922,767.095032,1897.718872),(-1368.473145,
   767.40802,1897.911865),(-1368.296387,768.676147,1897.960449),(-1373.074219,769.425415,1895.797241),(-1372.715576,771.996887,1895.895874),(-1370.804443,771.697205,1896.761108),(-1369.807495,773.844666,1897.156616),(-1373.595581,774.438721,1895.441528),(-1373.232056,777.045471,1895.541504),(-1365.771606,781.778992,1898.775879),(-1366.03418,781.526428,1898.664185),(-1366.283203,
   781.231445,1898.55957),(-1366.518555,780.893982,1898.462036),(-1366.740234,780.514099,1898.371704),(-1366.948486,780.091736,1898.288574),(-1364.525391,779.711792,1899.38562),(-1363.763672,780.672241,1899.704224),(-1365.643921,773.191772,1899.041626),(-1367.179688,773.432617,1898.346313),(-1368.108398,771.274414,1897.981812),(-1365.275757,770.830261,1899.264282),(-1356.729736,
   764.342529,1903.258423),(-1358.845581,764.674377,1902.300415),(-1359.439697,764.875488,1902.028809),(-1359.767334,765.106873,1901.876099),(-1359.828491,765.368469,1901.842285),(-1359.623169,765.660217,1901.927368),(-1359.151489,765.982178,1902.131348),(-1358.773193,768.694641,1902.235352),(-1361.162109,769.069275,1901.153809),(-1360.798584,771.676025,1901.253784),(-1358.409668,
   771.301392,1902.335327),(-1357.92334,774.788818,1902.468994),(-1359.640015,774.482056,1901.705811),(-1360.203125,776.946167,1901.393188),(-1357.535278,777.571716,1902.575684),(-1356.606689,784.229492,1902.830933),(-1356.456299,784.827942,1902.884033),(-1356.193726,785.270508,1902.991089),(-1355.81897,785.557312,1903.152466),(-1355.332031,785.688293,1903.36792),(-1354.732788,
   785.663452,1903.637451),(-1352.753418,785.353088,1904.533691),(-1352.702515,782.717285,1904.620483),(-1354.238281,782.95813,1903.925171),(-1354.228882,782.995544,1903.928467),(-1354.212402,783.023193,1903.935181),(-1354.188965,783.041138,1903.945313),(-1354.158569,783.049316,1903.95874),(-1354.121094,783.047791,1903.975586),(-1354.813843,778.080872,1903.785156),(-1354.174927,
   778.160645,1904.070068),(-1354.016602,778.546143,1904.131714),(-1353.81543,778.737793,1904.217407),(-1353.571655,778.735596,1904.326904),(-1353.285156,778.53949,1904.460327),(-1352.955933,778.149475,1904.617554),(-1352.417358,775.509277,1904.923462),(-1355.216675,775.192261,1903.674438),(-1355.81604,770.894653,1903.509644),(-1353.529419,770.536072,1904.544922),(-1353.892944,
   767.929321,1904.444946),(-1356.179565,768.287903,1903.409668),(-1369.252319,777.825256,1897.309326),(-1359.585571,777.62323,1901.654053),(-1361.679932,775.233887,1900.771729),(-1360.442871,775.039917,1901.331787),(-1359.387451,773.54248,1901.842041),(-1361.241455,772.501343,1901.034912),(-1361.325684,768.896912,1901.084595),(-1369.629395,776.246582,1897.178223),(-1367.828125,
   775.847107,1897.996704),(-1367.110962,775.688049,1898.32251),(-1360.980347,770.372681,1901.203857),(-1359.246582,774.552307,1901.880737),(-1359.742432,774.930054,1901.648926),(-1360.075195,776.386108,1901.464233),(-1359.908813,775.658081,1901.556641),(-1359.662354,777.072937,1901.632935),(-1357.071045,780.900635,1902.703369),(-1354.135864,782.942078,1903.971558),(-1354.474854,
   780.511475,1903.878296)));
#370=COMPLEX_TRIANGULATED_SURFACE_SET('',#369,140,((-0.409466,0.022136,0.912057)),(),((108,100,107),(100,108,101),(101,108,102),(106,100,105),(100,106,107),(95,104,105),(104,95,103),(110,115,
   114),(114,113,111),(110,114,111),(109,140,138),(111,113,112),(102,108,139),(115,110,116),(100,99,105),(99,98,97),(99,97,96),(95,105,
   96),(32,31,34),(96,105,99),(34,33,32),(34,31,35),(45,93,42),(42,41,39),(39,41,40),(36,35,30),(103,95,138),(35,31,
   30),(117,110,109),(116,110,117),(117,94,91),(94,117,109),(118,91,90),(91,118,117),(119,118,120),(120,118,121),(137,123,93),(86,81,
   80),(80,121,86),(87,86,121),(86,82,81),(85,82,86),(87,90,132),(87,121,90),(118,90,121),(91,94,44),(11,9,122),(44,135,
   136),(126,127,48),(42,93,123),(44,47,91),(42,123,43),(92,127,126),(90,89,132),(84,83,85),(87,132,88),(85,83,82),(50,128,
   51),(50,53,52),(49,79,50),(133,92,126),(42,39,75),(37,29,38),(37,36,29),(38,75,39),(28,27,38),(68,27,16),(28,38,
   29),(38,27,68),(16,69,68),(74,45,42),(68,75,38),(15,71,70),(13,73,72),(72,71,13),(70,69,16),(74,73,8),(26,16,
   27),(74,42,75),(24,23,19),(17,25,24),(22,21,20),(19,23,20),(20,23,22),(18,24,19),(16,25,17),(14,71,15),(14,13,
   71),(73,12,11),(73,13,12),(24,18,17),(15,70,16),(25,16,26),(11,122,73),(46,8,1),(8,46,45),(46,1,76),(76,49,
   46),(8,7,1),(6,3,7),(3,6,4),(122,8,73),(7,131,1),(74,8,45),(131,7,3),(53,79,61),(79,49,76),(60,55,
   54),(50,79,53),(2,130,77),(77,76,1),(60,53,61),(53,60,54),(78,61,79),(1,2,77),(49,124,46),(64,78,65),(78,77,
   65),(64,61,78),(65,129,66),(129,65,130),(60,59,56),(124,49,127),(57,56,59),(59,58,57),(60,56,55),(64,63,62),(62,61,
   64),(134,125,92),(92,125,127),(6,5,4),(11,10,9),(124,127,125),(36,30,29),(50,52,128),(66,129,67),(130,65,77),(130,2,
   131),(91,47,133),(44,136,47),(93,45,135),(47,136,134),(44,94,137),(94,109,138),(140,139,103),(103,138,140)),());
#371=COORDINATES_LIST('',86,((-1391.212524,784.400696,1887.290649),(-1391.876709,785.339966,1886.969727),(-1392.501709,786.359497,1886.664307),(-1393.087646,787.45929,1886.374634),(-1393.634521,788.639343,1886.100464),(-1394.142334,789.899658,1885.841919),(-1391.069214,790.929626,1887.196533),(-1390.676147,789.657043,1887.403809),(-1390.247192,788.462341,1887.625488),(-1389.782104,
   787.34552,1887.861328),(-1389.28125,786.30658,1888.11145),(-1388.744263,785.34552,1888.375854),(-1387.414551,783.877075,1889.008423),(-1387.868164,785.126038,1888.774536),(-1388.213257,786.352234,1888.589844),(-1388.449951,787.555603,1888.454346),(-1388.578247,788.736267,1888.368042),(-1388.598145,789.894165,1888.331055),(-1385.491699,790.162964,1889.719116),(-1385.460205,
   788.998901,1889.761597),(-1385.374756,787.84082,1889.828003),(-1385.235596,786.688721,1889.918457),(-1385.04248,785.542542,1890.032959),(-1384.795532,784.402283,1890.171509),(-1374.533447,786.968689,1894.716309),(-1375.364136,786.263794,1894.360474),(-1376.138306,785.463684,1894.032349),(-1376.856079,784.568359,1893.731934),(-1377.517334,783.577759,1893.459106),(-1378.12207,
   782.491882,1893.213867),(-1380.573364,783.920166,1892.078735),(-1380.061035,785.092529,1892.280273),(-1379.44751,786.191406,1892.529053),(-1378.732544,787.216797,1892.825195),(-1377.91626,788.168701,1893.168457),(-1376.998657,789.047119,1893.559204),(-1383.542969,783.881897,1890.74646),(-1383.716309,784.829163,1890.64563),(-1383.789795,785.873047,1890.587402),(-1383.763184,
   787.013611,1890.571533),(-1383.636719,788.250793,1890.598389),(-1383.410278,789.584595,1890.667603),(-1380.484863,789.305786,1891.987793),(-1380.690796,787.968811,1891.927734),(-1380.837769,786.734863,1891.891724),(-1380.925781,785.603943,1891.879639),(-1380.954712,784.576111,1891.891602),(-1380.924683,783.651306,1891.92749),(-1389.942871,781.501831,1887.93103),(-1390.291626,
   779.000732,1887.835083),(-1381.623291,777.641418,1891.759766),(-1381.274536,780.142456,1891.855591),(-1387.536987,769.245605,1889.308594),(-1388.126343,769.480591,1889.03833),(-1388.45166,769.728821,1888.88623),(-1388.512817,769.990417,1888.852417),(-1388.309937,770.265259,1888.93689),(-1387.842896,770.553467,1889.139526),(-1387.670898,771.786377,1889.186768),(-1394.837646,
   772.910217,1885.942017),(-1394.474121,775.516968,1886.041992),(-1387.307373,774.393127,1889.286743),(-1387.105957,775.837402,1889.342163),(-1393.521973,776.843506,1886.437256),(-1392.372314,785.086487,1886.753296),(-1389.505615,784.636963,1888.05127),(-1389.579346,784.108582,1888.031006),(-1380.911011,782.749207,1891.955566),(-1380.812744,783.453735,1891.982544),(-1377.980103,
   783.009583,1893.265015),(-1379.154297,774.590454,1892.942261),(-1384.273315,775.39325,1890.624634),(-1385.182251,768.876343,1890.374756),(-1387.536987,769.245605,1889.308594),(-1389.978394,784.873108,1887.833252),(-1385.95752,778.321045,1889.797363),(-1385.608643,780.822144,1889.893311),(-1390.313965,776.340454,1887.889648),(-1391.613281,784.967468,1887.097046),(-1390.278564,
   784.758179,1887.701294),(-1389.89209,784.697571,1887.876221),(-1385.245117,783.428894,1889.993286),(-1387.412231,783.768738,1889.012207),(-1383.078125,783.08905,1890.974365),(-1379.390015,783.230652,1892.626709),(-1378.029053,782.658936,1893.251587)));
#372=COMPLEX_TRIANGULATED_SURFACE_SET('',#371,85,((-0.409466,0.022136,0.912057)),(),((26,25,36),(80,75,11),(26,36,35),(27,35,34),(26,35,27),(29,28,33),(28,27,34),(29,33,
   32),(33,28,34),(44,43,42),(42,41,44),(44,41,45),(46,45,39),(40,39,45),(45,41,40),(38,46,39),(29,70,86),(32,85,
   29),(85,70,29),(85,32,31),(71,30,52),(52,51,71),(52,30,85),(68,52,85),(71,51,72),(37,47,38),(47,46,38),(76,72,
   51),(73,58,53),(59,73,72),(72,76,63),(48,47,37),(13,24,23),(66,81,67),(23,22,14),(11,10,80),(20,19,18),(18,17,
   20),(20,17,16),(14,13,23),(22,15,14),(16,15,21),(21,20,16),(4,9,8),(8,7,5),(6,5,7),(10,2,80),(9,3,
   10),(9,4,3),(8,5,4),(11,75,12),(3,2,10),(59,72,62),(62,61,59),(63,50,78),(72,63,62),(58,54,53),(54,58,
   57),(57,56,55),(57,55,54),(58,73,59),(49,83,67),(1,65,49),(79,80,2),(67,1,49),(50,63,76),(50,49,64),(61,60,
   59),(49,65,64),(77,84,82),(77,82,83),(21,15,22),(50,64,78),(65,1,79),(1,67,80),(80,67,81),(49,77,83),(77,52,
   84),(68,84,52),(68,85,69),(30,71,86)),());
#373=COORDINATES_LIST('',66,((-1406.777466,788.82135,1880.195557),(-1406.41394,791.428101,1880.29541),(-1396.824097,789.924255,1884.637329),(-1397.099243,787.951599,1884.561646),(-1398.171387,786.525757,1884.11499),(-1399.309326,785.147705,1883.637451),(-1400.513184,783.817444,1883.129272),(-1401.782837,782.534912,1882.590454),(-1403.118408,781.300171,1882.020752),(-1403.76001,
   780.660645,1881.748291),(-1404.283081,779.991089,1881.529663),(-1404.6875,779.291382,1881.365112),(-1404.973389,778.561584,1881.254517),(-1405.140747,777.801636,1881.197754),(-1405.18689,777.290527,1881.189453),(-1405.176147,776.828064,1881.205566),(-1405.108276,776.414246,1881.246094),(-1404.983398,776.049133,1881.310913),(-1404.801636,775.732605,1881.400269),(-1404.658569,
   775.567627,1881.468506),(-1404.486694,775.42981,1881.54895),(-1404.285889,775.319153,1881.641846),(-1404.056274,775.235596,1881.746948),(-1403.797607,775.179199,1881.86438),(-1403.588379,775.169434,1881.958618),(-1403.370117,775.204346,1882.055786),(-1403.142822,775.283875,1882.155884),(-1402.906494,775.408081,1882.258911),(-1402.661133,775.576965,1882.36499),(-1402.378906,
   775.889771,1882.484131),(-1402.125854,776.374207,1882.585938),(-1401.901855,777.030212,1882.670532),(-1401.706909,777.857849,1882.738037),(-1401.541138,778.856995,1882.788208),(-1398.776733,778.423523,1884.039795),(-1399.074951,776.99585,1883.940552),(-1399.458984,775.771729,1883.797852),(-1399.929199,774.75116,1883.611572),(-1400.485352,773.934082,1883.381714),(-1401.127441,
   773.320618,1883.108276),(-1401.68042,772.966736,1882.868652),(-1402.277344,772.717651,1882.606689),(-1402.918213,772.573364,1882.32251),(-1403.603027,772.533875,1882.015991),(-1404.331787,772.599243,1881.687256),(-1405.013916,772.75946,1881.377075),(-1405.640503,773.017578,1881.089478),(-1406.21167,773.373474,1880.824463),(-1406.727295,773.827271,1880.581909),(-1407.187378,
   774.378906,1880.362061),(-1407.584473,775.04303,1880.167603),(-1407.864014,775.769348,1880.024536),(-1408.026001,776.557922,1879.932617),(-1408.070557,777.408691,1879.891968),(-1407.997681,778.321655,1879.902588),(-1407.746826,779.409729,1879.98877),(-1407.301025,780.475891,1880.162964),(-1406.660278,781.520081,1880.425415),(-1405.824341,782.542358,1880.775757),(-1404.793457,
   783.542664,1881.214355),(-1403.705078,784.515259,1881.679321),(-1402.727905,785.430359,1882.095825),(-1401.862061,786.288086,1882.463745),(-1401.107422,787.088379,1882.783203),(-1400.463867,787.831238,1883.053955),(-1403.620605,788.326294,1881.624756)));
#374=COMPLEX_TRIANGULATED_SURFACE_SET('',#373,66,((-0.409466,0.022136,0.912057)),(),((66,2,1),(4,3,5),(65,6,5),(6,65,7),(36,35,34),(36,34,33),(65,5,3),(63,7,
   64),(9,8,62),(8,7,63),(65,2,66),(36,33,37),(37,33,32),(8,63,62),(7,65,64),(3,2,65),(39,32,31),(37,32,
   38),(31,40,39),(39,38,32),(40,31,30),(40,30,41),(41,30,42),(42,29,43),(42,30,29),(27,43,28),(27,26,44),(27,44,
   43),(44,25,45),(25,44,26),(24,45,25),(23,45,24),(28,43,29),(9,61,10),(12,11,59),(10,60,11),(58,13,12),(53,15,
   14),(14,13,57),(10,61,60),(58,12,59),(56,14,57),(55,14,56),(13,58,57),(59,11,60),(54,14,55),(46,20,47),(48,19,
   18),(47,20,19),(22,46,45),(21,46,22),(46,21,20),(22,45,23),(18,17,48),(15,51,16),(15,52,51),(52,15,53),(14,54,
   53),(19,48,47),(16,50,49),(48,17,49),(50,16,51),(17,16,49),(9,62,61)),());
#375=COORDINATES_LIST('',66,((-187.981384,654.099182,2430.640625),(-187.617859,656.705933,2430.740479),(-178.316284,655.247314,2434.951904),(-178.5914,653.274597,2434.876221),(-179.637787,651.844788,2434.441162),(-180.747925,650.462341,2433.976318),(-181.921799,649.12738,2433.481689),(-183.159424,647.839844,2432.957275),(-184.4608,646.599731,2432.403076),(-185.086121,
   645.957703,2432.137939),(-185.596512,645.286133,2431.925049),(-185.991959,644.584961,2431.764648),(-186.272446,643.854309,2431.656494),(-186.438004,643.094116,2431.600586),(-186.484909,642.58313,2431.592041),(-186.476288,642.121033,2431.606934),(-186.41214,641.707764,2431.645752),(-186.29248,641.343445,2431.708496),(-186.117279,641.028015,2431.794678),(-185.979172,
   640.86377,2431.860596),(-185.812897,640.726868,2431.938721),(-185.618469,640.617188,2432.028564),(-185.395905,640.534729,2432.130615),(-185.145157,640.479614,2432.244385),(-184.942078,640.470764,2432.335938),(-184.730072,640.506653,2432.430176),(-184.509125,640.587219,2432.527344),(-184.279236,640.712402,2432.627686),(-184.040405,640.882324,2432.730713),(-183.765259,
   641.196228,2432.84668),(-183.517639,641.681519,2432.946045),(-183.297531,642.338135,2433.028809),(-183.104935,643.166077,2433.095215),(-182.939865,644.165405,2433.14502),(-180.258636,643.744934,2434.358887),(-180.553864,642.316833,2434.26123),(-180.931732,641.091675,2434.121094),(-181.392227,640.069641,2433.939209),(-181.935364,639.250549,2433.715332),(-182.561127,
   638.634521,2433.449219),(-183.099243,638.278259,2433.216309),(-183.679611,638.026611,2432.961914),(-184.302231,637.879456,2432.686035),(-184.967087,637.836853,2432.388428),(-185.67421,637.898804,2432.06958),(-186.335587,638.055786,2431.768799),(-186.942703,638.310791,2431.48999),(-187.49556,638.663879,2431.233398),(-187.994156,639.11499,2430.998535),(-188.438492,
   639.664185,2430.785645),(-188.821091,640.32605,2430.5979),(-189.089417,641.050598,2430.459717),(-189.243469,641.837891,2430.371582),(-189.283234,642.687866,2430.333008),(-189.20871,643.600586,2430.344482),(-188.960846,644.689148,2430.429199),(-188.523773,645.756653,2430.599609),(-187.897507,646.803162,2430.855225),(-187.082047,647.828613,2431.196533),(-186.077393,
   648.833069,2431.623291),(-185.017029,649.809998,2432.075439),(-184.064865,650.729065,2432.480713),(-183.220901,651.590271,2432.838623),(-182.485138,652.393494,2433.149414),(-181.857574,653.138855,2433.413086),(-184.919479,653.619019,2432.026855)));
#376=COMPLEX_TRIANGULATED_SURFACE_SET('',#375,66,((-0.409466,0.022136,0.912057)),(),((66,2,1),(4,3,5),(65,6,5),(6,65,7),(36,35,34),(36,34,33),(65,5,3),(63,7,
   64),(9,8,62),(8,7,63),(65,2,66),(36,33,37),(37,33,32),(8,63,62),(7,65,64),(3,2,65),(39,32,31),(37,32,
   38),(31,40,39),(39,38,32),(40,31,30),(40,30,41),(41,30,42),(42,29,43),(42,30,29),(27,43,28),(27,26,44),(27,44,
   43),(44,25,45),(25,44,26),(24,45,25),(23,45,24),(28,43,29),(9,61,10),(12,11,59),(10,60,11),(58,13,12),(53,15,
   14),(14,13,57),(10,61,60),(58,12,59),(56,14,57),(55,14,56),(13,58,57),(59,11,60),(54,14,55),(46,20,47),(48,19,
   18),(47,20,19),(22,46,45),(21,46,22),(46,21,20),(22,45,23),(18,17,48),(15,51,16),(15,52,51),(52,15,53),(14,54,
   53),(19,48,47),(16,50,49),(48,17,49),(50,16,51),(17,16,49),(9,62,61)),());
#377=COORDINATES_LIST('',13,((-279.236694,671.073181,2389.259766),(-280.258514,663.746094,2388.97876),(-281.142792,657.405334,2388.73584),(-278.660156,657.015991,2389.859863),(-278.935272,655.043335,2389.78418),(-280.029449,655.114136,2389.29126),(-280.9552,654.956909,2388.879395),(-281.712494,654.571716,2388.548828),(-282.301331,653.958557,2388.299316),(-282.72171,
   653.11731,2388.130859),(-284.509216,653.397644,2387.321777),(-281.984131,671.504028,2388.015869),(-279.901489,657.210693,2389.297852)));
#378=COMPLEX_TRIANGULATED_SURFACE_SET('',#377,13,((-0.409466,0.022136,0.912057)),(),((2,1,12),(6,5,4),(7,6,13),(3,7,13),(6,4,13),(8,3,9),(11,2,12),(3,2,
   11),(3,8,7),(9,11,10),(11,9,3)),());
#379=COORDINATES_LIST('',13,((-290.68988,672.869202,2384.074219),(-291.7117,665.542114,2383.793457),(-292.595947,659.201355,2383.550293),(-290.113342,658.812073,2384.674316),(-290.388428,656.839355,2384.598633),(-291.482635,656.910156,2384.105713),(-292.408386,656.752991,2383.693848),(-293.165649,656.367737,2383.363281),(-293.754517,655.754578,2383.11377),(-294.174896,
   654.913391,2382.945557),(-295.962372,655.193665,2382.13623),(-293.437317,673.300049,2382.830322),(-291.354645,659.006714,2384.112305)));
#380=COMPLEX_TRIANGULATED_SURFACE_SET('',#379,13,((-0.409466,0.022136,0.912057)),(),((2,1,12),(6,5,4),(7,6,13),(3,7,13),(6,4,13),(8,3,9),(11,2,12),(3,2,
   11),(3,8,7),(9,11,10),(11,9,3)),());
#381=COORDINATES_LIST('',174,((-304.355469,666.804932,2378.086426),(-304.057068,666.781189,2378.220947),(-303.770905,666.80542,2378.348877),(-303.496979,666.877625,2378.469971),(-303.235321,666.997864,2378.584473),(-302.985901,667.166077,2378.692383),(-302.69104,667.446716,2378.818115),(-302.445129,667.783936,2378.920166),(-302.248138,668.177795,2378.999023),(-302.100067,
   668.628296,2379.054688),(-302.000916,669.135437,2379.086914),(-301.945038,669.740051,2379.097168),(-301.954163,670.285767,2379.079834),(-302.028351,670.772583,2379.034912),(-302.167572,671.200439,2378.961914),(-302.371826,671.569397,2378.861328),(-302.564667,671.807007,2378.769043),(-302.782318,672.00238,2378.666504),(-303.02478,672.155579,2378.553955),(-303.292084,
   672.266602,2378.431152),(-303.584198,672.335449,2378.29834),(-303.870697,672.357361,2378.169189),(-304.147583,672.331665,2378.045654),(-304.414886,672.258362,2377.927246),(-304.672577,672.137512,2377.814453),(-304.920654,671.969116,2377.707275),(-305.216888,671.678589,2377.581299),(-305.466949,671.311768,2377.478027),(-305.670807,670.868591,2377.397217),(-305.828522,
   670.34906,2377.339111),(-305.940033,669.753174,2377.303467),(-305.983551,669.237305,2377.296387),(-305.964783,668.760681,2377.316406),(-305.883728,668.323181,2377.363281),(-305.740387,667.924866,2377.4375),(-305.534729,667.565796,2377.538574),(-305.343231,667.32843,2377.630127),(-305.129547,667.133667,2377.730957),(-304.893707,666.981445,2377.840332),(-304.635681,
   666.871887,2377.958984),(-304.355469,666.804932,2378.086426),(-306.948761,665.91571,2376.943604),(-307.048096,665.921204,2376.898926),(-307.175507,665.997314,2376.839844),(-307.330933,666.144104,2376.766602),(-307.514374,666.361511,2376.678955),(-307.725891,666.649536,2376.576904),(-308.162567,667.360168,2376.36377),(-308.480377,668.069458,2376.203857),(-308.679321,
   668.777405,2376.097412),(-308.759369,669.484009,2376.044189),(-308.720581,670.189209,2376.044434),(-308.526337,671.155151,2376.108398),(-308.226563,672.023865,2376.22168),(-307.82132,672.795471,2376.38501),(-307.310516,673.469849,2376.5979),(-306.694244,674.047058,2376.860596),(-306.105804,674.434265,2377.115479),(-305.465698,674.706787,2377.39624),(-304.773926,
   674.864685,2377.702881),(-304.030487,674.907959,2378.035645),(-303.235413,674.836548,2378.394287),(-302.433655,674.657532,2378.758545),(-301.723267,674.386292,2379.083984),(-301.104218,674.022827,2379.37085),(-300.576477,673.5672,2379.618896),(-300.140106,673.019287,2379.828125),(-299.707733,672.277588,2380.040039),(-299.402893,671.475281,2380.196533),(-299.225555,
   670.612366,2380.297119),(-299.175781,669.688782,2380.341797),(-299.253479,668.70459,2380.330811),(-299.408813,668.017639,2380.277588),(-299.678314,667.365906,2380.172607),(-300.061951,666.749329,2380.015381),(-300.559784,666.167969,2379.805908),(-301.171753,665.621704,2379.544434),(-301.4422,665.409302,2379.428223),(-301.671875,665.256653,2379.328613),(-301.860687,
   665.163879,2379.246094),(-302.008698,665.13092,2379.180664),(-302.115906,665.157837,2379.131836),(-302.044067,665.178223,2379.163574),(-301.950134,665.143372,2379.206543),(-301.834198,665.053162,2379.260742),(-301.696167,664.907715,2379.326172),(-301.536102,664.70697,2379.403076),(-301.150726,664.064819,2379.591553),(-300.874146,663.399414,2379.731934),(-300.70636,
   662.710754,2379.823975),(-300.647339,661.99884,2379.867676),(-300.697083,661.263672,2379.863281),(-300.706909,661.193237,2379.860596),(-300.890839,660.281799,2379.800049),(-301.175385,659.463989,2379.692139),(-301.560516,658.739624,2379.536865),(-302.046295,658.108826,2379.334229),(-302.63266,657.571533,2379.083984),(-303.186676,657.178955,2378.844727),(-303.776459,
   656.898499,2378.58667),(-304.402039,656.730225,2378.310059),(-305.063354,656.674133,2378.014404),(-305.760468,656.730164,2377.700195),(-306.421844,656.887146,2377.399414),(-307.028961,657.142212,2377.120605),(-307.581818,657.495239,2376.86377),(-308.080414,657.94635,2376.62915),(-308.52475,658.495544,2376.41626),(-308.92746,659.187927,2376.21875),(-309.210999,
   659.939331,2376.072998),(-309.375336,660.749817,2375.979736),(-309.420471,661.619385,2375.938232),(-309.346466,662.548035,2375.948975),(-309.336639,662.618469,2375.95166),(-309.183594,663.337463,2376.00293),(-308.93277,664.000793,2376.099365),(-308.584198,664.608459,2376.241211),(-308.137848,665.160522,2376.428223),(-307.593689,665.65686,2376.6604),(-307.397614,
   665.801758,2376.744873),(-307.235046,665.900146,2376.81543),(-307.106049,665.951904,2376.87207),(-307.01062,665.957092,2376.914795),(-306.948761,665.91571,2376.943604),(-305.411682,659.231262,2377.795898),(-305.152069,659.210693,2377.913086),(-304.902832,659.232056,2378.024414),(-304.663971,659.29541,2378.130127),(-304.435516,659.400696,2378.230225),(-304.217438,
   659.547913,2378.324463),(-303.989655,659.784363,2378.420898),(-303.792816,660.109131,2378.501465),(-303.626953,660.522278,2378.565918),(-303.492065,661.023804,2378.614258),(-303.388153,661.613708,2378.646729),(-303.378326,661.684143,2378.649414),(-303.325623,662.217285,2378.660156),(-303.324738,662.689392,2378.648926),(-303.375641,663.100525,2378.616211),(-303.478333,
   663.450684,2378.561523),(-303.632843,663.739868,2378.485107),(-303.801392,663.947693,2378.404541),(-303.991333,664.118591,2378.314941),(-304.202698,664.252563,2378.216797),(-304.435425,664.349487,2378.110107),(-304.689514,664.409546,2377.994629),(-304.937225,664.428223,2377.882813),(-305.177185,664.405396,2377.775635),(-305.409424,664.341003,2377.673096),(-305.633911,
   664.235107,2377.574707),(-305.850647,664.087646,2377.480957),(-306.077484,663.858276,2377.384766),(-306.271362,663.554626,2377.305176),(-306.432312,663.176697,2377.241943),(-306.560333,662.724487,2377.195557),(-306.655396,662.198059,2377.165527),(-306.665222,662.127563,2377.162842),(-306.726746,661.531067,2377.149658),(-306.734528,661.009583,2377.158936),(-306.688538,
   660.563232,2377.19043),(-306.588776,660.191895,2377.244141),(-306.435272,659.895691,2377.320313),(-306.268036,659.688049,2377.400391),(-306.082062,659.517822,2377.488037),(-305.87735,659.384888,2377.583252),(-305.65387,659.289368,2377.685791),(-305.411682,659.231262,2377.795898),(-307.111816,665.959229,2376.869385),(-307.079956,665.940247,2376.884277),(-301.934692,
   665.1474,2379.213379),(-301.97168,665.13916,2379.197021),(-301.953186,665.143311,2379.205078),(-301.951172,665.143738,2379.206055),(-307.100006,665.952209,2376.874756)));
#382=COMPLEX_TRIANGULATED_SURFACE_SET('',#381,171,((-0.409466,0.022136,0.912057)),(),((12,70,69),(11,72,71),(70,11,71),(69,68,12),(14,67,66),(12,11,70),(67,13,68),(13,12,
   68),(66,65,15),(72,11,74),(74,11,75),(75,10,76),(77,76,10),(72,74,73),(79,78,8),(77,9,78),(79,83,80),(8,83,
   79),(83,173,170),(10,9,77),(10,75,11),(64,18,17),(18,64,63),(15,65,16),(17,16,64),(15,14,66),(63,62,20),(20,19,
   63),(21,20,62),(63,19,18),(13,67,14),(83,8,82),(9,8,78),(82,6,5),(82,7,6),(144,3,2),(143,4,3),(142,5,
   4),(82,8,7),(21,62,22),(64,16,65),(145,2,1),(89,137,136),(136,91,90),(89,136,90),(88,137,89),(86,85,81),(85,84,
   171),(138,86,81),(88,87,137),(138,87,86),(94,93,135),(95,94,135),(134,96,95),(121,169,122),(93,92,136),(98,97,133),(96,134,
   97),(98,132,99),(100,99,131),(85,171,81),(93,136,135),(80,83,170),(92,91,136),(138,81,82),(140,139,82),(138,137,87),(139,138,
   82),(143,3,144),(141,82,5),(141,5,142),(142,4,143),(140,82,141),(132,98,133),(130,100,131),(100,130,101),(99,132,131),(133,97,
   134),(128,102,101),(128,101,129),(102,127,126),(127,102,128),(102,126,103),(129,101,130),(135,134,95),(2,145,144),(171,84,172),(145,1,
   146),(22,61,23),(61,22,62),(24,23,61),(60,25,24),(24,61,60),(27,26,59),(60,26,25),(58,28,27),(57,29,28),(29,56,
   30),(37,36,42),(149,39,38),(148,40,39),(38,37,150),(34,33,45),(35,34,42),(32,47,33),(36,35,42),(26,60,59),(147,1,
   40),(57,28,58),(56,55,30),(29,57,56),(55,54,30),(58,27,59),(53,31,54),(31,52,50),(31,53,52),(31,30,54),(50,52,
   51),(123,44,168),(44,123,45),(123,168,174),(169,121,43),(42,43,154),(34,123,42),(49,48,32),(33,47,46),(123,34,45),(45,33,
   46),(32,48,47),(49,31,50),(31,49,32),(37,42,151),(1,147,146),(148,39,149),(149,38,150),(40,148,147),(151,42,152),(153,42,
   154),(107,161,160),(42,153,152),(37,151,150),(166,165,104),(166,103,125),(103,166,104),(103,126,125),(165,164,104),(105,162,106),(164,163,
   105),(105,163,162),(164,105,104),(106,162,161),(119,154,120),(156,155,117),(155,154,119),(118,155,119),(154,43,120),(116,156,117),(115,114,
   156),(156,116,115),(117,155,118),(156,114,157),(109,159,158),(107,106,161),(107,160,108),(160,159,108),(158,157,112),(158,112,111),(111,110,
   158),(109,108,159),(158,110,109),(112,157,113),(157,114,113),(120,43,121),(122,169,174),(172,84,173)),());
#383=COORDINATES_LIST('',174,((-315.808655,668.600952,2372.900879),(-315.510223,668.577209,2373.0354),(-315.224091,668.60144,2373.16333),(-314.950165,668.673645,2373.284424),(-314.688507,668.793884,2373.39917),(-314.439087,668.962158,2373.50708),(-314.144226,669.242737,2373.632568),(-313.898315,669.580017,2373.734863),(-313.701294,669.973877,2373.813721),(-313.553253,
   670.424377,2373.869141),(-313.454102,670.931458,2373.901367),(-313.398193,671.536072,2373.911865),(-313.407349,672.081787,2373.894531),(-313.481506,672.568604,2373.849365),(-313.620728,672.99646,2373.776367),(-313.825012,673.365417,2373.675781),(-314.017822,673.603027,2373.583496),(-314.235474,673.798401,2373.480957),(-314.477936,673.951599,2373.368408),(-314.745239,
   674.062683,2373.24585),(-315.037384,674.13147,2373.113037),(-315.323853,674.153381,2372.983887),(-315.600769,674.127686,2372.860107),(-315.868042,674.054443,2372.741943),(-316.125732,673.933594,2372.62915),(-316.37384,673.765137,2372.521729),(-316.670074,673.47467,2372.395996),(-316.920105,673.107849,2372.29248),(-317.123993,672.664612,2372.21167),(-317.281677,
   672.145081,2372.153564),(-317.393188,671.549194,2372.11792),(-317.436737,671.033325,2372.11084),(-317.417969,670.556702,2372.130859),(-317.336914,670.119202,2372.177979),(-317.193542,669.720947,2372.251953),(-316.987915,669.361816,2372.353027),(-316.796417,669.124451,2372.444824),(-316.582733,668.929688,2372.54541),(-316.346893,668.777527,2372.655029),(-316.088867,
   668.667908,2372.773438),(-315.808655,668.600952,2372.900879),(-318.401917,667.711731,2371.758301),(-318.501282,667.717224,2371.713379),(-318.628662,667.793396,2371.654541),(-318.784088,667.940125,2371.581055),(-318.96756,668.157532,2371.493408),(-319.179047,668.445557,2371.391602),(-319.615753,669.156189,2371.178223),(-319.933563,669.86554,2371.018311),(-320.132507,
   670.573425,2370.911865),(-320.212555,671.280029,2370.858643),(-320.173737,671.985229,2370.859131),(-319.979492,672.951172,2370.922852),(-319.679749,673.819885,2371.036377),(-319.274475,674.591492,2371.199463),(-318.763702,675.265869,2371.412354),(-318.1474,675.843079,2371.675049),(-317.55896,676.230286,2371.929932),(-316.918854,676.502869,2372.210693),(-316.227081,
   676.660767,2372.517334),(-315.483673,676.703979,2372.850098),(-314.688568,676.632568,2373.20874),(-313.886841,676.453552,2373.572998),(-313.176453,676.182373,2373.898682),(-312.557373,675.818909,2374.185303),(-312.029663,675.36322,2374.43335),(-311.593292,674.815308,2374.642578),(-311.160919,674.073669,2374.854736),(-310.856079,673.271362,2375.010986),(-310.678741,
   672.408386,2375.111572),(-310.628937,671.484863,2375.15625),(-310.706665,670.500671,2375.145264),(-310.862,669.813721,2375.092285),(-311.1315,669.161926,2374.987061),(-311.515137,668.545349,2374.829834),(-312.012939,667.963989,2374.620361),(-312.624908,667.417786,2374.358887),(-312.895386,667.205322,2374.242676),(-313.125031,667.052734,2374.143311),(-313.313873,
   666.9599,2374.060791),(-313.461884,666.927002,2373.995117),(-313.569092,666.953857,2373.946289),(-313.497223,666.974304,2373.978027),(-313.40332,666.939392,2374.020996),(-313.287354,666.849243,2374.075439),(-313.149353,666.703735,2374.140869),(-312.989288,666.502991,2374.217529),(-312.603912,665.86084,2374.40625),(-312.327332,665.195435,2374.546387),(-312.159546,
   664.506775,2374.638428),(-312.100525,663.794861,2374.682373),(-312.150269,663.059692,2374.677734),(-312.160095,662.989258,2374.675049),(-312.344025,662.077881,2374.614746),(-312.628571,661.26001,2374.506836),(-313.013702,660.535645,2374.351318),(-313.499451,659.904846,2374.148682),(-314.085846,659.367615,2373.898438),(-314.639862,658.974976,2373.65918),(-315.229645,
   658.69458,2373.401367),(-315.855194,658.526306,2373.124512),(-316.516541,658.470154,2372.828857),(-317.213654,658.526184,2372.514648),(-317.875031,658.683228,2372.213867),(-318.482147,658.938232,2371.935059),(-319.035004,659.291321,2371.678467),(-319.5336,659.742432,2371.443604),(-319.977936,660.291565,2371.230713),(-320.380646,660.983948,2371.033203),(-320.664154,
   661.735352,2370.887695),(-320.828491,662.545898,2370.794189),(-320.873657,663.415466,2370.75293),(-320.799622,664.344055,2370.763428),(-320.789795,664.414551,2370.766113),(-320.63678,665.133484,2370.817383),(-320.385956,665.796814,2370.914063),(-320.037384,666.40448,2371.055664),(-319.591003,666.956543,2371.242676),(-319.046875,667.452881,2371.474854),(-318.850769,
   667.597839,2371.55957),(-318.688232,667.696167,2371.630127),(-318.559235,667.747925,2371.686768),(-318.463806,667.753113,2371.729492),(-318.401917,667.711731,2371.758301),(-316.864868,661.027283,2372.610596),(-316.605225,661.006714,2372.727539),(-316.355988,661.028137,2372.838867),(-316.117157,661.091431,2372.94458),(-315.888702,661.196716,2373.044678),(-315.670624,
   661.343933,2373.138916),(-315.44281,661.580383,2373.235596),(-315.245972,661.905151,2373.315918),(-315.080139,662.318298,2373.380371),(-314.945251,662.819824,2373.428711),(-314.841339,663.409729,2373.461182),(-314.831512,663.480164,2373.463867),(-314.778809,664.013306,2373.474609),(-314.777893,664.485413,2373.463623),(-314.828796,664.896606,2373.430664),(-314.931519,
   665.246765,2373.375977),(-315.086029,665.535889,2373.299805),(-315.254578,665.743774,2373.218994),(-315.444519,665.914673,2373.129639),(-315.655853,666.048584,2373.031494),(-315.88858,666.145569,2372.924561),(-316.1427,666.205566,2372.809082),(-316.390411,666.224243,2372.69751),(-316.630371,666.201416,2372.590332),(-316.86261,666.137024,2372.487549),(-317.087097,
   666.031128,2372.389404),(-317.303833,665.883667,2372.295654),(-317.53067,665.654297,2372.199219),(-317.724548,665.350647,2372.119629),(-317.885498,664.972778,2372.056641),(-318.013489,664.520569,2372.01001),(-318.108582,663.99408,2371.980225),(-318.118378,663.923584,2371.977539),(-318.179932,663.327087,2371.964355),(-318.187714,662.805603,2371.973389),(-318.141724,
   662.359253,2372.004883),(-318.041962,661.987976,2372.058838),(-317.888428,661.691772,2372.134766),(-317.721191,661.48407,2372.215088),(-317.535217,661.313843,2372.30249),(-317.330505,661.180908,2372.397705),(-317.107056,661.085449,2372.500488),(-316.864868,661.027283,2372.610596),(-318.564972,667.75531,2371.684082),(-318.533142,667.736267,2371.69873),(-313.387878,
   666.943481,2374.027832),(-313.424866,666.935242,2374.011475),(-313.406372,666.939331,2374.019775),(-313.404358,666.939758,2374.020752),(-318.553192,667.74823,2371.689453)));
#384=COMPLEX_TRIANGULATED_SURFACE_SET('',#383,171,((-0.409466,0.022136,0.912057)),(),((12,70,69),(11,72,71),(70,11,71),(69,68,12),(14,67,66),(12,11,70),(67,13,68),(13,12,
   68),(66,65,15),(72,11,74),(74,11,75),(75,10,76),(77,76,10),(72,74,73),(79,78,8),(77,9,78),(79,83,80),(8,83,
   79),(83,173,170),(10,9,77),(10,75,11),(64,18,17),(18,64,63),(15,65,16),(17,16,64),(15,14,66),(63,62,20),(20,19,
   63),(21,20,62),(63,19,18),(13,67,14),(83,8,82),(9,8,78),(82,6,5),(82,7,6),(144,3,2),(143,4,3),(142,5,
   4),(82,8,7),(21,62,22),(64,16,65),(145,2,1),(89,137,136),(136,91,90),(89,136,90),(88,137,89),(86,85,81),(85,84,
   171),(138,86,81),(88,87,137),(138,87,86),(94,93,135),(95,94,135),(134,96,95),(121,169,122),(93,92,136),(98,97,133),(96,134,
   97),(98,132,99),(100,99,131),(85,171,81),(93,136,135),(80,83,170),(92,91,136),(138,81,82),(140,139,82),(138,137,87),(139,138,
   82),(143,3,144),(141,82,5),(141,5,142),(142,4,143),(140,82,141),(132,98,133),(130,100,131),(100,130,101),(99,132,131),(133,97,
   134),(128,102,101),(128,101,129),(102,127,126),(127,102,128),(102,126,103),(129,101,130),(135,134,95),(2,145,144),(171,84,172),(145,1,
   146),(22,61,23),(61,22,62),(24,23,61),(60,25,24),(24,61,60),(27,26,59),(60,26,25),(58,28,27),(57,29,28),(29,56,
   30),(37,36,42),(149,39,38),(148,40,39),(38,37,150),(34,33,45),(35,34,42),(32,47,33),(36,35,42),(26,60,59),(147,1,
   40),(57,28,58),(56,55,30),(29,57,56),(55,54,30),(58,27,59),(53,31,54),(31,52,50),(31,53,52),(31,30,54),(50,52,
   51),(123,44,168),(44,123,45),(123,168,174),(169,121,43),(42,43,154),(34,123,42),(49,48,32),(33,47,46),(123,34,45),(45,33,
   46),(32,48,47),(49,31,50),(31,49,32),(37,42,151),(1,147,146),(148,39,149),(149,38,150),(40,148,147),(151,42,152),(153,42,
   154),(107,161,160),(42,153,152),(37,151,150),(166,165,104),(166,103,125),(103,166,104),(125,103,126),(165,164,104),(105,162,106),(164,163,
   105),(105,163,162),(164,105,104),(106,162,161),(119,154,120),(156,155,117),(155,154,119),(118,155,119),(154,43,120),(116,156,117),(115,114,
   156),(156,116,115),(117,155,118),(156,114,157),(109,159,158),(107,106,161),(107,160,108),(160,159,108),(158,157,112),(158,112,111),(111,110,
   158),(109,108,159),(158,110,109),(112,157,113),(157,114,113),(120,43,121),(122,169,174),(172,84,173)),());
#385=COORDINATES_LIST('',4,((-325.381104,675.393616,2368.438477),(-324.983185,678.246948,2368.547852),(-322.235748,677.816101,2369.791748),(-322.633667,674.962769,2369.682373)));
#386=COMPLEX_TRIANGULATED_SURFACE_SET('',#385,4,((-0.409466,0.022136,0.912057)),(),((4,3,2),(2,1,4)),());
#387=COORDINATES_LIST('',7,((-335.211609,679.850891,2363.916992),(-341.41156,664.984558,2361.494385),(-335.420135,664.045044,2364.207031),(-335.783691,661.438293,2364.106934),(-344.522522,662.808655,2360.150391),(-344.188477,665.204041,2360.242188),(-337.992157,680.286926,2362.657959)));
#388=COMPLEX_TRIANGULATED_SURFACE_SET('',#387,7,((-0.409466,0.022136,0.912057)),(),((4,3,2),(7,2,1),(2,7,6),(6,5,2),(2,5,4)),());
#389=COORDINATES_LIST('',16,((-447.828552,697.511047,2312.929199),(-448.177338,695.009949,2312.833252),(-448.393494,693.460022,2312.773926),(-442.832428,692.587952,2315.291504),(-443.14682,690.333435,2315.205078),(-450.519135,679.430664,2312.159912),(-453.101044,679.83551,2310.990967),(-451.504456,691.284119,2311.429932),(-453.25885,691.559204,2310.635742),(-452.895325,
   694.165955,2310.735596),(-451.14093,693.890869,2311.529785),(-450.575989,697.941895,2311.685303),(-448.757019,690.853271,2312.673828),(-449.508667,685.463623,2312.467285),(-446.141998,690.443176,2313.85791),(-445.612976,693.023987,2314.032715)));
#390=COMPLEX_TRIANGULATED_SURFACE_SET('',#389,16,((-0.409466,0.022136,0.912057)),(),((2,1,12),(5,15,14),(4,16,5),(3,13,15),(11,13,3),(3,15,16),(3,2,11),(5,16,
   15),(8,13,11),(11,10,8),(8,10,9),(14,6,5),(6,14,7),(8,7,14),(13,8,14),(11,2,12)),());
#391=COORDINATES_LIST('',82,((-454.988098,689.346619,2309.913086),(-455.355988,687.329468,2309.796875),(-455.858398,685.589661,2309.613525),(-456.4953,684.127319,2309.363037),(-457.266724,682.942322,2309.04541),(-458.172638,682.034729,2308.660889),(-458.769897,681.622986,2308.402588),(-459.375702,681.32489,2308.137939),(-459.98996,681.140442,2307.866699),(-460.612762,
   681.069641,2307.588623),(-461.24408,681.112488,2307.304199),(-461.848114,681.263367,2307.029297),(-462.415649,681.520813,2306.768311),(-462.946686,681.884888,2306.52124),(-463.441223,682.35553,2306.287598),(-463.899231,682.932739,2306.068115),(-464.518616,684.079529,2305.762207),(-464.933594,685.450562,2305.54248),(-465.144073,687.045837,2305.409424),(-465.150116,
   688.865295,2305.362549),(-464.951691,690.909058,2305.401855),(-464.580261,692.951599,2305.519043),(-464.075104,694.71106,2305.703125),(-463.436218,696.187561,2305.954346),(-462.663635,697.380981,2306.272217),(-461.757324,698.291443,2306.656982),(-461.161377,698.703369,2306.914551),(-460.55957,699.002075,2307.17749),(-459.951904,699.187561,2307.445801),(-459.338379,
   699.259827,2307.719482),(-458.718994,699.218872,2307.998535),(-458.103027,699.066101,2308.278809),(-457.526215,698.80719,2308.543945),(-456.988556,698.442078,2308.794189),(-456.490082,697.970825,2309.029297),(-456.030731,697.393433,2309.249512),(-455.411713,696.243774,2309.55542),(-454.997955,694.864319,2309.774658),(-454.789429,693.254944,2309.907471),(-454.786133,
   691.41571,2309.953369),(-454.988098,689.346619,2309.913086),(-462.204254,690.47821,2306.645996),(-462.380829,688.785278,2306.607666),(-462.407471,687.313599,2306.631348),(-462.28418,686.063171,2306.717041),(-462.010956,685.033997,2306.864746),(-461.58783,684.226135,2307.074463),(-461.460327,684.063538,2307.135498),(-461.325836,683.93158,2307.199219),(-461.184357,
   683.830261,2307.265137),(-461.03595,683.75946,2307.333496),(-460.880524,683.719238,2307.404297),(-460.708893,683.70813,2307.481445),(-460.538208,683.728882,2307.557617),(-460.36853,683.781494,2307.632568),(-460.199799,683.865906,2307.706299),(-460.032043,683.982117,2307.778809),(-459.413727,684.661255,2308.039795),(-458.878235,685.580872,2308.258057),(-458.425537,
   686.740967,2308.433105),(-458.055664,688.141602,2308.565186),(-457.768646,689.782654,2308.654053),(-457.587219,691.500732,2308.693848),(-457.553833,692.991577,2308.672607),(-457.668549,694.255005,2308.590576),(-457.931305,695.291199,2308.44751),(-458.342133,696.100037,2308.243408),(-458.470978,696.262756,2308.181641),(-458.609436,696.395386,2308.116211),(-458.757507,
   696.497742,2308.047119),(-458.915222,696.570007,2307.974609),(-459.08252,696.612122,2307.898438),(-459.242249,696.621277,2307.82666),(-459.403656,696.599121,2307.754639),(-459.566742,696.545471,2307.682861),(-459.731476,696.460449,2307.61084),(-459.897888,696.343994,2307.539063),(-460.523834,695.697754,2307.273682),(-461.067413,694.788025,2307.051758),(-461.528687,
   693.614868,2306.873047),(-461.907623,692.178284,2306.737793),(-462.204254,690.47821,2306.645996)));
#392=COMPLEX_TRIANGULATED_SURFACE_SET('',#391,80,((-0.409466,0.022136,0.912057)),(),((64,38,37),(66,65,36),(37,36,65),(35,66,36),(40,39,63),(64,63,39),(64,39,38),(37,65,
   64),(40,63,62),(35,34,66),(69,33,32),(71,31,72),(31,71,32),(72,31,73),(70,32,71),(66,34,67),(69,68,33),(70,69,
   32),(67,33,68),(67,34,33),(2,1,62),(2,61,3),(62,61,2),(1,40,62),(3,61,60),(3,60,4),(5,4,60),(5,59,
   6),(6,58,7),(59,5,60),(58,8,7),(56,55,9),(57,56,9),(58,57,8),(8,57,9),(10,54,53),(10,9,55),(10,53,
   11),(54,10,55),(58,6,59),(74,73,30),(75,30,29),(30,75,74),(73,31,30),(77,29,28),(76,75,29),(78,77,28),(26,79,
   78),(76,29,77),(78,28,27),(26,25,79),(80,25,24),(25,80,79),(24,23,80),(80,23,81),(42,22,21),(22,42,81),(42,21,
   20),(23,22,81),(26,78,27),(50,49,12),(13,47,14),(48,47,13),(49,48,13),(52,11,53),(11,52,51),(50,12,51),(12,49,
   13),(51,12,11),(47,46,14),(17,45,44),(43,20,19),(20,43,42),(43,19,44),(18,44,19),(46,15,14),(45,17,16),(15,46,
   16),(17,44,18),(46,45,16)),());
#393=COORDINATES_LIST('',105,((-771.888672,732.094238,2166.604004),(-772.088562,732.11261,2166.513916),(-772.275452,732.103027,2166.430176),(-772.449402,732.065491,2166.353027),(-772.610352,732.000061,2166.282227),(-772.758362,731.906616,2166.218018),(-772.874512,731.799561,2166.168457),(-772.971375,731.669312,2166.128174),(-773.049011,731.51593,2166.097168),(-773.107361,
   731.339294,2166.075195),(-773.146484,731.139526,2166.0625),(-773.163757,730.934937,2166.05957),(-773.156677,730.743774,2166.067383),(-773.125244,730.56604,2166.085938),(-773.069397,730.401794,2166.11499),(-772.989258,730.250977,2166.154541),(-772.871338,730.128784,2166.210449),(-772.733765,730.026611,2166.274658),(-772.576477,729.944336,2166.347412),(-772.399597,
   729.88208,2166.428223),(-772.203064,729.839722,2166.517578),(-772.004761,729.820129,2166.606934),(-771.822571,729.826111,2166.688721),(-771.656494,729.857666,2166.762451),(-771.506592,729.914795,2166.828369),(-771.372742,729.997498,2166.886475),(-771.242432,730.115295,2166.942139),(-771.134521,730.253845,2166.987305),(-771.049011,730.413208,2167.021729),(-770.985962,
   730.593384,2167.045654),(-770.945251,730.794373,2167.059082),(-770.931152,730.986511,2167.060791),(-770.943726,731.168518,2167.050781),(-770.983032,731.340271,2167.028809),(-771.049072,731.50177,2166.995361),(-771.141846,731.653137,2166.949951),(-771.256592,731.78772,2166.895264),(-771.388672,731.89917,2166.833252),(-771.538086,731.987366,2166.763916),(-771.704712,
   732.052429,2166.6875),(-771.888672,732.094238,2166.604004),(-771.638123,733.890747,2166.672852),(-771.176453,733.783813,2166.882813),(-770.754517,733.613953,2167.076172),(-770.372253,733.381226,2167.253662),(-770.029663,733.085632,2167.414551),(-769.726807,732.727112,2167.559082),(-769.478943,732.326843,2167.680176),(-769.301453,731.905884,2167.77002),(-769.194336,
   731.464355,2167.828857),(-769.157593,731.002136,2167.856689),(-769.191162,730.519287,2167.853271),(-769.290833,730.046814,2167.820068),(-769.452148,729.615662,2167.758057),(-769.675232,729.225891,2167.667236),(-769.960022,728.877441,2167.547852),(-770.306458,728.570374,2167.399902),(-770.694275,728.32019,2167.231934),(-771.102844,728.142334,2167.052734),(-771.532288,
   728.036926,2166.862549),(-771.982544,728.003845,2166.661133),(-772.453613,728.043152,2166.44873),(-772.915283,728.150146,2166.23877),(-773.33728,728.319946,2166.045166),(-773.719543,728.552673,2165.86792),(-774.062073,728.848328,2165.707031),(-774.36499,729.206848,2165.562256),(-774.612793,729.607117,2165.441406),(-774.790283,730.028015,2165.351563),(-774.8974,
   730.469543,2165.292725),(-774.934143,730.931763,2165.264893),(-774.900574,731.414612,2165.268311),(-774.800964,731.887085,2165.301514),(-774.639587,732.318237,2165.363525),(-774.416565,732.708008,2165.454102),(-774.131775,733.056458,2165.573486),(-773.785278,733.363525,2165.72168),(-773.397522,733.61377,2165.889648),(-772.988953,733.791565,2166.068848),(-772.559509,
   733.897034,2166.259033),(-772.109253,733.930054,2166.460449),(-771.638123,733.890747,2166.672852),(-755.659729,732.536987,2173.87915),(-756.057678,729.683655,2173.769775),(-769.368103,731.770935,2167.743408),(-771.643066,734.107483,2166.665283),(-770.421692,738.177979,2167.11499),(-768.36499,741.483948,2167.958008),(-765.473022,744.025391,2169.19458),(-761.745789,
   745.802246,2170.824951),(-757.183228,746.814636,2172.848633),(-755.399597,743.727173,2173.724365),(-759.608398,743.074036,2171.850586),(-763.025146,741.830139,2170.346924),(-765.649841,739.995544,2169.213135),(-767.482483,737.57019,2168.449219),(-768.523071,734.554138,2168.055176),(-769.264771,731.7547,2167.790283),(-762.661255,730.719177,2170.780029),(-765.963013,
   731.236938,2169.285156),(-771.371948,733.829102,2166.793945),(-770.370056,732.799988,2167.268555),(-769.86908,732.285461,2167.506104),(-770.871033,733.314575,2167.03125),(-762.091431,733.545532,2170.967285)));
#394=COMPLEX_TRIANGULATED_SURFACE_SET('',#393,103,((-0.409466,0.022136,0.912057)),(),((92,91,93),(94,93,90),(90,93,91),(94,90,89),(84,105,99),(105,97,100),(88,96,95),(87,97,
   96),(94,89,95),(100,99,105),(88,95,89),(97,46,47),(43,44,97),(47,48,97),(97,44,45),(45,46,97),(104,38,102),(100,49,
   98),(51,50,85),(102,38,37),(97,48,49),(35,103,36),(43,97,87),(87,96,88),(53,52,31),(31,52,51),(32,31,51),(31,30,
   53),(85,32,51),(53,30,54),(54,29,55),(55,28,56),(27,57,56),(57,26,58),(58,25,59),(29,54,30),(32,85,33),(103,34,
   33),(103,33,85),(27,56,28),(26,25,58),(57,27,26),(25,24,59),(60,23,61),(24,23,60),(60,59,24),(85,50,98),(28,55,
   29),(101,1,104),(101,43,86),(1,42,2),(1,40,104),(81,2,42),(2,81,3),(43,87,86),(39,104,40),(79,5,4),(78,6,
   5),(4,3,80),(81,80,3),(79,78,5),(6,78,77),(7,77,76),(6,77,7),(75,8,76),(7,76,8),(8,75,9),(10,74,
   73),(74,10,9),(10,73,72),(74,9,75),(79,4,80),(19,18,64),(66,17,16),(65,18,17),(64,18,65),(22,21,62),(62,21,
   20),(62,61,22),(19,63,20),(63,19,64),(100,97,49),(20,63,62),(105,84,83),(16,15,67),(22,61,23),(70,13,12),(69,14,
   13),(72,71,12),(72,11,10),(72,12,11),(71,70,12),(67,66,16),(65,17,66),(1,101,42),(14,69,68),(67,15,68),(36,103,
   102),(13,70,69),(36,102,37),(103,35,34),(14,68,15),(38,104,39)),());
#395=COORDINATES_LIST('',21,((-781.907471,746.94812,2161.745605),(-784.752869,746.615356,2160.476074),(-787.389221,745.786133,2159.312744),(-789.816406,744.46051,2158.255127),(-792.034424,742.638489,2157.303711),(-794.043396,740.320007,2156.458008),(-795.87616,742.803162,2155.574951),(-793.484924,745.403015,2156.585449),(-790.713623,747.442078,2157.780029),(-787.562195,
   748.920532,2159.158936),(-784.030701,749.838257,2160.722168),(-780.119019,750.195374,2162.469727),(-778.522156,748.541077,2163.226807),(-778.870972,747.803833,2163.088135),(-780.963745,732.797363,2162.512695),(-783.336914,733.169556,2161.438232),(-783.957397,733.377686,2161.154541),(-784.297607,733.61969,2160.996094),(-784.357544,733.895447,2160.962402),(-784.137268,
   734.205017,2161.053711),(-783.636658,734.548401,2161.270264)));
#396=COMPLEX_TRIANGULATED_SURFACE_SET('',#395,21,((-0.409466,0.022136,0.912057)),(),((14,13,12),(1,21,14),(1,12,11),(1,14,12),(15,14,21),(15,21,16),(17,20,18),(17,16,
   21),(19,18,20),(20,17,21),(2,11,10),(3,10,9),(10,3,2),(3,9,4),(5,4,8),(5,7,6),(7,5,8),(4,9,
   8),(2,1,11)),());
#397=COORDINATES_LIST('',4,((-798.30835,745.2724,2154.423096),(-798.706238,742.419067,2154.313721),(-818.792297,745.568848,2145.219727),(-818.394348,748.422241,2145.329102)));
#398=COMPLEX_TRIANGULATED_SURFACE_SET('',#397,4,((-0.409466,0.022136,0.912057)),(),((2,1,3),(4,3,1)),());
#399=COORDINATES_LIST('',30,((-841.801819,748.421204,2134.820313),(-839.119751,751.806213,2135.942383),(-836.073303,754.336365,2137.248535),(-832.662476,756.011658,2138.739258),(-828.887207,756.832153,2140.414307),(-824.74762,756.797852,2142.273438),(-824.379883,757.357849,2142.425049),(-824.039307,757.602539,2142.572021),(-823.72583,757.531738,2142.714355),(-823.439453,
   757.14563,2142.852295),(-823.180237,756.444031,2142.98584),(-822.728088,753.385437,2143.262939),(-827.078857,753.57959,2141.304932),(-830.937012,752.950623,2139.588135),(-834.302673,751.498596,2138.112549),(-837.175781,749.22345,2136.877686),(-839.556335,746.125244,2135.884277),(-829.036743,747.211365,2140.580566),(-828.132874,746.081848,2141.013916),(-827.233337,
   745.022156,2141.443359),(-826.338074,744.032227,2141.869385),(-825.447144,743.112122,2142.291748),(-824.560547,742.26178,2142.710205),(-826.943481,740.043701,2141.694336),(-827.763062,740.800049,2141.308105),(-828.641602,741.698059,2140.891846),(-829.579102,742.737793,2140.445801),(-830.575562,743.91925,2139.969727),(-831.630981,745.242371,2139.463623),(-829.036743,
   747.211365,2140.580566)));
#400=COMPLEX_TRIANGULATED_SURFACE_SET('',#399,29,((-0.409466,0.022136,0.912057)),(),((6,12,11),(6,11,10),(9,8,7),(6,10,7),(7,10,9),(22,21,26),(23,22,24),(26,25,
   22),(20,27,21),(24,22,25),(26,21,27),(13,12,6),(13,5,14),(5,13,6),(14,5,4),(4,3,15),(15,2,16),(2,15,
   3),(4,15,14),(28,19,29),(27,20,28),(19,18,29),(28,20,19),(16,1,17),(1,16,2)),());
#401=COORDINATES_LIST('',12,((-862.880493,758.062073,2125.123291),(-862.482605,760.915405,2125.232666),(-844.494568,758.094604,2133.376709),(-844.892517,755.241272,2133.267334),(-852.355957,756.411682,2129.888184),(-853.446594,748.591431,2129.588379),(-847.427612,747.647583,2132.313477),(-847.825562,744.79425,2132.204102),(-862.649353,747.118835,2125.492676),(-862.251404,
   749.972168,2125.602051),(-856.335632,749.044495,2128.280273),(-855.245056,756.864746,2128.580078)));
#402=COMPLEX_TRIANGULATED_SURFACE_SET('',#401,12,((-0.409466,0.022136,0.912057)),(),((4,3,5),(5,3,12),(8,7,6),(8,6,9),(5,11,6),(12,2,1),(2,12,3),(11,10,
   9),(11,9,6),(12,11,5)),());
#403=COORDINATES_LIST('',30,((-887.614502,755.605347,2114.078613),(-884.932434,758.990356,2115.200439),(-881.885986,761.520508,2116.506836),(-878.475159,763.195801,2117.997314),(-874.699951,764.016296,2119.672363),(-870.560303,763.981995,2121.531738),(-870.192566,764.542053,2121.683105),(-869.85199,764.786682,2121.830078),(-869.538513,764.715942,2121.972656),(-869.252136,
   764.329773,2122.110596),(-868.99292,763.628174,2122.243896),(-868.540833,760.56958,2122.52124),(-872.891541,760.763733,2120.563232),(-876.749695,760.134766,2118.846436),(-880.115356,758.682739,2117.370605),(-882.988464,756.407593,2116.135986),(-885.369019,753.309387,2115.142334),(-874.849487,754.395508,2119.838623),(-873.945557,753.265991,2120.271973),(-873.046021,
   752.206299,2120.701416),(-872.150757,751.216431,2121.127441),(-871.259827,750.296265,2121.549805),(-870.37323,749.445984,2121.968506),(-872.756226,747.227844,2120.952393),(-873.575745,747.984192,2120.566162),(-874.454285,748.882202,2120.149902),(-875.391785,749.921936,2119.703857),(-876.388245,751.103394,2119.227783),(-877.443726,752.426575,2118.721924),(-874.849487,
   754.395508,2119.838623)));
#404=COMPLEX_TRIANGULATED_SURFACE_SET('',#403,29,((-0.409466,0.022136,0.912057)),(),((6,12,11),(6,11,10),(9,8,7),(6,10,7),(7,10,9),(22,21,26),(23,22,24),(26,25,
   22),(20,27,21),(24,22,25),(26,21,27),(13,12,6),(13,5,14),(5,13,6),(14,5,4),(4,3,15),(15,2,16),(2,15,
   3),(4,15,14),(28,19,29),(27,20,28),(19,18,29),(28,20,19),(16,1,17),(1,16,2)),());
#405=COORDINATES_LIST('',45,((-906.555847,764.443115,2105.360352),(-904.811584,763.210632,2106.17334),(-903.257935,762.163574,2106.89624),(-901.894958,761.30188,2107.529053),(-900.722595,760.62561,2108.071777),(-899.740906,760.134705,2108.524414),(-898.478333,769.187866,2108.871582),(-895.623657,768.740234,2110.164063),(-898.212585,750.175903,2109.452393),(-900.413818,
   750.521118,2108.455811),(-901.127014,750.759644,2108.129639),(-901.529358,751.03009,2107.942627),(-901.620728,751.332397,2107.894287),(-901.401245,751.666565,2107.984619),(-900.870789,752.032654,2108.213867),(-900.178101,756.999573,2108.404297),(-901.72052,757.764099,2107.693359),(-903.313293,758.631592,2106.957275),(-904.95636,759.60199,2106.196045),(-906.649719,
   760.675293,2105.409668),(-908.393433,761.851563,2104.598389),(-907.184631,756.658447,2105.26709),(-906.607361,755.716919,2105.549072),(-906.011658,754.827271,2105.838135),(-905.397461,753.989441,2106.134277),(-904.764771,753.203369,2106.437256),(-904.113647,752.469177,2106.747314),(-906.137939,751.31073,2105.866699),(-906.768799,752.018738,2105.566406),(-907.387939,
   752.791138,2105.269531),(-907.995239,753.62793,2104.976563),(-908.590759,754.529053,2104.6875),(-909.1745,755.494629,2104.401855),(-909.479126,755.326416,2104.269287),(-909.000122,754.506836,2104.50415),(-908.459473,753.686279,2104.766846),(-907.857056,752.864685,2105.057129),(-907.192932,752.042053,2105.375244),(-906.467102,751.218384,2105.721191),(-908.525818,
   750.065369,2104.824951),(-909.146667,750.734375,2104.530029),(-909.751465,751.478577,2104.240479),(-910.340088,752.298035,2103.956299),(-910.912598,753.192688,2103.67749),(-911.469055,754.162598,2103.404053)));
#406=COMPLEX_TRIANGULATED_SURFACE_SET('',#405,45,((-0.409466,0.022136,0.912057)),(),((8,7,6),(17,16,6),(8,6,9),(17,6,5),(9,6,16),(18,4,3),(19,3,2),(18,3,
   19),(18,17,4),(28,25,29),(4,17,5),(15,14,11),(15,10,9),(10,15,11),(14,12,11),(15,9,16),(27,26,28),(28,26,
   25),(13,12,14),(20,2,1),(23,22,32),(30,24,23),(20,19,2),(22,33,32),(35,34,44),(21,20,1),(31,23,32),(30,29,
   24),(40,37,41),(38,40,39),(40,38,37),(30,23,31),(44,43,35),(35,43,36),(42,41,37),(42,36,43),(42,37,36),(45,44,
   34),(24,29,25)),());
#407=COORDINATES_LIST('',105,((-1312.856934,816.926453,1921.678711),(-1313.056763,816.944824,1921.588501),(-1313.243774,816.935242,1921.504883),(-1313.417603,816.897705,1921.427612),(-1313.578613,816.832275,1921.356934),(-1313.726563,816.738831,1921.292847),(-1313.842773,816.631775,1921.243286),(-1313.939697,816.501526,1921.202881),(-1314.017334,816.348145,1921.171753),(-1314.075684,
   816.171509,1921.149902),(-1314.114746,815.971741,1921.137207),(-1314.13208,815.767151,1921.134399),(-1314.125,815.575989,1921.142212),(-1314.093506,815.398254,1921.160645),(-1314.03772,815.234009,1921.189697),(-1313.95752,815.083191,1921.22937),(-1313.8396,814.960999,1921.285278),(-1313.702026,814.858826,1921.349487),(-1313.5448,814.77655,1921.422119),(-1313.36792,
   814.714294,1921.50293),(-1313.171387,814.671936,1921.592285),(-1312.973022,814.652344,1921.681763),(-1312.790894,814.658325,1921.763428),(-1312.624756,814.68988,1921.837158),(-1312.474854,814.747009,1921.903076),(-1312.340942,814.829712,1921.961182),(-1312.210693,814.94751,1922.016846),(-1312.102783,815.08606,1922.06189),(-1312.017334,815.245422,1922.096436),(-1311.954224,
   815.425598,1922.120361),(-1311.913574,815.626587,1922.133789),(-1311.899414,815.818726,1922.135498),(-1311.911987,816.000732,1922.125366),(-1311.951294,816.172485,1922.103638),(-1312.017334,816.333984,1922.069946),(-1312.110107,816.485352,1922.024658),(-1312.224854,816.619934,1921.969849),(-1312.356934,816.731384,1921.907837),(-1312.506348,816.81958,1921.838745),(-1312.672974,
   816.884644,1921.762329),(-1312.856934,816.926453,1921.678711),(-1312.606445,818.722961,1921.747559),(-1312.144775,818.616028,1921.957397),(-1311.722778,818.446167,1922.151001),(-1311.340454,818.21344,1922.328247),(-1310.997925,817.917847,1922.489258),(-1310.695068,817.559326,1922.633911),(-1310.447266,817.159058,1922.754883),(-1310.269775,816.738098,1922.844727),(-1310.162598,
   816.29657,1922.903564),(-1310.125854,815.834351,1922.931274),(-1310.159424,815.351501,1922.927979),(-1310.259033,814.879028,1922.894653),(-1310.42041,814.447876,1922.832764),(-1310.643433,814.058105,1922.742065),(-1310.928223,813.709656,1922.622681),(-1311.27478,813.402588,1922.474487),(-1311.662476,813.152405,1922.306519),(-1312.071045,812.974548,1922.127441),(-1312.500488,
   812.869141,1921.937134),(-1312.950806,812.83606,1921.73584),(-1313.421875,812.875366,1921.523315),(-1313.883545,812.982361,1921.313477),(-1314.305542,813.152161,1921.119995),(-1314.687744,813.384888,1920.942627),(-1315.030396,813.680542,1920.781738),(-1315.333252,814.039063,1920.637085),(-1315.581055,814.439331,1920.516113),(-1315.758545,814.860229,1920.426147),(-1315.865723,
   815.301758,1920.36731),(-1315.902466,815.763977,1920.3396),(-1315.868896,816.246826,1920.343018),(-1315.769165,816.719299,1920.376221),(-1315.60791,817.150452,1920.438232),(-1315.384766,817.540222,1920.528931),(-1315.099976,817.888672,1920.648315),(-1314.75354,818.19574,1920.796387),(-1314.365723,818.445984,1920.964355),(-1313.957153,818.623779,1921.143555),(-1313.52771,
   818.729248,1921.33374),(-1313.077515,818.762268,1921.535156),(-1312.606445,818.722961,1921.747559),(-1296.628052,817.369202,1928.953857),(-1297.025879,814.515869,1928.844482),(-1310.336304,816.603149,1922.818115),(-1312.611328,818.939697,1921.740112),(-1311.389893,823.010193,1922.189575),(-1309.333252,826.316162,1923.032715),(-1306.441284,828.857605,1924.269409),(-1302.713989,
   830.63446,1925.899658),(-1298.151489,831.646851,1927.92334),(-1296.367798,828.559387,1928.799072),(-1300.57666,827.90625,1926.925415),(-1303.993408,826.662354,1925.421631),(-1306.618042,824.827759,1924.287842),(-1308.450684,822.402405,1923.523926),(-1309.491333,819.386353,1923.130005),(-1310.233032,816.586914,1922.864868),(-1303.629517,815.551392,1925.854736),(-1306.931274,
   816.069153,1924.359741),(-1312.340332,818.661316,1921.86853),(-1311.338257,817.632202,1922.343384),(-1310.83728,817.117676,1922.580688),(-1311.839355,818.14679,1922.105957),(-1303.059692,818.377808,1926.041992)));
#408=COMPLEX_TRIANGULATED_SURFACE_SET('',#407,103,((-0.409466,0.022136,0.912057)),(),((92,91,93),(94,93,90),(90,93,91),(94,90,89),(84,105,99),(105,97,100),(88,96,95),(87,97,
   96),(94,89,95),(100,99,105),(88,95,89),(97,46,47),(43,44,97),(47,48,97),(97,44,45),(45,46,97),(104,38,102),(100,49,
   98),(51,50,85),(102,38,37),(97,48,49),(35,103,36),(43,97,87),(87,96,88),(53,52,31),(31,52,51),(32,31,51),(31,30,
   53),(85,32,51),(53,30,54),(54,29,55),(55,28,56),(27,57,56),(57,26,58),(58,25,59),(29,54,30),(32,85,33),(103,34,
   33),(103,33,85),(27,56,28),(26,25,58),(57,27,26),(25,24,59),(60,23,61),(24,23,60),(60,59,24),(85,50,98),(28,55,
   29),(101,1,104),(101,43,86),(1,42,2),(1,40,104),(81,2,42),(2,81,3),(43,87,86),(39,104,40),(79,5,4),(78,6,
   5),(4,3,80),(81,80,3),(79,78,5),(6,78,77),(7,77,76),(6,77,7),(75,8,76),(7,76,8),(8,75,9),(10,74,
   73),(74,10,9),(10,73,72),(74,9,75),(79,4,80),(19,18,64),(66,17,16),(65,18,17),(64,18,65),(22,21,62),(62,21,
   20),(62,61,22),(19,63,20),(63,19,64),(100,97,49),(20,63,62),(105,84,83),(16,15,67),(22,61,23),(70,13,12),(69,14,
   13),(72,71,12),(72,11,10),(72,12,11),(71,70,12),(67,66,16),(65,17,66),(1,101,42),(14,69,68),(67,15,68),(36,103,
   102),(13,70,69),(36,102,37),(103,35,34),(14,68,15),(38,104,39)),());
#409=COORDINATES_LIST('',21,((-1322.875732,831.780334,1916.820313),(-1325.721191,831.447571,1915.550903),(-1328.357422,830.618347,1914.387451),(-1330.784668,829.292725,1913.329956),(-1333.002686,827.470703,1912.378418),(-1335.011597,825.152222,1911.532715),(-1336.84436,827.635376,1910.649658),(-1334.453247,830.235229,1911.660034),(-1331.681885,832.274292,1912.854736),(-1328.530518,
   833.752747,1914.233765),(-1324.998901,834.670471,1915.796875),(-1321.08728,835.027588,1917.544312),(-1319.490356,833.373291,1918.301392),(-1319.839233,832.636047,1918.16272),(-1321.932007,817.629578,1917.587402),(-1324.305176,818.00177,1916.512939),(-1324.925659,818.2099,1916.22937),(-1325.265869,818.451904,1916.070679),(-1325.325806,818.727661,1916.037109),(-1325.105469,
   819.037231,1916.12854),(-1324.60498,819.380615,1916.344849)));
#410=COMPLEX_TRIANGULATED_SURFACE_SET('',#409,21,((-0.409466,0.022136,0.912057)),(),((14,13,12),(1,21,14),(1,12,11),(1,14,12),(15,14,21),(15,21,16),(17,20,18),(17,16,
   21),(19,18,20),(20,17,21),(2,11,10),(3,10,9),(10,3,2),(3,9,4),(5,4,8),(5,7,6),(7,5,8),(4,9,
   8),(2,1,11)),());
#411=COORDINATES_LIST('',4,((-1339.276611,830.104614,1909.497803),(-1339.674561,827.251282,1909.388428),(-1359.760498,830.401062,1900.294434),(-1359.362671,833.254456,1900.403809)));
#412=COMPLEX_TRIANGULATED_SURFACE_SET('',#411,4,((-0.409466,0.022136,0.912057)),(),((2,1,3),(4,3,1)),());
#413=COORDINATES_LIST('',30,((-1382.77002,833.253418,1889.895142),(-1380.088013,836.638428,1891.01709),(-1377.041626,839.168579,1892.323364),(-1373.630737,840.843872,1893.813965),(-1369.855469,841.664368,1895.488892),(-1365.71582,841.630066,1897.348267),(-1365.348145,842.190063,1897.499756),(-1365.007568,842.434753,1897.646729),(-1364.694092,842.363953,1897.789185),(-1364.407715,
   841.977844,1897.927124),(-1364.148438,841.276245,1898.060547),(-1363.696411,838.217651,1898.337769),(-1368.047119,838.411804,1896.379761),(-1371.905273,837.782837,1894.662842),(-1375.270874,836.330811,1893.187134),(-1378.144043,834.055664,1891.952515),(-1380.524536,830.957458,1890.958984),(-1370.005005,832.043579,1895.655273),(-1369.101196,830.914063,1896.088501),(-1368.201538,
   829.85437,1896.518066),(-1367.306274,828.864441,1896.944092),(-1366.415405,827.944336,1897.366333),(-1365.528809,827.093994,1897.785034),(-1367.911743,824.875916,1896.769043),(-1368.731323,825.632263,1896.38269),(-1369.609863,826.530273,1895.966553),(-1370.547363,827.570007,1895.520386),(-1371.543823,828.751465,1895.044312),(-1372.599243,830.074585,1894.538452),(-1370.005005,
   832.043579,1895.655273)));
#414=COMPLEX_TRIANGULATED_SURFACE_SET('',#413,29,((-0.409466,0.022136,0.912057)),(),((6,12,11),(6,11,10),(9,8,7),(6,10,7),(7,10,9),(22,21,26),(23,22,24),(26,25,
   22),(20,27,21),(24,22,25),(26,21,27),(13,12,6),(13,5,14),(5,13,6),(14,5,4),(4,3,15),(15,2,16),(2,15,
   3),(4,15,14),(28,19,29),(27,20,28),(19,18,29),(28,20,19),(16,1,17),(1,16,2)),());
#415=COORDINATES_LIST('',12,((-1403.848755,842.894287,1880.197876),(-1403.450806,845.74762,1880.307251),(-1385.462891,842.926819,1888.451416),(-1385.860718,840.073486,1888.342041),(-1393.324219,841.243896,1884.962891),(-1394.414795,833.423645,1884.663086),(-1388.395874,832.479797,1887.388184),(-1388.793823,829.626465,1887.278809),(-1403.617554,831.95105,1880.567261),(-1403.219727,
   834.804382,1880.676636),(-1397.303955,833.876709,1883.355103),(-1396.213379,841.69696,1883.654907)));
#416=COMPLEX_TRIANGULATED_SURFACE_SET('',#415,12,((-0.409466,0.022136,0.912057)),(),((4,3,5),(5,3,12),(8,7,6),(8,6,9),(5,11,6),(12,2,1),(2,12,3),(11,10,
   9),(11,9,6),(12,11,5)),());
#417=COORDINATES_LIST('',30,((-1428.582764,840.437561,1869.153198),(-1425.900757,843.822571,1870.275146),(-1422.854248,846.352722,1871.581421),(-1419.443481,848.028015,1873.072144),(-1415.668213,848.848511,1874.74707),(-1411.528564,848.814209,1876.606445),(-1411.160889,849.374268,1876.757935),(-1410.820313,849.618896,1876.904907),(-1410.506836,849.548157,1877.047363),(-1410.220459,
   849.161987,1877.185181),(-1409.961182,848.460388,1877.318604),(-1409.509033,845.401794,1877.595825),(-1413.859741,845.595947,1875.637939),(-1417.718018,844.96698,1873.921021),(-1421.083618,843.514954,1872.445313),(-1423.956787,841.239807,1871.210571),(-1426.33728,838.141602,1870.217041),(-1415.817749,839.227722,1874.913452),(-1414.913818,838.098206,1875.34668),(-1414.014282,
   837.038513,1875.776245),(-1413.119019,836.048645,1876.202148),(-1412.228149,835.128479,1876.624512),(-1411.341553,834.278198,1877.043213),(-1413.724487,832.060059,1876.027222),(-1414.544067,832.816406,1875.640869),(-1415.422607,833.714417,1875.224609),(-1416.360107,834.75415,1874.778564),(-1417.356567,835.935608,1874.30249),(-1418.411987,837.258789,1873.796509),(-1415.817749,
   839.227722,1874.913452)));
#418=COMPLEX_TRIANGULATED_SURFACE_SET('',#417,29,((-0.409466,0.022136,0.912057)),(),((6,12,11),(6,11,10),(9,8,7),(6,10,7),(7,10,9),(22,21,26),(23,22,24),(26,25,
   22),(20,27,21),(24,22,25),(26,21,27),(13,12,6),(13,5,14),(5,13,6),(14,5,4),(4,3,15),(15,2,16),(2,15,
   3),(4,15,14),(28,19,29),(27,20,28),(19,18,29),(28,20,19),(16,1,17),(1,16,2)),());
#419=COORDINATES_LIST('',45,((-1447.52417,849.27533,1860.435059),(-1445.779785,848.042847,1861.248047),(-1444.226196,846.995789,1861.970947),(-1442.863159,846.134094,1862.603882),(-1441.690796,845.457825,1863.146606),(-1440.709106,844.966919,1863.599243),(-1439.446655,854.020081,1863.946289),(-1436.591919,853.572449,1865.23877),(-1439.180908,835.008118,1864.5271),(-1441.38208,
   835.353333,1863.530396),(-1442.095337,835.591858,1863.204468),(-1442.497559,835.862305,1863.017212),(-1442.588989,836.164612,1862.968872),(-1442.369507,836.498779,1863.059326),(-1441.838989,836.864868,1863.288574),(-1441.146362,841.831787,1863.479004),(-1442.688843,842.596313,1862.767944),(-1444.281494,843.463806,1862.03186),(-1445.924561,844.434204,1861.27063),(-1447.618042,
   845.507507,1860.484375),(-1449.361694,846.683777,1859.672974),(-1448.152832,841.490662,1860.341797),(-1447.575562,840.549133,1860.623779),(-1446.979858,839.659485,1860.912842),(-1446.365723,838.821655,1861.208862),(-1445.733032,838.035583,1861.511963),(-1445.081909,837.301392,1861.822144),(-1447.106201,836.142944,1860.941406),(-1447.737061,836.850952,1860.640991),(-1448.356201,
   837.623352,1860.34436),(-1448.963501,838.460144,1860.051392),(-1449.559082,839.361267,1859.762085),(-1450.142822,840.326843,1859.476685),(-1450.447388,840.15863,1859.343994),(-1449.968384,839.33905,1859.578857),(-1449.427734,838.518494,1859.841553),(-1448.825317,837.696899,1860.131958),(-1448.161255,836.874268,1860.450073),(-1447.435425,836.050598,1860.795898),(-1449.494019,
   834.897583,1859.899658),(-1450.11499,835.566589,1859.604614),(-1450.719727,836.310791,1859.315063),(-1451.30835,837.130249,1859.030884),(-1451.880859,838.024902,1858.752197),(-1452.437256,838.994812,1858.478882)));
#420=COMPLEX_TRIANGULATED_SURFACE_SET('',#419,45,((-0.409466,0.022136,0.912057)),(),((8,7,6),(17,16,6),(8,6,9),(17,6,5),(9,6,16),(18,4,3),(19,3,2),(18,3,
   19),(18,17,4),(28,25,29),(4,17,5),(15,14,11),(15,10,9),(10,15,11),(14,12,11),(15,9,16),(27,26,28),(28,26,
   25),(13,12,14),(20,2,1),(23,22,32),(30,24,23),(20,19,2),(22,33,32),(35,34,44),(21,20,1),(31,23,32),(30,29,
   24),(40,37,41),(38,40,39),(40,38,37),(30,23,31),(44,43,35),(35,43,36),(42,41,37),(42,36,43),(42,37,36),(45,44,
   34),(24,29,25)),());
#71=TESSELLATED_GEOMETRIC_SET('note',(#75,#77,#79,#81,#83,#85,#87,#89,#91,#93,#95,#97,#99,#101,#103,#105,#107,#109,#111,#113,#115,#117,#119,#121,#123,#125,
#127,#129,#131,#133,#135,#137,#139,#141,#143,#145,#147,#149,#151,#153,#155,#157,#159,#161,#163,#165,#167,#169,#171,#173,#175,
#177,#179,#181,#183,#185,#187,#189,#191,#193,#195,#197,#199,#201,#203,#205,#207,#209,#211,#213,#215,#217,#219,#221,#223,#225,
#227,#229,#231,#233,#235,#237,#239,#242,#244,#246,#248,#250,#252,#254,#256,#258,#260,#262,#264,#266,#268,#270,#272,#274,#276,
#278,#280,#282,#284,#286,#288,#290,#292,#294,#296,#298,#300,#302,#304,#306,#308,#310,#312,#314,#316,#318,#320,#322,#324,#326,
#328,#330,#332,#334,#336,#338,#340,#342,#344,#346,#348,#350,#352,#354,#356,#358,#360,#362,#364,#366,#368,#370,#372,#374,#376,
#378,#380,#382,#384,#386,#388,#390,#392,#394,#396,#398,#400,#402,#404,#406,#408,#410,#412,#414,#416,#418,#420));
#70=TESSELLATED_ANNOTATION_OCCURRENCE('\X2\8A737D30FF71FF72FF83FF91\X0\1',(#74),#71);
#421=DRAUGHTING_CALLOUT('\X2\8A737D30FF71FF72FF83FF91\X0\1',(#70));
#423=CARTESIAN_POINT('',(0.,0.,0.));
#424=DIRECTION('',(0.,0.,1.));
#425=DIRECTION('',(1.,0.,0.));
#426=AXIS2_PLACEMENT_3D('',#423,#424,#425);
#427=PLANE('',#426);
#422=ANNOTATION_PLANE('\X2\6CE88A18981857DF\X0\1',(#64),#427,(#421));
#428=(NAMED_UNIT(*)PLANE_ANGLE_UNIT()SI_UNIT($,.RADIAN.));
#429=PLANE_ANGLE_MEASURE_WITH_UNIT(PLANE_ANGLE_MEASURE(0.0174532925),#428);
#430=(CONVERSION_BASED_UNIT('DEGREE',#429)NAMED_UNIT(#431)PLANE_ANGLE_UNIT());
#431=DIMENSIONAL_EXPONENTS(0.,0.,0.,0.,0.,0.,0.);
#432=(NAMED_UNIT(*)SI_UNIT($,.STERADIAN.)SOLID_ANGLE_UNIT());
#433=(LENGTH_UNIT()NAMED_UNIT(*)SI_UNIT(.MILLI.,.METRE.));
#434=UNCERTAINTY_MEASURE_WITH_UNIT(LENGTH_MEASURE(1.000000E-03),#433,'DISTANCE_ACCURACY_VALUE','Maximum Tolerance applied to model');
#435=(GEOMETRIC_REPRESENTATION_CONTEXT(3)GLOBAL_UNCERTAINTY_ASSIGNED_CONTEXT((#434))GLOBAL_UNIT_ASSIGNED_CONTEXT((#433,#430,#432))REPRESENTATION_CONTEXT('','40A-\X2\96D175286C347BA1\X0\-3 ID001-3-1'));
#447=CARTESIAN_POINT('',(0.,0.,0.));
#448=DIRECTION('',(0.,0.,-1.));
#449=DIRECTION('',(1.,0.,0.));
#450=AXIS2_PLACEMENT_3D('',#447,#448,#449);
#451=ITEM_DEFINED_TRANSFORMATION('','',#450,#15);
#452=(REPRESENTATION_RELATIONSHIP('','',#437,#16)REPRESENTATION_RELATIONSHIP_WITH_TRANSFORMATION(#451)SHAPE_REPRESENTATION_RELATIONSHIP());
#453=NEXT_ASSEMBLY_USAGE_OCCURRENCE('40A-\X2\96D175286C347BA1\X0\-3 ID001-3-1_1','40A-\X2\96D175286C347BA1\X0\-3 ID001-3-1','40A-\X2\96D175286C347BA1\X0\-3 ID001-3-1',#25,#446,$);
#454=PRODUCT_DEFINITION_SHAPE('','',#453);
#455=CONTEXT_DEPENDENT_SHAPE_REPRESENTATION(#452,#454);
#457=CARTESIAN_POINT('',(0.,0.,594.35));
#458=DIRECTION('',(0.,0.,1.));
#459=DIRECTION('',(1.,0.,0.));
#460=AXIS2_PLACEMENT_3D('',#457,#458,#459);
#461=PLANE('',#460);
#462=CARTESIAN_POINT('',(24.3,-0.,594.35));
#463=VERTEX_POINT('',#462);
#464=CARTESIAN_POINT('',(-24.3,0.,594.35));
#465=VERTEX_POINT('',#464);
#466=CARTESIAN_POINT('',(0.,0.,594.35));
#467=DIRECTION('',(0.,0.,1.));
#468=DIRECTION('',(1.,0.,-0.));
#469=AXIS2_PLACEMENT_3D('',#466,#467,#468);
#470=CIRCLE('',#469,24.3);
#471=EDGE_CURVE('',#463,#465,#470,.T.);
#472=ORIENTED_EDGE('',*,*,#471,.T.);
#473=CARTESIAN_POINT('',(0.,0.,594.35));
#474=DIRECTION('',(0.,0.,1.));
#475=DIRECTION('',(1.,0.,-0.));
#476=AXIS2_PLACEMENT_3D('',#473,#474,#475);
#477=CIRCLE('',#476,24.3);
#478=EDGE_CURVE('',#465,#463,#477,.T.);
#479=ORIENTED_EDGE('',*,*,#478,.T.);
#480=EDGE_LOOP('',(#472,#479));
#481=FACE_BOUND('',#480,.T.);
#482=CARTESIAN_POINT('',(-20.8,0.,594.35));
#483=VERTEX_POINT('',#482);
#484=CARTESIAN_POINT('',(20.8,-0.,594.35));
#485=VERTEX_POINT('',#484);
#486=CARTESIAN_POINT('',(0.,0.,594.35));
#487=DIRECTION('',(0.,0.,1.));
#488=DIRECTION('',(1.,0.,-0.));
#489=AXIS2_PLACEMENT_3D('',#486,#487,#488);
#490=CIRCLE('',#489,20.8);
#491=EDGE_CURVE('',#483,#485,#490,.T.);
#492=ORIENTED_EDGE('',*,*,#491,.F.);
#493=CARTESIAN_POINT('',(0.,0.,594.35));
#494=DIRECTION('',(0.,0.,1.));
#495=DIRECTION('',(1.,0.,-0.));
#496=AXIS2_PLACEMENT_3D('',#493,#494,#495);
#497=CIRCLE('',#496,20.8);
#498=EDGE_CURVE('',#485,#483,#497,.T.);
#499=ORIENTED_EDGE('',*,*,#498,.F.);
#500=EDGE_LOOP('',(#492,#499));
#501=FACE_BOUND('',#500,.T.);
#502=ADVANCED_FACE('',(#481,#501),#461,.T.);
#503=CARTESIAN_POINT('',(0.,0.,-594.35));
#504=DIRECTION('',(0.,0.,1.));
#505=DIRECTION('',(1.,0.,0.));
#506=AXIS2_PLACEMENT_3D('',#503,#504,#505);
#507=PLANE('',#506);
#508=CARTESIAN_POINT('',(-24.3,0.,-594.35));
#509=VERTEX_POINT('',#508);
#510=CARTESIAN_POINT('',(24.3,-0.,-594.35));
#511=VERTEX_POINT('',#510);
#512=CARTESIAN_POINT('',(0.,0.,-594.35));
#513=DIRECTION('',(0.,0.,1.));
#514=DIRECTION('',(1.,0.,-0.));
#515=AXIS2_PLACEMENT_3D('',#512,#513,#514);
#516=CIRCLE('',#515,24.3);
#517=EDGE_CURVE('',#509,#511,#516,.T.);
#518=ORIENTED_EDGE('',*,*,#517,.F.);
#519=CARTESIAN_POINT('',(0.,0.,-594.35));
#520=DIRECTION('',(0.,0.,1.));
#521=DIRECTION('',(1.,0.,-0.));
#522=AXIS2_PLACEMENT_3D('',#519,#520,#521);
#523=CIRCLE('',#522,24.3);
#524=EDGE_CURVE('',#511,#509,#523,.T.);
#525=ORIENTED_EDGE('',*,*,#524,.F.);
#526=EDGE_LOOP('',(#518,#525));
#527=FACE_BOUND('',#526,.T.);
#528=CARTESIAN_POINT('',(20.8,-0.,-594.35));
#529=VERTEX_POINT('',#528);
#530=CARTESIAN_POINT('',(-20.8,0.,-594.35));
#531=VERTEX_POINT('',#530);
#532=CARTESIAN_POINT('',(0.,0.,-594.35));
#533=DIRECTION('',(0.,0.,1.));
#534=DIRECTION('',(1.,0.,-0.));
#535=AXIS2_PLACEMENT_3D('',#532,#533,#534);
#536=CIRCLE('',#535,20.8);
#537=EDGE_CURVE('',#529,#531,#536,.T.);
#538=ORIENTED_EDGE('',*,*,#537,.T.);
#539=CARTESIAN_POINT('',(0.,0.,-594.35));
#540=DIRECTION('',(0.,0.,1.));
#541=DIRECTION('',(1.,0.,-0.));
#542=AXIS2_PLACEMENT_3D('',#539,#540,#541);
#543=CIRCLE('',#542,20.8);
#544=EDGE_CURVE('',#531,#529,#543,.T.);
#545=ORIENTED_EDGE('',*,*,#544,.T.);
#546=EDGE_LOOP('',(#538,#545));
#547=FACE_BOUND('',#546,.T.);
#548=ADVANCED_FACE('',(#527,#547),#507,.F.);
#549=CARTESIAN_POINT('',(0.,0.,594.35));
#550=DIRECTION('',(0.,0.,-1.));
#551=DIRECTION('',(-1.,0.,0.));
#552=AXIS2_PLACEMENT_3D('',#549,#550,#551);
#553=CYLINDRICAL_SURFACE('',#552,20.8);
#554=CARTESIAN_POINT('',(-20.8,0.,-594.35));
#555=DIRECTION('',(-0.,-0.,1.));
#556=VECTOR('',#555,1188.7);
#557=LINE('',#554,#556);
#558=EDGE_CURVE('',#531,#483,#557,.T.);
#559=ORIENTED_EDGE('',*,*,#558,.F.);
#560=ORIENTED_EDGE('',*,*,#537,.F.);
#561=ORIENTED_EDGE('',*,*,#544,.F.);
#562=ORIENTED_EDGE('',*,*,#558,.T.);
#563=ORIENTED_EDGE('',*,*,#491,.T.);
#564=ORIENTED_EDGE('',*,*,#498,.T.);
#565=EDGE_LOOP('',(#559,#560,#561,#562,#563,#564));
#566=FACE_BOUND('',#565,.T.);
#567=ADVANCED_FACE('',(#566),#553,.F.);
#568=CARTESIAN_POINT('',(0.,0.,594.35));
#569=DIRECTION('',(0.,0.,-1.));
#570=DIRECTION('',(-1.,0.,0.));
#571=AXIS2_PLACEMENT_3D('',#568,#569,#570);
#572=CYLINDRICAL_SURFACE('',#571,24.3);
#573=CARTESIAN_POINT('',(-24.3,0.,-594.35));
#574=DIRECTION('',(-0.,-0.,1.));
#575=VECTOR('',#574,1188.7);
#576=LINE('',#573,#575);
#577=EDGE_CURVE('',#509,#465,#576,.T.);
#578=ORIENTED_EDGE('',*,*,#577,.T.);
#579=ORIENTED_EDGE('',*,*,#471,.F.);
#580=ORIENTED_EDGE('',*,*,#478,.F.);
#581=ORIENTED_EDGE('',*,*,#577,.F.);
#582=ORIENTED_EDGE('',*,*,#517,.T.);
#583=ORIENTED_EDGE('',*,*,#524,.T.);
#584=EDGE_LOOP('',(#578,#579,#580,#581,#582,#583));
#585=FACE_BOUND('',#584,.T.);
#586=ADVANCED_FACE('',(#585),#572,.T.);
#587=CLOSED_SHELL('',(#502,#548,#567,#586));
#588=MANIFOLD_SOLID_BREP('\X2\FF8EFF9EFF7D\X0\ - \X2\62BC305751FA3057\X0\1',#587);
#589=COLOUR_RGB('',0.039215688,0.490196079,0.709803939);
#590=FILL_AREA_STYLE_COLOUR('',#589);
#591=FILL_AREA_STYLE('',(#590));
#592=SURFACE_STYLE_FILL_AREA(#591);
#593=SURFACE_SIDE_STYLE('',(#592));
#594=SURFACE_STYLE_USAGE(.BOTH.,#593);
#595=PRESENTATION_STYLE_ASSIGNMENT((#594));
#456=STYLED_ITEM('',(#595),#588);
#596=CONTEXT_DEPENDENT_OVER_RIDING_STYLED_ITEM('',(#595),#437,#456,(#452));
#437=SHAPE_REPRESENTATION('40A-\X2\96D175286C347BA1\X0\-3 ID001-3-1',(#15),#435);
#438=ADVANCED_BREP_SHAPE_REPRESENTATION('40A-\X2\96D175286C347BA1\X0\-3 ID001-3-1',(#588),#435);
#604=SHAPE_REPRESENTATION_RELATIONSHIP('','',#437,#438);
#605=CARTESIAN_POINT('',(0.,0.,0.));
#606=DIRECTION('',(0.,0.,1.));
#607=DIRECTION('',(1.,0.,0.));
#608=AXIS2_PLACEMENT_3D('',#605,#606,#607);
#610=MAPPED_ITEM('',#609,#608);
#609=REPRESENTATION_MAP(#608,#437);
#611=APPLICATION_CONTEXT('Managed model based 3d engineering');
#612=APPLICATION_PROTOCOL_DEFINITION('international standard','ap242_managed_model_based_3d_engineering',2022,#611);
#613=PRODUCT_CONTEXT('',#611,'mechanical');
#614=PRODUCT_DEFINITION_CONTEXT('part definition',#611,'design');
#445=PRODUCT('40A-\X2\96D175286C347BA1\X0\-3 ID001-3-1','40A-\X2\96D175286C347BA1\X0\-3 ID001-3-1','',(#613));
#615=PRODUCT_RELATED_PRODUCT_CATEGORY('part','',(#445));
#616=PRODUCT_DEFINITION_FORMATION_WITH_SPECIFIED_SOURCE('','',#445,.NOT_KNOWN.);
#446=PRODUCT_DEFINITION('design','',#616,#614);
#444=PRODUCT_DEFINITION_SHAPE('','',#446);
#617=SHAPE_DEFINITION_REPRESENTATION(#444,#437);
#436=DRAUGHTING_MODEL('',(#610),#435);
#16=SHAPE_REPRESENTATION('\X2\FF83FF9EFF8CFF6BFF99FF84\X0\',(#15,#450),#10);
#618=CARTESIAN_POINT('',(0.,0.,0.));
#619=DIRECTION('',(0.,0.,1.));
#620=DIRECTION('',(1.,0.,0.));
#621=AXIS2_PLACEMENT_3D('',#618,#619,#620);
#623=MAPPED_ITEM('',#622,#621);
#622=REPRESENTATION_MAP(#621,#16);
#24=PRODUCT('\X2\FF83FF9EFF8CFF6BFF99FF84\X0\','\X2\FF83FF9EFF8CFF6BFF99FF84\X0\','',(#613));
#624=PRODUCT_RELATED_PRODUCT_CATEGORY('part','',(#24));
#625=PRODUCT_DEFINITION_FORMATION_WITH_SPECIFIED_SOURCE('','',#24,.NOT_KNOWN.);
#25=PRODUCT_DEFINITION('design','',#625,#614);
#23=PRODUCT_DEFINITION_SHAPE('','',#25);
#626=SHAPE_DEFINITION_REPRESENTATION(#23,#16);
#11=DRAUGHTING_MODEL('',(#63,#422,#623),#10);
#627=INVISIBILITY((#62,#421));
#629=CARTESIAN_POINT('',(-818.021020889,376.991645813,932.173400879));
#630=DIRECTION('',(-0.40946559,0.022136007,0.912056976));
#631=DIRECTION('',(-0.901824813,0.141420209,-0.408304215));
#632=AXIS2_PLACEMENT_3D('\X2\73FE5728306EFF93FF83FF9EFF99\X0\ \X2\FF8BFF9EFF6DFF70\X0\',#629,#630,#631);
#633=CARTESIAN_POINT('',(-5332.974828002,-3684.485283573,12631.684516377));
#634=DIRECTION('',(-0.40946559,0.022136007,0.912056976));
#635=DIRECTION('',(-0.901824813,0.141420209,-0.408304215));
#636=AXIS2_PLACEMENT_3D('\X2\73FE5728306EFF93FF83FF9EFF99\X0\ \X2\FF8BFF9EFF6DFF70\X0\',#633,#634,#635);
#638=CARTESIAN_POINT('\X2\73FE5728306EFF93FF83FF9EFF99\X0\ \X2\FF8BFF9EFF6DFF70\X0\',(-3255.301211499,397.50582572,12378.559441049));
#639=PLANAR_BOX('',6541.3671875,6541.3671875,#636);
#637=VIEW_VOLUME(.PARALLEL.,#638,12631.684570312,0.,.F.,0.,.F.,.F.,#639);
#628=CAMERA_MODEL_D3('\X2\73FE5728306EFF93FF83FF9EFF99\X0\ \X2\FF8BFF9EFF6DFF70\X0\',#632,#637);
#640=DRAUGHTING_MODEL('\X2\73FE5728306EFF93FF83FF9EFF99\X0\ \X2\FF8BFF9EFF6DFF70\X0\',(#628,#421,#62),#10);
#641=MECHANICAL_DESIGN_AND_DRAUGHTING_RELATIONSHIP('\X2\73FE5728306EFF93FF83FF9EFF99\X0\ \X2\FF8BFF9EFF6DFF70\X0\','',#640,#11);
#1=MECHANICAL_DESIGN_GEOMETRIC_PRESENTATION_REPRESENTATION('',(#456,#596),#10);
ENDSEC;
END-ISO-10303-21;
