ISO-10303-21;
HEADER;

/* File generated by SOLIDWORKS MBD Version 2026 */

FILE_DESCRIPTION(('HOOPS Exchange Step'),'2;1');

FILE_NAME('C:\\Users\\yu061\\OneDrive - \X2\5B6668216CD54EBA95A267715B669662\X0\\\\X2\30C730B930AF30C830C330D7\X0\\\\X2\30C730B930AF30C830C330D7\X0\\\\X2\5352781495A24FC2\X0\\\\X2\53527814\X0\\\2026\X2\5E745EA630004E0951716280781430C730FC30BF\X0\\\2026\X2\5E745EA6\X0\CAD\X2\30C730FC30BF\X0\\\STEP\X2\30D530A130A430EB\X0\\\\X2\30D730E930F330C88A2D50993000\X0\STEP\X2\30D530A130A430EB\X0\\\40A-\X2\96D175286C347BA1\X0\-4.STP',
'2026-09-30T13:59:00+09:00',
('yu061'),
('None'),
'HOOPS Exchange 2025.5',
'SOLIDWORKS MBD',
'None');

FILE_SCHEMA( ('AP242_MANAGED_MODEL_BASED_3D_ENGINEERING_MIM_LF {1 0 10303 442 4 1 4}') );

ENDSEC;

DATA;
#3=(NAMED_UNIT(*)PLANE_ANGLE_UNIT()SI_UNIT($,.RADIAN.));
#4=PLANE_ANGLE_MEASURE_WITH_UNIT(PLANE_ANGLE_MEASURE(0.0174532925),#3);
#5=(CONVERSION_BASED_UNIT('DEGREE',#4)NAMED_UNIT(#6)PLANE_ANGLE_UNIT());
#6=DIMENSIONAL_EXPONENTS(0.,0.,0.,0.,0.,0.,0.);
#7=(NAMED_UNIT(*)SI_UNIT($,.STERADIAN.)SOLID_ANGLE_UNIT());
#8=(LENGTH_UNIT()NAMED_UNIT(*)SI_UNIT(.MILLI.,.METRE.));
#9=UNCERTAINTY_MEASURE_WITH_UNIT(LENGTH_MEASURE(1.000000E-03),#8,'DISTANCE_ACCURACY_VALUE','Maximum Tolerance applied to model');
#10=(GEOMETRIC_REPRESENTATION_CONTEXT(3)GLOBAL_UNCERTAINTY_ASSIGNED_CONTEXT((#9))GLOBAL_UNIT_ASSIGNED_CONTEXT((#8,#5,#7))REPRESENTATION_CONTEXT('','\X2\FF83FF9EFF8CFF6BFF99FF84\X0\'));
#12=CARTESIAN_POINT('',(0.,0.,0.));
#13=DIRECTION('',(0.,0.,1.));
#14=DIRECTION('',(1.,0.,0.));
#15=AXIS2_PLACEMENT_3D('',#12,#13,#14);
#28=COLOUR_RGB('',1.,0.501960814,0.250980407);
#29=DRAUGHTING_PRE_DEFINED_CURVE_FONT('continuous');
#30=CURVE_STYLE('',#29,POSITIVE_LENGTH_MEASURE(0.100000),#28);
#31=PRESENTATION_STYLE_ASSIGNMENT((#30));
#32=COORDINATES_LIST('',3,((-51.716366,59.099998,24.299999),(-51.208366,59.099998,27.601999),(-52.224365,59.099998,27.601999)));
#33=COMPLEX_TRIANGULATED_SURFACE_SET('',#32,3,((-0.,-1.,0.)),(),((2,3,1)),());
#34=COORDINATES_LIST('',3,((-51.716366,59.099998,20.799999),(-52.224365,59.099998,17.497999),(-51.208366,59.099998,17.497999)));
#35=COMPLEX_TRIANGULATED_SURFACE_SET('',#34,3,((-0.,-1.,0.)),(),((3,1,2)),());
#37=COORDINATES_LIST('',2,((-1.,59.099998,24.299999),(-52.716366,59.099998,24.299999)));
#36=TESSELLATED_CURVE_SET('',#37,((1,2)));
#39=COORDINATES_LIST('',2,((-1.,59.099998,20.799999),(-52.716366,59.099998,20.799999)));
#38=TESSELLATED_CURVE_SET('',#39,((1,2)));
#41=COORDINATES_LIST('',2,((0.,0.,0.),(0.,0.,0.)));
#40=TESSELLATED_CURVE_SET('',#41,((1,2)));
#43=COORDINATES_LIST('',2,((0.,0.,0.),(0.,0.,0.)));
#42=TESSELLATED_CURVE_SET('',#43,((1,2)));
#45=COORDINATES_LIST('',2,((0.,0.,0.),(0.,0.,0.)));
#44=TESSELLATED_CURVE_SET('',#45,((1,2)));
#47=COORDINATES_LIST('',2,((0.,0.,0.),(0.,0.,0.)));
#46=TESSELLATED_CURVE_SET('',#47,((1,2)));
#49=COORDINATES_LIST('',2,((0.,0.,0.),(0.,0.,0.)));
#48=TESSELLATED_CURVE_SET('',#49,((1,2)));
#51=COORDINATES_LIST('',2,((0.,0.,0.),(0.,0.,0.)));
#50=TESSELLATED_CURVE_SET('',#51,((1,2)));
#53=COORDINATES_LIST('',2,((0.,0.,0.),(0.,0.,0.)));
#52=TESSELLATED_CURVE_SET('',#53,((1,2)));
#55=COORDINATES_LIST('',2,((0.,0.,0.),(0.,0.,0.)));
#54=TESSELLATED_CURVE_SET('',#55,((1,2)));
#57=COORDINATES_LIST('',2,((0.,0.,0.),(0.,0.,0.)));
#56=TESSELLATED_CURVE_SET('',#57,((1,2)));
#59=COORDINATES_LIST('',2,((0.,0.,0.),(0.,0.,0.)));
#58=TESSELLATED_CURVE_SET('',#59,((1,2)));
#61=COORDINATES_LIST('',2,((-1.,59.099998,20.799999),(0.,59.099998,20.799999)));
#60=TESSELLATED_CURVE_SET('',#61,((1,2)));
#63=COORDINATES_LIST('',2,((0.,59.099998,20.799999),(0.,59.,0.)));
#62=TESSELLATED_CURVE_SET('',#63,((1,2)));
#65=COORDINATES_LIST('',2,((-51.716366,59.099998,24.299999),(-51.716366,59.099998,64.389488)));
#64=TESSELLATED_CURVE_SET('',#65,((1,2)));
#67=COORDINATES_LIST('',2,((-51.716366,59.099998,24.299999),(-51.716366,59.099998,20.799999)));
#66=TESSELLATED_CURVE_SET('',#67,((1,2)));
#69=COORDINATES_LIST('',2,((-51.716366,59.099998,20.799999),(-51.716366,59.099998,14.45)));
#68=TESSELLATED_CURVE_SET('',#69,((1,2)));
#70=COORDINATES_LIST('',129,((-55.61219,59.099998,62.215134),(-55.61219,59.099998,62.82193),(-55.777889,59.099998,62.797657),(-55.930065,59.099998,62.759518),(-56.06871,59.099998,62.707504),(-56.193832,59.099998,62.641624),(-56.305428,59.099998,62.561874),(-56.436295,59.099998,62.434444),(-56.538082,59.099998,62.294884),(-56.61079,
   59.099998,62.143185),(-56.654411,59.099998,61.979347),(-56.668953,59.099998,61.803375),(-56.65678,59.099998,61.64402),(-56.620258,59.099998,61.495354),(-56.559387,59.099998,61.35738),(-56.474171,59.099998,61.230099),(-56.364605,59.099998,61.113506),(-56.238468,59.099998,61.013386),(-56.103542,59.099998,60.935513),(-55.959824,
   59.099998,60.87989),(-55.807312,59.099998,60.846516),(-55.646008,59.099998,60.835392),(-55.543205,59.099998,60.840302),(-55.444462,59.099998,60.855042),(-55.349773,59.099998,60.879601),(-55.259148,59.099998,60.913986),(-55.172577,59.099998,60.958195),(-55.09108,59.099998,61.01165),(-55.015667,59.099998,61.073776),(-54.946342,
   59.099998,61.144569),(-54.883106,59.099998,61.22403),(-54.825958,59.099998,61.31216),(-54.778786,59.099998,61.196148),(-54.718422,59.099998,61.090824),(-54.644871,59.099998,60.996193),(-54.558132,59.099998,60.912251),(-54.458202,59.099998,60.839005),(-54.348133,59.099998,60.777889),(-54.230957,59.099998,60.730358),(-54.106682,
   59.099998,60.696407),(-53.975304,59.099998,60.676033),(-53.836826,59.099998,60.669243),(-53.633591,59.099998,60.682392),(-53.443203,59.099998,60.721832),(-53.265667,59.099998,60.787571),(-53.100983,59.099998,60.879601),(-52.949146,59.099998,60.997925),(-52.818275,59.099998,61.136768),(-52.716488,59.099998,61.290344),(-52.643784,
   59.099998,61.45866),(-52.600163,59.099998,61.641708),(-52.585621,59.099998,61.839497),(-52.599316,59.099998,62.023415),(-52.640404,59.099998,62.193748),(-52.708881,59.099998,62.350506),(-52.804749,59.099998,62.493679),(-52.928013,59.099998,62.623276),(-53.074944,59.099998,62.734955),(-53.241829,59.099998,62.824387),(-53.428661,
   59.099998,62.891567),(-53.635452,59.099998,62.936497),(-53.86219,59.099998,62.959183),(-53.86219,59.099998,62.330711),(-53.746876,59.099998,62.312077),(-53.644413,59.099998,62.285057),(-53.554798,59.099998,62.24966),(-53.478035,59.099998,62.205887),(-53.414124,59.099998,62.153728),(-53.362385,59.099998,62.094639),(-53.32214,
   59.099998,62.03006),(-53.293396,59.099998,61.959988),(-53.27615,59.099998,61.884426),(-53.270401,59.099998,61.803375),(-53.276997,59.099998,61.71698),(-53.29678,59.099998,61.63694),(-53.32975,59.099998,61.563259),(-53.375908,59.099998,61.495934),(-53.435257,59.099998,61.434963),(-53.504414,59.099998,61.382954),(-53.57999,
   59.099998,61.342499),(-53.661995,59.099998,61.313606),(-53.750427,59.099998,61.296268),(-53.84528,59.099998,61.290489),(-53.946899,59.099998,61.29829),(-54.042091,59.099998,61.321697),(-54.130859,59.099998,61.360703),(-54.213203,59.099998,61.415318),(-54.289124,59.099998,61.485531),(-54.354897,59.099998,61.57077),(-54.406803,
   59.099998,61.67046),(-54.444847,59.099998,61.784595),(-54.469025,59.099998,61.913177),(-54.47934,59.099998,62.05621),(-55.113396,59.099998,62.05621),(-55.122021,59.099998,61.968513),(-55.134365,59.099998,61.89035),(-55.150425,59.099998,61.821724),(-55.170208,59.099998,61.762634),(-55.19371,59.099998,61.713081),(-55.220764,
   59.099998,61.670315),(-55.251198,59.099998,61.631596),(-55.285015,59.099998,61.59692),(-55.322212,59.099998,61.566292),(-55.362793,59.099998,61.539711),(-55.40591,59.099998,61.517605),(-55.450718,59.099998,61.500412),(-55.497215,59.099998,61.488132),(-55.545403,59.099998,61.480762),(-55.59528,59.099998,61.478306),(-55.657166,
   59.099998,61.482063),(-55.714314,59.099998,61.493332),(-55.766731,59.099998,61.512115),(-55.814411,59.099998,61.53841),(-55.857357,59.099998,61.572216),(-55.893879,59.099998,61.612091),(-55.922287,59.099998,61.65659),(-55.942577,59.099998,61.705711),(-55.95475,59.099998,61.759457),(-55.958809,59.099998,61.817825),(-55.954918,
   59.099998,61.871716),(-55.943253,59.099998,61.92358),(-55.923809,59.099998,61.973423),(-55.896587,59.099998,62.021248),(-55.861588,59.099998,62.067043),(-55.820499,59.099998,62.108799),(-55.775017,59.099998,62.144485),(-55.725136,59.099998,62.174103),(-55.67086,59.099998,62.197651),(-55.61219,59.099998,62.215134)));
#71=COMPLEX_TRIANGULATED_SURFACE_SET('',#70,128,((0.,1.,0.)),(),((57,65,58),(58,64,59),(66,57,56),(55,54,68),(69,68,54),(54,70,69),(56,55,67),(67,55,
   68),(61,60,63),(63,62,61),(60,64,63),(65,57,66),(64,60,59),(64,58,65),(56,67,66),(53,52,72),(72,71,53),(52,73,
   72),(53,71,70),(52,74,73),(74,52,51),(75,74,51),(95,93,92),(95,94,93),(97,92,91),(92,96,95),(97,96,92),(91,90,
   98),(100,90,32),(70,54,53),(2,1,3),(128,6,1),(1,4,3),(7,128,127),(9,126,125),(8,127,126),(9,125,124),(5,1,
   6),(7,6,128),(5,4,1),(126,9,8),(8,7,127),(9,124,10),(123,122,10),(10,124,123),(98,97,91),(98,90,99),(32,101,
   100),(13,116,14),(99,90,100),(121,120,11),(12,120,119),(120,12,11),(121,11,122),(118,117,13),(13,12,118),(117,116,13),(118,12,
   119),(116,115,14),(122,11,10),(75,51,50),(76,50,77),(50,76,75),(49,78,77),(77,50,49),(80,79,48),(78,48,79),(47,81,
   80),(81,46,82),(87,86,33),(32,89,88),(88,87,32),(43,83,82),(85,84,36),(83,39,84),(86,85,34),(48,78,49),(32,90,
   89),(46,81,47),(45,82,46),(82,45,44),(43,42,83),(83,42,41),(82,44,43),(40,83,41),(35,85,36),(34,85,35),(33,86,
   34),(38,84,39),(84,38,37),(36,84,37),(83,40,39),(47,80,48),(33,32,87),(103,102,32),(105,104,32),(103,32,104),(107,106,
   31),(105,31,106),(29,108,107),(108,28,109),(101,32,102),(15,114,113),(114,14,115),(15,14,114),(15,113,16),(18,111,110),(113,112,
   16),(111,17,112),(20,110,109),(31,105,32),(107,30,29),(28,108,29),(109,28,27),(25,109,26),(109,25,24),(109,27,26),(23,109,
   24),(18,110,19),(17,111,18),(16,112,17),(21,109,22),(109,21,20),(19,110,20),(109,23,22),(107,31,30)),());
#72=COORDINATES_LIST('',41,((-53.439484,59.099998,59.86018),(-53.43475,59.099998,59.803982),(-53.420547,59.099998,59.750957),(-53.396877,59.099998,59.701115),(-53.363735,59.099998,59.654449),(-53.321125,59.099998,59.610962),(-53.271416,59.099998,59.573254),(-53.216972,59.099998,59.543926),(-53.157795,59.099998,59.522976),(-53.09388,
   59.099998,59.510406),(-53.025234,59.099998,59.506218),(-52.959461,59.099998,59.510406),(-52.897408,59.099998,59.522976),(-52.839073,59.099998,59.543926),(-52.784462,59.099998,59.573254),(-52.733566,59.099998,59.610962),(-52.689438,59.099998,59.654449),(-52.655113,59.099998,59.701115),(-52.630596,59.099998,59.750957),(-52.615887,
   59.099998,59.803982),(-52.610981,59.099998,59.86018),(-52.615887,59.099998,59.918839),(-52.630596,59.099998,59.97345),(-52.655113,59.099998,60.024017),(-52.689438,59.099998,60.070538),(-52.733566,59.099998,60.113014),(-52.784462,59.099998,60.149422),(-52.839073,59.099998,60.177738),(-52.897408,59.099998,60.197964),(-52.959461,
   59.099998,60.210102),(-53.025234,59.099998,60.214146),(-53.09388,59.099998,60.210102),(-53.157795,59.099998,60.197964),(-53.216972,59.099998,60.177738),(-53.271416,59.099998,60.149422),(-53.321125,59.099998,60.113014),(-53.363735,59.099998,60.070538),(-53.396877,59.099998,60.024017),(-53.420547,59.099998,59.97345),(-53.43475,
   59.099998,59.918839),(-53.439484,59.099998,59.86018)));
#73=COMPLEX_TRIANGULATED_SURFACE_SET('',#72,40,((0.,1.,0.)),(),((31,30,27),(30,29,28),(30,28,27),(27,26,21),(21,26,22),(25,24,23),(25,23,22),(26,25,
   22),(31,27,21),(35,32,36),(33,35,34),(35,33,32),(32,31,40),(37,36,39),(37,39,38),(39,36,40),(36,32,40),(40,31,
   1),(31,21,16),(20,19,18),(16,21,17),(17,20,18),(31,16,1),(15,14,12),(12,11,15),(12,14,13),(15,11,16),(1,16,
   11),(5,4,2),(5,2,1),(2,4,3),(1,11,5),(10,9,7),(10,7,6),(7,9,8),(5,11,6),(11,10,6),(21,20,
   17)),());
#74=COORDINATES_LIST('',87,((-56.575958,59.099998,58.444321),(-56.575958,59.099998,56.891212),(-55.891174,59.099998,56.891212),(-55.891174,59.099998,57.974777),(-55.18103,59.099998,58.11203),(-55.190498,59.099998,58.089058),(-55.198616,59.099998,58.066376),(-55.205379,59.099998,58.04398),(-55.210789,59.099998,58.021877),(-55.214848,
   59.099998,58.000061),(-55.217892,59.099998,57.978535),(-55.220257,59.099998,57.957294),(-55.221947,59.099998,57.936348),(-55.222961,59.099998,57.915688),(-55.223301,59.099998,57.895317),(-55.208759,59.099998,57.719631),(-55.165138,59.099998,57.556664),(-55.09243,59.099998,57.40641),(-54.990643,59.099998,57.268871),(-54.859776,
   59.099998,57.144043),(-54.706585,59.099998,57.037418),(-54.537842,59.099998,56.954491),(-54.353542,59.099998,56.895256),(-54.153687,59.099998,56.859715),(-53.938278,59.099998,56.847866),(-53.718639,59.099998,56.861015),(-53.512867,59.099998,56.900455),(-53.320957,59.099998,56.966194),(-53.142914,59.099998,57.058224),(-52.978737,
   59.099998,57.176548),(-52.837215,59.099998,57.313946),(-52.727142,59.099998,57.463188),(-52.648518,59.099998,57.624279),(-52.601345,59.099998,57.797215),(-52.585621,59.099998,57.982002),(-52.596947,59.099998,58.145115),(-52.630932,59.099998,58.299267),(-52.687576,59.099998,58.444466),(-52.766876,59.099998,58.580708),(-52.868832,
   59.099998,58.707989),(-52.990402,59.099998,58.822269),(-53.128544,59.099998,58.919502),(-53.283253,59.099998,58.999687),(-53.454533,59.099998,59.06282),(-53.642384,59.099998,59.10891),(-53.642384,59.099998,58.444321),(-53.574749,59.099998,58.410805),(-53.513882,59.099998,58.373817),(-53.459774,59.099998,58.333366),(-53.41243,
   59.099998,58.289444),(-53.371853,59.099998,58.242058),(-53.338375,59.099998,58.19178),(-53.312336,59.099998,58.139191),(-53.293736,59.099998,58.08429),(-53.282578,59.099998,58.027077),(-53.278858,59.099998,57.967552),(-53.285957,59.099998,57.886211),(-53.307262,59.099998,57.809784),(-53.34277,59.099998,57.73827),(-53.392479,
   59.099998,57.671669),(-53.456394,59.099998,57.609978),(-53.531128,59.099998,57.556664),(-53.6133,59.099998,57.515202),(-53.702915,59.099998,57.485584),(-53.799969,59.099998,57.467812),(-53.904461,59.099998,57.461887),(-54.008785,59.099998,57.467381),(-54.105331,59.099998,57.483849),(-54.194099,59.099998,57.511299),(-54.275089,
   59.099998,57.549728),(-54.348301,59.099998,57.59914),(-54.41069,59.099998,57.656353),(-54.459217,59.099998,57.718189),(-54.493881,59.099998,57.784645),(-54.514679,59.099998,57.855728),(-54.52161,59.099998,57.931435),(-54.519241,59.099998,57.971886),(-54.512142,59.099998,58.012341),(-54.500305,59.099998,58.052792),(-54.483734,
   59.099998,58.093246),(-54.462433,59.099998,58.133701),(-54.436054,59.099998,58.173862),(-54.404266,59.099998,58.213451),(-54.367069,59.099998,58.25246),(-54.324459,59.099998,58.29089),(-54.27644,59.099998,58.328743),(-54.411705,59.099998,58.848854)));
#75=COMPLEX_TRIANGULATED_SURFACE_SET('',#74,87,((0.,1.,0.)),(),((41,46,42),(48,40,39),(46,41,40),(49,48,39),(46,45,44),(43,42,46),(47,40,48),(44,43,
   46),(47,46,40),(39,38,49),(53,37,36),(55,35,56),(35,55,36),(56,35,57),(54,36,55),(49,38,50),(50,38,51),(53,52,
   37),(54,53,36),(51,37,52),(38,37,51),(84,83,5),(85,84,5),(86,85,87),(1,87,5),(5,83,82),(87,85,5),(81,80,
   5),(5,80,79),(81,5,82),(1,5,4),(7,6,78),(7,78,8),(78,6,5),(5,79,78),(8,78,77),(77,9,8),(77,10,
   9),(10,77,11),(11,76,12),(76,11,77),(1,4,2),(58,57,34),(33,59,58),(59,33,60),(33,58,34),(57,35,34),(32,61,
   60),(31,62,61),(29,64,63),(63,62,30),(60,33,32),(31,30,62),(29,28,64),(29,63,30),(28,65,64),(66,65,26),(24,67,
   66),(26,25,66),(26,65,27),(65,28,27),(68,67,22),(31,61,32),(25,24,66),(75,74,16),(17,72,18),(73,72,17),(74,73,
   16),(13,76,14),(76,13,12),(14,76,15),(75,15,76),(75,16,15),(73,17,16),(72,71,18),(20,70,69),(22,21,68),(67,23,
   22),(67,24,23),(69,68,21),(70,20,19),(18,71,19),(4,3,2),(21,20,69),(19,71,70)),());
#27=TESSELLATED_GEOMETRIC_SET('general dimension',(#33,#35,#36,#38,#40,#42,#44,#46,#48,#50,#52,#54,#56,#58,#60,#62,#64,#66,#68,#71,#73,#75));
#26=TESSELLATED_ANNOTATION_OCCURRENCE('\X2\8DDD96E295939694\X0\1@\X2\53584E007A74\X0\1(3.5)',(#31),#27);
#76=DRAUGHTING_CALLOUT('\X2\8DDD96E295939694\X0\1@\X2\53584E007A74\X0\1(3.5)',(#26));
#78=PRESENTATION_STYLE_ASSIGNMENT((NULL_STYLE(.NULL.)));
#79=CARTESIAN_POINT('',(0.,0.,0.));
#80=DIRECTION('',(0.,1.,0.));
#81=DIRECTION('',(1.,0.,0.));
#82=AXIS2_PLACEMENT_3D('',#79,#80,#81);
#83=PLANE('',#82);
#77=ANNOTATION_PLANE('*\X2\5E739762\X0\',(#78),#83,(#76));
#86=COORDINATES_LIST('',3,((-24.299999,58.879284,71.81459),(-20.997999,58.879284,71.306587),(-20.997999,58.879284,72.322586)));
#87=COMPLEX_TRIANGULATED_SURFACE_SET('',#86,3,((0.,-1.,0.)),(),((3,1,2)),());
#88=COORDINATES_LIST('',3,((24.299999,58.879284,71.81459),(20.997999,58.879284,72.322586),(20.997999,58.879284,71.306587)));
#89=COMPLEX_TRIANGULATED_SURFACE_SET('',#88,3,((-0.,-1.,0.)),(),((1,2,3)),());
#91=COORDINATES_LIST('',2,((-24.299999,58.879284,1.),(-24.299999,58.879284,72.81459)));
#90=TESSELLATED_CURVE_SET('',#91,((1,2)));
#93=COORDINATES_LIST('',2,((24.299999,58.879284,1.),(24.299999,58.879284,72.81459)));
#92=TESSELLATED_CURVE_SET('',#93,((1,2)));
#95=COORDINATES_LIST('',2,((-24.299999,58.879284,71.81459),(24.299999,58.879284,71.81459)));
#94=TESSELLATED_CURVE_SET('',#95,((1,2)));
#97=COORDINATES_LIST('',2,((-7.285645,58.879284,72.299942),(-5.507645,58.879284,76.744942)));
#96=TESSELLATED_CURVE_SET('',#97,((1,2)));
#99=COORDINATES_LIST('',122,((-4.840895,58.879284,74.522438),(-4.842992,58.879284,74.603188),(-4.849277,58.879284,74.683723),(-4.859735,58.879284,74.763817),(-4.874334,58.879284,74.843262),(-4.893038,58.879284,74.921844),(-4.915796,58.879284,74.999352),(-4.942545,58.879284,75.075569),(-4.973215,58.879284,75.150299),(-5.007721,
   58.879284,75.223335),(-5.045973,58.879284,75.294479),(-5.087865,58.879284,75.363541),(-5.133286,58.879284,75.430336),(-5.182112,58.879284,75.49469),(-5.234212,58.879284,75.556419),(-5.289446,58.879284,75.615356),(-5.347666,58.879284,75.671349),(-5.408712,58.879284,75.724251),(-5.472423,58.879284,75.773911),(-5.538624,
   58.879284,75.82019),(-5.607139,58.879284,75.862976),(-5.677782,58.879284,75.902145),(-5.750363,58.879284,75.937599),(-5.824687,58.879284,75.969238),(-5.900552,58.879284,75.996971),(-5.977755,58.879284,76.020737),(-6.056087,58.879284,76.040459),(-6.135336,58.879284,76.056091),(-6.215291,58.879284,76.067581),(-6.295734,
   58.879284,76.074913),(-6.37645,58.879284,76.078056),(-6.457219,58.879284,76.077011),(-6.537826,58.879284,76.07177),(-6.618052,58.879284,76.062355),(-6.69768,58.879284,76.04879),(-6.776498,58.879284,76.031105),(-6.854291,58.879284,76.009354),(-6.930851,58.879284,75.983597),(-7.005971,58.879284,75.953903),(-7.079448,
   58.879284,75.920341),(-7.151084,58.879284,75.883018),(-7.220686,58.879284,75.842026),(-7.288067,58.879284,75.797478),(-7.353045,58.879284,75.749489),(-7.415445,58.879284,75.698196),(-7.475098,58.879284,75.64373),(-7.531844,58.879284,75.586243),(-7.585529,58.879284,75.525894),(-7.636009,58.879284,75.46283),(-7.683149,
   58.879284,75.397232),(-7.72682,58.879284,75.329285),(-7.766905,58.879284,75.259155),(-7.803296,58.879284,75.187035),(-7.835896,58.879284,75.113129),(-7.864614,58.879284,75.037636),(-7.889377,58.879284,74.960747),(-7.910114,58.879284,74.882675),(-7.926772,58.879284,74.803635),(-7.939304,58.879284,74.723839),(-7.947678,
   58.879284,74.643494),(-7.951871,58.879284,74.562828),(-7.951871,58.879284,74.482048),(-7.947678,58.879284,74.401382),(-7.939304,58.879284,74.321045),(-7.926772,58.879284,74.241241),(-7.910114,58.879284,74.162201),(-7.889377,58.879284,74.084137),(-7.864614,58.879284,74.007248),(-7.835896,58.879284,73.931747),(-7.803296,
   58.879284,73.857841),(-7.766905,58.879284,73.785728),(-7.72682,58.879284,73.715599),(-7.683149,58.879284,73.647644),(-7.636009,58.879284,73.582047),(-7.585529,58.879284,73.51899),(-7.531844,58.879284,73.458633),(-7.475098,58.879284,73.401146),(-7.415445,58.879284,73.34668),(-7.353045,58.879284,73.295387),(-7.288067,
   58.879284,73.247398),(-7.220686,58.879284,73.20285),(-7.151084,58.879284,73.161858),(-7.079448,58.879284,73.124535),(-7.005971,58.879284,73.090981),(-6.930851,58.879284,73.061279),(-6.854291,58.879284,73.035522),(-6.776498,58.879284,73.013771),(-6.69768,58.879284,72.996094),(-6.618052,58.879284,72.982529),(-6.537826,
   58.879284,72.973106),(-6.457219,58.879284,72.967873),(-6.37645,58.879284,72.96682),(-6.295734,58.879284,72.969963),(-6.215291,58.879284,72.977295),(-6.135336,58.879284,72.988792),(-6.056087,58.879284,73.004425),(-5.977755,58.879284,73.024147),(-5.900552,58.879284,73.047905),(-5.824687,58.879284,73.075645),(-5.750363,
   58.879284,73.107277),(-5.677782,58.879284,73.142731),(-5.607139,58.879284,73.1819),(-5.538624,58.879284,73.224686),(-5.472423,58.879284,73.270973),(-5.408712,58.879284,73.320633),(-5.347666,58.879284,73.373528),(-5.289446,58.879284,73.42952),(-5.234212,58.879284,73.488464),(-5.182112,58.879284,73.550194),(-5.133286,
   58.879284,73.61454),(-5.087865,58.879284,73.681335),(-5.045973,58.879284,73.750404),(-5.007721,58.879284,73.821548),(-4.973215,58.879284,73.894585),(-4.942545,58.879284,73.969315),(-4.915796,58.879284,74.045532),(-4.893038,58.879284,74.123032),(-4.874334,58.879284,74.201614),(-4.859735,58.879284,74.281059),(-4.849277,
   58.879284,74.36116),(-4.842992,58.879284,74.441689),(-4.840895,58.879284,74.522438)));
#98=TESSELLATED_CURVE_SET('',#99,((1,2,3,4,5,6,7,8,9,10,11,12,13,14,15,16,17,18,19,20,21,22,23,24,25,26,27,28,
   29,30,31,32,33,34,35,36,37,38,39,40,41,42,43,44,45,46,47,48,49,50,51,52,53,54,55,56,57,58,
   59,60,61,62,63,64,65,66,67,68,69,70,71,72,73,74,75,76,77,78,79,80,81,82,83,84,85,86,87,88,
   89,90,91,92,93,94,95,96,97,98,99,100,101,102,103,104,105,106,107,108,109,110,111,112,113,114,115,116,117,118,
   119,120,121,122)));
#100=COORDINATES_LIST('',15,((-1.001564,58.879284,76.820641),(-0.373095,58.879284,76.820641),(-0.373095,58.879284,74.31823),(-0.076921,58.879284,74.31823),(-0.076921,58.879284,73.633446),(-0.373095,58.879284,73.633446),(-0.373095,58.879284,72.83876),(-0.987116,58.879284,72.83876),(-0.987116,58.879284,73.633446),(-2.439095,
   58.879284,73.633446),(-2.439095,58.879284,74.31823),(-0.987116,58.879284,74.31823),(-0.987116,58.879284,75.620163),(-1.745612,58.879284,74.31823),(-1.713105,58.879284,73.633446)));
#101=COMPLEX_TRIANGULATED_SURFACE_SET('',#100,15,((0.,-1.,0.)),(),((8,7,6),(9,12,15),(1,11,13),(14,11,10),(11,14,13),(15,12,14),(14,10,15),(6,3,
   9),(6,5,4),(12,9,3),(13,3,2),(13,12,3),(3,6,4),(13,2,1),(9,8,6)),());
#102=COORDINATES_LIST('',183,((2.025198,58.879284,74.943832),(2.113328,58.879284,74.872314),(2.192789,58.879284,74.793015),(2.263582,58.879284,74.705933),(2.325707,58.879284,74.611076),(2.379163,58.879284,74.508446),(2.423373,58.879284,74.400406),(2.457757,58.879284,74.289314),(2.482318,58.879284,74.175186),(2.497055,
   58.879284,74.058014),(2.501967,58.879284,73.937798),(2.496188,58.879284,73.804726),(2.478851,58.879284,73.676056),(2.449956,58.879284,73.551781),(2.409503,58.879284,73.4319),(2.357491,58.879284,73.316414),(2.2958,58.879284,73.208542),(2.226308,58.879284,73.111488),(2.149013,58.879284,73.025261),(2.063917,
   58.879284,72.949844),(1.97102,58.879284,72.885262),(1.868876,58.879284,72.832001),(1.75604,58.879284,72.790573),(1.632513,58.879284,72.760986),(1.498296,58.879284,72.743233),(1.353387,58.879284,72.737312),(1.200821,58.879284,72.742889),(1.060968,58.879284,72.759628),(0.93383,58.879284,72.787529),(0.819405,
   58.879284,72.826584),(0.717695,58.879284,72.876801),(0.626242,58.879284,72.938347),(0.54259,58.879284,73.011391),(0.466741,58.879284,73.095932),(0.398693,58.879284,73.191971),(0.338446,58.879284,73.299507),(0.287736,58.879284,73.415672),(0.248294,58.879284,73.537575),(0.220121,58.879284,73.665237),(0.203217,
   58.879284,73.798637),(0.197583,58.879284,73.937798),(0.202062,58.879284,74.057503),(0.215498,58.879284,74.173157),(0.237892,58.879284,74.284752),(0.269243,58.879284,74.392288),(0.309551,58.879284,74.495766),(0.359106,58.879284,74.594849),(0.418197,58.879284,74.689194),(0.486823,58.879284,74.778809),(0.564984,
   58.879284,74.863686),(0.652681,58.879284,74.943832),(0.595035,58.879284,75.015694),(0.543457,58.879284,75.089241),(0.497947,58.879284,75.164482),(0.458506,58.879284,75.241417),(0.425132,58.879284,75.320038),(0.397826,58.879284,75.400352),(0.376588,58.879284,75.482361),(0.361418,58.879284,75.566055),(0.352316,
   58.879284,75.651443),(0.349282,58.879284,75.738518),(0.354339,58.879284,75.858063),(0.369509,58.879284,75.973206),(0.394792,58.879284,76.083954),(0.430188,58.879284,76.190308),(0.475698,58.879284,76.292259),(0.530165,58.879284,76.387627),(0.592434,58.879284,76.474197),(0.662505,58.879284,76.551971),(0.740377,
   58.879284,76.620956),(0.826051,58.879284,76.681152),(0.918516,58.879284,76.731369),(1.016759,58.879284,76.770424),(1.120781,58.879284,76.798325),(1.230583,58.879284,76.815063),(1.346163,58.879284,76.820641),(1.461599,58.879284,76.815063),(1.570967,58.879284,76.798325),(1.674267,58.879284,76.770424),(1.771499,
   58.879284,76.731369),(1.862663,58.879284,76.681152),(1.947037,58.879284,76.620621),(2.023898,58.879284,76.550621),(2.093246,58.879284,76.471153),(2.155081,58.879284,76.382217),(2.209404,58.879284,76.283806),(2.254914,58.879284,76.179146),(2.29031,58.879284,76.071442),(2.315593,58.879284,75.960693),(2.330763,
   58.879284,75.846901),(2.33582,58.879284,75.730064),(2.33322,58.879284,75.64975),(2.325418,58.879284,75.571129),(2.312415,58.879284,75.494194),(2.294211,58.879284,75.418953),(2.270806,58.879284,75.345406),(2.240177,58.879284,75.271179),(2.200302,58.879284,75.193909),(2.151181,58.879284,75.113594),(2.092812,
   58.879284,75.030235),(2.025198,58.879284,74.943832),(1.331715,58.879284,76.110497),(1.270458,58.879284,76.105598),(1.213824,58.879284,76.090889),(1.161812,58.879284,76.066368),(1.114424,58.879284,76.032043),(1.07166,58.879284,75.987915),(1.035252,58.879284,75.936348),(1.006935,58.879284,75.8797),(0.986708,
   58.879284,75.817986),(0.974572,58.879284,75.751198),(0.970527,58.879284,75.679337),(0.974861,58.879284,75.607307),(0.987864,58.879284,75.540016),(1.009535,58.879284,75.477455),(1.039875,58.879284,75.419632),(1.078883,58.879284,75.366539),(1.12396,58.879284,75.320885),(1.172503,58.879284,75.285378),(1.224515,
   58.879284,75.260017),(1.279993,58.879284,75.244797),(1.338939,58.879284,75.239723),(1.400341,58.879284,75.244629),(1.457409,58.879284,75.259338),(1.510143,58.879284,75.283859),(1.558542,58.879284,75.318184),(1.602607,58.879284,75.362312),(1.640315,58.879284,75.414558),(1.669644,58.879284,75.473228),(1.690593,
   58.879284,75.538322),(1.703162,58.879284,75.609848),(1.707352,58.879284,75.687798),(1.703162,58.879284,75.759483),(1.690593,58.879284,75.825768),(1.669644,58.879284,75.886635),(1.640315,58.879284,75.942093),(1.602607,58.879284,75.992142),(1.558253,58.879284,76.034752),(1.508987,58.879284,76.067894),(1.454809,
   58.879284,76.09156),(1.395718,58.879284,76.105766),(1.331715,58.879284,76.110497),(1.353387,58.879284,74.554947),(1.263957,58.879284,74.548347),(1.180594,58.879284,74.528564),(1.1033,58.879284,74.495598),(1.032073,58.879284,74.44944),(0.966915,58.879284,74.390091),(0.911003,58.879284,74.321945),(0.867516,
   58.879284,74.249413),(0.836453,58.879284,74.172478),(0.817816,58.879284,74.091148),(0.811604,58.879284,74.005424),(0.817527,58.879284,73.913612),(0.835298,58.879284,73.827553),(0.864915,58.879284,73.747238),(0.90638,58.879284,73.672676),(0.959691,58.879284,73.603859),(1.022538,58.879284,73.54451),(1.092609,
   58.879284,73.498352),(1.169903,58.879284,73.465378),(1.254421,58.879284,73.445595),(1.346163,58.879284,73.439003),(1.440217,58.879284,73.445091),(1.525891,58.879284,73.463348),(1.603185,58.879284,73.493782),(1.6721,58.879284,73.536392),(1.732635,58.879284,73.591179),(1.783346,58.879284,73.655762),(1.822788,
   58.879284,73.727791),(1.85096,58.879284,73.807266),(1.867864,58.879284,73.894173),(1.873499,58.879284,73.988518),(1.867575,58.879284,74.08033),(1.849805,58.879284,74.166389),(1.820187,58.879284,74.246704),(1.778723,58.879284,74.321274),(1.725411,58.879284,74.390091),(1.663142,58.879284,74.44944),(1.594805,
   58.879284,74.495598),(1.5204,58.879284,74.528564),(1.439928,58.879284,74.548347),(1.353387,58.879284,74.554947)));
#103=COMPLEX_TRIANGULATED_SURFACE_SET('',#102,180,((0.,-1.,0.)),(),((40,153,41),(154,40,39),(41,153,42),(154,39,38),(35,34,155),(34,33,156),(37,36,155),(35,155,
   36),(154,38,37),(32,156,33),(44,43,153),(43,42,153),(44,153,45),(152,46,45),(152,47,46),(152,48,47),(48,151,49),(114,52,
   51),(151,50,49),(50,150,51),(157,32,31),(158,30,159),(156,32,157),(157,31,158),(30,29,159),(156,155,34),(161,28,27),(162,27,
   26),(161,27,162),(159,29,160),(161,160,28),(160,29,28),(153,40,154),(154,37,155),(151,150,50),(152,151,48),(153,152,45),(148,147,
   51),(149,148,51),(119,146,145),(118,147,146),(51,147,117),(150,149,51),(144,143,122),(31,30,158),(144,120,145),(112,59,58),(112,61,
   60),(59,112,60),(58,57,112),(113,112,55),(54,113,55),(61,112,62),(112,56,55),(112,57,56),(54,53,113),(62,112,111),(62,111,
   63),(64,63,111),(111,65,64),(66,65,111),(110,67,66),(110,68,67),(69,68,109),(109,70,69),(108,71,70),(71,107,72),(111,110,
   66),(114,51,115),(114,113,53),(109,68,110),(114,53,52),(119,145,120),(120,144,121),(116,51,117),(117,147,118),(118,146,119),(51,116,
   115),(106,72,107),(107,71,108),(74,73,105),(73,72,106),(105,73,106),(70,109,108),(104,103,75),(104,75,74),(75,102,76),(102,75,
   103),(141,76,102),(104,74,105),(144,122,121),(26,25,164),(164,163,26),(165,164,25),(25,24,165),(26,163,162),(166,24,23),(24,166,
   165),(166,23,167),(22,168,167),(21,169,168),(169,20,170),(127,180,179),(124,182,181),(123,143,182),(181,180,125),(18,171,170),(1,177,
   176),(1,178,177),(175,3,176),(1,179,178),(167,23,22),(169,21,20),(170,19,18),(20,19,170),(18,17,171),(172,171,16),(15,172,
   16),(172,14,13),(15,14,172),(16,171,17),(13,12,172),(7,174,173),(5,174,6),(4,3,175),(175,5,4),(172,12,173),(175,174,
   5),(173,10,9),(9,8,173),(7,6,174),(173,8,7),(10,173,11),(12,11,173),(168,22,21),(2,176,3),(123,182,124),(125,180,
   126),(126,180,127),(181,125,124),(129,128,1),(130,129,1),(132,131,97),(86,134,133),(130,100,131),(127,1,128),(78,140,139),(141,140,
   77),(78,77,140),(141,77,76),(139,138,79),(82,136,135),(81,137,136),(139,79,78),(80,79,138),(137,80,138),(84,135,134),(133,132,
   89),(127,179,1),(98,131,99),(99,131,100),(98,97,131),(96,95,132),(95,94,132),(93,92,132),(132,94,93),(132,97,96),(132,92,
   91),(85,84,134),(84,83,135),(82,81,136),(135,83,82),(80,137,81),(90,89,132),(88,133,89),(86,133,87),(88,87,133),(85,134,
   86),(91,90,132),(100,130,1),(176,2,1),(123,122,143)),());
#104=COORDINATES_LIST('',41,((3.289358,58.879284,73.591179),(3.345559,58.879284,73.586441),(3.398582,58.879284,73.572235),(3.448426,58.879284,73.548569),(3.495091,58.879284,73.515427),(3.538579,58.879284,73.472816),(3.576287,58.879284,73.423111),(3.605615,58.879284,73.36866),(3.626564,58.879284,73.309486),(3.639133,
   58.879284,73.245575),(3.643323,58.879284,73.176926),(3.639133,58.879284,73.111153),(3.626564,58.879284,73.049095),(3.605615,58.879284,72.990768),(3.576287,58.879284,72.93615),(3.538579,58.879284,72.885262),(3.495091,58.879284,72.841125),(3.448426,58.879284,72.806801),(3.398582,58.879284,72.782288),(3.345559,
   58.879284,72.767578),(3.289358,58.879284,72.762672),(3.230701,58.879284,72.767578),(3.17609,58.879284,72.782288),(3.125523,58.879284,72.806801),(3.079002,58.879284,72.841125),(3.036526,58.879284,72.885262),(3.000118,58.879284,72.93615),(2.971801,58.879284,72.990768),(2.951575,58.879284,73.049095),(2.939439,
   58.879284,73.111153),(2.935393,58.879284,73.176926),(2.939439,58.879284,73.245575),(2.951575,58.879284,73.309486),(2.971801,58.879284,73.36866),(3.000118,58.879284,73.423111),(3.036526,58.879284,73.472816),(3.079002,58.879284,73.515427),(3.125523,58.879284,73.548569),(3.17609,58.879284,73.572235),(3.230701,
   58.879284,73.586441),(3.289358,58.879284,73.591179)));
#105=COMPLEX_TRIANGULATED_SURFACE_SET('',#104,40,((0.,-1.,0.)),(),((31,30,27),(30,29,28),(30,28,27),(27,26,21),(21,26,22),(25,24,23),(25,23,22),(26,25,
   22),(31,27,21),(35,32,36),(33,35,34),(35,33,32),(32,31,40),(37,36,39),(37,39,38),(39,36,40),(36,32,40),(40,31,
   1),(31,21,16),(20,19,18),(16,21,17),(17,20,18),(31,16,1),(15,14,12),(12,11,15),(12,14,13),(15,11,16),(1,16,
   11),(5,4,2),(5,2,1),(2,4,3),(1,11,5),(10,9,7),(10,7,6),(7,9,8),(5,11,6),(11,10,6),(21,20,
   17)),());
#106=COORDINATES_LIST('',85,((5.275896,58.879284,76.820641),(5.810455,58.879284,76.507843),(5.232553,58.879284,75.189003),(5.395233,58.879284,75.174797),(5.548088,58.879284,75.132187),(5.691119,58.879284,75.061172),(5.824325,58.879284,74.961754),(5.947707,58.879284,74.833931),(6.05433,58.879284,74.685135),(6.137259,
   58.879284,74.52282),(6.196494,58.879284,74.34697),(6.232035,58.879284,74.1576),(6.243882,58.879284,73.954704),(6.231746,58.879284,73.757889),(6.195338,58.879284,73.57325),(6.134658,58.879284,73.400787),(6.049707,58.879284,73.240501),(5.940484,58.879284,73.092384),(5.814212,58.879284,72.964554),(5.678116,
   58.879284,72.865135),(5.532196,58.879284,72.794121),(5.376451,58.879284,72.751511),(5.210882,58.879284,72.737312),(5.0352,58.879284,72.752022),(4.872232,58.879284,72.79615),(4.721977,58.879284,72.869705),(4.584436,58.879284,72.972672),(4.45961,58.879284,73.105064),(4.352987,58.879284,73.256393),(4.270058,
   58.879284,73.416176),(4.210823,58.879284,73.584412),(4.175282,58.879284,73.761101),(4.163435,58.879284,73.946251),(4.165169,58.879284,74.017433),(4.17037,58.879284,74.088951),(4.179039,58.879284,74.160812),(4.191174,58.879284,74.233009),(4.206778,58.879284,74.30555),(4.229316,58.879284,74.3862),(4.262256,
   58.879284,74.482742),(4.305599,58.879284,74.595184),(4.359344,58.879284,74.723518),(4.423491,58.879284,74.867744),(5.196434,58.879284,74.487312),(5.126653,58.879284,74.481392),(5.061783,58.879284,74.463638),(5.001826,58.879284,74.434052),(4.946781,58.879284,74.392624),(4.896648,58.879284,74.339363),(4.853739,
   58.879284,74.27697),(4.820365,58.879284,74.208153),(4.796526,58.879284,74.132912),(4.782223,58.879284,74.051247),(4.777456,58.879284,73.963158),(4.782512,58.879284,73.877769),(4.797682,58.879284,73.797455),(4.822966,58.879284,73.722214),(4.858362,58.879284,73.652046),(4.903872,58.879284,73.586952),(4.956028,
   58.879284,73.530647),(5.011362,58.879284,73.486855),(5.069874,58.879284,73.455574),(5.131565,58.879284,73.436806),(5.196434,58.879284,73.43055),(5.263905,58.879284,73.436638),(5.327619,58.879284,73.454895),(5.387576,58.879284,73.485329),(5.443777,58.879284,73.527939),(5.496221,58.879284,73.582718),(5.541731,
   58.879284,73.646637),(5.577127,58.879284,73.716637),(5.602411,58.879284,73.792725),(5.61758,58.879284,73.874893),(5.622637,58.879284,73.963158),(5.617725,58.879284,74.051247),(5.602989,58.879284,74.132912),(5.578428,58.879284,74.208153),(5.544043,58.879284,74.27697),(5.499833,58.879284,74.339363),(5.4484,
   58.879284,74.392624),(5.392344,58.879284,74.434052),(5.331664,58.879284,74.463638),(5.266361,58.879284,74.481392),(5.196434,58.879284,74.487312),(5.521504,58.879284,75.848419)));
#107=COMPLEX_TRIANGULATED_SURFACE_SET('',#106,84,((0.,-1.,0.)),(),((55,30,29),(57,56,28),(29,28,56),(27,57,28),(54,33,32),(30,55,31),(55,29,56),(32,31,
   54),(55,54,31),(27,26,58),(61,25,24),(63,62,24),(23,64,63),(63,24,23),(61,24,62),(57,27,58),(59,26,60),(61,60,
   25),(26,59,58),(25,60,26),(36,35,54),(36,54,37),(39,38,54),(54,38,37),(40,39,53),(53,41,40),(41,52,42),(42,51,
   43),(35,34,54),(54,53,39),(51,50,43),(52,51,42),(53,52,41),(43,48,3),(49,48,43),(3,46,45),(3,47,46),(3,48,
   47),(50,49,43),(34,33,54),(3,45,44),(3,85,1),(65,23,22),(67,66,22),(22,66,65),(67,22,21),(68,67,21),(20,70,
   69),(19,71,70),(69,68,20),(21,20,68),(19,18,71),(72,18,17),(18,72,71),(17,16,73),(72,17,73),(74,73,15),(14,13,
   74),(14,74,15),(16,15,73),(74,13,12),(19,70,20),(82,81,4),(5,79,6),(80,79,5),(81,80,5),(3,83,4),(3,44,
   83),(2,1,85),(4,83,82),(81,5,4),(3,1,43),(79,78,6),(8,77,76),(74,11,75),(11,74,12),(76,75,9),(11,10,
   75),(78,7,6),(76,9,8),(8,7,77),(9,75,10),(78,77,7),(64,23,65)),());
#108=COORDINATES_LIST('',102,((7.804217,58.879284,76.820641),(7.944792,58.879284,76.812363),(8.077565,58.879284,76.787506),(8.202537,58.879284,76.746078),(8.319706,58.879284,76.688087),(8.429073,58.879284,76.613518),(8.529773,58.879284,76.521706),(8.620937,58.879284,76.411972),(8.702565,58.879284,76.284317),(8.774659,
   58.879284,76.138733),(8.837217,58.879284,75.975235),(8.889228,58.879284,75.789581),(8.929681,58.879284,75.577553),(8.958576,58.879284,75.339149),(8.975913,58.879284,75.074364),(8.981692,58.879284,74.783203),(8.975769,58.879284,74.485962),(8.957998,58.879284,74.216438),(8.928381,58.879284,73.974655),(8.886916,
   58.879284,73.760597),(8.833605,58.879284,73.574265),(8.77047,58.879284,73.410934),(8.699532,58.879284,73.265862),(8.620792,58.879284,73.139053),(8.534252,58.879284,73.030502),(8.439909,58.879284,72.940208),(8.336465,58.879284,72.867165),(8.222618,58.879284,72.810356),(8.09837,58.879284,72.769775),(7.963718,
   58.879284,72.74543),(7.818665,58.879284,72.737312),(7.673322,58.879284,72.745598),(7.537805,58.879284,72.770454),(7.412111,58.879284,72.811874),(7.296241,58.879284,72.869873),(7.190197,58.879284,72.944435),(7.093398,58.879284,73.035568),(7.005268,58.879284,73.14328),(6.925806,58.879284,73.267555),(6.855013,
   58.879284,73.408401),(6.792889,58.879284,73.565811),(6.740878,58.879284,73.745377),(6.700425,58.879284,73.952675),(6.671529,58.879284,74.187698),(6.654192,58.879284,74.450455),(6.648413,58.879284,74.740936),(6.659682,58.879284,75.146729),(6.69349,58.879284,75.505188),(6.749835,58.879284,75.816299),(6.828719,
   58.879284,76.080063),(6.93014,58.879284,76.296486),(7.064503,58.879284,76.485184),(7.219091,58.879284,76.63195),(7.393907,58.879284,76.736778),(7.588949,58.879284,76.799675),(7.804217,58.879284,76.820641),(7.818665,58.879284,76.11895),(7.756396,58.879284,76.11422),(7.696727,58.879284,76.100014),(7.639659,
   58.879284,76.076347),(7.585192,58.879284,76.043205),(7.533326,58.879284,76.000595),(7.485215,58.879284,75.946152),(7.442017,58.879284,75.877502),(7.403731,58.879284,75.794655),(7.370358,58.879284,75.697601),(7.341896,58.879284,75.586342),(7.318491,58.879284,75.457169),(7.300287,58.879284,75.306343),(7.287284,
   58.879284,75.133881),(7.279482,58.879284,74.939774),(7.276882,58.879284,74.72403),(7.282949,58.879284,74.448082),(7.301154,58.879284,74.208664),(7.331493,58.879284,74.005768),(7.373969,58.879284,73.839386),(7.428581,58.879284,73.709534),(7.492728,58.879284,73.6091),(7.56381,58.879284,73.530983),(7.641827,
   58.879284,73.475189),(7.726779,58.879284,73.441704),(7.818665,58.879284,73.43055),(7.907372,58.879284,73.441032),(7.988568,58.879284,73.472481),(8.06225,58.879284,73.524895),(8.12842,58.879284,73.598274),(8.187078,58.879284,73.692627),(8.244289,58.879284,73.838715),(8.288788,58.879284,74.019966),(8.320573,
   58.879284,74.236397),(8.339643,58.879284,74.487984),(8.346001,58.879284,74.77475),(8.340221,58.879284,75.060333),(8.322885,58.879284,75.308372),(8.293989,58.879284,75.518883),(8.253536,58.879284,75.691849),(8.201525,58.879284,75.827286),(8.139978,58.879284,75.932289),(8.070919,58.879284,76.013954),(7.994347,
   58.879284,76.072289),(7.910262,58.879284,76.107285),(7.818665,58.879284,76.11895)));
#109=COMPLEX_TRIANGULATED_SURFACE_SET('',#108,100,((0.,-1.,0.)),(),((42,41,75),(41,40,75),(39,38,76),(76,40,39),(37,77,38),(73,45,44),(74,73,44),(73,72,
   45),(42,74,43),(43,74,44),(45,72,46),(37,36,77),(34,79,35),(33,79,34),(32,31,81),(33,32,80),(32,81,80),(74,42,
   75),(75,40,76),(80,79,33),(77,36,78),(79,78,35),(38,77,76),(78,36,35),(46,71,47),(71,46,72),(47,71,70),(48,70,
   69),(47,70,48),(48,69,68),(49,67,50),(49,48,68),(50,66,51),(65,52,51),(64,53,52),(49,68,67),(64,52,65),(65,51,
   66),(63,62,54),(63,54,53),(63,53,64),(54,61,55),(61,54,62),(55,61,60),(58,55,59),(1,55,58),(57,1,58),(59,55,
   60),(66,50,67),(82,81,31),(31,83,82),(83,31,30),(83,30,84),(85,84,29),(29,84,30),(85,29,28),(27,86,85),(26,87,
   86),(22,89,88),(20,90,89),(88,87,24),(27,85,28),(87,26,25),(87,25,24),(88,23,22),(88,24,23),(89,22,21),(92,91,
   17),(89,21,20),(90,20,19),(18,91,90),(17,91,18),(19,18,90),(92,17,16),(26,86,27),(99,98,5),(100,99,4),(8,97,
   96),(6,98,97),(5,98,6),(57,101,2),(2,101,3),(57,2,1),(100,3,101),(100,4,3),(99,5,4),(96,95,10),(13,94,
   14),(14,94,93),(94,13,12),(93,15,14),(93,92,15),(92,16,15),(8,7,97),(6,97,7),(10,95,11),(96,9,8),(9,96,
   10),(95,12,11),(94,12,95)),());
#85=TESSELLATED_GEOMETRIC_SET('diameter dimension',(#87,#89,#90,#92,#94,#96,#98,#101,#103,#105,#107,#109));
#84=TESSELLATED_ANNOTATION_OCCURRENCE('\X2\76F45F84\X0\1@\X2\FF8EFF9EFF7D\X0\1(48.6)',(#31),#85);
#110=DRAUGHTING_CALLOUT('\X2\76F45F84\X0\1@\X2\FF8EFF9EFF7D\X0\1(48.6)',(#84));
#113=COORDINATES_LIST('',3,((-20.799999,59.099998,49.049889),(-17.497999,59.099998,48.541889),(-17.497999,59.099998,49.557888)));
#114=COMPLEX_TRIANGULATED_SURFACE_SET('',#113,3,((0.,-1.,0.)),(),((3,1,2)),());
#115=COORDINATES_LIST('',3,((20.799999,59.099998,49.049889),(17.497999,59.099998,49.557888),(17.497999,59.099998,48.541889)));
#116=COMPLEX_TRIANGULATED_SURFACE_SET('',#115,3,((-0.,-1.,0.)),(),((1,2,3)),());
#118=COORDINATES_LIST('',2,((-20.799999,59.099998,1.),(-20.799999,59.099998,50.049889)));
#117=TESSELLATED_CURVE_SET('',#118,((1,2)));
#120=COORDINATES_LIST('',2,((20.799999,59.099998,1.),(20.799999,59.099998,50.049889)));
#119=TESSELLATED_CURVE_SET('',#120,((1,2)));
#122=COORDINATES_LIST('',2,((-20.799999,59.099998,49.049889),(20.799999,59.099998,49.049889)));
#121=TESSELLATED_CURVE_SET('',#122,((1,2)));
#124=COORDINATES_LIST('',2,((-5.99259,59.099998,49.53524),(-4.21459,59.099998,53.98024)));
#123=TESSELLATED_CURVE_SET('',#124,((1,2)));
#126=COORDINATES_LIST('',122,((-3.54784,59.099998,51.75774),(-3.549937,59.099998,51.83849),(-3.556222,59.099998,51.919022),(-3.566679,59.099998,51.999115),(-3.581279,59.099998,52.078564),(-3.599983,59.099998,52.157143),(-3.622741,59.099998,52.23465),(-3.64949,59.099998,52.310867),(-3.68016,59.099998,52.385597),(-3.714666,
   59.099998,52.45863),(-3.752918,59.099998,52.529778),(-3.79481,59.099998,52.598843),(-3.84023,59.099998,52.665638),(-3.889057,59.099998,52.729988),(-3.941157,59.099998,52.791714),(-3.996391,59.099998,52.850658),(-4.05461,59.099998,52.906651),(-4.115657,59.099998,52.959549),(-4.179368,59.099998,53.009205),(-4.245569,
   59.099998,53.055489),(-4.314084,59.099998,53.098274),(-4.384727,59.099998,53.137447),(-4.457308,59.099998,53.172897),(-4.531631,59.099998,53.204536),(-4.607497,59.099998,53.232273),(-4.684699,59.099998,53.256035),(-4.763031,59.099998,53.275757),(-4.842281,59.099998,53.291386),(-4.922235,59.099998,53.302883),(-5.002679,
   59.099998,53.310211),(-5.083394,59.099998,53.313358),(-5.164164,59.099998,53.312309),(-5.244771,59.099998,53.307068),(-5.324996,59.099998,53.297653),(-5.404625,59.099998,53.284084),(-5.483443,59.099998,53.266403),(-5.561236,59.099998,53.244656),(-5.637796,59.099998,53.218895),(-5.712915,59.099998,53.189201),(-5.786393,
   59.099998,53.155643),(-5.858029,59.099998,53.11832),(-5.927631,59.099998,53.077328),(-5.995012,59.099998,53.03278),(-6.05999,59.099998,52.984791),(-6.12239,59.099998,52.933495),(-6.182043,59.099998,52.879032),(-6.238788,59.099998,52.821545),(-6.292474,59.099998,52.761189),(-6.342954,59.099998,52.698128),(-6.390093,
   59.099998,52.632534),(-6.433764,59.099998,52.564579),(-6.47385,59.099998,52.494453),(-6.510241,59.099998,52.422337),(-6.54284,59.099998,52.348431),(-6.571559,59.099998,52.27293),(-6.596321,59.099998,52.196045),(-6.617059,59.099998,52.117973),(-6.633717,59.099998,52.038933),(-6.646249,59.099998,51.959137),(-6.654623,
   59.099998,51.878796),(-6.658816,59.099998,51.798126),(-6.658816,59.099998,51.71735),(-6.654623,59.099998,51.636684),(-6.646249,59.099998,51.556343),(-6.633717,59.099998,51.476543),(-6.617059,59.099998,51.397503),(-6.596321,59.099998,51.319435),(-6.571559,59.099998,51.242546),(-6.54284,59.099998,51.167046),(-6.510241,
   59.099998,51.09314),(-6.47385,59.099998,51.021027),(-6.433764,59.099998,50.950897),(-6.390093,59.099998,50.882942),(-6.342954,59.099998,50.817348),(-6.292474,59.099998,50.754288),(-6.238788,59.099998,50.693932),(-6.182043,59.099998,50.636444),(-6.12239,59.099998,50.581982),(-6.05999,59.099998,50.530685),(-5.995012,
   59.099998,50.4827),(-5.927631,59.099998,50.438148),(-5.858029,59.099998,50.39716),(-5.786393,59.099998,50.359833),(-5.712915,59.099998,50.326279),(-5.637796,59.099998,50.296581),(-5.561236,59.099998,50.270824),(-5.483443,59.099998,50.249073),(-5.404625,59.099998,50.231392),(-5.324996,59.099998,50.217823),(-5.244771,
   59.099998,50.208408),(-5.164164,59.099998,50.203167),(-5.083394,59.099998,50.202122),(-5.002679,59.099998,50.205265),(-4.922235,59.099998,50.212597),(-4.842281,59.099998,50.224091),(-4.763031,59.099998,50.239719),(-4.684699,59.099998,50.259445),(-4.607497,59.099998,50.283207),(-4.531631,59.099998,50.310944),(-4.457308,
   59.099998,50.342579),(-4.384727,59.099998,50.378033),(-4.314084,59.099998,50.417202),(-4.245569,59.099998,50.459988),(-4.179368,59.099998,50.506271),(-4.115657,59.099998,50.555927),(-4.05461,59.099998,50.608826),(-3.996391,59.099998,50.664822),(-3.941157,59.099998,50.723763),(-3.889057,59.099998,50.785492),(-3.84023,
   59.099998,50.849838),(-3.79481,59.099998,50.916637),(-3.752918,59.099998,50.985703),(-3.714666,59.099998,51.056847),(-3.68016,59.099998,51.129883),(-3.64949,59.099998,51.204609),(-3.622741,59.099998,51.28083),(-3.599983,59.099998,51.358334),(-3.581279,59.099998,51.436916),(-3.566679,59.099998,51.516361),(-3.556222,
   59.099998,51.596458),(-3.549937,59.099998,51.676991),(-3.54784,59.099998,51.75774)));
#125=TESSELLATED_CURVE_SET('',#126,((1,2,3,4,5,6,7,8,9,10,11,12,13,14,15,16,17,18,19,20,21,22,23,24,25,26,27,28,
   29,30,31,32,33,34,35,36,37,38,39,40,41,42,43,44,45,46,47,48,49,50,51,52,53,54,55,56,57,58,
   59,60,61,62,63,64,65,66,67,68,69,70,71,72,73,74,75,76,77,78,79,80,81,82,83,84,85,86,87,88,
   89,90,91,92,93,94,95,96,97,98,99,100,101,102,103,104,105,106,107,108,109,110,111,112,113,114,115,116,117,118,
   119,120,121,122)));
#127=COORDINATES_LIST('',15,((0.291492,59.099998,54.055946),(0.91996,59.099998,54.055946),(0.91996,59.099998,51.553532),(1.216135,59.099998,51.553532),(1.216135,59.099998,50.868748),(0.91996,59.099998,50.868748),(0.91996,59.099998,50.074062),(0.305939,59.099998,50.074062),(0.305939,59.099998,50.868748),(-1.146039,
   59.099998,50.868748),(-1.146039,59.099998,51.553532),(0.305939,59.099998,51.553532),(0.305939,59.099998,52.855465),(-0.452557,59.099998,51.553532),(-0.42005,59.099998,50.868748)));
#128=COMPLEX_TRIANGULATED_SURFACE_SET('',#127,15,((0.,-1.,0.)),(),((9,8,7),(9,12,15),(1,11,13),(14,11,10),(11,14,13),(15,12,14),(9,6,12),(14,10,
   15),(6,5,4),(3,12,6),(13,3,2),(13,12,3),(3,6,4),(13,2,1),(6,9,7)),());
#129=COORDINATES_LIST('',6,((2.104659,59.099998,53.962952),(3.050973,59.099998,53.962952),(3.050973,59.099998,50.074062),(2.422505,59.099998,50.074062),(2.422505,59.099998,53.269714),(1.74347,59.099998,53.269714)));
#130=COMPLEX_TRIANGULATED_SURFACE_SET('',#129,6,((0.,-1.,0.)),(),((6,5,1),(1,5,2),(3,2,5),(3,5,4)),());
#131=COORDINATES_LIST('',41,((4.582414,59.099998,50.826477),(4.638615,59.099998,50.821743),(4.691637,59.099998,50.807541),(4.741481,59.099998,50.783871),(4.788146,59.099998,50.750729),(4.831634,59.099998,50.708118),(4.869342,59.099998,50.658409),(4.898671,59.099998,50.603966),(4.919619,59.099998,50.544788),(4.932189,
   59.099998,50.480873),(4.936378,59.099998,50.412228),(4.932189,59.099998,50.346455),(4.919619,59.099998,50.284401),(4.89867,59.099998,50.226067),(4.869342,59.099998,50.171455),(4.831634,59.099998,50.12056),(4.788146,59.099998,50.076431),(4.741481,59.099998,50.042107),(4.691637,59.099998,50.01759),(4.638615,
   59.099998,50.00288),(4.582414,59.099998,49.997974),(4.523757,59.099998,50.00288),(4.469145,59.099998,50.01759),(4.418578,59.099998,50.042107),(4.372057,59.099998,50.076431),(4.329581,59.099998,50.12056),(4.293174,59.099998,50.171455),(4.264856,59.099998,50.226067),(4.24463,59.099998,50.284401),(4.232494,
   59.099998,50.346455),(4.228448,59.099998,50.412228),(4.232494,59.099998,50.480873),(4.24463,59.099998,50.544788),(4.264856,59.099998,50.603966),(4.293174,59.099998,50.658409),(4.329581,59.099998,50.708118),(4.372057,59.099998,50.750729),(4.418578,59.099998,50.783871),(4.469145,59.099998,50.807541),(4.523757,
   59.099998,50.821743),(4.582414,59.099998,50.826477)));
#132=COMPLEX_TRIANGULATED_SURFACE_SET('',#131,40,((0.,-1.,0.)),(),((28,27,30),(30,29,28),(30,27,31),(31,27,21),(23,22,25),(25,24,23),(25,22,26),(27,26,
   21),(1,31,16),(33,32,35),(33,35,34),(35,32,36),(32,40,36),(38,37,39),(36,39,37),(36,40,39),(31,40,32),(31,1,
   40),(21,26,22),(21,20,17),(18,17,20),(18,20,19),(21,17,16),(11,16,15),(14,13,12),(14,12,15),(11,1,16),(12,11,
   15),(11,6,5),(2,4,3),(4,2,5),(5,2,1),(10,7,6),(7,9,8),(9,7,10),(10,6,11),(11,5,1),(16,31,
   21)),());
#133=COORDINATES_LIST('',85,((6.568952,59.099998,54.055946),(7.103511,59.099998,53.743145),(6.525609,59.099998,52.424305),(6.688288,59.099998,52.410099),(6.841144,59.099998,52.367493),(6.984174,59.099998,52.296478),(7.11738,59.099998,52.197056),(7.240762,59.099998,52.069233),(7.347385,59.099998,51.920441),(7.430315,
   59.099998,51.758121),(7.489549,59.099998,51.582275),(7.52509,59.099998,51.392902),(7.536937,59.099998,51.190002),(7.524801,59.099998,50.993195),(7.488393,59.099998,50.808556),(7.427714,59.099998,50.636093),(7.342762,59.099998,50.4758),(7.233539,59.099998,50.327686),(7.107267,59.099998,50.19986),(6.971171,
   59.099998,50.100441),(6.825251,59.099998,50.029423),(6.669507,59.099998,49.986816),(6.503938,59.099998,49.972614),(6.328255,59.099998,49.987324),(6.165287,59.099998,50.031452),(6.015032,59.099998,50.105003),(5.877492,59.099998,50.207977),(5.752665,59.099998,50.340366),(5.646042,59.099998,50.491695),(5.563113,
   59.099998,50.651478),(5.503878,59.099998,50.819714),(5.468337,59.099998,50.996407),(5.45649,59.099998,51.181549),(5.458224,59.099998,51.252735),(5.463425,59.099998,51.324257),(5.472094,59.099998,51.396114),(5.48423,59.099998,51.468315),(5.499833,59.099998,51.540852),(5.522371,59.099998,51.621502),(5.555312,
   59.099998,51.718048),(5.598654,59.099998,51.830486),(5.652399,59.099998,51.95882),(5.716546,59.099998,52.103046),(6.48949,59.099998,51.722614),(6.419708,59.099998,51.716694),(6.354839,59.099998,51.69894),(6.294881,59.099998,51.669353),(6.239836,59.099998,51.627926),(6.189703,59.099998,51.574665),(6.146794,
   59.099998,51.512276),(6.11342,59.099998,51.443459),(6.089582,59.099998,51.368217),(6.075279,59.099998,51.286549),(6.070511,59.099998,51.19846),(6.075568,59.099998,51.113071),(6.090738,59.099998,51.032757),(6.116021,59.099998,50.957516),(6.151417,59.099998,50.887348),(6.196927,59.099998,50.82225),(6.249083,
   59.099998,50.765945),(6.304417,59.099998,50.722153),(6.362929,59.099998,50.690872),(6.42462,59.099998,50.672104),(6.48949,59.099998,50.665852),(6.55696,59.099998,50.671936),(6.620674,59.099998,50.690197),(6.680631,59.099998,50.720631),(6.736832,59.099998,50.763241),(6.789277,59.099998,50.818024),(6.834786,
   59.099998,50.881935),(6.870183,59.099998,50.951939),(6.895466,59.099998,51.028023),(6.910636,59.099998,51.110199),(6.915693,59.099998,51.19846),(6.91078,59.099998,51.286549),(6.896044,59.099998,51.368217),(6.871483,59.099998,51.443459),(6.837098,59.099998,51.512276),(6.792889,59.099998,51.574665),(6.741455,
   59.099998,51.627926),(6.685399,59.099998,51.669353),(6.624719,59.099998,51.69894),(6.559416,59.099998,51.716694),(6.48949,59.099998,51.722614),(6.81456,59.099998,53.083725)));
#134=COMPLEX_TRIANGULATED_SURFACE_SET('',#133,84,((0.,-1.,0.)),(),((55,30,29),(57,56,28),(29,28,56),(27,57,28),(54,33,32),(30,55,31),(55,29,56),(32,31,
   54),(55,54,31),(27,26,58),(61,25,24),(63,62,24),(23,64,63),(63,24,23),(61,24,62),(57,27,58),(59,26,60),(61,60,
   25),(26,59,58),(25,60,26),(36,35,54),(36,54,37),(39,38,54),(54,38,37),(40,39,53),(53,41,40),(41,52,42),(42,51,
   43),(35,34,54),(54,53,39),(51,50,43),(52,51,42),(53,52,41),(43,48,3),(49,48,43),(3,46,45),(3,47,46),(3,48,
   47),(50,49,43),(34,33,54),(3,45,44),(3,85,1),(65,23,22),(67,66,22),(22,66,65),(67,22,21),(68,67,21),(20,70,
   69),(19,71,70),(69,68,20),(21,20,68),(19,18,71),(72,18,17),(18,72,71),(17,16,73),(72,17,73),(74,73,15),(14,13,
   74),(14,74,15),(16,15,73),(74,13,12),(19,70,20),(82,81,4),(5,79,6),(80,79,5),(81,80,5),(3,83,4),(3,44,
   83),(2,1,85),(4,83,82),(81,5,4),(3,1,43),(79,78,6),(8,77,76),(74,11,75),(11,74,12),(76,75,9),(11,10,
   75),(78,7,6),(76,9,8),(8,7,77),(9,75,10),(78,77,7),(64,23,65)),());
#112=TESSELLATED_GEOMETRIC_SET('diameter dimension',(#114,#116,#117,#119,#121,#123,#125,#128,#130,#132,#134));
#111=TESSELLATED_ANNOTATION_OCCURRENCE('\X2\76F45F84\X0\3@\X2\53584E007A74\X0\1(41.6)',(#31),#112);
#135=DRAUGHTING_CALLOUT('\X2\76F45F84\X0\3@\X2\53584E007A74\X0\1(41.6)',(#111));
#137=CARTESIAN_POINT('',(0.,0.,0.));
#138=DIRECTION('',(0.,-1.,0.));
#139=DIRECTION('',(1.,0.,0.));
#140=AXIS2_PLACEMENT_3D('',#137,#138,#139);
#141=PLANE('',#140);
#136=ANNOTATION_PLANE('*\X2\5E959762\X0\',(#78),#141,(#110,#135));
#144=COORDINATES_LIST('',3,((-65.960159,59.,0.1),(-66.468155,55.698002,0.1),(-65.452156,55.698002,0.1)));
#145=COMPLEX_TRIANGULATED_SURFACE_SET('',#144,3,((0.,0.,-1.)),(),((3,2,1)),());
#146=COORDINATES_LIST('',3,((-65.960159,-59.,0.1),(-65.452156,-55.698002,0.1),(-66.468155,-55.698002,0.1)));
#147=COMPLEX_TRIANGULATED_SURFACE_SET('',#146,3,((0.,0.,-1.)),(),((2,1,3)),());
#149=COORDINATES_LIST('',2,((-25.299999,59.,0.1),(-66.960159,59.,0.1)));
#148=TESSELLATED_CURVE_SET('',#149,((1,2)));
#151=COORDINATES_LIST('',2,((-25.299999,-59.,0.1),(-66.960159,-59.,0.1)));
#150=TESSELLATED_CURVE_SET('',#151,((1,2)));
#153=COORDINATES_LIST('',2,((-25.299999,59.,0.1),(-24.299999,59.,0.1)));
#152=TESSELLATED_CURVE_SET('',#153,((1,2)));
#155=COORDINATES_LIST('',2,((-24.299999,59.,0.1),(-24.299999,59.,0.)));
#154=TESSELLATED_CURVE_SET('',#155,((1,2)));
#157=COORDINATES_LIST('',2,((-25.299999,59.,0.1),(-24.299999,59.,0.1)));
#156=TESSELLATED_CURVE_SET('',#157,((1,2)));
#159=COORDINATES_LIST('',2,((-24.299999,59.,0.1),(-24.299999,59.,0.)));
#158=TESSELLATED_CURVE_SET('',#159,((1,2)));
#161=COORDINATES_LIST('',2,((-25.299999,-59.,0.1),(-24.299999,-59.,0.1)));
#160=TESSELLATED_CURVE_SET('',#161,((1,2)));
#163=COORDINATES_LIST('',2,((-24.299999,-59.,0.1),(-24.299999,-59.,0.)));
#162=TESSELLATED_CURVE_SET('',#163,((1,2)));
#165=COORDINATES_LIST('',2,((-65.960159,59.,0.1),(-65.960159,-59.,0.1)));
#164=TESSELLATED_CURVE_SET('',#165,((1,2)));
#166=COORDINATES_LIST('',6,((-70.819748,-3.120671,0.1),(-70.819748,-2.174356,0.1),(-66.930862,-2.174356,0.1),(-66.930862,-2.802825,0.1),(-70.126511,-2.802825,0.1),(-70.126511,-3.481859,0.1)));
#167=COMPLEX_TRIANGULATED_SURFACE_SET('',#166,6,((0.,0.,1.)),(),((1,6,5),(5,3,2),(3,5,4),(5,2,1)),());
#168=COORDINATES_LIST('',6,((-70.819748,-0.53456,0.1),(-70.819748,0.411755,0.1),(-66.930862,0.411755,0.1),(-66.930862,-0.216714,0.1),(-70.126511,-0.216714,0.1),(-70.126511,-0.895748,0.1)));
#169=COMPLEX_TRIANGULATED_SURFACE_SET('',#168,6,((0.,0.,1.)),(),((1,6,5),(5,3,2),(3,5,4),(5,2,1)),());
#170=COORDINATES_LIST('',183,((-69.035934,3.265146,0.1),(-68.964417,3.353276,0.1),(-68.885117,3.432737,0.1),(-68.798035,3.50353,0.1),(-68.703178,3.565655,0.1),(-68.600548,3.619111,0.1),(-68.492508,3.663321,0.1),(-68.381416,3.697705,0.1),(-68.267288,3.722266,0.1),(-68.150116,
   3.737003,0.1),(-68.0299,3.741915,0.1),(-67.896828,3.736136,0.1),(-67.768158,3.718799,0.1),(-67.643883,3.689903,0.1),(-67.524002,3.64945,0.1),(-67.408516,3.597439,0.1),(-67.300644,3.535748,0.1),(-67.20359,3.466256,0.1),(-67.117363,3.388961,0.1),(-67.041946,
   3.303865,0.1),(-66.977364,3.210967,0.1),(-66.924103,3.108823,0.1),(-66.882675,2.995988,0.1),(-66.853088,2.872461,0.1),(-66.835335,2.738244,0.1),(-66.829414,2.593335,0.1),(-66.834991,2.440768,0.1),(-66.85173,2.300916,0.1),(-66.879631,2.173778,0.1),(-66.918686,
   2.059353,0.1),(-66.968903,1.957643,0.1),(-67.030449,1.866189,0.1),(-67.103493,1.782538,0.1),(-67.188034,1.706689,0.1),(-67.284073,1.638641,0.1),(-67.391609,1.578394,0.1),(-67.507774,1.527683,0.1),(-67.629677,1.488242,0.1),(-67.757339,1.460069,0.1),(-67.890739,
   1.443165,0.1),(-68.0299,1.437531,0.1),(-68.149605,1.44201,0.1),(-68.265259,1.455446,0.1),(-68.376854,1.477839,0.1),(-68.48439,1.509191,0.1),(-68.587868,1.549499,0.1),(-68.686951,1.599054,0.1),(-68.781296,1.658145,0.1),(-68.870911,1.726771,0.1),(-68.955788,
   1.804932,0.1),(-69.035934,1.892629,0.1),(-69.107796,1.834983,0.1),(-69.181343,1.783405,0.1),(-69.256584,1.737895,0.1),(-69.333519,1.698454,0.1),(-69.41214,1.66508,0.1),(-69.492455,1.637774,0.1),(-69.574463,1.616536,0.1),(-69.658157,1.601366,0.1),(-69.743546,
   1.592264,0.1),(-69.83062,1.58923,0.1),(-69.950165,1.594287,0.1),(-70.065308,1.609457,0.1),(-70.176056,1.63474,0.1),(-70.28241,1.670136,0.1),(-70.384361,1.715646,0.1),(-70.479729,1.770113,0.1),(-70.566299,1.832382,0.1),(-70.644073,1.902453,0.1),(-70.713058,
   1.980325,0.1),(-70.773254,2.065999,0.1),(-70.823471,2.158463,0.1),(-70.862526,2.256707,0.1),(-70.890427,2.360729,0.1),(-70.907166,2.470531,0.1),(-70.912743,2.586111,0.1),(-70.907166,2.701547,0.1),(-70.890427,2.810915,0.1),(-70.862526,2.914215,0.1),(-70.823471,
   3.011447,0.1),(-70.773254,3.102611,0.1),(-70.712723,3.186985,0.1),(-70.642723,3.263845,0.1),(-70.563255,3.333194,0.1),(-70.474319,3.395029,0.1),(-70.375908,3.449352,0.1),(-70.271248,3.494862,0.1),(-70.163544,3.530258,0.1),(-70.052795,3.555542,0.1),(-69.939003,
   3.570711,0.1),(-69.822166,3.575768,0.1),(-69.741852,3.573168,0.1),(-69.663231,3.565366,0.1),(-69.586296,3.552363,0.1),(-69.511055,3.534159,0.1),(-69.437508,3.510754,0.1),(-69.363281,3.480125,0.1),(-69.286011,3.44025,0.1),(-69.205696,3.391128,0.1),(-69.122337,
   3.33276,0.1),(-69.035934,3.265146,0.1),(-70.202599,2.571663,0.1),(-70.197701,2.510406,0.1),(-70.182991,2.453771,0.1),(-70.15847,2.40176,0.1),(-70.124146,2.354372,0.1),(-70.080017,2.311607,0.1),(-70.02845,2.2752,0.1),(-69.971802,2.246882,0.1),(-69.910088,
   2.226656,0.1),(-69.8433,2.21452,0.1),(-69.771439,2.210475,0.1),(-69.699409,2.214809,0.1),(-69.632118,2.227812,0.1),(-69.569557,2.249483,0.1),(-69.511734,2.279823,0.1),(-69.458641,2.318831,0.1),(-69.412987,2.363908,0.1),(-69.37748,2.412452,0.1),(-69.352119,
   2.464463,0.1),(-69.336899,2.519941,0.1),(-69.331825,2.578887,0.1),(-69.336731,2.640289,0.1),(-69.35144,2.697357,0.1),(-69.375961,2.750091,0.1),(-69.410286,2.79849,0.1),(-69.454414,2.842555,0.1),(-69.50666,2.880263,0.1),(-69.565331,2.909592,0.1),(-69.630424,
   2.930541,0.1),(-69.70195,2.94311,0.1),(-69.7799,2.9473,0.1),(-69.851585,2.94311,0.1),(-69.91787,2.930541,0.1),(-69.978737,2.909591,0.1),(-70.034195,2.880263,0.1),(-70.084244,2.842555,0.1),(-70.126854,2.798201,0.1),(-70.159996,2.748935,0.1),(-70.183662,
   2.694757,0.1),(-70.197868,2.635666,0.1),(-70.202599,2.571663,0.1),(-68.647049,2.593335,0.1),(-68.64045,2.503904,0.1),(-68.620667,2.420542,0.1),(-68.5877,2.343248,0.1),(-68.541542,2.272021,0.1),(-68.482193,2.206863,0.1),(-68.414047,2.150951,0.1),(-68.341515,
   2.107464,0.1),(-68.26458,2.076401,0.1),(-68.18325,2.057764,0.1),(-68.097527,2.051552,0.1),(-68.005714,2.057475,0.1),(-67.919655,2.075246,0.1),(-67.83934,2.104863,0.1),(-67.764778,2.146327,0.1),(-67.695961,2.199639,0.1),(-67.636612,2.262486,0.1),(-67.590454,
   2.332556,0.1),(-67.55748,2.409851,0.1),(-67.537697,2.494369,0.1),(-67.531105,2.586111,0.1),(-67.537193,2.680165,0.1),(-67.55545,2.765838,0.1),(-67.585884,2.843133,0.1),(-67.628494,2.912048,0.1),(-67.683281,2.972583,0.1),(-67.747864,3.023294,0.1),(-67.819893,
   3.062736,0.1),(-67.899368,3.090908,0.1),(-67.986275,3.107812,0.1),(-68.08062,3.113446,0.1),(-68.172432,3.107523,0.1),(-68.258492,3.089753,0.1),(-68.338806,3.060135,0.1),(-68.413376,3.01867,0.1),(-68.482193,2.965359,0.1),(-68.541542,2.90309,0.1),(-68.5877,
   2.834753,0.1),(-68.620667,2.760348,0.1),(-68.64045,2.679876,0.1),(-68.647049,2.593335,0.1)));
#171=COMPLEX_TRIANGULATED_SURFACE_SET('',#170,180,((0.,0.,1.)),(),((40,39,154),(154,153,40),(41,40,153),(38,154,39),(34,155,35),(33,156,34),(36,155,37),(35,155,
   36),(38,37,154),(32,156,33),(44,43,153),(44,153,45),(152,46,45),(42,153,43),(48,47,152),(46,152,47),(49,48,151),(49,151,
   50),(51,50,150),(153,152,45),(42,41,153),(32,31,157),(30,29,159),(157,31,158),(159,158,30),(29,160,159),(157,156,32),(161,28,
   27),(26,162,27),(163,162,26),(161,160,28),(162,161,27),(28,160,29),(154,37,155),(155,34,156),(151,150,50),(152,151,48),(148,147,
   51),(149,148,51),(119,146,145),(118,147,146),(51,147,117),(150,149,51),(144,143,122),(158,31,30),(120,145,144),(112,59,58),(112,61,
   60),(59,112,60),(58,57,112),(54,113,55),(53,113,54),(56,55,112),(113,112,55),(56,112,57),(53,52,114),(61,112,62),(63,62,
   111),(111,64,63),(64,111,65),(111,66,65),(110,67,66),(110,68,67),(69,68,109),(109,70,69),(108,71,70),(71,107,72),(62,112,
   111),(114,51,115),(114,113,53),(114,52,51),(119,145,120),(120,144,121),(116,51,117),(117,147,118),(118,146,119),(51,116,115),(107,71,
   108),(108,70,109),(72,106,73),(72,107,106),(73,106,105),(68,110,109),(104,103,75),(105,104,74),(104,75,74),(75,103,102),(75,102,
   76),(105,74,73),(110,66,111),(144,122,121),(26,25,164),(165,164,25),(24,166,165),(165,25,24),(23,167,166),(168,167,22),(23,166,
   24),(21,169,168),(20,170,169),(170,18,171),(127,180,179),(124,182,181),(123,143,182),(181,180,125),(175,174,5),(1,177,176),(1,178,
   177),(175,3,176),(1,179,178),(167,23,22),(122,143,123),(169,21,20),(170,19,18),(20,19,170),(18,17,171),(172,171,16),(15,172,
   16),(172,14,13),(15,14,172),(16,171,17),(13,12,172),(6,5,174),(173,172,12),(5,4,175),(3,2,176),(175,4,3),(174,173,
   7),(173,10,9),(9,8,173),(6,174,7),(173,8,7),(10,173,11),(12,11,173),(21,168,22),(1,176,2),(123,182,124),(125,180,
   126),(126,180,127),(181,125,124),(129,128,1),(130,129,1),(84,135,134),(130,100,131),(127,1,128),(77,140,78),(76,141,77),(102,141,
   76),(77,141,140),(140,139,78),(81,137,136),(80,138,137),(79,78,139),(80,79,138),(79,139,138),(82,136,135),(134,133,86),(99,131,
   100),(98,97,131),(131,99,98),(131,97,132),(100,130,1),(96,95,132),(95,94,132),(93,92,132),(132,94,93),(96,132,97),(132,92,
   91),(85,84,134),(84,83,135),(82,81,136),(135,83,82),(80,137,81),(132,90,89),(88,133,89),(86,133,87),(88,87,133),(85,134,
   86),(132,91,90),(132,89,133),(179,1,127),(163,26,164)),());
#143=TESSELLATED_GEOMETRIC_SET('general dimension',(#145,#147,#148,#150,#152,#154,#156,#158,#160,#162,#164,#167,#169,#171));
#142=TESSELLATED_ANNOTATION_OCCURRENCE('\X2\8DDD96E295939694\X0\1@\X2\5E739762\X0\2(118)',(#31),#143);
#172=DRAUGHTING_CALLOUT('\X2\8DDD96E295939694\X0\1@\X2\5E739762\X0\2(118)',(#142));
#174=CARTESIAN_POINT('',(0.,0.,0.));
#175=DIRECTION('',(0.,0.,1.));
#176=DIRECTION('',(1.,0.,0.));
#177=AXIS2_PLACEMENT_3D('',#174,#175,#176);
#178=PLANE('',#177);
#173=ANNOTATION_PLANE('*\X2\6B639762\X0\',(#78),#178,(#172));
#181=DRAUGHTING_PRE_DEFINED_COLOUR('black');
#182=CURVE_STYLE('',#29,POSITIVE_LENGTH_MEASURE(0.100000),#181);
#183=PRESENTATION_STYLE_ASSIGNMENT((#182));
#185=COORDINATES_LIST('',2,((-438.125916,1.35397,-7.856984),(-449.805237,-28.0807,5.402203)));
#184=TESSELLATED_CURVE_SET('',#185,((1,2)));
#187=COORDINATES_LIST('',2,((-449.805237,-28.0807,5.402203),(-458.464844,-49.90506,15.233237)));
#186=TESSELLATED_CURVE_SET('',#187,((1,2)));
#189=COORDINATES_LIST('',2,((-446.009399,-7.850661,53.655338),(-454.669006,-29.675022,63.486374)));
#188=TESSELLATED_CURVE_SET('',#189,((1,2)));
#191=COORDINATES_LIST('',2,((-458.464844,-49.90506,15.233237),(-468.220917,-74.492699,26.309021)));
#190=TESSELLATED_CURVE_SET('',#191,((1,2)));
#193=COORDINATES_LIST('',2,((-454.669006,-29.675022,63.486374),(-464.425079,-54.262657,74.562157)));
#192=TESSELLATED_CURVE_SET('',#193,((1,2)));
#195=COORDINATES_LIST('',2,((-468.220917,-74.492699,26.309021),(-477.508667,-97.900101,36.853157)));
#194=TESSELLATED_CURVE_SET('',#195,((1,2)));
#197=COORDINATES_LIST('',2,((-477.508667,-97.900101,36.853157),(-485.737488,-118.638748,46.195118)));
#196=TESSELLATED_CURVE_SET('',#197,((1,2)));
#199=COORDINATES_LIST('',2,((-473.71283,-77.670067,85.106293),(-481.94165,-98.408707,94.44825)));
#198=TESSELLATED_CURVE_SET('',#199,((1,2)));
#201=COORDINATES_LIST('',2,((-485.737488,-118.638748,46.195118),(-495.709473,-143.770523,57.516018)));
#200=TESSELLATED_CURVE_SET('',#201,((1,2)));
#203=COORDINATES_LIST('',2,((-481.94165,-98.408707,94.44825),(-491.913605,-123.540489,105.769157)));
#202=TESSELLATED_CURVE_SET('',#203,((1,2)));
#205=COORDINATES_LIST('',2,((-441.235687,17.590893,114.339088),(-449.895325,-4.233469,124.17012)));
#204=TESSELLATED_CURVE_SET('',#205,((1,2)));
#207=COORDINATES_LIST('',2,((-449.895325,-4.233469,124.17012),(-459.651367,-28.821104,135.245911)));
#206=TESSELLATED_CURVE_SET('',#207,((1,2)));
#209=COORDINATES_LIST('',2,((-468.939117,-52.228512,145.790039),(-477.167938,-72.967155,155.132004)));
#208=TESSELLATED_CURVE_SET('',#209,((1,2)));
#211=COORDINATES_LIST('',2,((-477.167938,-72.967155,155.132004),(-487.139923,-98.098938,166.452911)));
#210=TESSELLATED_CURVE_SET('',#211,((1,2)));
#213=COORDINATES_LIST('',2,((-436.211884,44.365433,178.202316),(-444.87149,22.541075,188.033356)));
#212=TESSELLATED_CURVE_SET('',#213,((1,2)));
#215=COORDINATES_LIST('',2,((-444.87149,22.541075,188.033356),(-454.627563,-2.046562,199.109131)));
#214=TESSELLATED_CURVE_SET('',#215,((1,2)));
#217=COORDINATES_LIST('',2,((-463.915314,-25.453968,209.653275),(-472.144135,-46.192612,218.995224)));
#216=TESSELLATED_CURVE_SET('',#217,((1,2)));
#219=COORDINATES_LIST('',2,((-472.144135,-46.192612,218.995224),(-482.116119,-71.324394,230.316132)));
#218=TESSELLATED_CURVE_SET('',#219,((1,2)));
#221=COORDINATES_LIST('',2,((-423.395905,112.668442,341.120148),(-432.055542,90.844086,350.951202)));
#220=TESSELLATED_CURVE_SET('',#221,((1,2)));
#223=COORDINATES_LIST('',2,((-432.055542,90.844086,350.951202),(-441.811584,66.256447,362.026978)));
#222=TESSELLATED_CURVE_SET('',#223,((1,2)));
#225=COORDINATES_LIST('',2,((-463.915314,-25.453968,209.653275),(-472.144135,-46.192612,218.995224)));
#224=TESSELLATED_CURVE_SET('',#225,((1,2)));
#227=COORDINATES_LIST('',2,((-472.144135,-46.192612,218.995224),(-482.116119,-71.324394,230.316132)));
#226=TESSELLATED_CURVE_SET('',#227,((1,2)));
#229=COORDINATES_LIST('',2,((-423.395905,112.668442,341.120148),(-432.055542,90.844086,350.951202)));
#228=TESSELLATED_CURVE_SET('',#229,((1,2)));
#231=COORDINATES_LIST('',2,((-432.055542,90.844086,350.951202),(-441.811584,66.256447,362.026978)));
#230=TESSELLATED_CURVE_SET('',#231,((1,2)));
#233=COORDINATES_LIST('',2,((-447.586761,61.569523,417.223602),(-455.815582,40.830883,426.565582)));
#232=TESSELLATED_CURVE_SET('',#233,((1,2)));
#235=COORDINATES_LIST('',2,((-455.815582,40.830883,426.565582),(-465.787537,15.6991,437.886475)));
#234=TESSELLATED_CURVE_SET('',#235,((1,2)));
#237=COORDINATES_LIST('',2,((-447.586761,61.569523,417.223602),(-455.815582,40.830883,426.565582)));
#236=TESSELLATED_CURVE_SET('',#237,((1,2)));
#239=COORDINATES_LIST('',2,((-455.815582,40.830883,426.565582),(-465.787537,15.6991,437.886475)));
#238=TESSELLATED_CURVE_SET('',#239,((1,2)));
#241=COORDINATES_LIST('',2,((-386.736786,275.233795,645.407227),(-398.416077,245.799133,658.666382)));
#240=TESSELLATED_CURVE_SET('',#241,((1,2)));
#243=COORDINATES_LIST('',2,((-398.416077,245.799133,658.666382),(-407.075714,223.974777,668.497437)));
#242=TESSELLATED_CURVE_SET('',#243,((1,2)));
#245=COORDINATES_LIST('',2,((-407.075714,223.974777,668.497437),(-416.831757,199.387131,679.573242)));
#244=TESSELLATED_CURVE_SET('',#245,((1,2)));
#247=COORDINATES_LIST('',2,((-416.831757,199.387131,679.573242),(-426.119507,175.979736,690.117371)));
#246=TESSELLATED_CURVE_SET('',#247,((1,2)));
#249=COORDINATES_LIST('',2,((-426.119507,175.979736,690.117371),(-434.348328,155.241089,699.45929)));
#248=TESSELLATED_CURVE_SET('',#249,((1,2)));
#251=COORDINATES_LIST('',2,((-434.348328,155.241089,699.45929),(-444.320313,130.109314,710.780212)));
#250=TESSELLATED_CURVE_SET('',#251,((1,2)));
#253=COORDINATES_LIST('',2,((-438.125916,1.35397,-7.856984),(-434.330078,21.584009,40.396152)));
#252=TESSELLATED_CURVE_SET('',#253,((1,2)));
#255=COORDINATES_LIST('',2,((-449.805237,-28.0807,5.402203),(-446.009399,-7.850661,53.655338)));
#254=TESSELLATED_CURVE_SET('',#255,((1,2)));
#257=COORDINATES_LIST('',2,((-434.330078,21.584009,40.396152),(-429.556396,47.025562,101.079903)));
#256=TESSELLATED_CURVE_SET('',#257,((1,2)));
#259=COORDINATES_LIST('',2,((-446.009399,-7.850661,53.655338),(-441.235687,17.590893,114.339088)));
#258=TESSELLATED_CURVE_SET('',#259,((1,2)));
#261=COORDINATES_LIST('',2,((-429.556396,47.025562,101.079903),(-424.532562,73.800102,164.94313)));
#260=TESSELLATED_CURVE_SET('',#261,((1,2)));
#263=COORDINATES_LIST('',2,((-441.235687,17.590893,114.339088),(-436.211884,44.365433,178.202316)));
#262=TESSELLATED_CURVE_SET('',#263,((1,2)));
#265=COORDINATES_LIST('',2,((-424.532562,73.800102,164.94313),(-411.716614,142.103119,327.860962)));
#264=TESSELLATED_CURVE_SET('',#265,((1,2)));
#267=COORDINATES_LIST('',2,((-436.211884,44.365433,178.202316),(-423.395905,112.668442,341.120148)));
#266=TESSELLATED_CURVE_SET('',#267,((1,2)));
#269=COORDINATES_LIST('',2,((-411.716614,142.103119,327.860962),(-408.20401,160.823593,372.513458)));
#268=TESSELLATED_CURVE_SET('',#269,((1,2)));
#271=COORDINATES_LIST('',2,((-423.395905,112.668442,341.120148),(-419.883301,131.388931,385.772644)));
#270=TESSELLATED_CURVE_SET('',#271,((1,2)));
#273=COORDINATES_LIST('',2,((-408.20401,160.823593,372.513458),(-400.426392,202.274673,471.383484)));
#272=TESSELLATED_CURVE_SET('',#273,((1,2)));
#275=COORDINATES_LIST('',2,((-419.883301,131.388931,385.772644),(-412.105682,172.839996,484.64267)));
#274=TESSELLATED_CURVE_SET('',#275,((1,2)));
#277=COORDINATES_LIST('',2,((-400.426392,202.274673,471.383484),(-386.736786,275.233795,645.407227)));
#276=TESSELLATED_CURVE_SET('',#277,((1,2)));
#279=COORDINATES_LIST('',2,((-412.105682,172.839996,484.64267),(-398.416077,245.799133,658.666382)));
#278=TESSELLATED_CURVE_SET('',#279,((1,2)));
#281=COORDINATES_LIST('',2,((-458.464844,-49.90506,15.233237),(-454.669006,-29.675022,63.486374)));
#280=TESSELLATED_CURVE_SET('',#281,((1,2)));
#283=COORDINATES_LIST('',2,((-454.669006,-29.675022,63.486374),(-449.895325,-4.233469,124.17012)));
#282=TESSELLATED_CURVE_SET('',#283,((1,2)));
#285=COORDINATES_LIST('',2,((-449.895325,-4.233469,124.17012),(-444.87149,22.541075,188.033356)));
#284=TESSELLATED_CURVE_SET('',#285,((1,2)));
#287=COORDINATES_LIST('',2,((-444.87149,22.541075,188.033356),(-432.055542,90.844086,350.951202)));
#286=TESSELLATED_CURVE_SET('',#287,((1,2)));
#289=COORDINATES_LIST('',2,((-432.055542,90.844086,350.951202),(-428.542938,109.564568,395.603699)));
#288=TESSELLATED_CURVE_SET('',#289,((1,2)));
#291=COORDINATES_LIST('',2,((-428.542938,109.564568,395.603699),(-420.76532,151.01564,494.473694)));
#290=TESSELLATED_CURVE_SET('',#291,((1,2)));
#293=COORDINATES_LIST('',2,((-420.76532,151.01564,494.473694),(-407.075714,223.974777,668.497437)));
#292=TESSELLATED_CURVE_SET('',#293,((1,2)));
#295=COORDINATES_LIST('',2,((-468.220917,-74.492699,26.309021),(-464.425079,-54.262657,74.562157)));
#294=TESSELLATED_CURVE_SET('',#295,((1,2)));
#297=COORDINATES_LIST('',2,((-464.425079,-54.262657,74.562157),(-459.651367,-28.821104,135.245911)));
#296=TESSELLATED_CURVE_SET('',#297,((1,2)));
#299=COORDINATES_LIST('',2,((-459.651367,-28.821104,135.245911),(-454.627563,-2.046562,199.109131)));
#298=TESSELLATED_CURVE_SET('',#299,((1,2)));
#301=COORDINATES_LIST('',2,((-454.627563,-2.046562,199.109131),(-441.811584,66.256447,362.026978)));
#300=TESSELLATED_CURVE_SET('',#301,((1,2)));
#303=COORDINATES_LIST('',2,((-441.811584,66.256447,362.026978),(-438.298981,84.976929,406.679474)));
#302=TESSELLATED_CURVE_SET('',#303,((1,2)));
#305=COORDINATES_LIST('',2,((-438.298981,84.976929,406.679474),(-430.521362,126.428001,505.549469)));
#304=TESSELLATED_CURVE_SET('',#305,((1,2)));
#307=COORDINATES_LIST('',2,((-430.521362,126.428001,505.549469),(-416.831757,199.387131,679.573242)));
#306=TESSELLATED_CURVE_SET('',#307,((1,2)));
#309=COORDINATES_LIST('',2,((-477.508667,-97.900101,36.853157),(-473.71283,-77.670067,85.106293)));
#308=TESSELLATED_CURVE_SET('',#309,((1,2)));
#311=COORDINATES_LIST('',2,((-473.71283,-77.670067,85.106293),(-468.939117,-52.228512,145.790039)));
#310=TESSELLATED_CURVE_SET('',#311,((1,2)));
#313=COORDINATES_LIST('',2,((-468.939117,-52.228512,145.790039),(-463.915314,-25.453968,209.653275)));
#312=TESSELLATED_CURVE_SET('',#313,((1,2)));
#315=COORDINATES_LIST('',2,((-463.915314,-25.453968,209.653275),(-451.099335,42.849041,372.571106)));
#314=TESSELLATED_CURVE_SET('',#315,((1,2)));
#317=COORDINATES_LIST('',2,((-451.099335,42.849041,372.571106),(-447.586761,61.569523,417.223602)));
#316=TESSELLATED_CURVE_SET('',#317,((1,2)));
#319=COORDINATES_LIST('',2,((-447.586761,61.569523,417.223602),(-439.809113,103.020592,516.093628)));
#318=TESSELLATED_CURVE_SET('',#319,((1,2)));
#321=COORDINATES_LIST('',2,((-439.809113,103.020592,516.093628),(-426.119507,175.979736,690.117371)));
#320=TESSELLATED_CURVE_SET('',#321,((1,2)));
#323=COORDINATES_LIST('',2,((-485.737488,-118.638748,46.195118),(-481.94165,-98.408707,94.44825)));
#322=TESSELLATED_CURVE_SET('',#323,((1,2)));
#325=COORDINATES_LIST('',2,((-481.94165,-98.408707,94.44825),(-477.167938,-72.967155,155.132004)));
#324=TESSELLATED_CURVE_SET('',#325,((1,2)));
#327=COORDINATES_LIST('',2,((-477.167938,-72.967155,155.132004),(-472.144135,-46.192612,218.995224)));
#326=TESSELLATED_CURVE_SET('',#327,((1,2)));
#329=COORDINATES_LIST('',2,((-472.144135,-46.192612,218.995224),(-459.328186,22.110399,381.913055)));
#328=TESSELLATED_CURVE_SET('',#329,((1,2)));
#331=COORDINATES_LIST('',2,((-459.328186,22.110399,381.913055),(-455.815582,40.830883,426.565582)));
#330=TESSELLATED_CURVE_SET('',#331,((1,2)));
#333=COORDINATES_LIST('',2,((-455.815582,40.830883,426.565582),(-448.037964,82.281952,525.435547)));
#332=TESSELLATED_CURVE_SET('',#333,((1,2)));
#335=COORDINATES_LIST('',2,((-448.037964,82.281952,525.435547),(-434.348328,155.241089,699.45929)));
#334=TESSELLATED_CURVE_SET('',#335,((1,2)));
#337=COORDINATES_LIST('',2,((-495.709473,-143.770523,57.516018),(-491.913605,-123.540489,105.769157)));
#336=TESSELLATED_CURVE_SET('',#337,((1,2)));
#339=COORDINATES_LIST('',2,((-491.913605,-123.540489,105.769157),(-487.139923,-98.098938,166.452911)));
#338=TESSELLATED_CURVE_SET('',#339,((1,2)));
#341=COORDINATES_LIST('',2,((-487.139923,-98.098938,166.452911),(-482.116119,-71.324394,230.316132)));
#340=TESSELLATED_CURVE_SET('',#341,((1,2)));
#343=COORDINATES_LIST('',2,((-482.116119,-71.324394,230.316132),(-469.30014,-3.021382,393.233978)));
#342=TESSELLATED_CURVE_SET('',#343,((1,2)));
#345=COORDINATES_LIST('',2,((-469.30014,-3.021382,393.233978),(-465.787537,15.6991,437.886475)));
#344=TESSELLATED_CURVE_SET('',#345,((1,2)));
#347=COORDINATES_LIST('',2,((-465.787537,15.6991,437.886475),(-458.009918,57.150169,536.75647)));
#346=TESSELLATED_CURVE_SET('',#347,((1,2)));
#349=COORDINATES_LIST('',2,((-458.009918,57.150169,536.75647),(-444.320313,130.109314,710.780212)));
#348=TESSELLATED_CURVE_SET('',#349,((1,2)));
#350=COORDINATES_LIST('',95,((-421.273132,112.064491,309.36261),(-420.33374,114.315735,307.722931),(-420.179199,115.139336,309.687408),(-420.13916,115.294189,309.907928),(-420.063202,115.523422,310.008179),(-419.951355,115.827049,309.98819),(-419.803589,116.205055,309.847931),(-419.619904,116.657455,309.587433),(-419.320923,117.369026,309.041687),(-419.043549,
   117.99836,308.382843),(-418.787689,118.545448,307.610931),(-418.553436,119.0103,306.725922),(-418.340698,119.392906,305.727814),(-416.29953,124.862762,305.015442),(-416.445801,124.083282,303.156219),(-422.330597,109.252167,309.837067),(-422.540314,108.134422,307.17099),(-415.771576,125.193253,299.486633),(-415.346619,127.45816,304.888947),(-415.140137,
   128.048279,304.998474),(-415.664154,127.262589,308.230042),(-415.888855,126.541206,307.720886),(-417.930664,121.000023,308.090027),(-418.241089,120.420433,309.442108),(-418.558624,119.775841,310.569916),(-418.88324,119.066238,311.473419),(-419.214966,118.291634,312.152649),(-419.553772,117.452019,312.607605),(-420.048248,116.176094,313.022217),(-420.451935,
   115.081741,313.101471),(-420.764923,114.168961,312.845367),(-420.987122,113.437744,312.253906),(-421.118591,112.888092,311.327087),(-419.98114,112.180901,292.419678),(-419.252625,116.063599,301.680786),(-422.328217,108.312355,305.172424),(-422.537933,107.194611,302.506348),(-422.210999,108.018562,302.135193),(-422.520081,106.371353,298.206238),(-423.004425,
   105.150688,298.756104),(-423.214142,104.032944,296.090027),(-420.66745,111.040405,296.102997),(-421.624023,108.629593,297.188965),(-421.314972,110.276794,301.11792),(-420.358368,112.687614,300.031952),(-415.849731,123.314011,291.283203),(-415.659332,124.328804,293.703705),(-415.668579,124.453758,294.444824),(-415.717743,124.414764,294.919464),(-415.806885,
   124.211807,295.127686),(-415.936005,123.844902,295.069427),(-416.105042,123.314034,294.74469),(-416.528839,122.245956,295.22583),(-416.203217,123.9814,299.365265),(-417.099243,121.723167,300.382507),(-417.206879,121.149582,299.014374),(-418.235199,118.356377,299.188293),(-417.986847,119.680031,302.34549),(-418.870789,117.452309,303.348999),(-419.889069,
   112.025352,290.40448),(-419.005127,114.253075,289.401001),(-418.753998,115.591431,292.593262),(-417.860901,117.663979,290.700439),(-417.957489,117.149231,289.472656),(-417.061432,119.407463,288.455414),(-416.757904,121.025253,292.314178),(-417.43869,119.914185,296.067688),(-417.629089,118.899384,293.647156),(-418.533234,116.768005,295.399658),(-418.45874,
   117.1651,296.346832),(-419.388184,116.667725,306.496643),(-420.859406,112.959946,308.16687),(-421.595001,111.106056,309.001953),(-420.12381,114.813835,307.331757),(-417.916992,120.375504,304.826416),(-418.652588,118.521614,305.66153),(-419.155945,116.663834,303.328796),(-417.463745,120.928543,301.407715),(-416.617676,123.060898,300.447174),(-418.309845,
   118.796188,302.368256),(-417.88681,119.862366,301.888),(-418.73291,117.730011,302.848541),(-420.848145,112.399132,305.249908),(-421.694214,110.266777,306.210449),(-419.616882,114.122253,297.050232),(-420.790405,112.187973,303.426605),(-416.651245,122.85228,299.873901),(-418.011688,119.547668,302.029755),(-418.428833,118.56617,302.847229),(-418.895599,
   117.319946,303.033264),(-419.392334,114.672653,296.718872),(-419.143982,115.9963,299.876068),(-419.019806,116.658119,301.454651),(-419.640717,113.348999,293.561676),(-419.764893,112.68718,291.983063)));
#351=COMPLEX_TRIANGULATED_SURFACE_SET('',#350,95,((-0.937566,0.340863,-0.069153)),(),((41,40,39),(39,43,41),(43,39,38),(41,43,34),(45,86,35),(34,43,42),(90,77,59),(44,43,
   38),(38,37,36),(74,77,83),(86,38,36),(85,34,42),(45,35,85),(70,92,57),(44,38,86),(62,94,69),(70,91,92),(93,57,
   92),(68,62,69),(63,62,68),(70,57,67),(53,66,68),(65,63,66),(63,65,64),(46,52,47),(66,52,46),(84,17,73),(63,68,
   66),(53,68,67),(53,56,54),(56,53,67),(55,87,56),(57,56,67),(52,48,47),(48,52,51),(51,50,49),(51,49,48),(53,52,
   66),(72,84,73),(2,1,3),(33,3,1),(33,4,3),(5,4,30),(32,31,4),(30,4,31),(78,75,15),(5,30,29),(7,6,
   28),(27,8,28),(77,74,71),(28,6,29),(5,29,6),(28,8,7),(32,4,33),(59,71,76),(8,27,26),(23,12,11),(23,13,
   12),(23,14,13),(18,15,19),(89,75,58),(19,15,14),(11,10,24),(58,81,88),(24,23,11),(10,25,24),(26,25,9),(9,8,
   26),(14,22,19),(14,23,22),(20,22,21),(22,20,19),(9,25,10),(72,83,84),(71,59,77),(17,16,73),(75,78,58),(79,78,
   15),(18,79,15),(82,80,93),(58,78,81),(72,74,83),(94,91,69),(42,45,85),(45,44,86),(54,56,87),(57,80,88),(59,76,
   89),(75,89,76),(93,90,82),(70,69,91),(80,57,93),(95,94,62),(62,61,95),(60,95,61)),());
#352=COORDINATES_LIST('',45,((-416.572601,128.577911,327.030334),(-417.122833,125.679489,320.203491),(-417.328674,125.160706,320.437195),(-417.538422,124.042961,317.771118),(-414.414368,131.91626,314.224487),(-413.459564,137.004959,326.362152),(-416.523041,129.284225,329.840027),(-416.732788,128.166489,327.17395),(-416.226807,127.937721,319.186249),(-415.691437,
   130.790924,325.99176),(-414.553223,133.659485,324.699585),(-415.088593,130.80629,317.894073),(-419.743774,121.337769,334.337128),(-420.003174,119.955292,331.039612),(-420.548065,118.582039,331.658203),(-420.757782,117.464294,328.992126),(-417.222076,126.375168,324.978119),(-416.543213,129.993134,333.607788),(-419.982086,121.326393,337.51181),(-420.191803,
   120.208649,334.845734),(-417.908386,125.23468,328.661438),(-419.107147,122.213524,330.022369),(-418.847748,123.596001,333.319855),(-417.648987,126.617157,331.958954),(-418.694855,121.043129,318.663666),(-419.893616,118.021973,320.024567),(-419.634216,119.404449,323.322083),(-418.435455,122.425606,321.961182),(-420.530273,117.146217,324.339325),(-420.789673,
   115.763741,321.04184),(-421.334534,114.390488,321.660431),(-421.544281,113.272743,318.994354),(-418.008545,122.183617,314.980347),(-417.329712,125.801582,323.610016),(-420.768555,117.134842,327.514038),(-420.978271,116.017097,324.847961),(-416.847717,127.1287,323.616913),(-418.989929,121.919731,326.985107),(-416.882629,128.184143,329.292969),(-417.052368,
   127.279663,327.135529),(-416.712921,129.088638,331.450378),(-417.669128,123.992599,319.295166),(-417.838837,123.088104,317.137756),(-417.49942,124.897095,321.452606),(-419.049133,121.468216,325.562012)));
#353=COMPLEX_TRIANGULATED_SURFACE_SET('',#352,45,((-0.937566,0.340863,-0.069153)),(),((32,31,30),(24,18,41),(30,26,32),(29,26,30),(32,26,33),(36,35,29),(45,29,35),(45,34,
   28),(29,27,26),(21,38,22),(25,42,43),(25,33,26),(5,4,9),(42,25,28),(2,37,9),(28,44,42),(9,12,5),(2,9,
   4),(3,2,4),(5,12,11),(10,9,37),(16,15,14),(22,38,14),(13,22,14),(38,21,17),(20,19,13),(22,13,23),(23,13,
   19),(19,18,23),(37,1,10),(21,39,40),(11,10,6),(18,24,23),(7,6,10),(1,8,7),(7,10,1),(21,24,39),(39,24,
   41),(11,6,5),(16,14,38),(17,21,40),(29,45,27),(33,25,43),(28,34,44),(28,27,45)),());
#354=COORDINATES_LIST('',126,((-416.680511,133.887695,354.666046),(-416.816681,133.662628,355.403015),(-416.940552,133.525101,356.404144),(-417.052032,133.475113,357.669464),(-417.151215,133.51265,359.198975),(-417.238037,133.637741,360.992676),(-418.293945,130.697464,360.815765),(-418.097168,130.582794,357.582733),(-417.7341,130.987137,354.653076),(-417.204681,
   131.910477,352.026794),(-416.508972,133.352844,349.703857),(-415.646942,135.314209,347.684296),(-415.641418,135.343628,347.754456),(-415.808807,134.852921,347.605164),(-415.971771,134.372086,347.444733),(-416.130371,133.901093,347.273224),(-416.284546,133.439957,347.090576),(-416.434326,132.988678,346.896851),(-417.875244,129.357193,348.532684),(-417.164734,
   132.225433,353.037628),(-417.95224,130.341492,354.428436),(-418.279938,129.067261,352.59021),(-418.589722,127.853004,350.805054),(-418.881622,126.698715,349.072968),(-419.15564,125.604408,347.393921),(-419.411743,124.570068,345.767914),(-419.605682,124.027634,345.723663),(-419.714081,123.698952,345.57312),(-419.736938,123.584015,345.316284),(-419.674225,
   123.682823,344.953125),(-419.52597,123.995384,344.483704),(-418.669159,125.976387,342.632111),(-418.230286,127.873245,346.031586),(-417.370575,130.039932,345.055573),(-417.581055,129.35228,344.519562),(-417.800934,128.611755,343.850525),(-418.030212,127.81839,343.048523),(-418.26889,126.97216,342.113495),(-418.516998,126.073074,341.045502),(-417.723053,
   127.787148,338.730286),(-417.37851,129.057358,340.320099),(-417.025116,130.303986,341.673615),(-416.662872,131.527023,342.790894),(-416.291779,132.726471,343.671875),(-415.911835,133.902313,344.31662),(-416.414093,131.225616,337.932068),(-415.530151,133.453323,336.928589),(-414.859589,137.027176,345.453003),(-414.629517,137.606995,345.191803),(-415.126251,
   134.959702,338.877411),(-414.230194,137.217926,337.860168),(-413.73349,139.865234,344.174561),(-413.503418,140.445038,343.913391),(-414.091217,137.312408,336.441345),(-413.207275,139.540131,335.437866),(-412.619476,142.67276,342.909882),(-411.892975,144.503769,342.085083),(-411.72464,145.400909,344.224945),(-411.712036,145.568832,344.881653),(-411.742737,
   145.571106,345.309357),(-411.816803,145.407715,345.508057),(-411.934204,145.078659,345.477783),(-412.09494,144.583939,345.218536),(-412.40976,143.790512,345.575958),(-411.824738,146.908432,353.012878),(-412.708649,144.68071,354.016388),(-413.293701,141.56279,346.579437),(-413.523743,140.982971,346.840637),(-413.027039,143.630264,353.155029),(-413.923065,
   141.37204,354.172272),(-414.4198,138.724747,347.85788),(-414.649872,138.144928,348.11908),(-413.982056,141.704056,356.608398),(-414.865967,139.476349,357.611908),(-415.437195,136.431961,350.350372),(-415.570709,136.128708,350.665466),(-415.710114,135.821045,351.039276),(-415.855469,135.508957,351.471802),(-416.006775,135.192474,351.963013),(-416.164001,
   134.871567,352.512939),(-415.965118,135.486633,352.848114),(-415.736328,136.187607,353.201294),(-415.4776,136.974503,353.572479),(-415.188995,137.847321,353.9617),(-414.870483,138.806046,354.368927),(-415.328583,138.031387,356.761444),(-415.492462,137.634155,357.025452),(-415.616547,137.31311,357.125031),(-415.700775,137.068237,357.060181),(-415.745209,
   136.899536,356.830872),(-415.749786,136.807037,356.437164),(-415.956177,136.169632,356.093689),(-416.152466,135.559006,355.744873),(-416.338593,134.975128,355.390625),(-416.514618,134.41803,355.031036),(-416.680511,133.887695,354.666046),(-417.469391,131.448807,353.339935),(-416.077942,134.333527,348.694092),(-415.862457,134.823868,348.189178),(-415.7547,
   135.069031,347.936737),(-415.667114,135.268326,347.731537),(-417.271729,131.793564,352.359344),(-417.573486,130.575378,350.446014),(-417.543182,131.320114,353.705994),(-416.162964,132.563965,341.124329),(-415.194885,135.24025,341.190796),(-415.362518,134.346786,339.059692),(-414.877869,136.283356,342.034607),(-415.002075,135.621521,340.455994),(-413.981842,
   138.54158,341.017365),(-413.797302,138.878723,340.177368),(-413.944275,138.095566,338.309357),(-412.913391,141.106445,339.173889),(-412.117249,145.349472,349.294434),(-413.00116,143.12175,350.297913),(-412.854919,143.90123,352.157166),(-413.275391,142.30661,349.997833),(-414.171448,140.048401,351.015076),(-414.315979,139.9245,352.363739),(-414.149017,
   140.81427,354.486084),(-414.48291,139.034714,350.241394),(-415.151581,137.954163,353.98114),(-415.294373,137.193054,352.165771),(-415.008789,138.715256,355.796509),(-415.149109,137.967392,354.012695),(-415.048096,138.505676,355.296631)));
#355=COMPLEX_TRIANGULATED_SURFACE_SET('',#354,125,((-0.937566,0.340863,-0.069153)),(),((27,30,29),(20,10,102),(31,30,26),(31,26,32),(40,39,41),(102,103,22),(41,39,38),(37,42,
   41),(36,42,37),(37,41,38),(29,28,27),(23,103,19),(26,33,32),(33,26,25),(33,24,19),(24,33,25),(19,24,23),(42,35,
   43),(43,35,34),(19,18,34),(19,34,33),(42,36,35),(23,22,103),(26,30,27),(44,34,18),(46,107,47),(45,106,105),(44,18,
   45),(48,45,14),(34,44,43),(109,108,110),(71,52,49),(109,110,51),(49,48,72),(22,97,102),(45,16,15),(15,14,45),(101,12,
   14),(13,72,48),(12,48,14),(13,48,12),(56,58,57),(63,58,56),(67,56,53),(53,52,68),(71,68,52),(72,71,49),(98,11,
   77),(72,13,75),(16,45,17),(17,45,18),(76,75,98),(104,97,22),(22,21,104),(80,10,20),(10,80,11),(2,20,104),(2,9,
   3),(1,20,2),(79,11,80),(81,80,1),(95,94,81),(95,81,1),(80,20,1),(82,81,94),(79,78,11),(8,4,3),(4,8,
   5),(8,3,9),(5,7,6),(7,5,8),(100,13,101),(83,93,92),(94,93,82),(90,89,88),(91,90,87),(84,92,91),(90,88,
   87),(64,56,67),(98,77,76),(77,11,78),(13,100,75),(63,62,59),(63,59,58),(63,56,64),(62,61,60),(62,60,59),(67,115,
   64),(67,53,68),(123,119,121),(82,93,83),(83,92,84),(91,86,126),(84,91,126),(126,124,85),(117,118,70),(65,116,66),(73,120,
   124),(91,87,86),(75,99,98),(75,100,99),(2,104,9),(107,105,106),(48,106,45),(46,105,107),(52,110,49),(51,50,109),(110,108,
   49),(53,56,113),(113,112,111),(54,112,55),(112,113,55),(113,111,53),(65,114,116),(115,114,64),(71,118,68),(114,115,116),(69,117,
   70),(118,117,68),(120,119,85),(120,85,124),(72,75,121),(85,119,122),(123,122,119),(121,75,123),(124,74,73),(85,122,125),(125,84,
   126)),());
#356=COORDINATES_LIST('',12,((-454.95639,-36.716003,32.676853),(-454.884705,-36.333828,33.588425),(-455.865479,-38.805679,34.7019),(-456.231995,-40.759018,30.042759),(-455.25119,-38.287167,28.929285),(-455.179504,-37.904991,29.840857),(-450.917267,-27.163116,25.002054),(-450.988953,-27.54529,24.090485),(-450.008179,-25.073439,22.977009),(-449.641663,
   -23.120102,27.63615),(-450.622467,-25.591953,28.749624),(-450.694153,-25.974129,27.838053)));
#357=COMPLEX_TRIANGULATED_SURFACE_SET('',#356,12,((-0.937566,0.340863,-0.069153)),(),((4,6,5),(6,4,3),(8,7,9),(9,7,12),(6,1,7),(1,3,2),(3,1,6),(12,11,
   10),(12,10,9),(1,12,7)),());
#358=COORDINATES_LIST('',47,((-454.350616,-33.24942,41.55117),(-454.294067,-32.990204,42.062164),(-454.209412,-32.665493,42.514751),(-454.096619,-32.275295,42.908943),(-453.955719,-31.819607,43.244732),(-453.786682,-31.298428,43.522121),(-453.553192,-30.618597,43.707172),(-453.244568,-29.769754,43.706917),(-452.860809,-28.7519,43.521351),(-452.401947,
   -27.565031,43.150475),(-451.867981,-26.20915,42.594292),(-451.331299,-24.867266,41.932026),(-450.883606,-23.771221,41.264904),(-450.524933,-22.921015,40.592922),(-450.25528,-22.316645,39.916088),(-450.074646,-21.958111,39.234394),(-449.984589,-21.820925,38.689335),(-449.92395,-21.764551,38.145359),(-449.892792,-21.788992,37.602463),(-449.891113,
   -21.894245,37.06065),(-449.918884,-22.080313,36.519917),(-449.956055,-22.278477,36.047253),(-454.387817,-33.447586,41.078506),(-449.022827,-19.822077,35.50267),(-448.962006,-19.431206,36.604591),(-448.955872,-19.198462,37.668568),(-449.004425,-19.123846,38.694599),(-449.107635,-19.207354,39.682686),(-449.265564,-19.448986,40.632824),(-449.548706,
   -19.99872,41.761887),(-449.927155,-20.825043,42.819672),(-450.400909,-21.927958,43.806175),(-450.96994,-23.307457,44.721397),(-451.634277,-24.963543,45.565338),(-452.299896,-26.657799,46.238625),(-452.892181,-28.20063,46.663883),(-453.411102,-29.592035,46.84111),(-453.856689,-30.832018,46.770313),(-454.228943,-31.920574,46.451485),(-454.52478,
   -32.835976,45.950294),(-454.774475,-33.652386,45.311398),(-454.978027,-34.369804,44.534782),(-455.135406,-34.988228,43.620461),(-455.246674,-35.507656,42.56842),(-455.506958,-36.89481,39.259754),(-449.283112,-21.209229,32.194004),(-449.022827,-19.822077,35.50267)));
#359=COMPLEX_TRIANGULATED_SURFACE_SET('',#358,46,((-0.937566,0.340863,-0.069153)),(),((45,44,23),(1,23,44),(2,1,44),(44,43,2),(45,23,46),(4,3,43),(43,3,2),(4,43,
   42),(5,4,42),(41,6,5),(5,42,41),(24,20,25),(22,24,46),(24,22,21),(24,21,20),(20,19,25),(22,46,23),(27,17,
   16),(26,17,27),(25,18,26),(18,25,19),(26,18,17),(16,15,28),(8,7,39),(40,6,41),(38,9,8),(36,10,9),(40,7,
   6),(8,39,38),(9,38,37),(35,10,36),(9,37,36),(39,7,40),(10,35,11),(32,13,12),(30,14,13),(16,28,27),(14,29,
   15),(28,15,29),(12,11,33),(12,33,32),(31,13,32),(30,29,14),(13,31,30),(33,11,34),(11,35,34)),());
#360=COORDINATES_LIST('',267,((-449.713776,-11.938701,83.728409),(-449.445099,-11.198002,83.736732),(-449.104156,-10.284528,83.61718),(-448.69101,-9.198279,83.369759),(-448.205597,-7.939255,82.994453),(-447.647919,-6.507455,82.49128),(-447.805206,-7.345765,80.49173),(-448.348999,-8.692616,81.225212),(-448.811737,-9.825335,81.915627),(-449.19342,
   -10.743923,82.562958),(-449.49411,-11.448379,83.167221),(-449.713776,-11.938701,83.728409),(-447.435425,-5.375001,85.192436),(-448.12616,-7.145883,85.828331),(-448.77301,-8.835347,86.270752),(-449.376007,-10.443398,86.519676),(-449.93512,-11.970033,86.575119),(-450.450378,-13.41525,86.43708),(-450.60907,-13.700498,87.182808),(-450.758698,
   -13.931801,88.071053),(-450.8992,-14.109158,89.101814),(-451.030609,-14.232569,90.275093),(-451.152893,-14.302032,91.590904),(-452.224304,-17.358866,91.049461),(-452.032257,-17.142113,89.513832),(-451.851318,-16.91127,88.198738),(-451.681549,-16.666336,87.104164),(-451.522919,-16.40731,86.230125),(-451.375397,-16.134195,85.576607),(-451.703796,
   -17.137312,85.084274),(-452.050201,-18.239174,84.349495),(-452.414612,-19.439779,83.372261),(-452.797028,-20.73913,82.152573),(-453.197479,-22.137222,80.690445),(-452.403564,-20.423155,78.375237),(-451.990356,-18.980188,79.885551),(-451.611938,-17.69006,81.114395),(-451.268341,-16.552769,82.06176),(-450.959534,-15.568312,82.727654),(-450.685547,
   -14.736692,83.112068),(-450.359009,-14.025063,82.192627),(-450.056366,-13.348199,81.425636),(-449.777588,-12.706101,80.811096),(-449.522705,-12.09877,80.349007),(-449.291718,-11.526204,80.039375),(-449.319855,-11.595869,80.077431),(-449.381805,-11.766925,80.074409),(-449.4776,-12.039371,80.030319),(-449.607239,-12.413207,79.945152),(-449.770691,
   -12.888432,79.818909),(-449.378204,-12.395408,76.927704),(-448.698303,-10.453682,77.280823),(-447.978302,-8.450543,77.392754),(-447.21817,-6.385991,77.263489),(-446.417938,-4.260023,76.893028),(-445.577576,-2.072643,76.281372),(-445.59024,-1.561923,78.970657),(-445.679382,-1.680543,79.594612),(-445.770538,-1.85876,79.951813),(-445.863647,
   -2.096568,80.042259),(-445.958771,-2.393973,79.865944),(-446.055878,-2.750972,79.422867),(-446.237183,-3.224621,79.546143),(-446.411621,-3.683445,79.649399),(-446.579163,-4.127447,79.732635),(-446.739868,-4.556621,79.795837),(-446.893707,-4.970974,79.839027),(-446.435608,-2.52958,85.662292),(-447.31955,-4.757299,86.665794),(-447.435425,
   -5.375001,85.192436),(-446.624298,-5.168086,75.215157),(-446.801117,-5.658648,75.194244),(-446.983185,-6.171743,75.133446),(-447.170471,-6.70737,75.032738),(-447.363037,-7.265528,74.892143),(-447.560852,-7.846216,74.711647),(-447.305359,-7.675271,72.090645),(-447.062927,-6.984545,72.208221),(-446.809509,-6.268054,72.304192),(-446.545135,
   -5.525796,72.37854),(-446.269806,-4.757773,72.431274),(-445.983521,-3.963982,72.462395),(-446.181183,-3.997051,74.979584),(-446.292542,-4.205429,75.462143),(-446.392517,-4.426721,75.726974),(-446.48114,-4.660928,75.774094),(-446.558411,-4.908051,75.603485),(-446.624298,-5.168086,75.215157),(-451.070435,-17.536222,74.530785),(-451.078278,
   -17.493658,74.846916),(-451.08783,-17.4548,75.16806),(-451.099091,-17.419647,75.494209),(-451.112091,-17.388203,75.825356),(-451.126801,-17.360462,76.161514),(-451.050201,-17.134533,76.236572),(-450.960907,-16.879133,76.285004),(-450.858948,-16.594261,76.306816),(-450.744324,-16.279915,76.30201),(-450.617004,-15.936098,76.270584),(-450.746704,
   -16.627337,74.621826),(-450.823059,-16.838409,74.616814),(-450.893616,-17.034836,74.605202),(-450.958374,-17.216612,74.586998),(-451.017303,-17.383741,74.562187),(-451.070435,-17.536222,74.530785),(-452.261841,-20.926535,73.97274),(-452.024017,-20.815521,71.295326),(-451.758636,-20.050304,71.469437),(-451.519775,-19.363594,71.615517),(-451.307343,
   -18.75539,71.733566),(-451.121399,-18.225691,71.823593),(-450.961945,-17.774498,71.88559),(-451.19928,-19.039316,68.868721),(-450.400085,-17.025215,67.961441),(-450.082764,-15.333887,71.995636),(-449.945526,-14.953654,72.009521),(-449.800354,-14.552715,72.017426),(-449.647186,-14.131069,72.019333),(-449.486084,-13.688715,72.015244),(-449.316986,
   -13.225654,72.005173),(-449.33963,-12.802074,74.40007),(-449.447845,-13.001951,74.882133),(-449.548126,-13.222156,75.156487),(-449.640503,-13.462687,75.223137),(-449.724945,-13.723544,75.082069),(-449.801453,-14.004728,74.733292),(-449.87027,-14.201433,74.696785),(-449.500488,-12.230669,79.397499),(-450.299652,-14.244771,80.304771),(-450.410034,
   -14.833058,78.901573),(-450.621429,-15.401773,78.964249),(-450.814758,-15.928721,78.988091),(-450.990051,-16.413902,78.973099),(-451.147278,-16.857315,78.919273),(-451.286469,-17.258963,78.826614),(-451.301544,-17.260342,79.024086),(-451.32785,-17.272722,79.319923),(-451.365448,-17.296104,79.714142),(-451.414276,-17.330484,80.206734),(-451.474365,
   -17.375864,80.797699),(-452.35141,-19.873098,80.379524),(-452.273468,-19.784275,79.760651),(-452.209839,-19.717216,79.228317),(-452.160492,-19.671923,78.782524),(-452.125427,-19.648396,78.423271),(-452.104675,-19.646631,78.150558),(-452.462921,-20.761303,77.513298),(-452.790527,-21.837795,76.648643),(-453.087463,-22.876112,75.556602),(-453.35376,
   -23.876251,74.237167),(-453.589417,-24.838213,72.690346),(-452.813538,-23.084431,70.816002),(-452.634155,-22.314793,72.177544),(-452.455078,-21.593071,73.307106),(-452.276306,-20.919268,74.204681),(-452.09787,-20.293381,74.870285),(-451.919708,-19.71541,75.303902),(-451.910187,-19.721794,75.143295),(-451.900482,-19.732708,74.958038),(-451.890625,
   -19.748154,74.748123),(-451.880585,-19.768127,74.513565),(-451.870392,-19.792631,74.254356),(-446.116455,-5.182852,68.25708),(-445.967468,-4.388663,70.151398),(-445.966949,-4.25125,70.821838),(-446.004944,-4.267291,71.25779),(-446.081421,-4.436786,71.459259),(-446.196381,-4.759736,71.426239),(-446.349854,-5.23614,71.15873),(-447.415436,
   -7.921608,72.368431),(-447.064941,-6.053795,76.823578),(-447.864136,-8.067897,77.73085),(-448.109741,-9.376837,74.608742),(-448.15155,-9.441956,74.854942),(-448.205322,-9.499956,75.298119),(-448.271057,-9.550838,75.938271),(-448.348694,-9.594598,76.775398),(-448.438293,-9.631239,77.809502),(-449.350616,-12.248336,77.278503),(-449.254852,
   -12.167926,76.376488),(-449.163605,-12.073454,75.604927),(-449.076843,-11.964924,74.963829),(-448.994629,-11.842332,74.453186),(-448.916901,-11.705678,74.073006),(-449.364899,-12.834796,74.581627),(-449.555328,-13.849592,72.161118),(-449.264709,-13.117191,71.8312),(-449.414673,-13.570784,71.628479),(-449.60202,-14.158268,71.272552),(-449.826721,
   -14.879645,70.763405),(-450.088806,-15.734917,70.101044),(-450.388275,-16.724079,69.285469),(-449.784882,-15.583214,66.728012),(-449.476257,-14.548076,67.646324),(-449.192535,-13.612827,68.409447),(-448.933655,-12.777472,69.017387),(-448.699677,-12.042004,69.470146),(-448.49054,-11.406429,69.767715),(-448.763733,-12.862442,66.2948),(-447.964569,
   -10.84834,65.387527),(-447.605835,-8.936405,69.947914),(-448.067535,-10.580651,68.102875),(-447.866943,-10.151069,67.500656),(-447.679321,-9.763546,66.86734),(-447.50473,-9.418087,66.202927),(-447.34314,-9.114691,65.507408),(-447.194519,-8.853354,64.780792),(-446.536316,-6.706134,66.440964),(-446.687653,-6.972484,67.179848),(-446.849976,
   -7.278277,67.873108),(-447.023254,-7.623517,68.520744),(-447.20752,-8.008203,69.122757),(-447.40274,-8.432328,69.679138),(-448.067535,-10.580651,68.102875),(-452.19696,-19.701672,79.130394),(-449.407227,-11.812487,80.194191),(-449.349457,-11.669346,80.116783),(-449.320587,-11.597775,80.078079),(-449.320099,-11.596554,80.077415),(-449.574463,
   -12.64192,78.373306),(-449.038269,-11.424545,77.104263),(-448.338318,-9.452112,77.336792),(-446.664673,-3.750278,82.750656),(-447.433105,-7.760743,73.401146),(-447.369232,-7.718007,72.745895),(-452.142944,-20.871029,72.634033),(-451.080627,-18.406906,70.377151),(-450.241425,-16.17955,69.978539),(-450.32074,-16.602383,68.969986),(-449.393738,
   -12.902013,74.641098),(-449.578613,-12.647164,78.40406),(-449.724457,-13.424299,76.550423),(-449.65152,-13.035731,77.477242),(-449.752289,-12.865321,79.68338),(-451.749939,-18.160492,80.666313),(-452.198395,-19.70673,79.125099),(-447.322113,-7.68648,72.262512),(-447.211029,-7.406506,72.136391),(-446.780426,-6.321323,71.64756),(-447.378357,
   -7.724112,72.8395),(-447.221649,-6.888954,74.831543),(-447.207977,-6.816081,75.005356),(-447.299988,-7.306533,73.835518),(-447.493713,-7.134391,77.310349),(-447.891876,-8.215807,77.378059),(-448.000824,-8.796322,75.993401),(-448.055267,-9.086579,75.301071),(-448.396545,-9.614168,77.327736),(-448.89447,-10.939787,77.544006),(-449.316742,
   -12.219909,76.959618),(-449.1409,-12.270237,74.327316),(-449.368927,-12.856193,74.530594),(-449.462128,-13.352893,73.345856),(-449.423553,-13.517499,72.01152),(-449.344147,-13.317346,71.921356),(-450.270782,-16.335955,69.605476),(-450.319031,-16.593161,68.991989),(-450.051941,-16.088188,67.860001),(-448.627136,-12.134436,68.031258),(-447.785217,
   -9.892372,67.667725),(-447.874878,-10.370357,66.527626),(-447.830048,-10.131365,67.097672),(-446.861145,-7.059628,69.102493),(-447.23349,-7.998017,69.525208),(-447.419678,-8.467211,69.736557),(-447.812744,-10.039118,67.317703),(-447.678375,-9.323096,69.025566)));
#361=COMPLEX_TRIANGULATED_SURFACE_SET('',#360,262,((-0.937566,0.340863,-0.069153)),(),((153,152,151),(234,50,49),(153,151,150),(154,153,150),(154,150,149),(226,108,107),(156,155,148),(149,155,
   154),(89,162,161),(90,160,159),(89,161,160),(148,155,149),(108,226,109),(113,192,114),(192,228,256),(111,110,89),(162,110,109),(112,111,
   89),(227,112,228),(228,112,115),(115,112,100),(162,89,110),(115,127,116),(109,226,162),(257,256,258),(158,90,159),(93,157,94),(147,156,
   148),(157,156,147),(157,93,92),(91,90,158),(91,157,92),(90,89,160),(35,143,236),(135,95,94),(135,94,146),(157,146,94),(135,96,
   95),(145,135,146),(146,157,147),(104,103,112),(103,102,112),(100,112,101),(112,102,101),(100,127,115),(134,97,96),(133,98,97),(116,127,
   117),(232,127,99),(100,99,127),(127,126,253),(99,98,132),(112,89,104),(232,99,130),(158,157,91),(122,126,125),(194,191,195),(261,202,
   203),(187,197,196),(195,189,196),(118,117,186),(198,197,187),(196,189,188),(188,187,196),(267,198,201),(118,186,119),(189,195,190),(190,195,
   191),(259,198,202),(261,200,199),(259,261,199),(206,205,209),(207,206,208),(204,210,205),(267,212,211),(267,202,198),(239,264,238),(211,204,
   260),(206,209,208),(209,205,210),(210,204,211),(259,202,261),(36,144,215),(230,252,126),(251,120,121),(187,120,184),(198,173,170),(198,187,
   184),(77,264,265),(125,123,122),(184,173,198),(185,251,121),(183,175,184),(198,170,201),(127,253,117),(183,182,175),(238,264,77),(165,169,
   168),(164,163,263),(164,169,165),(10,216,44),(77,170,237),(77,201,170),(240,243,78),(240,78,225),(168,166,165),(166,168,167),(79,73,
   80),(80,71,81),(182,181,176),(186,254,119),(125,124,123),(36,145,144),(34,141,142),(141,34,33),(142,143,35),(145,36,135),(138,137,
   36),(136,36,137),(142,35,34),(37,235,32),(38,37,31),(138,235,139),(235,138,36),(140,139,235),(141,33,32),(136,135,36),(134,133,
   97),(132,131,99),(98,133,132),(131,130,99),(51,220,179),(128,49,48),(128,234,49),(47,128,48),(249,220,128),(233,232,130),(31,37,
   32),(96,135,134),(30,39,38),(30,29,39),(28,19,29),(40,39,29),(28,27,20),(21,26,25),(22,25,24),(21,20,26),(23,22,
   24),(21,25,22),(45,47,219),(26,20,27),(20,19,28),(1,11,42),(41,1,42),(43,11,10),(11,43,42),(43,10,44),(41,40,
   1),(18,40,29),(18,17,1),(1,17,2),(3,16,15),(16,3,2),(17,16,2),(18,1,40),(29,19,18),(38,31,30),(217,10,
   46),(182,176,175),(175,174,184),(173,184,174),(241,242,74),(250,51,179),(180,221,181),(45,249,128),(178,222,248),(176,181,52),(177,176,
   52),(246,76,247),(178,172,53),(178,7,172),(181,221,52),(245,53,172),(79,243,73),(244,171,242),(73,72,80),(71,83,81),(80,72,
   71),(81,83,82),(243,241,73),(71,84,83),(85,84,87),(86,85,87),(84,71,87),(246,75,76),(7,54,244),(224,173,76),(46,10,
   45),(178,45,8),(7,178,8),(9,8,45),(45,10,9),(67,54,7),(4,15,14),(4,14,5),(5,14,6),(13,68,223),(6,14,
   13),(68,13,69),(3,15,4),(7,6,67),(55,67,66),(6,223,67),(55,66,65),(62,56,55),(64,63,55),(55,65,64),(62,55,
   63),(55,54,67),(62,61,58),(57,62,58),(59,58,61),(60,59,61),(217,46,218),(62,57,56),(47,45,128),(219,218,46),(129,234,
   130),(10,217,216),(179,220,249),(178,53,222),(13,223,6),(173,224,170),(162,226,106),(192,113,227),(227,228,192),(114,192,229),(126,122,
   230),(128,220,231),(231,233,130),(231,130,234),(32,235,141),(215,144,236),(78,238,225),(225,238,237),(239,169,263),(170,224,240),(241,74,
   73),(244,242,75),(78,243,79),(7,244,172),(246,244,75),(244,246,245),(173,247,76),(177,52,248),(178,249,45),(221,180,250),(120,251,
   184),(185,121,252),(253,186,117),(252,253,126),(187,255,120),(254,120,255),(229,192,257),(258,191,194),(191,258,256),(194,193,258),(260,267,
   211),(203,262,261),(266,262,203),(164,263,169),(239,263,264),(201,77,265),(260,204,266),(212,267,213)),());
#362=COORDINATES_LIST('',132,((-446.765656,-2.043459,92.53315),(-444.537659,3.571612,90.003777),(-443.417267,9.542732,104.246223),(-445.645264,3.927661,106.775597),(-447.847809,-5.429739,90.513618),(-447.048645,-3.415637,89.606346),(-445.450867,5.099827,109.917618),(-446.250031,3.085726,110.82489),(-449.193817,-6.310196,104.422638),(-449.205933,
   -6.340713,104.436378),(-448.703674,-3.664004,110.820923),(-449.502838,-5.678106,111.728203),(-450.005096,-8.354815,105.343658),(-450.065643,-8.507399,105.412392),(-449.342621,-4.654114,114.603325),(-450.141785,-6.668215,115.510605),(-451.778229,-15.389581,94.708214),(-450.979065,-13.375479,93.800934),(-450.256042,-9.522195,102.991875),(-450.195496,
   -9.369611,102.923141),(-450.706024,-12.090442,96.433357),(-449.90686,-10.07634,95.526085),(-449.396332,-7.355509,102.015869),(-449.384216,-7.324993,102.002121),(-449.582916,-8.383911,99.476364),(-449.853363,-9.825215,96.038536),(-447.661682,-4.301694,93.5504),(-446.54129,1.669426,107.792847),(-448.732971,-3.854095,110.280983),(-447.479675,
   -1.222698,106.259705),(-447.407043,-1.039598,106.177223),(-447.680237,-2.49561,102.704308),(-447.752899,-2.67871,102.786789),(-448.515717,-4.601262,103.652824),(-448.242523,-3.14525,107.12574),(-448.157776,-2.931633,107.02951),(-448.430969,-4.387645,103.556602),(-445.110107,2.663857,93.290329),(-444.367767,6.620091,102.72683),(-444.28302,
   6.833708,102.6306),(-445.02533,2.877474,93.194099),(-445.897156,0.680272,94.183861),(-445.154846,4.636507,103.620354),(-445.045868,4.911157,103.496635),(-445.788177,0.954922,94.060135),(-448.222015,-5.178933,96.823204),(-447.943298,-3.693506,100.366272),(-447.870636,-3.510406,100.283798),(-448.149353,-4.995833,96.740723),(-448.984863,
   -7.101485,97.68924),(-448.706146,-5.616058,101.232307),(-448.621368,-5.402441,101.136086),(-448.900085,-6.887868,97.59301),(-446.205444,0.942101,99.654373),(-446.485565,-0.550679,96.093765),(-445.925354,2.434881,103.214981),(-446.249756,0.842095,99.761978),(-446.6492,-1.286771,94.684166),(-446.848938,-2.351204,92.145256),(-446.749054,
   -1.818988,93.414711),(-446.798981,-2.085096,92.779984),(-446.449463,-0.222338,97.223076),(-446.549347,-0.754555,95.953621),(-445.850311,2.970961,104.839798),(-446.050049,1.906528,102.300888),(-445.950165,2.438745,103.570343),(-445.650574,4.035394,107.378708),(-445.750458,3.503178,106.109253),(-445.700531,3.769286,106.74398),(-447.04892,
   -1.172007,100.66925),(-446.649475,0.956859,105.74707),(-446.449768,2.021292,108.28598),(-446.549622,1.489076,107.016525),(-446.499695,1.755184,107.651253),(-446.849182,-0.107574,103.20816),(-447.448364,-3.300873,95.591438),(-447.248657,-2.23644,98.130348),(-447.648071,-4.365306,93.052528),(-447.548218,-3.833089,94.321983),(-447.598145,
   -4.099198,93.687256),(-448.954803,-5.002358,107.628647),(-448.829224,-4.333181,109.224785),(-448.766449,-3.998593,110.022858),(-448.735077,-3.831298,110.42189),(-449.753967,-7.01646,108.535934),(-449.704132,-6.580756,110.007858),(-449.884888,-7.544077,107.710129),(-449.523376,-5.617435,112.305588),(-450.617554,-11.448837,98.396408),(-450.798309,
   -12.412158,96.098671),(-450.450745,-10.730026,99.678253),(-450.5784,-11.410234,98.055801),(-449.651611,-8.715924,98.770981),(-449.779236,-9.396132,97.148529),(-449.843048,-9.736236,96.337311),(-449.874939,-9.906288,95.931694),(-449.523956,-8.035717,100.393425),(-449.587769,-8.375821,99.582199),(-449.483582,-7.854452,100.739243),(-449.533234,
   -8.119182,100.107803),(-449.71814,-9.104563,97.757446),(-449.650513,-8.744237,98.616905),(-449.61673,-8.564075,99.046638),(-449.785767,-9.46489,96.897995),(-449.751953,-9.284726,97.327721),(-449.81955,-9.645052,96.468262),(-448.757507,-7.063455,94.794464),(-447.101501,-1.316134,100.671623),(-447.381592,-2.808914,97.111008),(-447.521637,
   -3.555304,95.330704),(-447.591644,-3.928499,94.440552),(-447.451599,-3.182109,96.220856),(-447.241547,-2.062524,98.891319),(-447.311554,-2.435719,98.001167),(-446.821381,0.176646,104.232239),(-446.961426,-0.569744,102.451927),(-446.891418,-0.196549,103.342079),(-446.681335,0.923036,106.012543),(-446.751373,0.549841,105.122391),(-446.611328,
   1.296231,106.902695),(-447.637146,-1.092335,109.036911),(-448.963379,-5.082146,107.351807),(-448.848175,-4.468121,108.816399),(-448.790588,-4.161108,109.548691),(-448.76178,-4.007602,109.914833),(-448.819366,-4.314614,109.182541),(-448.905792,-4.775133,108.084106),(-448.934601,-4.928639,107.717957),(-444.738953,4.641974,98.008575),(-444.654175,
   4.855591,97.912354),(-445.526001,2.658389,98.902107),(-445.417023,2.933039,98.778381)));
#363=COMPLEX_TRIANGULATED_SURFACE_SET('',#362,132,((-0.937566,0.340863,-0.069153)),(),((89,90,17),(132,44,129),(26,106,107),(96,21,95),(107,106,104),(23,10,24),(20,13,23),(91,98,
   93),(50,100,51),(99,51,100),(34,52,51),(51,24,9),(20,19,14),(93,94,91),(17,16,19),(53,46,107),(76,77,63),(80,59,
   78),(45,2,1),(54,131,55),(46,53,52),(111,107,49),(45,1,42),(131,42,55),(38,41,2),(45,132,38),(38,2,45),(48,113,
   114),(52,47,46),(52,37,47),(114,49,48),(85,81,10),(10,9,24),(10,23,13),(34,37,52),(34,9,122),(9,34,51),(47,37,
   33),(86,16,88),(126,124,35),(122,35,34),(36,35,121),(85,82,81),(14,19,16),(37,36,33),(32,48,33),(48,47,33),(30,33,
   36),(129,44,39),(44,43,4),(31,115,117),(30,121,31),(72,67,69),(30,36,121),(40,39,3),(3,39,44),(4,3,44),(66,71,
   64),(43,56,4),(62,70,57),(13,20,14),(1,55,42),(78,6,5),(60,61,79),(79,61,80),(62,77,70),(76,63,58),(74,72,
   69),(75,57,70),(65,75,66),(8,7,67),(73,64,71),(74,68,73),(117,116,32),(8,67,72),(64,73,68),(68,74,69),(66,75,
   71),(75,65,57),(60,76,58),(112,110,49),(63,77,62),(6,78,59),(110,111,49),(76,60,79),(80,61,59),(13,85,10),(12,83,
   82),(121,35,124),(84,83,12),(29,121,125),(12,11,84),(86,87,16),(82,85,12),(14,16,87),(16,15,88),(17,19,89),(18,17,
   90),(97,91,20),(21,92,95),(102,103,50),(92,91,94),(104,105,50),(95,92,94),(22,21,96),(20,23,97),(91,97,98),(24,51,
   99),(50,25,100),(102,50,101),(25,50,103),(107,104,50),(101,50,105),(50,53,107),(49,107,46),(48,32,108),(107,111,27),(49,109,
   112),(48,108,113),(49,114,109),(118,119,31),(108,32,116),(31,117,32),(31,120,118),(115,31,119),(120,31,121),(121,28,120),(125,121,
   124),(35,123,126),(123,35,127),(127,35,128),(122,128,35),(130,40,3),(3,2,130),(41,130,2),(54,56,131),(131,56,43),(38,132,
   129)),());
#364=COORDINATES_LIST('',18,((-440.264282,26.857027,146.842697),(-446.488098,11.171448,153.908447),(-446.732452,9.869224,150.802353),(-442.533142,19.527294,141.474655),(-442.513062,19.600275,141.562195),(-447.027252,8.298061,147.054779),(-447.247681,7.123229,144.252548),(-441.023865,22.808809,137.186798),(-440.77951,24.111032,140.292892),(-444.993591,
   14.408291,149.600571),(-445.010986,14.349464,149.546799),(-440.487366,25.668039,144.006699),(-444.632813,14.698259,146.138504),(-442.644592,19.270935,141.722244),(-444.835938,13.784498,144.388519),(-442.886536,19.259663,144.946732),(-444.917267,14.584043,149.431976),(-442.702301,20.126041,146.71933)));
#365=COMPLEX_TRIANGULATED_SURFACE_SET('',#364,18,((-0.937566,0.340863,-0.069153)),(),((6,15,7),(7,4,8),(4,9,8),(9,4,5),(9,5,16),(17,16,13),(11,3,10),(10,3,
   2),(14,16,5),(18,2,1),(7,15,4),(13,3,11),(4,15,14),(14,13,16),(13,11,17),(18,10,2),(10,18,17),(12,18,
   1)),());
#366=COORDINATES_LIST('',47,((-445.167114,15.694421,158.293106),(-445.110565,15.95364,158.804092),(-445.025909,16.278349,159.256683),(-444.913116,16.668549,159.650864),(-444.772217,17.124237,159.986664),(-444.60318,17.645416,160.264053),(-444.36969,18.325245,160.449097),(-444.061066,19.174088,160.448853),(-443.677307,20.191944,160.263275),(-443.218445,
   21.378811,159.89241),(-442.684479,22.734694,159.336212),(-442.147797,24.076576,158.67395),(-441.700104,25.172621,158.006836),(-441.341431,26.022829,157.334854),(-441.071777,26.627197,156.65802),(-440.891144,26.985731,155.976318),(-440.801086,27.122917,155.431259),(-440.740448,27.179291,154.887283),(-440.70929,27.15485,154.344391),(-440.707611,
   27.049597,153.802582),(-440.735382,26.863529,153.261841),(-440.772552,26.665365,152.789185),(-445.204315,15.496256,157.820435),(-439.839325,29.121765,152.244598),(-439.778503,29.512636,153.346527),(-439.772369,29.74538,154.410492),(-439.820923,29.819998,155.436523),(-439.924133,29.736488,156.424606),(-440.082062,29.494856,157.374756),(-440.365204,
   28.945122,158.503815),(-440.743652,28.118799,159.5616),(-441.217407,27.015886,160.548096),(-441.786438,25.636387,161.463318),(-442.450775,23.980299,162.307266),(-443.116394,22.286043,162.98056),(-443.708679,20.743212,163.405807),(-444.2276,19.351807,163.583038),(-444.673187,18.111826,163.512238),(-445.045441,17.02327,163.193405),(-445.341278,
   16.107866,162.69223),(-445.590973,15.291455,162.053329),(-445.794525,14.574039,161.276718),(-445.951904,13.955616,160.362381),(-446.063171,13.436186,159.310349),(-446.323456,12.049034,156.001678),(-440.099609,27.734613,148.935928),(-439.839325,29.121765,152.244598)));
#367=COMPLEX_TRIANGULATED_SURFACE_SET('',#366,46,((-0.937566,0.340863,-0.069153)),(),((45,44,23),(1,23,44),(2,1,44),(44,43,2),(45,23,46),(4,3,43),(43,3,2),(4,43,
   42),(5,4,42),(41,6,5),(5,42,41),(24,20,25),(21,20,24),(46,22,24),(22,46,23),(24,22,21),(20,19,25),(27,17,
   16),(26,17,27),(25,18,26),(18,25,19),(26,18,17),(16,15,28),(8,7,39),(40,6,41),(38,9,8),(36,10,9),(40,7,
   6),(8,39,38),(9,38,37),(35,10,36),(9,37,36),(39,7,40),(10,35,11),(32,13,12),(30,14,13),(16,28,27),(14,29,
   15),(28,15,29),(12,11,33),(12,33,32),(31,13,32),(30,29,14),(13,31,30),(33,11,34),(11,35,34)),());
#368=COORDINATES_LIST('',118,((-434.655701,54.600117,207.552338),(-435.731964,51.370888,206.226685),(-435.500763,51.843044,205.419708),(-435.33017,52.161251,204.675125),(-435.220123,52.325512,203.992935),(-435.170654,52.335827,203.373154),(-435.181763,52.192196,202.815765),(-435.206573,52.076706,202.582809),(-435.241913,51.938583,202.38089),(-435.28775,
   51.777836,202.210037),(-435.344116,51.594456,202.070206),(-435.41098,51.388447,201.961441),(-435.482788,51.175495,201.88533),(-435.553955,50.971294,201.843521),(-435.624451,50.775833,201.835999),(-435.694305,50.589127,201.862762),(-435.763489,50.411163,201.923813),(-435.836456,50.229855,202.019379),(-435.90509,50.064659,202.135498),(-435.96936,
   49.915581,202.272156),(-436.029297,49.782619,202.429367),(-436.0849,49.665779,202.607117),(-436.1745,49.489075,202.950836),(-436.293243,49.265999,203.461411),(-436.441162,48.996559,204.138855),(-436.618256,48.680756,204.983139),(-436.824524,48.318584,205.994263),(-437.015076,47.987209,206.944611),(-437.175812,47.705875,207.736877),(-437.306671,
   47.474586,208.371063),(-437.407684,47.293343,208.847153),(-437.478821,47.16214,209.165176),(-437.618103,46.890442,209.714157),(-437.757568,46.608868,210.217209),(-437.897247,46.31741,210.674316),(-438.03714,46.016075,211.08548),(-438.177216,45.704857,211.450699),(-438.321533,45.37455,211.779343),(-438.474152,45.015949,212.080765),(-438.63504,
   44.629047,212.354965),(-438.804199,44.213848,212.601944),(-438.981659,43.770355,212.821701),(-439.330597,42.878208,213.154953),(-439.663544,42.000774,213.344284),(-439.98056,41.13805,213.389709),(-440.281586,40.290039,213.291245),(-440.566681,39.456741,213.048859),(-440.823181,38.6754,212.675339),(-441.038544,37.983261,212.183441),(-441.212738,
   37.380325,211.573166),(-441.345764,36.866589,210.844513),(-441.437622,36.442059,209.997482),(-441.477203,36.18811,209.28212),(-441.483215,36.026814,208.568481),(-441.455658,35.958157,207.856552),(-441.394562,35.982147,207.146317),(-441.299896,36.098785,206.437805),(-441.170654,36.309998,205.726654),(-441.005798,36.617718,205.008514),(-440.805359,
   37.021946,204.283401),(-440.569305,37.522678,203.5513),(-440.297668,38.119919,202.812225),(-439.383392,41.013603,204.680008),(-439.687958,40.356201,205.568695),(-439.913574,39.904804,206.402817),(-440.060303,39.659416,207.182358),(-440.128082,39.620033,207.907333),(-440.116943,39.786659,208.577744),(-440.084259,39.938007,208.880569),(-440.036774,
   40.122417,209.145905),(-439.974518,40.33989,209.373764),(-439.897491,40.590427,209.564133),(-439.805664,40.874027,209.71701),(-439.705719,41.170975,209.825653),(-439.604309,41.461552,209.883301),(-439.501495,41.745754,209.889954),(-439.397217,42.023586,209.845596),(-439.291473,42.295044,209.750259),(-439.192932,42.5397,209.620056),(-439.097656,
   42.768684,209.456955),(-439.005646,42.981995,209.260956),(-438.916901,43.179634,209.032043),(-438.831421,43.361603,208.770218),(-438.74054,43.544308,208.438568),(-438.635559,43.74416,208.000137),(-438.516449,43.961159,207.454926),(-438.38324,44.195305,206.802948),(-438.235901,44.446598,206.044205),(-437.951294,44.938713,204.611359),(-437.688965,
   45.408989,203.372543),(-437.448853,45.857426,202.327759),(-437.231018,46.284023,201.47702),(-437.035431,46.688786,200.820297),(-436.848755,47.095318,200.293106),(-436.657623,47.527241,199.830933),(-436.462067,47.984539,199.433792),(-436.262085,48.467228,199.101669),(-436.057678,48.975304,198.834579),(-435.761688,49.733055,198.556671),(-435.474823,
   50.491356,198.405365),(-435.197113,51.250198,198.380661),(-434.928558,52.009594,198.482559),(-434.669128,52.769535,198.71106),(-434.433533,53.48682,199.052612),(-434.236511,54.118248,199.493668),(-434.078033,54.663807,200.034225),(-433.958099,55.123508,200.674255),(-433.87674,55.497345,201.413803),(-433.848022,55.678608,201.917755),(-433.839996,
   55.805695,202.435684),(-433.852722,55.878605,202.96759),(-433.8862,55.897343,203.513458),(-433.940369,55.8619,204.073318),(-434.020599,55.76141,204.66597),(-434.132263,55.584984,205.310181),(-434.27533,55.332626,206.005981),(-434.449829,55.004337,206.753372),(-434.655701,54.600117,207.552338)));
#369=COMPLEX_TRIANGULATED_SURFACE_SET('',#368,117,((-0.937566,0.340863,-0.069153)),(),((61,63,62),(60,63,61),(58,64,59),(59,64,63),(60,59,63),(57,64,58),(95,100,96),(95,94,
   17),(92,18,93),(94,93,18),(91,20,92),(65,57,56),(55,54,66),(66,54,67),(55,66,65),(53,52,67),(68,67,52),(53,67,
   54),(64,57,65),(90,89,24),(26,89,88),(24,89,25),(26,25,89),(91,90,22),(68,52,69),(65,56,55),(90,24,23),(97,96,
   98),(98,96,99),(17,94,18),(96,100,99),(16,15,103),(100,95,17),(19,18,92),(102,17,16),(17,101,100),(17,102,101),(16,103,
   102),(103,15,104),(14,105,104),(105,12,106),(13,105,14),(21,91,22),(20,91,21),(92,20,19),(12,105,13),(10,106,11),(107,10,
   9),(107,106,10),(106,12,11),(8,108,107),(7,108,8),(109,108,7),(8,107,9),(14,104,15),(90,23,22),(87,27,88),(69,51,
   70),(51,69,52),(70,51,71),(71,50,72),(50,71,51),(73,72,50),(73,49,74),(30,84,83),(48,76,75),(32,82,81),(75,74,
   49),(31,83,82),(50,49,73),(76,48,47),(77,76,47),(77,46,45),(45,44,78),(47,46,77),(43,78,44),(77,45,78),(35,80,
   79),(79,78,38),(40,78,41),(39,78,40),(41,78,42),(43,42,78),(81,80,33),(48,75,49),(78,39,38),(26,88,27),(86,28,
   87),(28,86,85),(27,87,28),(4,3,114),(28,85,29),(84,29,85),(6,5,110),(110,109,6),(5,111,110),(6,109,7),(4,113,
   112),(114,113,4),(111,5,112),(112,5,4),(33,32,81),(31,82,32),(35,79,36),(80,35,34),(33,80,34),(30,83,31),(84,30,
   29),(115,3,2),(114,3,115),(116,2,117),(115,2,116),(117,2,1),(36,79,37),(79,38,37)),());
#370=COORDINATES_LIST('',88,((-433.457092,61.779686,226.690918),(-434.55603,58.517513,225.510437),(-434.25827,59.059643,224.145416),(-434.04657,59.37508,222.830383),(-433.921021,59.463825,221.565338),(-433.881531,59.325882,220.350281),(-433.928162,58.961246,219.185211),(-434.029816,58.498661,218.283203),(-434.183014,57.919781,217.506561),(-434.387695,
   57.224613,216.855301),(-434.643921,56.413158,216.329391),(-434.951691,55.485413,215.928864),(-435.293152,54.493958,215.671707),(-435.650604,53.491371,215.575958),(-436.023987,52.477661,215.641617),(-436.41333,51.45282,215.868683),(-436.818634,50.416855,216.257156),(-437.097778,49.719765,216.605911),(-437.359192,49.080326,216.998215),(-437.602875,
   48.498539,217.434067),(-437.828766,47.974403,217.913437),(-438.036926,47.507915,218.436356),(-438.22464,47.104832,218.994141),(-438.389099,46.770885,219.578125),(-438.530396,46.506081,220.188309),(-438.648468,46.310421,220.824677),(-438.743317,46.183903,221.487259),(-438.81308,46.128727,222.161133),(-438.855865,46.147095,222.831436),(-438.871613,
   46.238998,223.498138),(-438.860382,46.404446,224.161255),(-438.822144,46.643429,224.820801),(-438.770416,46.894402,225.356766),(-438.702667,47.181591,225.853836),(-438.618896,47.505005,226.311996),(-438.519073,47.864635,226.731247),(-438.403198,48.260483,227.111603),(-438.26416,48.714725,227.465652),(-438.094849,49.249523,227.806),(-437.895203,
   49.864876,228.13266),(-437.665283,50.560791,228.445602),(-437.40506,51.337261,228.744858),(-438.190369,49.83456,231.984863),(-438.542297,48.784805,231.58194),(-438.854645,47.838669,231.153198),(-439.127441,46.996147,230.698639),(-439.360657,46.25724,230.218246),(-439.55426,45.621948,229.712036),(-439.717529,45.060661,229.158585),(-439.859558,
   44.543758,228.536484),(-439.980408,44.071243,227.845734),(-440.080048,43.643116,227.086349),(-440.158478,43.259377,226.258301),(-440.234436,42.734894,224.703003),(-440.216278,42.472832,223.165039),(-440.104004,42.473186,221.644394),(-439.897583,42.735954,220.141098),(-439.597046,43.261139,218.655121),(-439.217194,44.020748,217.249481),(-438.772888,
   44.986786,215.987183),(-438.264099,46.159256,214.868225),(-437.690796,47.538155,213.892593),(-437.05307,49.123482,213.060303),(-436.632782,50.192688,212.632538),(-436.223541,51.254128,212.315994),(-435.825317,52.307789,212.110703),(-435.438141,53.353683,212.016647),(-435.061981,54.391808,212.033829),(-434.701385,55.409451,212.161026),(-434.36087,
   56.393906,212.396988),(-434.040466,57.345169,212.74176),(-433.740143,58.263248,213.195297),(-433.4599,59.148136,213.757629),(-433.209015,59.970661,214.410614),(-432.996796,60.701641,215.136108),(-432.823181,61.341072,215.934128),(-432.688202,61.888962,216.804657),(-432.591827,62.345303,217.747711),(-432.54184,62.653965,218.591324),(-432.522949,
   62.881363,219.455917),(-432.535126,63.027496,220.341476),(-432.5784,63.092369,221.247986),(-432.652771,63.075977,222.175476),(-432.756866,62.978508,223.106476),(-432.889374,62.800144,224.023514),(-433.050232,62.540886,224.926605),(-433.239471,62.200733,225.815735),(-433.457092,61.779686,226.690918)));
#371=COMPLEX_TRIANGULATED_SURFACE_SET('',#370,87,((-0.937566,0.340863,-0.069153)),(),((21,20,61),(59,22,60),(21,61,60),(58,23,59),(63,18,17),(18,63,62),(19,18,62),(19,62,
   61),(61,20,19),(58,57,25),(56,27,26),(27,56,28),(55,29,28),(29,55,54),(55,28,56),(21,60,22),(22,59,23),(24,58,
   25),(25,57,26),(58,24,23),(57,56,26),(63,17,64),(65,16,15),(16,65,64),(65,15,66),(17,16,64),(15,67,66),(67,14,
   68),(14,69,68),(69,13,70),(70,12,71),(67,15,14),(12,70,13),(11,10,73),(12,11,72),(12,72,71),(10,74,73),(73,72,
   11),(75,9,76),(75,74,10),(76,9,8),(75,10,9),(13,69,14),(31,54,53),(33,32,52),(52,32,53),(34,52,51),(31,53,
   32),(31,30,54),(35,34,51),(50,36,35),(33,52,34),(35,51,50),(36,49,37),(47,38,48),(48,37,49),(39,47,46),(37,48,
   38),(38,47,39),(41,45,44),(46,45,40),(46,40,39),(42,44,43),(49,36,50),(8,7,77),(82,5,83),(6,5,81),(7,6,
   79),(7,79,78),(78,77,7),(6,81,80),(80,79,6),(5,82,81),(5,4,83),(77,76,8),(4,3,85),(42,41,44),(40,45,
   41),(3,2,87),(85,84,4),(83,4,84),(3,86,85),(3,87,86),(87,2,1),(29,54,30)),());
#372=COORDINATES_LIST('',12,((-431.970673,66.139603,228.028549),(-431.714844,67.503067,231.280716),(-434.438629,60.638428,234.372971),(-433.995941,62.997677,240.000305),(-431.272156,69.86232,236.908051),(-431.019196,71.210457,240.123672),(-438.220032,53.062569,248.298599),(-438.472992,51.714424,245.082977),(-435.310883,59.683716,241.493118),(-435.753571,
   57.324463,235.865784),(-438.91568,49.355171,239.455643),(-439.171509,47.991707,236.203476)));
#373=COMPLEX_TRIANGULATED_SURFACE_SET('',#372,12,((-0.937566,0.340863,-0.069153)),(),((12,11,10),(4,3,10),(12,10,1),(1,3,2),(3,1,10),(9,8,7),(9,7,6),(5,4,
   6),(6,4,9),(9,4,10)),());
#374=COORDINATES_LIST('',4,((-439.313965,50.838615,252.167587),(-430.033813,75.890327,249.831848),(-429.85849,76.824837,252.060852),(-439.141479,51.757805,254.360062)));
#375=COMPLEX_TRIANGULATED_SURFACE_SET('',#374,4,((-0.937566,0.340863,-0.069153)),(),((1,4,2),(3,2,4)),());
#376=COORDINATES_LIST('',88,((-429.927185,80.592422,271.563477),(-431.026123,77.330246,270.382996),(-430.728363,77.872375,269.017975),(-430.516663,78.187813,267.702942),(-430.391113,78.276558,266.437897),(-430.351624,78.138618,265.222839),(-430.398254,77.773987,264.05777),(-430.499908,77.311394,263.155762),(-430.653107,76.732513,262.37912),(-430.857788,
   76.037354,261.727844),(-431.114014,75.225891,261.201935),(-431.421783,74.298149,260.801422),(-431.763245,73.306694,260.54425),(-432.120697,72.304108,260.448517),(-432.49408,71.290398,260.51416),(-432.883423,70.265556,260.741241),(-433.288727,69.229591,261.1297),(-433.567871,68.532501,261.478455),(-433.829285,67.893059,261.870758),(-434.072968,
   67.311272,262.30661),(-434.298859,66.78714,262.78598),(-434.507019,66.320656,263.308899),(-434.694733,65.917564,263.866699),(-434.859192,65.583618,264.450684),(-435.000488,65.318817,265.060852),(-435.118561,65.123154,265.697235),(-435.213409,64.996635,266.359802),(-435.283173,64.94146,267.033691),(-435.325958,64.959831,267.703979),(-435.341705,
   65.051735,268.370697),(-435.330475,65.217178,269.033813),(-435.292236,65.456161,269.693329),(-435.240509,65.707138,270.229309),(-435.17276,65.994331,270.726379),(-435.088989,66.317741,271.18454),(-434.989166,66.677368,271.60379),(-434.873291,67.073219,271.984161),(-434.734253,67.527458,272.338196),(-434.564941,68.062256,272.678558),(-434.365295,
   68.677612,273.005188),(-434.135376,69.373528,273.318146),(-433.875153,70.149994,273.617401),(-434.660461,68.647293,276.857422),(-435.01239,67.597542,276.454498),(-435.324738,66.651405,276.025757),(-435.597534,65.808884,275.571167),(-435.83075,65.069977,275.09079),(-436.024353,64.434685,274.584595),(-436.187622,63.873398,274.031128),(-436.329651,
   63.356495,273.409027),(-436.4505,62.88398,272.718292),(-436.55014,62.455853,271.958893),(-436.628571,62.072109,271.130859),(-436.704529,61.54763,269.575562),(-436.686371,61.285568,268.037598),(-436.574097,61.285919,266.516937),(-436.367676,61.548687,265.013641),(-436.067139,62.073875,263.527679),(-435.687286,62.833485,262.12204),(-435.242981,
   63.799522,260.859741),(-434.734192,64.971992,259.740784),(-434.160889,66.350891,258.765137),(-433.523163,67.936218,257.932861),(-433.102875,69.005424,257.505066),(-432.693634,70.066864,257.188538),(-432.29541,71.120529,256.983246),(-431.908234,72.16642,256.889191),(-431.532074,73.204544,256.906372),(-431.171478,74.222183,257.033569),(-430.830963,
   75.206642,257.269531),(-430.510559,76.157906,257.614319),(-430.210236,77.075981,258.067841),(-429.929993,77.960876,258.630188),(-429.679108,78.783394,259.283173),(-429.466888,79.514374,260.008667),(-429.293274,80.153809,260.806671),(-429.158264,80.701698,261.677216),(-429.06192,81.158035,262.620239),(-429.011932,81.466698,263.463867),(-428.993042,
   81.694099,264.328461),(-429.005219,81.840233,265.21402),(-429.048492,81.905106,266.120544),(-429.122864,81.88871,267.048035),(-429.226959,81.791245,267.979034),(-429.359467,81.612877,268.896057),(-429.520325,81.353622,269.799164),(-429.709564,81.013466,270.688293),(-429.927185,80.592422,271.563477)));
#377=COMPLEX_TRIANGULATED_SURFACE_SET('',#376,87,((-0.937566,0.340863,-0.069153)),(),((21,20,61),(59,22,60),(21,61,60),(58,23,59),(63,18,17),(18,63,62),(19,18,62),(19,62,
   61),(61,20,19),(58,57,25),(56,27,26),(27,56,28),(55,29,28),(29,55,54),(55,28,56),(21,60,22),(22,59,23),(24,58,
   25),(25,57,26),(58,24,23),(57,56,26),(63,17,64),(65,16,15),(16,65,64),(65,15,66),(17,16,64),(15,67,66),(67,14,
   68),(14,69,68),(69,13,70),(70,12,71),(67,15,14),(12,70,13),(11,10,73),(12,11,72),(12,72,71),(10,74,73),(73,72,
   11),(75,9,76),(75,74,10),(76,9,8),(75,10,9),(13,69,14),(31,54,53),(33,32,52),(52,32,53),(34,52,51),(31,53,
   32),(31,30,54),(35,34,51),(50,36,35),(33,52,34),(35,51,50),(36,49,37),(47,38,48),(48,37,49),(39,47,46),(37,48,
   38),(38,47,39),(41,45,44),(46,45,40),(46,40,39),(42,44,43),(49,36,50),(8,7,77),(82,5,83),(6,5,81),(7,6,
   79),(7,79,78),(78,77,7),(6,81,80),(80,79,6),(5,82,81),(5,4,83),(77,76,8),(4,3,85),(42,41,44),(40,45,
   41),(3,2,87),(85,84,4),(83,4,84),(3,86,85),(3,87,86),(87,2,1),(29,54,30)),());
#378=COORDINATES_LIST('',6,((-428.437866,84.967659,272.937653),(-428.187805,86.300484,276.11673),(-434.089355,71.427101,282.81662),(-433.721436,73.388031,287.493866),(-435.020721,70.113525,288.968933),(-435.638733,66.819763,281.112579)));
#379=COMPLEX_TRIANGULATED_SURFACE_SET('',#378,6,((-0.937566,0.340863,-0.069153)),(),((2,1,3),(3,1,6),(3,5,4),(5,3,6)),());
#380=COORDINATES_LIST('',11,((-427.224823,91.432617,288.358002),(-426.971863,92.780762,291.573639),(-433.66394,77.344475,306.216339),(-433.925507,75.950371,302.891113),(-432.54187,79.146797,299.887329),(-433.079407,76.28199,293.054138),(-434.675781,71.951904,293.353851),(-434.937347,70.5578,290.028625),(-429.00528,87.308876,292.170502),(-431.65683,
   80.125641,292.71286),(-431.306122,81.994659,297.170868)));
#381=COMPLEX_TRIANGULATED_SURFACE_SET('',#380,11,((-0.937566,0.340863,-0.069153)),(),((8,7,6),(10,1,8),(10,6,11),(1,10,9),(10,8,6),(5,4,3),(5,11,6),(5,3,
   11),(9,11,2),(2,11,3),(9,2,1)),());
#382=COORDINATES_LIST('',118,((-426.563934,97.725403,310.41571),(-427.640198,94.49617,309.090057),(-427.408997,94.96833,308.283081),(-427.238403,95.286537,307.538513),(-427.128357,95.450798,306.856323),(-427.078888,95.461113,306.236542),(-427.089996,95.317482,305.679138),(-427.114807,95.201988,305.446198),(-427.150146,95.063866,305.244263),(-427.195984,
   94.903122,305.073395),(-427.252319,94.719742,304.933594),(-427.319214,94.513733,304.824829),(-427.391022,94.300781,304.748718),(-427.462158,94.096581,304.706909),(-427.532684,93.901115,304.699371),(-427.602539,93.714409,304.726135),(-427.671722,93.536446,304.78717),(-427.74469,93.355141,304.882751),(-427.813324,93.189941,304.998871),(-427.877594,
   93.040863,305.135529),(-427.937531,92.907906,305.292725),(-427.993134,92.791061,305.47049),(-428.082733,92.614357,305.814209),(-428.201477,92.391281,306.324799),(-428.349396,92.121841,307.002228),(-428.526489,91.806038,307.846497),(-428.732758,91.443871,308.857635),(-428.923309,91.112495,309.807983),(-429.084045,90.831161,310.60025),(-429.214905,
   90.599869,311.234436),(-429.315918,90.418625,311.710541),(-429.387054,90.287422,312.028534),(-429.526337,90.015724,312.577545),(-429.665802,89.734154,313.080597),(-429.805481,89.442696,313.537689),(-429.945374,89.141357,313.948853),(-430.085449,88.830139,314.314087),(-430.229767,88.499832,314.642731),(-430.382385,88.141235,314.944153),(-430.543274,
   87.754333,315.218353),(-430.712433,87.339134,315.465332),(-430.889893,86.895638,315.685089),(-431.238831,86.003494,316.018311),(-431.571777,85.12606,316.207672),(-431.888794,84.263336,316.253082),(-432.189819,83.415321,316.154602),(-432.474915,82.582024,315.912231),(-432.731415,81.800682,315.538727),(-432.946777,81.108543,315.046814),(-433.120972,
   80.505608,314.436554),(-433.253998,79.991875,313.707886),(-433.345856,79.567345,312.86087),(-433.385437,79.313393,312.145508),(-433.391449,79.1521,311.431854),(-433.363892,79.083443,310.71991),(-433.302795,79.10743,310.009705),(-433.20813,79.224068,309.301178),(-433.078888,79.43528,308.590027),(-432.914032,79.743004,307.871887),(-432.713593,
   80.147232,307.14679),(-432.477539,80.647964,306.414673),(-432.205902,81.245201,305.675598),(-431.291626,84.138885,307.543396),(-431.596191,83.481483,308.432068),(-431.821808,83.03009,309.266205),(-431.968536,82.784698,310.045746),(-432.036316,82.745316,310.770721),(-432.025177,82.911942,311.441132),(-431.992493,83.063293,311.743958),(-431.945007,
   83.247704,312.009277),(-431.882751,83.465172,312.237122),(-431.805725,83.715714,312.42749),(-431.713898,83.999313,312.580383),(-431.613953,84.296257,312.689026),(-431.512543,84.586838,312.746674),(-431.409729,84.87104,312.753326),(-431.30542,85.148872,312.708984),(-431.199707,85.420326,312.613617),(-431.101166,85.664986,312.483429),(-431.00589,
   85.893967,312.320343),(-430.913879,86.107277,312.124329),(-430.825134,86.304916,311.895416),(-430.739655,86.486885,311.633606),(-430.648773,86.669594,311.301941),(-430.543793,86.869446,310.863495),(-430.424683,87.086441,310.318298),(-430.291473,87.320587,309.666321),(-430.144135,87.571884,308.907593),(-429.859528,88.063995,307.474731),(-429.597198,
   88.534271,306.235931),(-429.357086,88.982712,305.191132),(-429.139252,89.409309,304.340393),(-428.943665,89.814072,303.683685),(-428.756989,90.220604,303.156494),(-428.565857,90.652527,302.694305),(-428.3703,91.109825,302.29718),(-428.170319,91.592514,301.965057),(-427.965912,92.100586,301.697968),(-427.669922,92.858337,301.420044),(-427.383057,
   93.616638,301.268738),(-427.105347,94.375481,301.244019),(-426.836792,95.13488,301.345947),(-426.577362,95.894821,301.574432),(-426.341766,96.612106,301.915985),(-426.144745,97.24353,302.357056),(-425.986267,97.789093,302.897583),(-425.866333,98.248795,303.537628),(-425.784973,98.622627,304.277191),(-425.756256,98.803894,304.781128),(-425.74823,
   98.930977,305.299042),(-425.760956,99.003891,305.830963),(-425.794434,99.022629,306.376831),(-425.848602,98.987183,306.936707),(-425.928833,98.886696,307.529327),(-426.040497,98.710266,308.173553),(-426.183563,98.457909,308.869354),(-426.358063,98.129623,309.61676),(-426.563934,97.725403,310.41571)));
#383=COMPLEX_TRIANGULATED_SURFACE_SET('',#382,117,((-0.937566,0.340863,-0.069153)),(),((61,63,62),(60,63,61),(58,64,59),(59,64,63),(60,59,63),(57,64,58),(95,100,96),(95,94,
   17),(92,18,93),(94,93,18),(91,20,92),(65,57,56),(55,54,66),(66,54,67),(55,66,65),(53,52,67),(68,67,52),(53,67,
   54),(64,57,65),(90,89,24),(26,89,88),(24,89,25),(26,25,89),(91,90,22),(68,52,69),(65,56,55),(90,24,23),(97,96,
   98),(98,96,99),(17,94,18),(96,100,99),(16,15,103),(100,95,17),(19,18,92),(102,17,16),(17,101,100),(17,102,101),(16,103,
   102),(103,15,104),(14,105,104),(105,12,106),(13,105,14),(21,91,22),(20,91,21),(92,20,19),(12,105,13),(10,106,11),(107,10,
   9),(107,106,10),(106,12,11),(8,108,107),(7,108,8),(109,108,7),(8,107,9),(14,104,15),(90,23,22),(87,27,88),(69,51,
   70),(51,69,52),(70,51,71),(71,50,72),(50,71,51),(73,72,50),(73,49,74),(30,84,83),(48,76,75),(32,82,81),(75,74,
   49),(31,83,82),(50,49,73),(76,48,47),(77,76,47),(77,46,45),(45,44,78),(47,46,77),(43,78,44),(77,45,78),(35,80,
   79),(79,78,38),(40,78,41),(39,78,40),(41,78,42),(43,42,78),(81,80,33),(48,75,49),(78,39,38),(26,88,27),(86,28,
   87),(28,86,85),(27,87,28),(4,3,114),(28,85,29),(84,29,85),(6,5,110),(110,109,6),(5,111,110),(6,109,7),(4,113,
   112),(114,113,4),(111,5,112),(112,5,4),(33,32,81),(31,82,32),(35,79,36),(80,35,34),(33,80,34),(30,83,31),(84,30,
   29),(115,3,2),(114,3,115),(116,2,117),(115,2,116),(117,2,1),(36,79,37),(79,38,37)),());
#384=COORDINATES_LIST('',118,((-425.60672,102.826897,322.583923),(-426.682983,99.597672,321.25827),(-426.451782,100.069824,320.451294),(-426.281189,100.388039,319.706696),(-426.171143,100.552292,319.024536),(-426.121674,100.562607,318.404724),(-426.132782,100.418976,317.847351),(-426.157593,100.30349,317.61438),(-426.192932,100.165367,317.412476),(-426.23877,
   100.004616,317.241608),(-426.295105,99.821243,317.101807),(-426.362,99.615227,316.993011),(-426.433807,99.402283,316.916931),(-426.504944,99.198074,316.875092),(-426.57547,99.002617,316.867584),(-426.645325,98.81591,316.894348),(-426.714508,98.637947,316.955383),(-426.787476,98.456635,317.050964),(-426.85611,98.291443,317.167084),(-426.92038,
   98.142365,317.303741),(-426.980316,98.009407,317.460938),(-427.035919,97.892563,317.638702),(-427.125519,97.715858,317.982422),(-427.244263,97.492783,318.493011),(-427.392181,97.223343,319.170441),(-427.569275,96.907539,320.014709),(-427.775543,96.545364,321.025848),(-427.966095,96.213989,321.976196),(-428.126831,95.932663,322.768463),(-428.25769,
   95.70137,323.402649),(-428.358704,95.520126,323.878754),(-428.42984,95.388924,324.196747),(-428.569122,95.117226,324.745758),(-428.708588,94.835655,325.24881),(-428.848267,94.544197,325.705902),(-428.988159,94.242859,326.117065),(-429.128235,93.931641,326.4823),(-429.272552,93.601334,326.810913),(-429.425171,93.242729,327.112335),(-429.58606,
   92.855827,327.386536),(-429.755219,92.440636,327.633514),(-429.932678,91.997139,327.853302),(-430.281616,91.104988,328.186523),(-430.614563,90.227554,328.375854),(-430.93158,89.36483,328.421295),(-431.232605,88.516823,328.322815),(-431.5177,87.683525,328.080444),(-431.7742,86.902184,327.706909),(-431.989563,86.210045,327.215027),(-432.163757,
   85.607109,326.604736),(-432.296783,85.093376,325.876099),(-432.388641,84.668839,325.029053),(-432.428223,84.414894,324.313721),(-432.434235,84.253593,323.600067),(-432.406677,84.184937,322.888123),(-432.345581,84.208931,322.177917),(-432.250916,84.325569,321.469391),(-432.121674,84.536781,320.75824),(-431.956818,84.844505,320.0401),(-431.756378,
   85.248726,319.314972),(-431.520325,85.749458,318.582886),(-431.248688,86.346703,317.843811),(-430.334412,89.240387,319.711609),(-430.638977,88.582985,320.600281),(-430.864594,88.131592,321.434387),(-431.011322,87.8862,322.213959),(-431.079102,87.846817,322.938934),(-431.067963,88.013443,323.609344),(-431.035278,88.164787,323.91214),(-430.987793,
   88.349197,324.17749),(-430.925537,88.566673,324.405334),(-430.848511,88.817207,324.595703),(-430.756683,89.100815,324.748596),(-430.656738,89.397758,324.857239),(-430.555328,89.688332,324.914886),(-430.452515,89.972534,324.921539),(-430.348206,90.250366,324.877197),(-430.242493,90.521828,324.78183),(-430.143951,90.766479,324.651642),(-430.048676,
   90.995468,324.488556),(-429.956665,91.208778,324.292542),(-429.86792,91.406418,324.063629),(-429.78244,91.588387,323.801819),(-429.691559,91.771088,323.470154),(-429.586578,91.97094,323.031708),(-429.467468,92.187943,322.486511),(-429.334259,92.422089,321.834534),(-429.18692,92.673378,321.075775),(-428.902313,93.165497,319.642944),(-428.639984,
   93.635773,318.404114),(-428.399872,94.084206,317.359344),(-428.182037,94.510811,316.508606),(-427.98645,94.915565,315.851868),(-427.799774,95.322105,315.324677),(-427.608643,95.754021,314.862518),(-427.413086,96.211327,314.465393),(-427.213104,96.694016,314.13327),(-427.008698,97.202087,313.86615),(-426.712708,97.959839,313.588257),(-426.425842,
   98.71814,313.436951),(-426.148132,99.476982,313.412231),(-425.879578,100.236374,313.51413),(-425.620148,100.996315,313.742645),(-425.384552,101.713608,314.084198),(-425.187531,102.345032,314.525269),(-425.029053,102.890587,315.065796),(-424.909119,103.350288,315.705841),(-424.827759,103.724129,316.445374),(-424.799042,103.905388,316.949341),(-424.791016,
   104.032478,317.467255),(-424.803741,104.105385,317.999176),(-424.837219,104.124123,318.545044),(-424.891388,104.088684,319.104919),(-424.971619,103.98819,319.69754),(-425.083282,103.811768,320.341766),(-425.226349,103.55941,321.037567),(-425.400848,103.231125,321.784943),(-425.60672,102.826897,322.583923)));
#385=COMPLEX_TRIANGULATED_SURFACE_SET('',#384,117,((-0.937566,0.340863,-0.069153)),(),((61,63,62),(60,63,61),(58,64,59),(59,64,63),(60,59,63),(57,64,58),(95,100,96),(95,94,
   17),(92,18,93),(94,93,18),(91,20,92),(65,57,56),(55,54,66),(66,54,67),(55,66,65),(53,52,67),(68,67,52),(53,67,
   54),(64,57,65),(90,89,24),(26,89,88),(24,89,25),(26,25,89),(91,90,22),(68,52,69),(65,56,55),(90,24,23),(97,96,
   98),(98,96,99),(17,94,18),(96,100,99),(16,15,103),(100,95,17),(19,18,92),(102,17,16),(17,101,100),(17,102,101),(16,103,
   102),(103,15,104),(14,105,104),(105,12,106),(13,105,14),(21,91,22),(20,91,21),(92,20,19),(12,105,13),(10,106,11),(107,10,
   9),(107,106,10),(106,12,11),(8,108,107),(7,108,8),(109,108,7),(8,107,9),(14,104,15),(90,23,22),(87,27,88),(69,51,
   70),(51,69,52),(70,51,71),(71,50,72),(50,71,51),(73,72,50),(73,49,74),(30,84,83),(48,76,75),(32,82,81),(75,74,
   49),(31,83,82),(50,49,73),(76,48,47),(77,76,47),(77,46,45),(45,44,78),(47,46,77),(43,78,44),(77,45,78),(35,80,
   79),(79,78,38),(40,78,41),(39,78,40),(41,78,42),(43,42,78),(81,80,33),(48,75,49),(78,39,38),(26,88,27),(86,28,
   87),(28,86,85),(27,87,28),(4,3,114),(28,85,29),(84,29,85),(6,5,110),(110,109,6),(5,111,110),(6,109,7),(4,113,
   112),(114,113,4),(111,5,112),(112,5,4),(33,32,81),(31,82,32),(35,79,36),(80,35,34),(33,80,34),(30,83,31),(84,30,
   29),(115,3,2),(114,3,115),(116,2,117),(115,2,116),(117,2,1),(36,79,37),(79,38,37)),());
#386=COORDINATES_LIST('',143,((-416.400665,162.168625,490.272949),(-416.90567,159.477219,483.853302),(-416.009644,161.735443,482.83606),(-415.504639,164.426865,489.255676),(-420.475067,150.931091,490.121887),(-420.802002,150.107132,490.493073),(-420.989655,149.107056,488.107635),(-418.253113,156.003815,485.000885),(-417.679108,159.062912,492.297516),(-420.270355,
   152.532349,495.239288),(-420.458008,151.532257,492.853851),(-420.276367,151.990005,492.647644),(-415.047241,163.90506,480.482483),(-414.368378,167.523026,489.112122),(-415.252319,165.295319,490.115631),(-415.931183,161.677338,481.485962),(-417.995453,156.730713,485.090515),(-417.099396,158.988953,484.073273),(-416.594391,161.680359,490.492889),(-417.490448,
   159.422119,491.510132),(-418.864624,154.989807,488.29361),(-419.663788,152.975708,489.200867),(-419.465088,154.034622,491.726624),(-418.665924,156.048721,490.819366),(-414.281647,167.509048,487.867279),(-414.786652,164.817627,481.447662),(-413.890625,167.075867,480.43042),(-413.38562,169.767288,486.850037),(-417.233185,160.861221,495.115784),(-417.288361,
   160.567078,494.414185),(-417.407043,159.934677,492.905731),(-414.706818,166.739899,489.84024),(-413.840302,171.357956,500.855347),(-416.540527,164.552734,503.920837),(-416.755768,163.405563,501.184601),(-418.475189,159.072205,503.136627),(-418.505157,158.998245,503.178284),(-418.527252,158.94725,503.226257),(-418.541443,158.919235,503.280609),(-418.547729,
   158.914185,503.341248),(-418.546173,158.932114,503.408234),(-418.485443,159.255676,504.179993),(-418.443542,159.385208,504.250122),(-418.335449,159.679657,504.235901),(-418.161163,160.139023,504.137421),(-417.920715,160.763306,503.95462),(-417.614075,161.552521,503.687531),(-417.662476,162.04303,506.761261),(-418.204041,160.638412,507.18045),(-418.641235,
   159.460968,507.303802),(-418.973999,158.510681,507.131317),(-419.202362,157.787552,506.662994),(-419.326294,157.29158,505.898834),(-419.505676,156.335617,503.618652),(-419.536163,156.096893,502.855408),(-419.499603,156.063126,502.193329),(-419.396027,156.234299,501.632416),(-419.225342,156.610443,501.172729),(-418.98764,157.191544,500.814209),(-416.965515,
   162.287827,498.518524),(-417.023468,161.978973,497.78186),(-417.59256,160.544693,498.427948),(-418.220551,158.917633,498.922302),(-418.816193,157.283463,498.94278),(-419.379456,155.642181,498.489349),(-419.91037,153.993759,497.562042),(-420.408905,152.338226,496.160828),(-419.677216,153.856689,493.72522),(-419.322876,155.053894,494.822418),(-418.946106,
   156.240051,495.560944),(-418.546906,157.415131,495.940765),(-418.125275,158.579147,495.961945),(-417.681213,159.732101,495.62439),(-414.102966,169.447845,495.001282),(-413.826263,170.23262,495.118195),(-413.52298,171.085663,495.211029),(-413.193115,172.006989,495.279816),(-412.836639,172.996567,495.324493),(-412.453552,174.054413,495.345093),(-412.66272,
   174.062164,498.219238),(-412.775269,173.825668,498.579346),(-412.876129,173.588837,498.779419),(-412.965302,173.351685,498.819519),(-413.042786,173.114212,498.699615),(-413.108612,172.876419,498.419739),(-413.402283,172.046066,498.308319),(-413.674591,171.275131,498.200195),(-413.925537,170.563614,498.095306),(-414.155121,169.911514,497.993683),(-414.363342,
   169.318817,497.895325),(-415.381012,165.629929,493.509827),(-416.313385,163.280136,494.568329),(-415.866333,165.662704,500.251251),(-414.93396,168.012482,499.19278),(-412.963745,171.675537,490.536285),(-413.117737,171.405899,491.294983),(-413.297699,171.065796,492.058746),(-413.503662,170.655258,492.827545),(-413.735626,170.174286,493.60141),(-413.99353,
   169.622849,494.38028),(-414.668304,167.38739,492.509644),(-414.414551,167.916458,491.677429),(-414.184174,168.389206,490.883942),(-413.977112,168.805634,490.129181),(-413.793365,169.165726,489.413116),(-413.632965,169.469482,488.735779),(-417.966125,157.533356,488.6492),(-418.109619,156.768585,486.825043),(-417.822601,158.298141,490.473358),(-418.974731,
   155.797638,493.768402),(-419.622559,154.164993,494.503845),(-419.298645,154.981308,494.136108),(-414.707825,165.71405,484.797302),(-414.877533,164.809555,482.639893),(-414.538086,166.61853,486.954712),(-414.453247,167.070786,488.033417),(-414.810364,166.40918,489.613892),(-415.591736,163.486328,485.800781),(-415.422028,164.390823,487.958221),(-415.337189,
   164.843079,489.036926),(-415.761475,162.581833,483.643372),(-417.74295,158.076416,488.300323),(-417.616699,158.749268,489.905212),(-417.869202,157.403564,486.695435),(-414.534149,166.16333,484.657471),(-414.407898,166.836197,486.26239),(-414.6604,165.490479,483.052551),(-416.056946,163.33728,491.372986),(-415.381866,165.038589,490.606628),(-414.27356,
   169.04892,495.347778),(-414.490173,167.894409,492.594025),(-414.598511,167.317154,491.217133),(-414.544342,167.605789,491.905579),(-414.056946,170.203445,498.101563),(-414.165253,169.62619,496.72467),(-417.615479,161.238892,502.160614),(-417.976563,159.739685,499.666382),(-420.060486,153.06131,495.001007),(-419.478546,154.527908,494.340363),(-414.062195,
   170.175461,498.034821),(-414.208527,169.395538,496.17453),(-414.449005,168.113922,493.117584),(-414.531982,167.6716,492.062561)));
#387=COMPLEX_TRIANGULATED_SURFACE_SET('',#386,143,((-0.937566,0.340863,-0.069153)),(),((7,6,5),(7,5,22),(10,138,12),(10,12,11),(5,12,22),(23,12,68),(8,21,108),(22,8,
   7),(21,8,22),(109,107,24),(68,112,23),(24,107,21),(22,12,23),(68,139,112),(111,66,69),(138,67,66),(24,23,110),(70,66,
   65),(66,70,69),(70,65,71),(9,24,110),(92,31,30),(63,72,71),(61,92,29),(73,72,62),(61,29,73),(118,114,121),(92,30,
   29),(3,2,1),(1,4,3),(18,124,122),(113,114,118),(16,121,13),(19,122,123),(127,125,27),(119,113,118),(119,120,115),(108,21,
   107),(91,130,142),(98,102,99),(91,142,101),(132,129,101),(128,91,129),(103,102,98),(105,104,96),(106,105,95),(96,104,97),(95,105,
   96),(104,103,97),(103,98,97),(92,128,31),(71,65,64),(58,39,59),(56,58,57),(55,39,56),(56,39,58),(39,55,54),(36,137,
   59),(36,136,137),(63,62,72),(38,59,39),(36,59,37),(37,59,38),(54,40,39),(54,41,40),(41,53,42),(53,41,54),(42,53,
   52),(42,51,43),(66,111,138),(51,42,52),(23,112,110),(43,51,50),(43,50,44),(45,44,49),(46,49,48),(49,46,45),(48,47,
   46),(50,49,44),(136,60,137),(61,60,92),(90,94,89),(93,92,60),(89,134,140),(141,94,90),(131,142,102),(87,77,76),(80,79,
   78),(78,77,85),(75,135,76),(88,76,135),(73,62,61),(93,35,34),(94,93,34),(93,60,35),(86,77,87),(33,94,34),(35,60,
   136),(134,94,33),(85,80,78),(80,85,81),(77,86,85),(84,83,82),(82,81,84),(84,81,85),(9,109,24),(123,20,19),(87,76,
   88),(64,63,71),(28,125,126),(15,117,120),(126,25,28),(116,117,14),(116,115,120),(113,119,115),(120,117,116),(121,114,13),(19,18,
   122),(17,124,18),(28,27,125),(26,127,27),(92,91,128),(101,129,91),(94,130,91),(142,99,102),(129,132,32),(132,101,133),(143,133,
   101),(94,134,89),(141,75,74),(141,130,94),(12,138,68),(111,69,139),(88,135,140),(75,141,135),(99,142,100),(131,102,143)),());
#388=COORDINATES_LIST('',60,((-411.503082,180.310516,513.296021),(-410.763519,184.252045,522.697449),(-416.829956,168.963181,529.584473),(-417.080139,168.315613,529.784424),(-417.288208,167.740036,529.768433),(-417.454193,167.236465,529.53656),(-417.578033,166.804916,529.088684),(-417.659821,166.445343,528.424866),(-417.864014,165.35701,525.828979),(-416.998322,
   167.453476,524.425842),(-416.805176,168.482971,526.88147),(-416.831482,168.414749,526.902161),(-416.852386,168.356552,526.898376),(-416.867798,168.308395,526.869995),(-416.877747,168.270248,526.817139),(-416.882263,168.242157,526.739685),(-415.404999,171.965179,525.062622),(-415.727875,170.244446,520.958252),(-416.356781,168.578491,521.273315),(-416.976257,
   166.824097,521.024292),(-417.586273,164.981232,520.211243),(-418.186859,163.049927,518.834167),(-418.778015,161.030167,516.893066),(-417.896545,162.972565,514.516724),(-417.500305,164.412125,516.240417),(-417.057587,165.87085,517.428345),(-416.56839,167.348755,518.080505),(-416.032684,168.845825,518.196838),(-415.4505,170.362076,517.777405),(-416.186188,
   167.019501,511.275757),(-415.954376,168.254913,514.222473),(-414.755615,171.276062,512.861572),(-414.987427,170.040665,509.914825),(-414.0914,172.298889,508.897583),(-413.859589,173.534302,511.844299),(-412.878784,176.006149,510.730835),(-413.110596,174.770752,507.784119),(-417.070129,164.791794,512.279236),(-417.59079,163.479568,512.870361),(-417.800507,
   162.361832,510.204285),(-412.424286,175.91124,504.1008),(-411.77301,179.382141,512.379639),(-416.628571,167.144943,517.892029),(-413.625031,176.451141,523.04187),(-413.94516,174.745102,518.972595),(-414.841187,172.486877,519.989868),(-414.521088,174.192902,524.059082),(-413.049103,177.003342,517.955322),(-412.729004,178.709381,522.024597),(-411.869293,
   180.876053,521.048584),(-412.189392,179.170029,516.979309),(-416.821716,168.39473,526.670959),(-416.812988,166.609802,517.754395),(-413.476807,175.336304,515.536743),(-412.489929,177.82341,514.416382),(-414.200806,173.26355,515.135864),(-412.986908,176.322845,513.757751),(-415.414673,170.204239,516.513916),(-416.021637,168.674591,517.203003),(-416.849365,
   165.968369,515.085632)));
#389=COMPLEX_TRIANGULATED_SURFACE_SET('',#388,60,((-0.937566,0.340863,-0.069153)),(),((24,23,25),(25,23,22),(40,39,38),(40,38,30),(26,22,21),(53,20,27),(53,21,20),(27,19,
   28),(22,26,25),(38,60,30),(34,33,32),(33,41,40),(41,34,37),(34,41,33),(41,37,36),(33,40,30),(18,29,28),(56,32,
   58),(57,36,35),(35,56,57),(36,42,41),(45,54,29),(35,34,32),(20,19,27),(10,16,52),(16,8,15),(14,15,8),(9,16,
   10),(8,13,14),(12,13,3),(9,8,16),(7,6,13),(1,55,51),(6,5,13),(4,3,13),(13,5,4),(3,11,12),(45,48,
   54),(51,55,48),(11,3,17),(48,55,54),(7,13,8),(18,46,29),(46,18,17),(46,45,29),(57,42,36),(44,48,45),(56,35,
   32),(18,28,19),(17,47,46),(17,52,11),(17,3,47),(49,48,44),(49,44,2),(2,1,50),(2,50,49),(47,3,44),(2,44,
   3),(50,1,51),(26,21,53),(43,59,60),(32,31,58),(58,31,59),(59,31,60),(30,60,31)),());
#390=COORDINATES_LIST('',125,((-462.340332,-54.80304,43.634029),(-462.624817,-55.519093,43.961399),(-462.863739,-56.106567,44.304703),(-463.057068,-56.56546,44.66394),(-463.204803,-56.895775,45.039112),(-463.307007,-57.097504,45.430218),(-463.348602,-57.159924,45.686317),(-463.375031,-57.177017,45.960537),(-463.386322,-57.148788,46.252869),(-463.382477,
   -57.07523,46.563313),(-463.363495,-56.956348,46.891876),(-463.333649,-56.821705,47.150723),(-463.28656,-56.644249,47.387074),(-463.22226,-56.423985,47.600929),(-463.140717,-56.160908,47.792286),(-463.041962,-55.855015,47.961151),(-462.919159,-55.497189,48.060059),(-462.773071,-55.091385,48.079556),(-462.603668,-54.637611,48.019642),(-462.41098,
   -54.135857,47.880322),(-462.194977,-53.586132,47.661587),(-462.033234,-53.185349,47.444122),(-461.887024,-52.837463,47.176636),(-461.756378,-52.542477,46.859119),(-461.641235,-52.300388,46.491581),(-461.541656,-52.111202,46.074017),(-461.494263,-52.049015,45.737743),(-461.473022,-52.071892,45.337036),(-461.477936,-52.179832,44.871891),(-461.509064,
   -52.372833,44.342312),(-461.566345,-52.650898,43.748295),(-460.730835,-50.545246,42.799782),(-460.663269,-50.243637,43.370346),(-460.589478,-49.94426,43.845585),(-460.50946,-49.647118,44.225502),(-460.423248,-49.352211,44.51009),(-460.330811,-49.059532,44.699356),(-460.22879,-48.759502,44.795399),(-460.111786,-48.431206,44.827332),(-459.979797,
   -48.074642,44.795155),(-459.832794,-47.689808,44.698868),(-459.670776,-47.276711,44.538471),(-459.467407,-46.769901,44.279671),(-459.293304,-46.348087,43.998142),(-459.148407,-46.011261,43.69389),(-459.032715,-45.759426,43.366913),(-458.946259,-45.592579,43.017212),(-458.910645,-45.537411,42.806122),(-458.886963,-45.515888,42.590919),(-458.875183,
   -45.528019,42.371613),(-458.875336,-45.573795,42.148193),(-458.887451,-45.653225,41.920666),(-458.911163,-45.764603,41.693085),(-458.944031,-45.894905,41.496502),(-458.986053,-46.04414,41.330925),(-459.037292,-46.212299,41.196354),(-459.097656,-46.399391,41.092785),(-459.241577,-46.819366,40.973709),(-459.415558,-47.304409,40.941742),(-459.619629,
   -47.854515,40.99688),(-459.85376,-48.469688,41.139126),(-460.117981,-49.149921,41.368481),(-460.330444,-50.282288,38.66753),(-459.93689,-49.271873,38.311916),(-459.574097,-48.313992,38.114834),(-459.242096,-47.408646,38.076283),(-458.940887,-46.555832,38.196255),(-458.670471,-45.755558,38.474758),(-458.484131,-45.178772,38.791321),(-458.326691,
   -44.663479,39.196594),(-458.198151,-44.209675,39.690571),(-458.09848,-43.81736,40.273262),(-458.02774,-43.486538,40.94466),(-457.988007,-43.228531,41.677757),(-457.985657,-43.077305,42.391521),(-458.020721,-43.032867,43.08596),(-458.093201,-43.095215,43.76107),(-458.203064,-43.264347,44.416851),(-458.366272,-43.570972,45.118511),(-458.561035,
   -43.98035,45.74123),(-458.787354,-44.492485,46.285004),(-459.045166,-45.107376,46.749832),(-459.334564,-45.82502,47.135719),(-459.601929,-46.5084,47.392178),(-459.851868,-47.166985,47.534714),(-460.084412,-47.800774,47.563328),(-460.2995,-48.40976,47.478016),(-460.497192,-48.99395,47.278786),(-460.639313,-49.426105,47.075283),(-460.746704,
   -49.757664,46.897114),(-460.819397,-49.988632,46.74427),(-460.857391,-50.119003,46.616756),(-460.860687,-50.148785,46.514576),(-460.849548,-50.074451,46.729946),(-460.857697,-50.045727,46.981918),(-460.885132,-50.062607,47.270489),(-460.931824,-50.125095,47.595657),(-460.997803,-50.233189,47.957428),(-461.157166,-50.530048,48.654686),(-461.340302,
   -50.910133,49.26421),(-461.547211,-51.37344,49.785988),(-461.777924,-51.919971,50.220024),(-462.03244,-52.549728,50.566319),(-462.363556,-53.397369,50.877506),(-462.678833,-54.231361,51.04126),(-462.978302,-55.051704,51.057575),(-463.261902,-55.858395,50.92646),(-463.529663,-56.651432,50.647907),(-463.743134,-57.311459,50.288567),(-463.922852,
   -57.897785,49.835018),(-464.068817,-58.410416,49.287258),(-464.181061,-58.849346,48.645294),(-464.259521,-59.214581,47.909122),(-464.30481,-59.506298,47.085247),(-464.30896,-59.679375,46.2882),(-464.271942,-59.73381,45.51799),(-464.193756,-59.669609,44.774616),(-464.074432,-59.486771,44.058071),(-463.889893,-59.131744,43.30571),(-463.64624,
   -58.60334,42.606899),(-463.343506,-57.901562,41.961643),(-462.981689,-57.026405,41.369942),(-462.560791,-55.977875,40.831791),(-462.340332,-54.80304,43.634029),(-460.85498,-50.110722,46.624859)));
#391=COMPLEX_TRIANGULATED_SURFACE_SET('',#390,124,((-0.937566,0.340863,-0.069153)),(),((119,3,120),(118,3,119),(116,115,6),(118,117,4),(116,5,117),(115,7,6),(5,116,6),(1,122,
   2),(1,123,122),(122,121,2),(3,118,4),(2,121,120),(2,120,3),(117,5,4),(114,10,9),(10,114,113),(114,9,8),(113,112,
   12),(12,11,113),(112,13,12),(113,11,10),(7,115,8),(31,30,32),(14,13,112),(29,28,34),(35,28,27),(30,29,33),(112,111,
   14),(8,115,114),(63,62,64),(65,64,62),(67,61,60),(65,62,61),(68,60,59),(66,61,67),(68,67,60),(66,65,61),(69,58,
   70),(69,68,59),(57,71,70),(70,58,57),(59,58,69),(55,72,71),(55,71,56),(35,34,28),(74,49,48),(36,35,27),(33,29,
   34),(54,53,72),(73,53,52),(53,73,72),(54,72,55),(51,50,74),(74,73,51),(50,49,74),(51,73,52),(56,71,57),(32,30,
   33),(91,93,125),(15,111,16),(111,15,14),(16,111,110),(18,17,109),(110,17,16),(108,19,18),(19,107,20),(93,25,24),(93,27,
   26),(26,25,93),(104,21,20),(23,22,97),(21,99,22),(24,23,95),(17,110,109),(19,108,107),(106,20,107),(105,20,106),(104,103,
   21),(21,103,102),(20,105,104),(102,101,21),(23,96,95),(94,24,95),(97,96,23),(99,21,100),(22,99,98),(22,98,97),(21,101,
   100),(108,18,109),(24,94,92),(38,37,93),(39,38,93),(41,40,89),(39,90,40),(87,42,41),(43,42,82),(36,93,37),(46,45,
   76),(48,47,75),(46,76,47),(78,45,44),(75,47,76),(79,44,43),(77,76,45),(48,75,74),(39,93,91),(91,90,39),(125,92,
   94),(89,40,90),(89,88,41),(87,86,42),(42,86,85),(88,87,41),(42,85,84),(79,43,80),(78,44,79),(77,45,78),(80,43,
   81),(43,82,81),(82,42,83),(84,83,42),(93,24,92),(36,27,93)),());
#392=COORDINATES_LIST('',82,((-458.622192,-37.946606,76.311768),(-457.91748,-36.151386,75.605843),(-457.285339,-34.500977,75.170654),(-456.72583,-32.995373,75.00621),(-456.238922,-31.634577,75.112495),(-455.824646,-30.418589,75.489517),(-455.612274,-29.764229,75.835358),(-455.43573,-29.194885,76.24839),(-455.295074,-28.710566,76.728622),(-455.190277,
   -28.311266,77.276054),(-455.121368,-27.996986,77.890686),(-455.091156,-27.783016,78.536049),(-455.100464,-27.673315,79.202698),(-455.149231,-27.667889,79.890625),(-455.237457,-27.766729,80.599831),(-455.365204,-27.969841,81.330322),(-455.657074,-28.533585,82.509048),(-456.048798,-29.387079,83.612785),(-456.540314,-30.530327,84.641541),(-457.131653,
   -31.963322,85.595314),(-457.822784,-33.686069,86.474098),(-458.536255,-35.503258,87.189919),(-459.17514,-37.170757,87.632805),(-459.739502,-38.688568,87.80275),(-460.229309,-40.05669,87.69976),(-460.644562,-41.27512,87.323837),(-460.856842,-41.928913,86.979355),(-461.033051,-42.496555,86.570366),(-461.173187,-42.978046,86.096886),(-461.277222,
   -43.373383,85.558907),(-461.345184,-43.682568,84.956436),(-461.376343,-43.901634,84.29892),(-461.367798,-44.015297,83.622818),(-461.31955,-44.023556,82.928139),(-461.231628,-43.926414,82.214874),(-461.104034,-43.723866,81.483032),(-460.811157,-43.157681,80.303207),(-460.416534,-42.296864,79.196167),(-459.920166,-41.141411,78.161919),(-459.322052,
   -39.691326,77.200447),(-458.622192,-37.946606,76.311768),(-458.043213,-34.860901,83.67186),(-457.469116,-33.427116,82.955353),(-456.986664,-32.250668,82.213478),(-456.595917,-31.331556,81.446243),(-456.296875,-30.669785,80.653633),(-456.089508,-30.26535,79.83567),(-456.053345,-30.20735,79.631332),(-456.028046,-30.177336,79.436386),(-456.013641,
   -30.175312,79.250839),(-456.010071,-30.201273,79.074692),(-456.017395,-30.255222,78.907936),(-456.036316,-30.341122,78.741119),(-456.065491,-30.451611,78.591805),(-456.104858,-30.586687,78.459991),(-456.15448,-30.746357,78.345673),(-456.214325,-30.930616,78.248863),(-456.51651,-31.807669,78.022598),(-456.886078,-32.828896,77.999367),(-457.323029,
   -33.994297,78.179146),(-457.827362,-35.303871,78.561943),(-458.399109,-36.757618,79.147766),(-458.982056,-38.213943,79.872818),(-459.471588,-39.40918,80.61834),(-459.867706,-40.343327,81.384323),(-460.17041,-41.016388,82.170776),(-460.3797,-41.42836,82.977692),(-460.415741,-41.48579,83.18338),(-460.440735,-41.514107,83.38237),(-460.45462,
   -41.513302,83.574669),(-460.457428,-41.483376,83.760277),(-460.449158,-41.424332,83.939186),(-460.431183,-41.343529,84.093842),(-460.402771,-41.237003,84.233704),(-460.363922,-41.104755,84.358765),(-460.314606,-40.946785,84.469032),(-460.254883,-40.763092,84.564499),(-459.962402,-39.907799,84.81501),(-459.595001,-38.889931,84.850998),(-459.152679,
   -37.709492,84.67247),(-458.635406,-36.366482,84.279427),(-458.043213,-34.860901,83.67186)));
#393=COMPLEX_TRIANGULATED_SURFACE_SET('',#392,80,((-0.937566,0.340863,-0.069153)),(),((64,38,37),(66,65,36),(37,36,65),(35,66,36),(40,39,63),(64,63,39),(64,39,38),(37,65,
   64),(40,63,62),(35,34,66),(69,33,32),(71,31,72),(31,71,32),(72,31,73),(70,32,71),(66,34,67),(69,68,33),(70,69,
   32),(67,33,68),(67,34,33),(2,1,62),(2,61,3),(62,61,2),(1,40,62),(3,61,60),(3,60,4),(5,4,60),(5,59,
   6),(6,58,7),(59,5,60),(58,8,7),(56,55,9),(57,56,9),(58,57,8),(8,57,9),(10,54,53),(10,9,55),(10,53,
   11),(54,10,55),(58,6,59),(74,73,30),(75,30,29),(30,75,74),(73,31,30),(77,29,28),(76,75,29),(78,77,28),(26,79,
   78),(76,29,77),(78,28,27),(26,25,79),(80,25,24),(25,80,79),(24,23,80),(80,23,81),(42,22,21),(22,42,81),(42,21,
   20),(23,22,81),(26,78,27),(50,49,12),(13,47,14),(48,47,13),(49,48,13),(52,11,53),(11,52,51),(50,12,51),(12,49,
   13),(51,12,11),(47,46,14),(17,45,44),(43,20,19),(20,43,42),(43,19,44),(18,44,19),(46,15,14),(45,17,16),(15,46,
   16),(17,44,18),(46,45,16)),());
#394=COORDINATES_LIST('',4,((-459.538422,-36.808632,94.342911),(-460.519226,-39.280483,95.456383),(-460.739655,-40.455315,92.654144),(-459.75885,-37.983463,91.540672)));
#395=COMPLEX_TRIANGULATED_SURFACE_SET('',#394,4,((-0.937566,0.340863,-0.069153)),(),((4,3,2),(2,1,4)),());
#396=COORDINATES_LIST('',66,((-458.239471,-29.647696,112.029076),(-459.135498,-31.90593,113.046326),(-459.881805,-35.883377,103.559235),(-459.203705,-34.174442,102.789429),(-458.601044,-32.468731,103.026123),(-458.005432,-30.765316,103.347343),(-457.416901,-29.064196,103.753082),(-456.835449,-27.365374,104.243347),(-456.261047,-25.668846,104.81813),(-455.970001,
   -24.817213,105.07029),(-455.684479,-24.00564,105.199203),(-455.404388,-23.234125,105.20488),(-455.129791,-22.50267,105.087318),(-454.860657,-21.811274,104.846512),(-454.688202,-21.382025,104.624252),(-454.538971,-21.021984,104.375374),(-454.412903,-20.731153,104.099869),(-454.310059,-20.509533,103.797737),(-454.230377,-20.357122,103.468994),(-454.195068,
   -20.303652,103.253845),(-454.172333,-20.287226,103.026489),(-454.16217,-20.30785,102.786926),(-454.164551,-20.365517,102.535149),(-454.179535,-20.460232,102.271156),(-454.203308,-20.565256,102.076035),(-454.242828,-20.710474,101.895805),(-454.298035,-20.895887,101.730469),(-454.368958,-21.121492,101.580032),(-454.455597,-21.387291,101.444489),(-454.593872,
   -21.786835,101.349922),(-454.784302,-22.306459,101.370461),(-455.026886,-22.946167,101.506096),(-455.321625,-23.705959,101.756844),(-455.668488,-24.585831,102.122681),(-455.883606,-25.732355,99.38797),(-455.380096,-24.442192,98.920792),(-454.931824,-23.266729,98.63694),(-454.538757,-22.205971,98.536407),(-454.200897,-21.259911,98.619186),(-453.918274,
   -20.428551,98.8853),(-453.73172,-19.850634,99.204559),(-453.573639,-19.331944,99.617935),(-453.444,-18.872475,100.12542),(-453.342865,-18.472237,100.727013),(-453.270203,-18.131224,101.422722),(-453.234467,-17.890465,102.125053),(-453.237793,-17.757021,102.827568),(-453.280121,-17.730892,103.530251),(-453.361481,-17.81208,104.233116),(-453.481842,
   -18.00058,104.93615),(-453.647034,-18.312088,105.640015),(-453.847595,-18.736115,106.269325),(-454.083588,-19.272665,106.824097),(-454.35498,-19.921732,107.304321),(-454.661774,-20.683319,107.710007),(-455.048584,-21.6793,108.044662),(-455.453339,-22.763004,108.190857),(-455.876129,-23.934431,108.148582),(-456.316864,-25.193581,107.917831),(-456.775635,
   -26.540451,107.498619),(-457.232758,-27.896364,107.01284),(-457.65683,-29.146906,106.598396),(-458.047882,-30.292076,106.255295),(-458.405853,-31.331873,105.983543),(-458.730804,-32.266296,105.783127),(-458.485138,-30.956997,108.906097)));
#397=COMPLEX_TRIANGULATED_SURFACE_SET('',#396,66,((-0.937566,0.340863,-0.069153)),(),((66,2,1),(4,3,5),(65,6,5),(6,65,7),(36,35,34),(36,34,33),(65,5,3),(63,7,
   64),(9,8,62),(8,7,63),(65,2,66),(36,33,37),(37,33,32),(8,63,62),(7,65,64),(3,2,65),(39,32,31),(37,32,
   38),(31,40,39),(39,38,32),(40,31,30),(40,30,41),(41,30,42),(42,29,43),(42,30,29),(27,43,28),(27,26,44),(27,44,
   43),(44,25,45),(25,44,26),(24,45,25),(23,45,24),(28,43,29),(9,61,10),(12,11,59),(10,60,11),(58,13,12),(53,15,
   14),(14,13,57),(10,61,60),(58,12,59),(56,14,57),(55,14,56),(13,58,57),(59,11,60),(54,14,55),(46,20,47),(48,19,
   18),(47,20,19),(22,46,45),(21,46,22),(46,21,20),(22,45,23),(18,17,48),(15,51,16),(15,52,51),(52,15,53),(14,54,
   53),(19,48,47),(16,50,49),(48,17,49),(50,16,51),(17,16,49),(9,62,61)),());
#398=COORDINATES_LIST('',27,((-454.279022,-18.711414,112.240364),(-458.774292,-29.980904,117.637939),(-458.976135,-31.056654,115.072037),(-452.752319,-15.371074,108.006287),(-452.476105,-13.898994,111.517525),(-456.28656,-23.151653,117.571976),(-456.299866,-23.222425,117.403168),(-452.242371,-12.653389,114.488571),(-451.966156,-11.181309,117.999809),(-458.190002,
   -26.866888,125.065559),(-458.391846,-27.942638,122.499657),(-453.854095,-16.446676,117.642273),(-453.852905,-16.40642,117.824829),(-458.500732,-28.522978,121.115417),(-458.665405,-29.400564,119.022179),(-454.304413,-18.812704,112.085304),(-456.526672,-24.346159,114.939148),(-454.381348,-18.525324,114.544754),(-456.081696,-22.654198,117.246468),(-454.162048,
   -17.653793,115.867523),(-456.122986,-22.194656,120.070969),(-454.360046,-17.72847,118.183868),(-456.430389,-23.125725,119.649643),(-455.395233,-20.427097,118.916756),(-454.780243,-19.967957,112.842194),(-456.722809,-24.684259,115.932182),(-455.751526,-22.326109,114.387184)));
#399=COMPLEX_TRIANGULATED_SURFACE_SET('',#398,27,((-0.937566,0.340863,-0.069153)),(),((19,26,7),(7,15,14),(19,23,24),(19,27,26),(4,16,5),(4,3,25),(1,5,16),(5,1,
   18),(2,17,3),(3,17,25),(14,6,7),(10,21,11),(6,23,19),(8,12,13),(13,9,8),(13,22,9),(19,24,20),(27,18,
   25),(25,18,1),(8,20,12),(22,10,9),(10,22,21),(12,20,22),(6,14,23),(20,24,22),(25,16,4),(15,7,26),(18,27,
   19)),());
#400=COORDINATES_LIST('',16,((-455.482361,-12.436394,159.485489),(-454.62265,-10.269709,158.509476),(-454.089874,-8.926974,157.904633),(-454.536041,-11.304949,152.232635),(-453.761108,-9.35188,151.352844),(-449.245239,3.319959,152.588547),(-449.038086,4.424019,155.22197),(-452.973389,-5.493906,159.689621),(-452.832611,-4.743711,161.479004),(-453.728668,
   -7.001947,162.496246),(-453.869415,-7.752141,160.706863),(-455.261932,-11.26156,162.28772),(-453.193817,-6.668739,156.887375),(-451.341217,-1.999685,154.784149),(-453.403625,-7.786953,154.220184),(-454.312958,-10.115961,155.068634)));
#401=COMPLEX_TRIANGULATED_SURFACE_SET('',#400,16,((-0.937566,0.340863,-0.069153)),(),((2,1,12),(5,15,14),(4,16,5),(3,13,15),(11,13,3),(3,15,16),(3,2,11),(5,16,
   15),(8,13,11),(8,10,9),(10,8,11),(8,14,13),(14,6,5),(6,14,7),(7,14,8),(11,2,12)),());
#402=COORDINATES_LIST('',82,((-451.88559,-2.043566,161.948486),(-451.180847,-0.248348,161.242554),(-450.548706,1.402063,160.807373),(-449.989197,2.907666,160.642929),(-449.502319,4.268463,160.749207),(-449.088043,5.484451,161.126236),(-448.875641,6.138812,161.472076),(-448.699127,6.708155,161.885101),(-448.558441,7.192475,162.365341),(-448.453674,
   7.591774,162.912766),(-448.384735,7.906053,163.527405),(-448.354553,8.120025,164.17276),(-448.363831,8.229725,164.839417),(-448.412598,8.235152,165.527344),(-448.500854,8.136312,166.236542),(-448.628571,7.933198,166.967041),(-448.920471,7.369455,168.145767),(-449.312164,6.51596,169.249496),(-449.80368,5.372714,170.278259),(-450.39502,
   3.939718,171.232025),(-451.086151,2.216972,172.110809),(-451.799622,0.399783,172.82663),(-452.438538,-1.267718,173.269516),(-453.002869,-2.785528,173.439468),(-453.492676,-4.153649,173.336472),(-453.907928,-5.372079,172.960556),(-454.120209,-6.025875,172.616074),(-454.296417,-6.593517,172.207077),(-454.436554,-7.075007,171.733597),(-454.540588,
   -7.470344,171.195618),(-454.608582,-7.779526,170.593155),(-454.639709,-7.998593,169.935623),(-454.631165,-8.112257,169.259537),(-454.582947,-8.120517,168.56485),(-454.495026,-8.023374,167.851593),(-454.367401,-7.820827,167.119751),(-454.074524,-7.254641,165.939926),(-453.679932,-6.393822,164.832886),(-453.183563,-5.23837,163.79863),(-452.585449,
   -3.788285,162.837158),(-451.88559,-2.043566,161.948486),(-451.30661,1.042139,169.308578),(-450.732483,2.475925,168.592072),(-450.250061,3.652374,167.850189),(-449.859314,4.571483,167.082962),(-449.560242,5.233256,166.290344),(-449.352875,5.63769,165.472382),(-449.316711,5.695691,165.268036),(-449.291443,5.725704,165.073105),(-449.277008,
   5.727728,164.887558),(-449.273468,5.701766,164.711395),(-449.280762,5.647818,164.544647),(-449.299713,5.561919,164.377838),(-449.328857,5.45143,164.228516),(-449.368256,5.316352,164.09671),(-449.417847,5.156683,163.982391),(-449.477722,4.972424,163.885574),(-449.779877,4.095371,163.659317),(-450.149445,3.074144,163.636078),(-450.586395,
   1.908742,163.815857),(-451.090759,0.599169,164.198654),(-451.662476,-0.854579,164.784485),(-452.245422,-2.310902,165.509537),(-452.734955,-3.506138,166.255051),(-453.131073,-4.440287,167.021042),(-453.433777,-5.113347,167.807495),(-453.643066,-5.525318,168.61441),(-453.679138,-5.582751,168.820099),(-453.704102,-5.611065,169.019089),(-453.717987,
   -5.61026,169.21138),(-453.720795,-5.580336,169.396988),(-453.712524,-5.521291,169.575897),(-453.69455,-5.440487,169.73056),(-453.666138,-5.333962,169.870422),(-453.627289,-5.201714,169.995483),(-453.578003,-5.043744,170.105743),(-453.51825,-4.860052,170.201218),(-453.225769,-4.004757,170.451721),(-452.858368,-2.986891,170.487717),(-452.416046,
   -1.806453,170.309189),(-451.898773,-0.463443,169.916138),(-451.30661,1.042139,169.308578)));
#403=COMPLEX_TRIANGULATED_SURFACE_SET('',#402,80,((-0.937566,0.340863,-0.069153)),(),((64,38,37),(66,65,36),(37,36,65),(35,66,36),(40,39,63),(64,63,39),(64,39,38),(37,65,
   64),(40,63,62),(35,34,66),(69,33,32),(71,31,72),(31,71,32),(72,31,73),(70,32,71),(66,34,67),(69,68,33),(70,69,
   32),(67,33,68),(67,34,33),(2,1,62),(2,61,3),(62,61,2),(1,40,62),(3,61,60),(3,60,4),(5,4,60),(5,59,
   6),(6,58,7),(59,5,60),(58,8,7),(56,55,9),(57,56,9),(58,57,8),(8,57,9),(10,54,53),(10,9,55),(10,53,
   11),(54,10,55),(58,6,59),(74,73,30),(75,30,29),(30,75,74),(73,31,30),(77,29,28),(76,75,29),(78,77,28),(26,79,
   78),(76,29,77),(78,28,27),(26,25,79),(80,25,24),(25,80,79),(24,23,80),(80,23,81),(42,22,21),(22,42,81),(42,21,
   20),(23,22,81),(26,78,27),(50,49,12),(13,47,14),(48,47,13),(49,48,13),(52,11,53),(11,52,51),(50,12,51),(12,49,
   13),(51,12,11),(47,46,14),(17,45,44),(43,20,19),(20,43,42),(43,19,44),(18,44,19),(46,15,14),(45,17,16),(15,46,
   16),(17,44,18),(46,45,16)),());
#404=COORDINATES_LIST('',111,((-431.369537,103.385429,403.468445),(-431.394531,103.219452,402.989502),(-431.393921,103.124748,402.514374),(-431.367676,103.101295,402.04306),(-431.315826,103.149117,401.575592),(-431.238342,103.268196,401.111969),(-431.140106,103.450165,400.677185),(-431.026031,103.686638,400.296265),(-430.896118,103.977608,399.969177),(-430.750366,
   104.32309,399.695923),(-430.588776,104.723068,399.476563),(-430.421997,105.150703,399.32312),(-430.260681,105.579124,399.247742),(-430.104828,106.008347,399.250397),(-429.954437,106.438362,399.331116),(-429.809509,106.869171,399.489868),(-429.677765,107.277412,399.715973),(-429.566895,107.63974,399.998657),(-429.476898,107.956146,400.338013),(-429.407745,
   108.226639,400.733948),(-429.359497,108.451202,401.186523),(-429.334473,108.61718,401.665466),(-429.335083,108.711891,402.140625),(-429.361328,108.735336,402.611908),(-429.413177,108.687515,403.079376),(-429.490692,108.568436,403.542999),(-429.588898,108.386467,403.977783),(-429.702972,108.150002,404.358734),(-429.832886,107.859024,404.685791),(-429.978638,
   107.513542,404.959045),(-430.140228,107.113564,405.178406),(-430.307037,106.685936,405.331848),(-430.468353,106.257507,405.407227),(-430.624207,105.828285,405.404572),(-430.774567,105.39827,405.323853),(-430.919495,104.967461,405.1651),(-431.051239,104.559219,404.938995),(-431.162109,104.196892,404.656311),(-431.252136,103.880486,404.316956),(-431.321259,
   103.610001,403.921021),(-431.369537,103.385429,403.468445),(-430.751984,104.94178,402.767365),(-430.732544,105.034492,402.960815),(-430.706665,105.139824,403.128998),(-430.674316,105.257774,403.271881),(-430.635529,105.388344,403.389465),(-430.590271,105.531532,403.481781),(-430.53598,105.690186,403.527893),(-430.477631,105.854279,403.545471),(-430.415192,
   106.023796,403.534424),(-430.348663,106.198746,403.494812),(-430.278046,106.379135,403.426636),(-430.209656,106.54908,403.337006),(-430.14975,106.692726,403.233093),(-430.098389,106.810059,403.114929),(-430.055511,106.901093,402.982422),(-430.021149,106.965813,402.835663),(-429.99231,107.009392,402.659241),(-429.97345,107.024078,402.476227),(-429.96463,
   107.009888,402.286591),(-429.96582,106.966812,402.090393),(-429.97702,106.894852,401.887604),(-429.995972,106.806099,401.707062),(-430.022552,106.701141,401.550171),(-430.056793,106.579971,401.416901),(-430.098663,106.442581,401.307281),(-430.148163,106.288986,401.221283),(-430.202911,106.126366,401.162231),(-430.26059,105.961906,401.133423),(-430.321136,
   105.795609,401.134827),(-430.384613,105.627472,401.166473),(-430.450958,105.457497,401.228333),(-430.519745,105.286911,401.319885),(-430.58075,105.141335,401.429565),(-430.634003,105.020775,401.557373),(-430.679504,104.925232,401.703308),(-430.717255,104.854706,401.867401),(-430.742737,104.816933,402.02652),(-430.758942,104.806755,402.196075),(-430.765869,
   104.824165,402.376068),(-430.76355,104.869179,402.566498),(-430.751984,104.94178,402.767365),(-431.113647,103.286392,399.5112),(-431.804413,101.931755,402.199127),(-432.531372,100.438423,404.694702),(-433.294617,98.806412,406.997925),(-434.094055,97.035713,409.108826),(-434.929749,95.126328,411.027374),(-435.565826,92.824944,408.30722),(-434.669983,
   94.869812,406.241058),(-433.86438,96.662369,404.154602),(-433.149017,98.202629,402.047882),(-432.523895,99.490578,399.920868),(-431.988983,100.526222,397.77356),(-432.391174,98.654823,394.002167),(-432.480804,98.530998,394.60675),(-432.578888,98.334808,394.969543),(-432.685425,98.066261,395.090515),(-432.800476,97.725357,394.969666),(-432.92395,
   97.312088,394.606995),(-433.713776,95.168228,394.747864),(-434.506012,92.978775,394.696899),(-435.30069,90.743736,394.454132),(-436.097778,88.463112,394.019562),(-436.897308,86.136902,393.393188),(-436.493225,86.555611,389.978577),(-435.669403,88.963715,390.679138),(-434.826385,91.373436,391.127441),(-433.964172,93.78479,391.323425),(-433.082764,
   96.197762,391.267181),(-432.182129,98.61235,390.958649)));
#405=COMPLEX_TRIANGULATED_SURFACE_SET('',#404,109,((-0.937566,0.340863,-0.069153)),(),((107,106,104),(104,106,105),(107,103,108),(103,107,104),(108,103,102),(110,109,101),(111,110,95),(100,110,
   101),(95,110,100),(95,100,96),(101,109,102),(109,108,102),(99,98,97),(99,97,96),(91,85,92),(93,92,84),(92,85,84),(84,83,
   94),(79,78,5),(5,78,6),(93,84,94),(5,4,79),(4,3,80),(99,96,100),(11,71,12),(75,9,8),(10,9,74),(10,73,
   11),(15,14,68),(13,69,14),(66,17,16),(17,65,18),(67,16,15),(70,13,12),(7,76,8),(73,72,11),(74,73,10),(77,7,
   6),(76,75,8),(77,76,7),(74,9,75),(68,14,69),(69,13,70),(66,16,67),(66,65,17),(64,19,18),(15,68,67),(70,12,
   71),(72,71,11),(6,78,77),(86,91,90),(2,1,42),(1,40,42),(43,40,39),(42,40,43),(90,89,88),(2,42,81),(79,4,
   80),(80,3,81),(39,44,43),(37,46,45),(45,44,38),(85,91,86),(3,2,81),(38,37,45),(86,90,87),(37,36,46),(88,87,
   90),(46,36,47),(48,47,35),(49,48,34),(34,33,49),(33,50,49),(48,35,34),(47,36,35),(50,33,32),(38,44,39),(63,19,
   64),(26,58,57),(24,60,59),(59,58,25),(23,60,24),(20,63,62),(20,19,63),(20,62,21),(61,23,22),(23,61,60),(21,62,
   22),(22,62,61),(57,56,27),(64,18,65),(50,32,51),(52,31,53),(31,52,51),(53,30,54),(30,53,31),(32,31,51),(54,30,
   29),(25,24,59),(58,26,25),(28,56,55),(56,28,27),(57,27,26),(28,55,29),(55,54,29)),());
#406=COORDINATES_LIST('',26,((-433.031799,100.547272,412.015625),(-432.147491,103.567474,414.913452),(-431.200897,106.66394,417.342468),(-430.191986,109.836662,419.302612),(-429.120758,113.085655,420.793915),(-427.987244,116.410912,421.816376),(-428.421143,115.765221,424.51651),(-428.531799,115.585014,425.12854),(-428.646759,115.330215,425.431152),(-428.766022,
   115.000847,425.424347),(-428.889557,114.596893,425.108124),(-429.017365,114.118362,424.482483),(-429.355164,113.124931,424.165558),(-429.701935,112.091911,423.774963),(-430.057648,111.019318,423.31076),(-430.422333,109.907135,422.772888),(-430.795959,108.755379,422.161407),(-435.009766,98.135567,426.945221),(-435.236725,96.925926,424.059937),(-431.846313,
   105.470596,420.210876),(-432.181152,104.404442,419.495483),(-432.53717,103.247322,418.61853),(-432.914307,101.999245,417.579987),(-433.312622,100.66021,416.379883),(-433.732086,99.230225,415.018188),(-433.541504,101.198257,422.135406)));
#407=COMPLEX_TRIANGULATED_SURFACE_SET('',#406,26,((-0.937566,0.340863,-0.069153)),(),((24,2,25),(23,2,24),(22,2,23),(1,25,2),(2,22,3),(20,4,3),(17,4,20),(20,3,
   21),(21,3,22),(26,17,20),(5,4,16),(15,5,16),(5,14,13),(15,14,5),(5,13,12),(12,6,5),(12,7,6),(26,18,
   17),(11,10,8),(9,8,10),(11,8,7),(12,11,7),(16,4,17),(19,18,26)),());
#408=COORDINATES_LIST('',105,((-426.758392,125.307274,449.007141),(-426.738464,125.401207,449.200043),(-426.711121,125.510201,449.366547),(-426.676361,125.634254,449.506683),(-426.634186,125.773369,449.620422),(-426.584564,125.927536,449.707794),(-426.534637,126.075211,449.758881),(-426.479675,126.230759,449.780273),(-426.419647,126.394173,449.772003),(-426.354584,
   126.56546,449.734039),(-426.284454,126.744629,449.666382),(-426.215576,126.915794,449.576233),(-426.154236,127.063103,449.470673),(-426.100433,127.186539,449.349731),(-426.054169,127.28611,449.213409),(-426.015472,127.361824,449.061676),(-425.990967,127.394417,448.890198),(-425.975525,127.400558,448.711029),(-425.969116,127.380264,448.52417),(-425.971741,
   127.333527,448.32959),(-425.983429,127.260345,448.12735),(-426.002777,127.168205,447.935272),(-426.028351,127.064606,447.77124),(-426.06015,126.949532,447.635223),(-426.098175,126.822998,447.527252),(-426.142456,126.684998,447.447296),(-426.197693,126.521156,447.388794),(-426.256836,126.353035,447.361633),(-426.319824,126.180634,447.365784),(-426.386658,
   126.003952,447.401276),(-426.457367,125.82299,447.468079),(-426.52179,125.663383,447.554688),(-426.579407,125.52636,447.660522),(-426.630249,125.411903,447.785583),(-426.674316,125.320023,447.929871),(-426.711548,125.250717,448.093414),(-426.74054,125.206566,448.268463),(-426.759705,125.19014,448.447357),(-426.769043,125.201454,448.630127),(-426.768616,
   125.240501,448.816711),(-426.758392,125.307274,449.007141),(-427.375946,123.750923,449.708221),(-427.40094,123.584946,449.229248),(-427.40033,123.490242,448.75412),(-427.374084,123.466789,448.282837),(-427.322235,123.51461,447.815369),(-427.244751,123.63369,447.351746),(-427.146515,123.815659,446.916931),(-427.03244,124.052132,446.536011),(-426.902527,
   124.343102,446.208923),(-426.756775,124.688583,445.935699),(-426.595184,125.088562,445.716309),(-426.428406,125.516197,445.562897),(-426.26709,125.944626,445.487518),(-426.111237,126.37384,445.490173),(-425.960846,126.803856,445.570892),(-425.815918,127.234665,445.729645),(-425.684174,127.642906,445.955719),(-425.573303,128.005234,446.238434),(-425.483307,
   128.32164,446.577759),(-425.414154,128.592133,446.973694),(-425.365906,128.816696,447.42627),(-425.340881,128.982666,447.905243),(-425.341492,129.077377,448.380371),(-425.367737,129.10083,448.851654),(-425.419586,129.053009,449.319122),(-425.497101,128.933929,449.782745),(-425.595306,128.751968,450.217529),(-425.709381,128.515488,450.59848),(-425.839294,
   128.224518,450.925568),(-425.985046,127.879036,451.198792),(-426.146637,127.479057,451.418182),(-426.313446,127.051422,451.571594),(-426.474762,126.623001,451.646973),(-426.630615,126.193779,451.644318),(-426.780975,125.763763,451.563599),(-426.925903,125.332954,451.404846),(-427.057648,124.924713,451.178772),(-427.168518,124.562386,450.896057),(-427.258545,
   124.245979,450.556732),(-427.327667,123.975494,450.160767),(-427.375946,123.750923,449.708221),(-429.006348,116.150139,434.347778),(-428.025543,118.621994,433.234314),(-426.979858,124.195,446.527191),(-427.445892,123.582222,449.825043),(-428.92981,119.701202,450.813751),(-430.27301,115.971329,450.639984),(-431.475555,112.392624,449.303741),(-432.537384,
   108.965073,446.805023),(-433.458496,105.688683,443.143829),(-432.684265,107.161751,439.907623),(-431.925964,109.962166,443.43042),(-431.077972,112.799797,445.920471),(-430.140289,115.674637,447.377777),(-429.112885,118.586685,447.802338),(-427.995789,121.535942,447.194122),(-426.987976,124.151749,446.424011),(-427.506744,121.386871,439.829163),(-427.247345,
   122.76931,443.126587),(-427.39035,123.655235,449.432098),(-427.18512,123.925117,447.979645),(-427.082489,124.060059,447.253418),(-427.28772,123.790176,448.705872),(-428.501068,118.84304,440.770935)));
#409=COMPLEX_TRIANGULATED_SURFACE_SET('',#408,103,((-0.937566,0.340863,-0.069153)),(),((92,91,93),(94,93,90),(90,93,91),(94,90,89),(105,97,100),(88,96,95),(87,97,96),(94,89,
   95),(100,99,105),(88,95,89),(97,45,46),(43,97,87),(97,46,47),(97,43,44),(44,45,97),(43,87,86),(102,104,38),(100,49,
   98),(51,50,85),(48,97,47),(97,48,49),(37,102,38),(87,96,88),(53,52,31),(31,52,51),(32,31,51),(31,30,53),(85,32,
   51),(53,30,54),(54,29,55),(55,28,56),(27,57,56),(57,26,58),(58,25,59),(29,54,30),(32,85,33),(103,34,33),(103,33,
   85),(26,57,27),(26,25,58),(56,28,27),(24,60,59),(24,59,25),(60,24,23),(28,55,29),(103,36,35),(85,50,98),(1,40,
   104),(39,104,40),(2,1,42),(2,42,81),(1,104,101),(3,81,80),(3,2,81),(79,5,4),(78,6,5),(3,80,4),(79,4,
   80),(101,43,86),(6,78,77),(7,6,77),(8,76,75),(77,76,7),(9,75,74),(7,76,8),(8,75,9),(11,10,72),(10,9,
   74),(72,10,73),(10,74,73),(84,105,99),(78,5,79),(20,19,63),(65,18,17),(64,18,65),(19,18,64),(62,61,22),(22,61,
   23),(62,22,21),(20,62,21),(20,63,62),(100,97,49),(19,64,63),(105,84,83),(17,16,66),(61,60,23),(69,14,13),(68,15,
   14),(12,72,71),(72,12,11),(38,104,39),(13,12,70),(12,71,70),(67,66,16),(65,17,66),(36,102,37),(14,69,68),(68,67,
   15),(103,35,34),(36,103,102),(13,70,69),(16,15,67),(1,101,42)),());
#410=COORDINATES_LIST('',7,((-430.743011,116.487175,459.554749),(-430.518738,117.682419,462.40567),(-431.378448,115.515732,463.381683),(-432.417511,112.631409,463.251709),(-432.563416,111.853783,461.396912),(-431.672485,114.288933,461.320862),(-431.723816,114.01532,460.668213)));
#411=COMPLEX_TRIANGULATED_SURFACE_SET('',#410,7,((-0.937566,0.340863,-0.069153)),(),((1,7,6),(6,4,3),(4,6,5),(3,2,6),(6,2,1)),());
#412=COORDINATES_LIST('',49,((-424.505707,137.687271,479.488068),(-426.430969,132.835129,481.673798),(-426.312073,133.46875,483.18512),(-426.260712,133.713837,483.697052),(-426.193146,133.988327,484.133667),(-426.109314,134.292175,484.494965),(-426.009277,134.625412,484.781006),(-425.892975,134.988037,484.991699),(-425.772278,135.344086,485.110626),(-425.635376,
   135.729538,485.154236),(-425.482239,136.144348,485.122559),(-425.312836,136.588547,485.015564),(-425.127228,137.062119,484.833282),(-424.950073,137.502823,484.603729),(-424.796387,137.872818,484.343933),(-424.666199,138.172089,484.053955),(-424.559479,138.400635,483.733765),(-424.476257,138.558487,483.383362),(-424.409485,138.657288,482.964783),(-424.367126,
   138.682922,482.51712),(-424.349243,138.635406,482.040344),(-424.355804,138.514725,481.534424),(-424.38681,138.320892,480.99942),(-423.450226,140.795135,480.497375),(-423.401672,141.106979,481.37616),(-423.396515,141.29364,482.22641),(-423.434784,141.355148,483.048065),(-423.516418,141.291473,483.841187),(-423.641449,141.102646,484.605743),(-423.818573,
   140.771088,485.372528),(-424.033813,140.317902,486.056915),(-424.28717,139.743073,486.658844),(-424.578705,139.046631,487.178375),(-424.908356,138.228561,487.615509),(-425.250977,137.352356,487.941589),(-425.571655,136.505875,488.117096),(-425.870453,135.689117,488.141998),(-426.147278,134.902115,488.016296),(-426.402222,134.144836,487.73996),(-426.617188,
   133.476761,487.36142),(-426.799988,132.873947,486.86853),(-426.950653,132.33638,486.261292),(-427.069153,131.864075,485.539734),(-427.155487,131.457031,484.703857),(-427.314911,130.607407,482.677277),(-429.833496,124.259933,485.536591),(-430.060455,123.050285,482.651306),(-423.836639,138.73587,475.585541),(-423.450226,140.795135,480.497375)));
#413=COMPLEX_TRIANGULATED_SURFACE_SET('',#412,48,((-0.937566,0.340863,-0.069153)),(),((45,47,46),(45,3,2),(3,45,44),(45,2,47),(44,4,3),(47,2,48),(4,44,5),(5,44,
   43),(6,43,42),(6,5,43),(7,6,42),(42,8,7),(22,21,24),(1,24,48),(24,1,23),(24,23,22),(21,25,24),(48,2,
   1),(19,18,26),(25,20,26),(20,25,21),(26,20,19),(18,27,26),(41,8,42),(9,41,40),(41,9,8),(9,40,10),(39,11,
   10),(38,12,11),(39,10,40),(38,37,12),(36,12,37),(35,13,12),(12,36,35),(38,11,39),(13,35,34),(30,15,14),(29,16,
   15),(27,17,28),(16,28,17),(17,27,18),(14,13,33),(14,32,31),(31,30,14),(29,28,16),(15,30,29),(32,14,33),(13,34,
   33)),());
#414=COORDINATES_LIST('',12,((-425.151611,138.700974,493.242157),(-424.692261,141.149078,499.08139),(-425.588318,138.890839,500.098663),(-426.047668,136.442749,494.259399),(-427.997131,131.529556,496.472595),(-427.462158,134.380859,503.273621),(-428.358185,132.122635,504.290863),(-429.117462,128.07608,494.638916),(-422.893616,143.761658,487.573181),(-422.169464,
   147.621002,496.778595),(-423.065521,145.362762,497.795837),(-423.565399,142.698669,491.441345)));
#415=COMPLEX_TRIANGULATED_SURFACE_SET('',#414,12,((-0.937566,0.340863,-0.069153)),(),((8,5,4),(5,8,7),(1,4,3),(8,4,9),(9,1,12),(1,9,4),(9,12,10),(6,5,
   7),(11,10,12),(3,2,1)),());
#416=COORDINATES_LIST('',7,((-427.073669,136.043121,506.200012),(-426.849396,137.238358,509.050934),(-427.709106,135.071671,510.026947),(-428.748138,132.187347,509.897003),(-428.894043,131.409729,508.042175),(-428.003113,133.844879,507.966125),(-428.054443,133.571259,507.313507)));
#417=COMPLEX_TRIANGULATED_SURFACE_SET('',#416,7,((-0.937566,0.340863,-0.069153)),(),((1,7,6),(6,4,3),(4,6,5),(3,2,6),(6,2,1)),());
#418=COORDINATES_LIST('',46,((-423.555939,151.83136,536.329895),(-423.981873,150.745193,536.750549),(-424.368439,149.732697,537.000854),(-424.715637,148.793884,537.08075),(-425.023499,147.928757,536.990234),(-425.291992,147.137314,536.729309),(-425.506104,146.473831,536.361755),(-425.68631,145.884842,535.901855),(-425.832642,145.370316,535.349548),(-425.945068,
   144.930267,534.704956),(-426.023621,144.564697,533.967957),(-426.062439,144.304718,533.21283),(-426.060028,144.158371,532.458801),(-426.016388,144.125671,531.705811),(-425.931519,144.206619,530.953918),(-425.805389,144.401199,530.203064),(-425.618591,144.757187,529.425293),(-425.374298,145.283615,528.707947),(-425.072479,145.980499,528.051025),(-424.713165,
   146.847824,527.454468),(-424.296295,147.88562,526.918396),(-423.715088,149.350418,526.258545),(-423.488129,150.560059,529.14386),(-424.21463,148.729065,529.968628),(-424.451691,148.13649,530.261719),(-424.649445,147.652679,530.558044),(-424.807892,147.277634,530.857666),(-424.927063,147.011337,531.160583),(-425.006897,146.853821,531.466736),(-425.048767,
   146.789917,531.719299),(-425.076508,146.765808,531.976807),(-425.090179,146.781509,532.239258),(-425.089722,146.837021,532.506592),(-425.075165,146.932327,532.778931),(-425.04303,147.085861,533.100159),(-425.000671,147.258453,533.376892),(-424.94812,147.450134,533.60907),(-424.885345,147.660858,533.796692),(-424.812347,147.890656,533.939819),(-424.682953,
   148.265945,534.0354),(-424.517761,148.720596,534.036377),(-424.316711,149.254608,533.942871),(-424.079834,149.867966,533.754761),(-423.807129,150.560684,533.472107),(-419.65387,161.027908,528.757019),(-419.42691,162.237564,531.642334)));
#419=COMPLEX_TRIANGULATED_SURFACE_SET('',#418,46,((-0.937566,0.340863,-0.069153)),(),((15,27,16),(17,25,18),(17,16,26),(28,15,14),(31,13,12),(11,33,12),(34,33,11),(32,31,
   12),(33,32,12),(14,13,29),(31,30,13),(24,20,25),(25,20,19),(20,24,21),(21,23,22),(23,21,24),(27,15,28),(28,14,
   29),(25,19,18),(25,17,26),(26,16,27),(13,30,29),(11,10,35),(36,35,10),(37,36,10),(10,9,37),(11,35,34),(39,9,
   8),(40,8,7),(42,6,5),(6,41,7),(9,38,37),(42,5,4),(38,9,39),(39,8,40),(41,6,42),(42,4,43),(7,41,
   40),(43,2,44),(2,43,3),(44,2,1),(45,1,46),(1,45,44),(3,43,4)),());
#420=COORDINATES_LIST('',12,((-423.99173,152.638367,546.216064),(-423.918793,153.027176,547.143494),(-424.899567,150.555328,548.256958),(-425.272461,148.568054,543.516846),(-424.291656,151.039902,542.403381),(-424.218719,151.428726,543.330811),(-419.956482,162.170593,538.492004),(-420.029419,161.781784,537.564575),(-419.048615,164.253632,536.451111),(-418.675751,
   166.240906,541.191223),(-419.656555,163.769058,542.304688),(-419.729492,163.380249,541.377258)));
#421=COMPLEX_TRIANGULATED_SURFACE_SET('',#420,12,((-0.937566,0.340863,-0.069153)),(),((4,6,5),(6,4,3),(8,7,9),(9,7,12),(6,1,7),(1,3,2),(3,1,6),(12,11,
   10),(12,10,9),(1,12,7)),());
#422=COORDINATES_LIST('',115,((-420.236237,164.251343,552.54126),(-420.38559,164.034912,553.499573),(-420.522064,163.849182,554.434265),(-420.645599,163.694183,555.345276),(-420.756226,163.569916,556.232666),(-420.853973,163.476364,557.096436),(-420.977692,163.342163,558.112427),(-421.15033,163.045181,558.98938),(-421.371918,162.585434,559.727356),(-421.642426,
   161.962921,560.326294),(-421.961853,161.177628,560.786194),(-422.278778,160.366104,561.083191),(-422.580597,159.56723,561.237244),(-422.867249,158.781006,561.248352),(-423.138794,158.007431,561.116638),(-423.395172,157.24649,560.84198),(-423.610352,156.577255,560.460632),(-423.793823,155.970978,559.959534),(-423.945526,155.427658,559.338562),(-424.065552,
   154.947296,558.597778),(-424.153809,154.529877,557.737122),(-424.203125,154.216766,556.862183),(-424.210541,154.02623,556.023499),(-424.176056,153.958282,555.221069),(-424.09967,154.012924,554.454895),(-423.981415,154.19014,553.724976),(-423.803345,154.518661,552.930115),(-423.600281,154.936935,552.238647),(-423.372192,155.444962,551.650452),(-423.11911,
   156.042725,551.165527),(-422.841003,156.730255,550.783997),(-422.380859,157.889893,550.261597),(-422.1539,159.099533,553.146912),(-422.589813,158.000931,553.641785),(-422.748413,157.60611,553.845764),(-422.885132,157.276108,554.072815),(-423.,157.01091,554.322937),(-423.092987,156.810547,554.59613),(-423.164124,156.674988,554.892395),(-423.215607,
   156.596558,555.203796),(-423.249634,156.567566,555.522278),(-423.266235,156.587997,555.847961),(-423.265381,156.657852,556.180725),(-423.24707,156.777145,556.52063),(-423.203552,156.987335,556.966614),(-423.148621,157.214706,557.342773),(-423.082336,157.459244,557.64917),(-423.004639,157.720963,557.885742),(-422.915527,157.999847,558.05249),(-422.800659,
   158.338516,558.164551),(-422.679047,158.683304,558.215027),(-422.550659,159.03421,558.203979),(-422.415497,159.391235,558.131348),(-422.27356,159.754364,557.997192),(-422.136719,160.090439,557.798401),(-422.016815,160.366241,557.532043),(-421.913818,160.581787,557.19812),(-421.827759,160.737061,556.79657),(-421.758606,160.832077,556.327454),(-421.629181,
   160.969376,555.249634),(-421.492218,161.130554,554.187195),(-421.347748,161.315582,553.140137),(-421.195679,161.524475,552.108459),(-421.036102,161.757248,551.092163),(-420.898102,161.981201,550.324829),(-420.7258,162.317017,549.644348),(-420.519257,162.764694,549.050659),(-420.278442,163.324219,548.543762),(-420.003387,163.995621,548.123718),(-419.714325,
   164.73201,547.834473),(-419.433716,165.475006,547.692566),(-419.161591,166.224625,547.697876),(-418.897919,166.980835,547.850525),(-418.6427,167.743668,548.150452),(-418.427399,168.413467,548.533142),(-418.247955,168.998428,548.983459),(-418.10434,169.49855,549.501404),(-417.996552,169.913834,550.086914),(-417.924591,170.244263,550.740051),(-417.878998,
   170.533401,551.547424),(-417.872009,170.709579,552.320679),(-417.903534,170.772781,553.059937),(-417.973633,170.723053,553.765076),(-418.082275,170.560349,554.436218),(-418.266113,170.210617,555.204651),(-418.501526,169.702896,555.893982),(-418.788574,169.037216,556.504211),(-419.127197,168.213577,557.035278),(-419.517395,167.231949,557.487305),(-419.744385,
   166.022308,554.60199),(-419.512573,166.616821,554.389709),(-419.314484,167.110596,554.137939),(-419.150116,167.503601,553.846558),(-419.01944,167.795868,553.515625),(-418.922485,167.987381,553.145142),(-418.877228,168.057083,552.875244),(-418.846863,168.085693,552.604248),(-418.831329,168.073227,552.332214),(-418.830658,168.019653,552.059082),(-418.844849,
   167.924988,551.78479),(-418.871613,167.801346,551.53833),(-418.910858,167.649261,551.320984),(-418.962616,167.468781,551.132813),(-419.026825,167.259872,550.973694),(-419.103516,167.022537,550.84375),(-419.216461,166.68602,550.716064),(-419.330109,166.359161,550.646057),(-419.444519,166.041992,550.633728),(-419.559662,165.734512,550.679138),(-419.675537,
   165.436707,550.782227),(-419.802582,165.125641,550.971375),(-419.92218,164.851563,551.241882),(-420.034302,164.614487,551.593628),(-420.139008,164.414413,552.026794),(-420.236237,164.251343,552.54126)));
#423=COMPLEX_TRIANGULATED_SURFACE_SET('',#422,114,((-0.937566,0.340863,-0.069153)),(),((34,30,29),(28,35,29),(36,27,26),(36,35,27),(35,28,27),(25,37,26),(34,32,31),(34,31,
   30),(34,33,32),(29,35,34),(113,64,63),(25,24,38),(23,22,41),(41,22,42),(23,41,40),(61,2,62),(21,44,43),(42,22,
   43),(43,22,21),(36,26,37),(37,25,38),(39,24,40),(1,63,62),(24,39,38),(40,24,23),(2,1,62),(110,69,68),(110,68,
   67),(111,67,66),(110,70,69),(66,65,111),(111,110,67),(72,110,109),(110,71,70),(110,72,71),(109,73,72),(109,74,73),(107,75,
   74),(75,106,76),(108,74,109),(112,111,65),(113,63,114),(112,64,113),(65,64,112),(106,75,107),(105,77,76),(77,104,103),(104,77,
   105),(76,106,105),(103,102,78),(78,101,79),(101,78,102),(103,78,77),(107,74,108),(63,1,114),(44,21,45),(45,20,46),(20,45,
   21),(46,20,47),(47,19,48),(19,47,20),(49,48,19),(49,18,50),(5,59,58),(4,60,59),(17,51,50),(6,57,56),(5,58,
   57),(18,49,19),(3,61,60),(17,16,51),(17,50,18),(51,16,52),(15,53,52),(15,14,53),(15,52,16),(53,14,13),(53,13,
   54),(8,55,54),(10,54,11),(9,54,10),(11,54,12),(13,12,54),(56,55,7),(54,9,8),(2,61,3),(81,95,82),(95,94,
   82),(60,4,3),(96,95,81),(100,99,79),(79,99,80),(79,101,100),(98,97,80),(81,80,97),(97,96,81),(98,80,99),(94,93,
   83),(91,90,89),(7,6,56),(6,5,57),(4,59,5),(91,89,88),(84,83,93),(93,85,84),(82,94,83),(92,85,93),(86,92,
   87),(85,92,86),(92,91,87),(91,88,87),(55,8,7)),());
#424=COORDINATES_LIST('',85,((-418.054688,175.639786,579.099487),(-417.735138,176.433884,578.681335),(-417.469666,177.081436,578.273682),(-417.258209,177.582458,577.876465),(-417.1008,177.936951,577.489746),(-416.997437,178.144913,577.113464),(-416.955353,178.209961,576.863647),(-416.926971,178.237518,576.61438),(-416.912231,178.227585,576.365723),(-416.911163,
   178.180145,576.117554),(-416.923798,178.095215,575.869995),(-416.943115,178.003082,575.677917),(-416.968689,177.899475,575.513855),(-417.000488,177.784409,575.377869),(-417.038544,177.657867,575.269897),(-417.082794,177.519867,575.189941),(-417.420105,176.530396,574.885925),(-417.827789,175.394608,574.814392),(-418.305786,174.112503,574.975403),(-418.854126,
   172.684082,575.368958),(-419.472809,171.109329,575.994995),(-420.000732,169.78978,576.648254),(-420.441437,168.711884,577.310181),(-420.794922,167.875656,577.980896),(-421.061218,167.281082,578.660339),(-421.240265,166.928177,579.348572),(-421.292847,166.843994,579.646179),(-421.330109,166.797714,579.923462),(-421.352112,166.789337,580.18042),(-421.358826,
   166.818878,580.417053),(-421.35025,166.886337,580.633301),(-421.32132,167.018768,580.893799),(-421.27774,167.185654,581.125671),(-421.219543,167.386978,581.329041),(-421.146698,167.622772,581.503723),(-421.059235,167.893021,581.649902),(-420.88913,168.392792,581.807007),(-420.686859,168.957809,581.849731),(-420.452423,169.588104,581.778198),(-420.185852,
   170.283646,581.592285),(-419.887085,171.044449,581.291992),(-419.463287,172.112534,580.810913),(-419.674042,170.989288,578.131714),(-418.790131,173.21701,577.128174),(-418.374023,175.434692,582.417847),(-421.897614,166.554337,586.418152),(-422.078674,165.589508,584.11676),(-421.774658,166.325333,583.621948),(-421.914246,165.899719,583.416748),(-422.035797,
   165.499573,583.092285),(-422.139282,165.124878,582.64856),(-422.224731,164.775635,582.08551),(-422.292114,164.451859,581.403259),(-422.325043,164.230118,580.756653),(-422.322235,164.106369,580.108398),(-422.283661,164.080582,579.458496),(-422.209351,164.152786,578.806885),(-422.099304,164.322983,578.153625),(-421.816681,164.865799,576.997681),(-421.435425,
   165.69487,575.915283),(-420.955536,166.810211,574.906555),(-420.376984,168.211823,573.971313),(-419.699799,169.899689,573.109741),(-418.963135,171.776611,572.373718),(-418.30304,173.501221,571.925171),(-417.719513,175.073547,571.764099),(-417.212585,176.493576,571.890503),(-416.782196,177.761292,572.304382),(-416.553833,178.464066,572.67218),(-416.364197,
   179.074661,573.110962),(-416.213318,179.593094,573.620605),(-416.101166,180.019348,574.201233),(-416.02774,180.353439,574.852722),(-415.987488,180.611618,575.579285),(-415.983398,180.764008,576.275085),(-416.015503,180.810623,576.940125),(-416.083801,180.75148,577.574402),(-416.188263,180.586563,578.177917),(-416.391968,180.201569,579.042236),(-416.659149,
   179.628174,579.837952),(-416.989746,178.866333,580.564941),(-417.383759,177.916092,581.223328),(-417.841248,176.777435,581.813049),(-418.054688,175.639786,579.099487),(-418.582092,174.325851,579.77301)));
#425=COMPLEX_TRIANGULATED_SURFACE_SET('',#424,84,((-0.937566,0.340863,-0.069153)),(),((24,60,59),(25,24,58),(59,58,24),(57,25,58),(62,61,22),(23,22,61),(23,61,60),(60,24,
   23),(62,22,21),(57,56,25),(27,55,54),(53,31,30),(31,53,52),(54,53,29),(30,29,53),(25,56,26),(28,27,54),(29,28,
   54),(26,55,27),(26,56,55),(42,45,85),(64,63,21),(64,20,65),(21,20,64),(62,21,63),(65,20,19),(65,19,66),(67,66,
   19),(67,18,68),(68,17,69),(18,67,19),(17,70,69),(43,42,85),(17,16,70),(71,15,72),(71,70,16),(14,13,72),(15,14,
   72),(16,15,71),(72,13,12),(17,68,18),(32,52,33),(52,32,31),(34,33,51),(51,33,52),(34,51,50),(35,34,50),(48,37,
   36),(48,38,37),(35,50,36),(49,36,50),(48,36,49),(38,48,39),(48,47,46),(48,46,39),(39,46,40),(44,43,85),(41,40,
   45),(45,42,41),(40,46,45),(1,83,82),(9,8,74),(75,7,6),(75,8,7),(74,8,75),(12,11,73),(73,10,74),(10,73,
   11),(74,10,9),(12,73,72),(6,5,76),(79,4,3),(2,82,81),(82,2,1),(2,81,3),(80,3,81),(77,76,5),(75,6,
   76),(4,79,78),(5,78,77),(79,3,80),(4,78,5)),());
#426=COORDINATES_LIST('',125,((-418.505768,178.81456,600.863892),(-418.790222,178.098541,601.191345),(-419.029053,177.511551,601.535767),(-419.222198,177.053589,601.897217),(-419.36969,176.724655,602.275696),(-419.471527,176.524765,602.671204),(-419.512848,176.463745,602.930664),(-419.539001,176.448288,603.20874),(-419.549957,176.478378,603.505554),(-419.545715,
   176.554047,603.821045),(-419.526276,176.675278,604.155151),(-419.496063,176.811874,604.418701),(-419.448608,176.991272,604.659668),(-419.383942,177.213455,604.878113),(-419.302063,177.478424,605.073975),(-419.202942,177.786194,605.247314),(-419.079834,178.145615,605.350037),(-418.933502,178.552658,605.372498),(-418.763947,179.007324,605.314697),(-418.571167,
   179.509598,605.176636),(-418.355133,180.059509,604.958313),(-418.19342,180.460068,604.740295),(-418.047363,180.807266,604.471191),(-417.916901,181.10112,604.151001),(-417.802063,181.341629,603.779663),(-417.702881,181.528778,603.357239),(-417.655823,181.589081,603.016479),(-417.63504,181.563675,602.609741),(-417.640564,181.452591,602.137085),(-417.672394,
   181.255814,601.598511),(-417.730499,180.973343,600.993958),(-416.89502,183.078995,600.045471),(-416.82663,183.384933,600.626343),(-416.752136,183.688049,601.110535),(-416.671539,183.988342,601.497925),(-416.584839,184.285812,601.788635),(-416.492004,184.580444,601.982605),(-416.38974,184.881897,602.082031),(-416.272552,185.211288,602.116577),(-416.140381,
   185.568649,602.086304),(-415.993286,185.953949,601.991089),(-415.831238,186.367203,601.831116),(-415.62793,186.873825,601.571838),(-415.453918,187.295074,601.289001),(-415.309204,187.630966,600.982483),(-415.193756,187.8815,600.652405),(-415.107635,188.046661,600.298706),(-415.072205,188.100693,600.0849),(-415.048737,188.120956,599.866699),(-415.037231,
   188.107452,599.644104),(-415.037689,188.060181,599.417114),(-415.050079,187.979141,599.18573),(-415.074127,187.866058,598.954102),(-415.107269,187.734192,598.753784),(-415.149597,187.583527,598.584778),(-415.20105,187.414078,598.447144),(-415.261627,187.22583,598.34082),(-415.405914,186.80397,598.217224),(-415.58017,186.317398,598.181641),(-415.784454,
   185.766098,598.233948),(-416.018768,185.150116,598.374207),(-416.283081,184.469406,598.602417),(-416.499237,183.317352,595.854553),(-416.10553,184.328384,595.500427),(-415.742493,185.287704,595.306763),(-415.410065,186.195313,595.27356),(-415.108276,187.051208,595.40094),(-414.837158,187.855408,595.688782),(-414.650146,188.435715,596.013733),(-414.491943,
   188.954926,596.428345),(-414.36261,189.41301,596.932556),(-414.262085,189.809967,597.526306),(-414.190369,190.145813,598.209717),(-414.149658,190.409027,598.9552),(-414.146423,190.565048,599.68042),(-414.180664,190.613861,600.385315),(-414.25238,190.555481,601.069885),(-414.361572,190.389893,601.734131),(-414.52417,190.086731,602.444031),(-414.718414,
   189.680038,603.07312),(-414.944366,189.169815,603.62146),(-415.201996,188.556076,604.08905),(-415.491272,187.838821,604.47583),(-415.758728,187.155121,604.731567),(-416.00885,186.49559,604.871826),(-416.241669,185.860229,604.896729),(-416.457184,185.249039,604.806152),(-416.655426,184.662018,604.600159),(-416.797974,184.227417,604.390808),(-416.905762,
   183.89386,604.207886),(-416.97876,183.661316,604.05127),(-417.016968,183.5298,603.921021),(-417.020386,183.499313,603.817139),(-417.008972,183.575165,604.036194),(-417.016785,183.605515,604.291992),(-417.043884,183.590363,604.584717),(-417.09024,183.529694,604.914185),(-417.155884,183.423523,605.280579),(-417.314575,183.130112,605.986023),(-417.497223,
   182.752716,606.60199),(-417.703796,182.291321,607.128357),(-417.934296,181.745941,607.565125),(-418.188721,181.116562,607.912292),(-418.519897,180.268494,608.222473),(-418.835449,179.433197,608.383118),(-419.135284,178.610703,608.394287),(-419.419464,177.80098,608.25592),(-419.687988,177.004044,607.968079),(-419.902191,176.339996,607.599182),(-420.082733,
   175.749268,607.135132),(-420.229584,175.231873,606.575989),(-420.342804,174.787796,605.921753),(-420.422302,174.417038,605.172424),(-420.468689,174.119476,604.334595),(-420.473846,173.941025,603.524719),(-420.437744,173.881729,602.74292),(-420.360382,173.941544,601.989075),(-420.241791,174.120499,601.263306),(-420.057922,174.471893,600.502258),(-419.814789,
   174.997482,599.796753),(-419.512451,175.697235,599.146667),(-419.150848,176.571182,598.552063),(-418.730011,177.619308,598.012939),(-418.505768,178.81456,600.863892),(-417.014526,183.538162,603.929321)));
#427=COMPLEX_TRIANGULATED_SURFACE_SET('',#426,124,((-0.937566,0.340863,-0.069153)),(),((119,3,120),(118,3,119),(116,115,6),(118,117,4),(116,5,117),(115,7,6),(5,116,6),(1,122,
   2),(1,123,122),(122,121,2),(3,118,4),(2,121,120),(2,120,3),(117,5,4),(114,10,9),(10,114,113),(114,9,8),(113,112,
   12),(12,11,113),(112,13,12),(113,11,10),(7,115,8),(31,30,32),(14,13,112),(29,28,34),(35,28,27),(30,29,33),(112,111,
   14),(8,115,114),(63,62,64),(65,64,62),(67,61,60),(65,62,61),(68,60,59),(66,61,67),(68,67,60),(66,65,61),(69,58,
   70),(69,68,59),(57,71,70),(70,58,57),(59,58,69),(55,72,71),(55,71,56),(35,34,28),(74,49,48),(36,35,27),(33,29,
   34),(54,53,72),(73,53,52),(53,73,72),(54,72,55),(51,50,74),(74,73,51),(50,49,74),(51,73,52),(56,71,57),(32,30,
   33),(91,93,125),(15,111,16),(111,15,14),(16,111,110),(18,17,109),(110,17,16),(108,19,18),(19,107,20),(93,25,24),(93,27,
   26),(26,25,93),(104,21,20),(23,22,97),(21,99,22),(24,23,95),(17,110,109),(19,108,107),(106,20,107),(105,20,106),(104,103,
   21),(21,103,102),(20,105,104),(102,101,21),(23,96,95),(94,24,95),(97,96,23),(99,21,100),(22,99,98),(22,98,97),(21,101,
   100),(108,18,109),(24,94,92),(38,37,93),(39,38,93),(41,40,89),(39,90,40),(87,42,41),(43,42,82),(36,93,37),(46,45,
   76),(48,47,75),(46,76,47),(78,45,44),(75,47,76),(79,44,43),(77,76,45),(48,75,74),(39,93,91),(91,90,39),(125,92,
   94),(89,40,90),(89,88,41),(87,86,42),(42,86,85),(88,87,41),(42,85,84),(79,43,80),(78,44,79),(77,45,78),(80,43,
   81),(43,82,81),(82,42,83),(84,83,42),(93,24,92),(36,27,93)),());
#428=COORDINATES_LIST('',16,((-419.43338,179.687637,617.743958),(-418.573669,181.854324,616.767944),(-418.040894,183.197052,616.163086),(-418.494812,180.777771,610.392578),(-417.719879,182.730835,609.512756),(-413.196014,195.445221,610.849976),(-412.98526,196.568466,613.529114),(-416.920563,186.650543,617.996765),(-416.777374,187.413773,619.817261),(-417.673401,
   185.155533,620.834473),(-417.81662,184.392303,619.014038),(-419.209106,180.882889,620.59491),(-417.144836,185.455292,615.145874),(-415.292206,190.124344,613.042603),(-417.358307,184.317642,612.432312),(-418.267853,181.987411,613.277832)));
#429=COMPLEX_TRIANGULATED_SURFACE_SET('',#428,16,((-0.937566,0.340863,-0.069153)),(),((3,2,11),(5,15,14),(4,16,5),(3,13,15),(11,13,3),(3,15,16),(12,2,1),(5,16,
   15),(8,13,11),(8,10,9),(10,8,11),(8,14,13),(14,6,5),(6,14,7),(7,14,8),(11,2,12)),());
#430=COORDINATES_LIST('',16,((-418.498474,184.670227,629.62854),(-417.638763,186.836914,628.652527),(-417.105988,188.179642,628.047668),(-417.559906,185.760361,622.277161),(-416.784973,187.713425,621.397339),(-412.261108,200.427811,622.734558),(-412.050354,201.551056,625.413696),(-415.985657,191.633133,629.881348),(-415.842468,192.396362,631.701843),(-416.738495,
   190.138123,632.719055),(-416.881714,189.374893,630.898621),(-418.2742,185.865479,632.479492),(-416.20993,190.437881,627.030457),(-414.35733,195.106934,624.927185),(-416.423401,189.300232,624.316895),(-417.332947,186.970001,625.162415)));
#431=COMPLEX_TRIANGULATED_SURFACE_SET('',#430,16,((-0.937566,0.340863,-0.069153)),(),((2,1,12),(5,15,14),(4,16,5),(3,13,15),(11,13,3),(3,15,16),(3,2,11),(5,16,
   15),(11,8,13),(8,10,9),(10,8,11),(13,8,14),(14,6,5),(6,14,7),(7,14,8),(11,2,12)),());
#432=COORDINATES_LIST('',66,((-416.335175,193.682312,644.720764),(-417.231201,191.424088,645.737976),(-417.990479,187.377533,636.08606),(-417.312408,189.086472,635.316284),(-416.708588,190.79834,635.567627),(-416.111725,192.508423,635.904785),(-415.52182,194.216721,636.327637),(-414.938934,195.923233,636.836243),(-414.362976,197.62796,637.430603),(-414.071228,
   198.48349,637.692078),(-413.785126,199.298096,637.828186),(-413.504639,200.071777,637.83905),(-413.229797,200.804535,637.724548),(-412.960571,201.496353,637.484802),(-412.788177,201.92543,637.262146),(-412.639008,202.284943,637.011963),(-412.513123,202.57489,636.734375),(-412.410492,202.795273,636.42926),(-412.331146,202.946091,636.096741),(-412.296051,
   202.998383,635.878784),(-412.27356,203.013458,635.648193),(-412.263672,202.991318,635.405029),(-412.266388,202.931946,635.14917),(-412.281708,202.835358,634.880676),(-412.305786,202.728836,634.682007),(-412.345551,202.582123,634.49823),(-412.401062,202.395187,634.329224),(-412.47226,202.16803,634.17511),(-412.559204,201.900665,634.035828),(-412.697815,
   201.499435,633.937256),(-412.888489,200.978516,633.954712),(-413.131226,200.33786,634.088074),(-413.426056,199.577515,634.337524),(-413.77298,198.697449,634.702881),(-413.991821,197.531006,631.920654),(-413.48819,198.821869,631.455139),(-413.039612,199.99884,631.174866),(-412.646118,201.061905,631.079895),(-412.307678,202.011093,631.170105),(-412.024323,
   202.846375,631.445557),(-411.837097,203.427841,631.773315),(-411.678284,203.9505,632.196106),(-411.547821,204.414337,632.71405),(-411.445801,204.819366,633.327087),(-411.372162,205.165588,634.035217),(-411.33548,205.411316,634.74939),(-411.337921,205.549438,635.463013),(-411.379425,205.579941,636.176147),(-411.460022,205.502838,636.888794),(-411.579681,
   205.318115,637.60083),(-411.744202,205.010071,638.312927),(-411.944275,204.58873,638.948669),(-412.179901,204.054092,639.507996),(-412.45108,203.406174,639.990967),(-412.757843,202.644974,640.397583),(-413.144745,201.6483,640.730591),(-413.549927,200.5625,640.871765),(-413.973328,199.387573,640.821167),(-414.415009,198.123535,640.578735),(-414.874939,
   196.770386,640.144531),(-415.333344,195.407745,639.6427),(-415.758545,194.151215,639.213989),(-416.150574,193.000778,638.858337),(-416.509399,191.956451,638.575745),(-416.835052,191.018219,638.366272),(-416.585114,192.350266,641.543518)));
#433=COMPLEX_TRIANGULATED_SURFACE_SET('',#432,66,((-0.937566,0.340863,-0.069153)),(),((66,2,1),(4,3,5),(65,6,5),(6,65,7),(36,35,34),(36,34,33),(65,5,3),(63,7,
   64),(9,8,62),(8,7,63),(65,2,66),(36,33,37),(37,33,32),(8,63,62),(7,65,64),(3,2,65),(39,32,31),(37,32,
   38),(31,40,39),(39,38,32),(40,31,30),(40,30,41),(41,30,42),(42,29,43),(42,30,29),(27,43,28),(27,26,44),(27,44,
   43),(44,25,45),(25,44,26),(24,45,25),(23,45,24),(28,43,29),(9,61,10),(12,11,59),(10,60,11),(58,13,12),(53,15,
   14),(14,13,57),(10,61,60),(58,12,59),(56,14,57),(55,14,56),(13,58,57),(59,11,60),(54,14,55),(46,20,47),(48,19,
   18),(47,20,19),(22,46,45),(21,46,22),(46,21,20),(22,45,23),(18,17,48),(15,51,16),(15,52,51),(52,15,53),(14,54,
   53),(19,48,47),(16,50,49),(48,17,49),(50,16,51),(17,16,49),(9,62,61)),());
#434=COORDINATES_LIST('',54,((-453.444733,15.2856,268.50531),(-453.830902,13.397567,264.434601),(-454.828949,10.782084,265.073944),(-455.796661,8.129505,265.119446),(-456.7341,5.439828,264.571106),(-457.641205,2.713058,263.428894),(-458.517975,-0.050809,261.692841),(-457.935577,0.944087,258.700684),(-457.156647,3.412374,260.306305),(-456.379608,
   5.769795,261.391327),(-455.604462,8.016353,261.955811),(-454.831238,10.152044,261.999664),(-454.059937,12.17687,261.52298),(-454.606171,9.435821,255.417633),(-453.705231,11.652139,254.127335),(-453.131409,14.54026,260.583466),(-451.436188,18.812597,258.658936),(-451.251312,19.797979,261.009308),(-451.259338,19.929409,261.765839),(-451.307068,
   19.898056,262.258728),(-451.394562,19.703926,262.487976),(-451.52179,19.347021,262.453583),(-451.688751,18.827333,262.155518),(-452.887482,15.806181,263.516449),(-452.246979,18.947632,270.3172),(-454.293335,13.790311,272.640381),(-454.870331,12.329068,273.260254),(-455.380676,11.021424,273.734192),(-455.824432,9.867375,274.062195),(-456.201599,
   8.866926,274.244263),(-456.512146,8.020074,274.280426),(-456.800629,7.192869,274.114227),(-457.044647,6.444902,273.735504),(-457.244141,5.776175,273.144257),(-457.39917,5.186687,272.340485),(-457.509735,4.676436,271.324188),(-457.705658,3.632226,268.833527),(-456.636871,6.232759,267.161621),(-456.61087,6.45706,267.914703),(-456.58429,
   6.665507,268.581482),(-456.557068,6.858098,269.162018),(-456.529266,7.034834,269.65625),(-456.500885,7.195717,270.06424),(-456.463074,7.37413,270.430939),(-456.413635,7.568161,270.717224),(-456.3526,7.777809,270.923065),(-456.279938,8.003076,271.048462),(-456.195679,8.243959,271.093414),(-455.973022,8.844193,271.033234),(-455.694366,
   9.576874,270.866669),(-455.359711,10.442004,270.59375),(-454.969055,11.439584,270.214417),(-454.5224,12.569613,269.72876),(-452.56723,17.376907,266.916809)));
#435=COMPLEX_TRIANGULATED_SURFACE_SET('',#434,54,((-0.937566,0.340863,-0.069153)),(),((9,8,7),(9,7,6),(10,9,6),(5,11,10),(10,6,5),(38,37,39),(39,37,40),(11,4,
   12),(4,11,5),(4,3,12),(12,3,13),(16,15,14),(16,14,13),(17,23,18),(16,23,17),(16,13,2),(24,23,16),(24,2,
   54),(24,16,2),(19,22,20),(22,19,23),(21,20,22),(54,2,1),(23,19,18),(3,2,13),(1,25,54),(42,36,43),(36,42,
   41),(43,36,44),(40,37,41),(36,35,44),(41,37,36),(46,45,35),(34,46,35),(32,47,33),(34,33,47),(48,32,31),(48,31,
   30),(35,45,44),(46,34,47),(47,32,48),(50,49,29),(52,51,27),(50,28,51),(30,49,48),(28,27,51),(27,26,52),(1,53,
   26),(26,25,1),(52,26,53),(28,50,29),(49,30,29)),());
#436=COORDINATES_LIST('',54,((-451.427307,26.207533,294.989227),(-452.186859,24.222282,295.501465),(-452.878052,22.372686,295.755768),(-453.500916,20.658745,295.752136),(-454.05542,19.080456,295.49054),(-454.541595,17.637823,294.970978),(-454.979156,16.288225,294.251038),(-455.401947,14.941095,293.34314),(-455.809998,13.596434,292.247284),(-456.203278,
   12.254242,290.963501),(-456.581787,10.91452,289.49176),(-455.851776,12.389967,286.867004),(-455.508423,13.632066,288.334351),(-455.158112,14.851396,289.595062),(-454.800842,16.047956,290.6492),(-454.436615,17.22175,291.496704),(-454.065399,18.372778,292.137604),(-453.619385,19.684475,292.556),(-453.07605,21.207331,292.69577),(-452.435364,
   22.941347,292.556915),(-451.697388,24.88652,292.139435),(-450.862091,27.042854,291.443359),(-450.965027,27.310543,294.158722),(-450.995728,27.36467,294.841644),(-451.057312,27.281433,295.266174),(-451.14975,27.060829,295.432251),(-451.273102,26.702864,295.339935),(-451.427307,26.207533,294.989227),(-453.272888,19.773209,288.295502),(-452.935974,
   20.512781,287.373474),(-452.623016,21.190233,286.469421),(-452.333954,21.805561,285.583344),(-452.068787,22.358768,284.71524),(-451.827545,22.849854,283.865112),(-451.189117,24.993767,285.777008),(-451.430389,24.524332,286.734161),(-451.693909,23.990774,287.676819),(-451.979645,23.393093,288.60498),(-452.287659,22.731291,289.518677),(-452.617889,
   22.005365,290.417847),(-453.272888,19.773209,288.295502),(-454.074127,16.76157,284.313873),(-453.727753,17.52438,283.378052),(-453.405762,18.222715,282.45459),(-453.108124,18.856573,281.543488),(-452.834808,19.425959,280.644745),(-452.585876,19.930868,279.758362),(-451.948517,22.103094,281.82431),(-452.190491,21.620438,282.725708),(-452.45694,
   21.069862,283.624329),(-452.747864,20.45137,284.520142),(-453.063293,19.764963,285.413208),(-453.403198,19.010639,286.303528),(-454.074127,16.76157,284.313873)));
#437=COMPLEX_TRIANGULATED_SURFACE_SET('',#436,51,((-0.937566,0.340863,-0.069153)),(),((42,53,43),(44,43,52),(53,52,43),(44,52,51),(12,11,13),(13,10,14),(10,13,11),(39,31,
   30),(30,29,40),(49,46,45),(50,45,51),(49,45,50),(46,48,47),(48,46,49),(51,45,44),(36,32,37),(34,33,35),(36,35,
   33),(33,32,36),(37,32,31),(9,14,10),(15,9,8),(9,15,14),(15,8,16),(7,17,16),(16,8,7),(40,39,30),(6,5,
   17),(17,5,18),(19,18,4),(4,3,19),(18,5,4),(6,17,7),(20,19,3),(37,31,38),(22,21,23),(20,2,21),(31,39,
   38),(1,27,24),(1,23,21),(23,1,24),(25,24,27),(26,25,27),(1,21,2),(20,3,2)),());
#438=COORDINATES_LIST('',27,((-450.969971,30.685917,310.863281),(-451.659851,27.009119,302.093323),(-450.679077,29.48097,300.979828),(-449.194427,37.39344,319.852844),(-450.175232,34.921589,320.966309),(-450.740936,31.906612,313.774933),(-450.971008,31.326796,314.036102),(-451.754791,29.312986,314.736389),(-452.517517,27.275351,315.033722),(-453.259216,
   25.213882,314.92804),(-453.979828,23.128588,314.419373),(-454.679382,21.019464,313.507751),(-454.212097,21.638964,310.225952),(-453.646973,23.378576,311.138855),(-453.063202,25.095097,311.685181),(-452.460785,26.788525,311.864899),(-451.839752,28.458858,311.677979),(-451.200043,30.1061,311.124481),(-449.558899,33.00182,303.147278),(-448.578094,
   35.473671,302.033813),(-447.590149,40.738846,314.592407),(-448.570953,38.266994,315.705902),(-449.936768,33.437206,310.416321),(-449.565582,35.415321,315.134583),(-450.307922,31.459087,305.69809),(-450.458069,33.414101,317.370605),(-449.064941,35.634407,309.426575)));
#439=COMPLEX_TRIANGULATED_SURFACE_SET('',#438,27,((-0.937566,0.340863,-0.069153)),(),((14,13,12),(15,10,16),(17,16,9),(14,11,15),(4,26,5),(25,3,2),(23,25,1),(6,23,
   1),(18,17,8),(22,21,27),(12,11,14),(6,26,24),(10,9,16),(18,8,7),(17,9,8),(18,7,1),(24,23,6),(6,1,
   7),(20,19,27),(26,4,24),(10,15,11),(2,1,25),(21,20,27)),());
#440=COORDINATES_LIST('',26,((-452.563232,32.399525,340.911346),(-452.77298,31.281778,338.24527),(-450.121185,37.964931,335.234741),(-450.316071,37.338577,334.789581),(-450.56189,36.530472,334.139313),(-450.858673,35.540619,333.284027),(-451.206421,34.369011,332.223663),(-451.605133,33.015659,330.958252),(-450.970917,34.218658,328.289368),(-450.119476,
   37.088264,330.89032),(-449.277283,39.837795,333.024841),(-448.444336,42.467255,334.692993),(-447.620667,44.976643,335.894745),(-446.806244,47.365959,336.630127),(-447.153687,46.908966,339.088043),(-447.262604,46.720367,339.635101),(-447.36853,46.487827,339.925018),(-447.471466,46.211334,339.957825),(-447.571411,45.8909,339.73349),(-447.668365,
   45.526516,339.252045),(-447.95462,44.671764,338.919739),(-448.248199,43.78616,338.534607),(-448.549072,42.86969,338.09668),(-448.8573,41.922375,337.605896),(-449.172821,40.944199,337.062286),(-451.447083,34.623356,336.73999)));
#441=COMPLEX_TRIANGULATED_SURFACE_SET('',#440,26,((-0.937566,0.340863,-0.069153)),(),((7,9,8),(6,10,7),(5,10,6),(9,7,10),(10,5,11),(11,25,12),(3,25,11),(3,11,
   4),(4,11,5),(26,25,3),(12,24,23),(13,12,23),(13,22,21),(23,22,13),(13,21,20),(20,14,13),(20,15,14),(26,1,
   25),(19,18,16),(17,16,18),(19,16,15),(20,19,15),(24,12,25),(2,1,26)),());
#442=COORDINATES_LIST('',30,((-445.745819,56.589287,367.716034),(-447.199463,52.438271,366.963501),(-448.42276,48.761139,365.423645),(-449.41568,45.557884,363.096466),(-450.178253,42.828506,359.981964),(-450.71048,40.573009,356.080139),(-450.94101,39.928158,356.026947),(-451.065338,39.54723,355.834869),(-451.083466,39.430237,355.503906),(-450.995361,
   39.577168,355.033997),(-450.801086,39.988029,354.425201),(-449.865082,42.153236,352.407257),(-449.357147,44.398968,356.590393),(-448.646027,47.022869,359.882538),(-447.731689,50.024937,362.283661),(-446.614136,53.405167,363.793793),(-445.293396,57.163563,364.412903),(-447.02771,50.505672,355.10907),(-446.778809,50.898891,353.672424),(-446.552032,
   51.239403,352.276245),(-446.347382,51.527206,350.920471),(-446.164917,51.762299,349.605133),(-446.004547,51.944683,348.3302),(-444.96991,55.009609,349.410187),(-445.108459,54.864494,350.573212),(-445.2854,54.640018,351.865417),(-445.500671,54.336185,353.286804),(-445.754364,53.952995,354.837341),(-446.046417,53.490448,356.517059),(-447.02771,
   50.505672,355.10907)));
#443=COMPLEX_TRIANGULATED_SURFACE_SET('',#442,29,((-0.937566,0.340863,-0.069153)),(),((6,12,11),(6,11,10),(9,8,7),(6,10,7),(7,10,9),(22,21,26),(23,22,24),(26,25,
   22),(20,27,21),(24,22,25),(26,21,27),(13,12,6),(13,5,14),(5,13,6),(14,5,4),(4,3,15),(15,2,16),(2,15,
   3),(4,15,14),(28,19,29),(27,20,28),(19,18,29),(28,20,19),(16,1,17),(1,16,2)),());
#444=COORDINATES_LIST('',73,((-443.703369,66.147827,387.140411),(-445.027191,62.593487,387.568756),(-446.260071,59.123875,387.181549),(-447.401947,55.738998,385.978821),(-448.452911,52.438858,383.96051),(-449.412872,49.22345,381.126678),(-448.753998,50.38784,377.933044),(-447.93335,53.184483,380.591858),(-447.044006,56.023388,382.527649),(-446.085999,
   58.904552,383.740448),(-445.059265,61.827976,384.230194),(-443.963837,64.793663,383.996948),(-444.452301,62.190491,377.787811),(-444.937683,60.794144,377.485962),(-445.402832,59.437649,377.10611),(-445.847748,58.12101,376.648224),(-446.2724,56.844227,376.112335),(-446.676849,55.6073,375.498474),(-446.318542,55.952148,372.340363),(-445.541412,
   58.311291,373.432983),(-444.747192,60.652782,374.206573),(-443.935883,62.976624,374.661133),(-443.107422,65.282814,374.796692),(-442.261871,67.57135,374.613251),(-442.368652,67.852646,377.447601),(-442.425995,67.815132,378.040009),(-442.499176,67.684937,378.390594),(-442.588226,67.462051,378.499329),(-442.693146,67.146484,378.366241),(-442.813904,
   66.738235,377.991302),(-442.9487,66.370941,378.00827),(-443.071625,66.034126,378.014862),(-443.182739,65.727783,378.011078),(-443.281982,65.451912,377.996857),(-443.369385,65.206512,377.97229),(-442.94165,67.486122,383.409668),(-442.670654,68.386192,384.171967),(-443.156799,67.564102,386.710938),(-443.280396,67.335442,387.259369),(-443.39682,
   67.079491,387.576508),(-443.506134,66.796234,387.662415),(-443.608337,66.48568,387.517029),(-443.703369,66.147827,387.140411),(-443.083069,67.718887,386.474396),(-442.824219,68.224884,385.459076),(-442.592957,68.660172,384.468933),(-442.389221,69.02475,383.503967),(-442.213074,69.318611,382.564209),(-442.064484,69.541763,381.649597),(-441.370575,
   71.709206,382.925323),(-441.543915,71.43177,383.907745),(-441.733093,71.110657,384.889832),(-441.93811,70.745857,385.871582),(-442.159027,70.337379,386.852966),(-442.395752,69.885223,387.834015),(-443.083069,67.718887,386.474396),(-442.515625,69.722717,388.657928),(-442.288391,70.145935,387.663208),(-442.079712,70.52729,386.71405),(-441.889648,
   70.866791,385.810425),(-441.71814,71.164436,384.952332),(-441.565216,71.420227,384.139801),(-440.848785,73.605682,385.198883),(-441.0159,73.328712,386.099365),(-441.194763,73.019012,386.997925),(-441.385406,72.676567,387.894501),(-441.587799,72.301384,388.789185),(-441.801941,71.893471,389.681915),(-442.515625,69.722717,388.657928),(-443.155518,
   66.346313,380.690979),(-442.913727,67.975143,385.441467),(-443.035278,67.769623,386.076202),(-441.638489,71.27121,384.398804)));
#445=COMPLEX_TRIANGULATED_SURFACE_SET('',#444,70,((-0.937566,0.340863,-0.069153)),(),((18,17,20),(19,18,20),(21,16,15),(16,21,20),(17,16,20),(8,7,6),(8,5,9),(5,8,
   6),(9,4,10),(4,9,5),(15,14,21),(3,11,10),(21,14,22),(11,2,12),(22,13,35),(13,22,14),(22,35,23),(35,13,
   70),(13,12,70),(23,35,34),(30,24,23),(33,32,23),(23,34,33),(31,23,32),(30,25,24),(30,29,26),(25,30,26),(27,26,
   29),(28,27,29),(30,23,31),(3,10,4),(12,36,70),(2,1,12),(36,71,37),(53,46,45),(71,36,12),(45,44,54),(39,38,
   1),(39,42,40),(41,40,42),(55,54,44),(58,57,68),(39,1,42),(51,48,47),(47,46,52),(51,50,48),(62,61,63),(51,47,
   73),(60,64,61),(48,50,49),(60,59,65),(67,58,68),(46,53,52),(58,67,66),(72,12,1),(61,64,63),(64,60,65),(59,66,
   65),(38,72,1),(12,72,71),(58,66,59),(47,52,73),(45,54,53),(11,3,2)),());
#446=COORDINATES_LIST('',28,((-443.305542,72.112045,411.144928),(-444.220123,69.748138,411.892792),(-445.074951,67.417023,411.992004),(-445.869995,65.118698,411.442535),(-446.605286,62.853165,410.244354),(-447.280823,60.620422,408.397522),(-446.752991,61.392506,405.046967),(-446.153503,63.395424,406.792145),(-445.52832,65.355919,407.979248),(-444.87735,
   67.274002,408.608276),(-444.200684,69.149658,408.679199),(-443.49826,70.982903,408.192047),(-440.31369,79.008789,404.576691),(-440.131561,79.979462,406.891968),(-440.143097,80.092064,407.603607),(-440.192627,80.051308,408.074036),(-440.28009,79.857178,408.303284),(-440.405548,79.509682,408.291351),(-440.56897,79.00882,408.038177),(-444.838135,
   66.257164,403.064148),(-445.069916,65.021759,400.117432),(-441.328369,74.451416,395.86972),(-441.137939,75.466209,398.290253),(-441.131989,75.627335,399.003387),(-441.172058,75.610939,399.466187),(-441.25824,75.41703,399.67865),(-441.390472,75.045609,399.640778),(-441.568787,74.496666,399.35257)));
#447=COMPLEX_TRIANGULATED_SURFACE_SET('',#446,28,((-0.937566,0.340863,-0.069153)),(),((21,20,28),(6,5,8),(9,8,5),(6,8,7),(22,28,23),(28,22,21),(23,28,24),(27,26,
   25),(25,24,27),(27,24,28),(9,5,4),(11,10,3),(12,11,2),(2,11,3),(1,12,2),(3,10,4),(10,9,4),(12,1,
   19),(13,19,14),(19,13,12),(14,19,15),(18,17,16),(16,15,18),(18,15,19)),());
#448=COORDINATES_LIST('',38,((-441.650116,80.594414,430.511871),(-441.923157,80.218239,432.359528),(-442.234314,79.75592,434.299377),(-442.583618,79.207436,436.331421),(-442.971008,78.572815,438.455658),(-443.396545,77.852028,440.672089),(-444.316223,74.991524,439.04129),(-443.891266,75.720192,436.871368),(-443.509979,76.354935,434.830475),(-443.172333,
   76.895767,432.918671),(-442.878357,77.342682,431.135895),(-442.628052,77.695671,429.482178),(-443.199188,75.960754,428.673889),(-443.772064,74.194771,427.736145),(-444.34668,72.397728,426.668915),(-444.923035,70.569618,425.472229),(-445.50116,68.710449,424.146057),(-444.950165,69.571884,420.922089),(-443.812012,73.230789,423.526123),(-442.750458,
   76.565758,425.572113),(-441.765503,79.576782,427.060028),(-440.857147,82.26387,427.989899),(-440.025421,84.627022,428.361694),(-440.957031,80.24025,419.369385),(-439.948822,82.688202,417.766205),(-438.955261,87.541199,428.216736),(-438.746918,88.345306,429.355896),(-439.167633,87.633873,431.55307),(-439.293976,87.401337,432.119904),(-439.413483,
   87.134613,432.425232),(-439.526093,86.83371,432.469025),(-439.631866,86.498627,432.251312),(-439.730774,86.129364,431.772034),(-440.144745,84.948959,431.566437),(-440.543671,83.80526,431.337616),(-440.927551,82.698265,431.085571),(-441.296356,81.627983,430.810333),(-441.650116,80.594414,430.511871)));
#449=COMPLEX_TRIANGULATED_SURFACE_SET('',#448,37,((-0.937566,0.340863,-0.069153)),(),((17,16,18),(19,18,16),(16,15,19),(19,14,20),(2,12,11),(20,14,13),(14,19,15),(21,20,
   12),(23,25,24),(1,22,21),(2,1,12),(23,22,35),(37,22,1),(36,22,37),(1,21,12),(20,13,12),(25,23,26),(3,11,
   10),(3,2,11),(10,4,3),(35,22,36),(10,9,4),(8,7,6),(5,4,9),(5,8,6),(5,9,8),(33,23,34),(27,26,
   28),(26,23,33),(28,26,33),(23,35,34),(32,31,30),(29,28,33),(29,32,30),(29,33,32)),());
#450=COORDINATES_LIST('',22,((-439.022919,91.874771,450.495178),(-439.069275,92.121727,452.340729),(-439.142487,92.315186,454.28714),(-439.242615,92.455139,456.334351),(-439.369629,92.541588,458.482422),(-439.523529,92.574539,460.731323),(-440.608093,89.515503,460.357697),(-440.435974,89.526627,458.078918),(-440.299164,89.496521,456.075623),(-440.197662,
   89.425179,454.347809),(-440.13147,89.312599,452.895477),(-440.100586,89.158783,451.718628),(-443.212524,81.315994,455.251495),(-443.441559,80.095299,452.339874),(-437.060303,96.177597,445.095428),(-436.883698,97.118858,447.340546),(-436.867706,97.323822,448.134033),(-436.902893,97.332176,448.652405),(-436.989288,97.143929,448.895691),(-437.126862,
   96.759079,448.863861),(-437.315613,96.177628,448.556915),(-439.022919,91.874771,450.495178)));
#451=COMPLEX_TRIANGULATED_SURFACE_SET('',#450,21,((-0.937566,0.340863,-0.069153)),(),((14,13,12),(15,12,1),(12,15,14),(2,1,12),(15,1,21),(15,21,16),(17,20,18),(17,16,
   21),(19,18,20),(20,17,21),(3,10,9),(5,8,7),(9,8,4),(7,6,5),(2,12,11),(11,10,2),(3,2,10),(9,4,
   3),(8,5,4)),());
#452=COORDINATES_LIST('',12,((-482.659851,-106.535408,64.127808),(-482.588165,-106.153229,65.039383),(-483.568939,-108.625084,66.152855),(-483.935455,-110.578415,61.493713),(-482.954651,-108.106567,60.380241),(-482.882965,-107.724388,61.291809),(-478.620728,-96.982513,56.453011),(-478.692413,-97.364693,55.541439),(-477.711639,-94.892838,54.427963),(-477.345123,
   -92.939499,59.087105),(-478.325928,-95.411354,60.200581),(-478.397614,-95.793526,59.289009)));
#453=COMPLEX_TRIANGULATED_SURFACE_SET('',#452,12,((-0.937566,0.340863,-0.069153)),(),((4,6,5),(6,4,3),(8,7,9),(9,7,12),(6,1,7),(1,3,2),(3,1,6),(12,11,
   10),(12,10,9),(1,12,7)),());
#454=COORDINATES_LIST('',47,((-482.054077,-103.068825,73.002129),(-481.997528,-102.809601,73.513115),(-481.912872,-102.484894,73.965706),(-481.800079,-102.094696,74.359894),(-481.65918,-101.639008,74.695686),(-481.490143,-101.117828,74.973076),(-481.256653,-100.437996,75.158127),(-480.948029,-99.589157,75.157875),(-480.56427,-98.571297,74.972305),(-480.105408,
   -97.38443,74.601433),(-479.571442,-96.028549,74.045242),(-479.03476,-94.686668,73.38298),(-478.587067,-93.590622,72.715858),(-478.228394,-92.740417,72.043877),(-477.95874,-92.136047,71.367043),(-477.778107,-91.777512,70.685349),(-477.688049,-91.640327,70.140289),(-477.627411,-91.583954,69.596313),(-477.596252,-91.608391,69.053413),(-477.594574,
   -91.713646,68.511604),(-477.622345,-91.899712,67.970871),(-477.659515,-92.097878,67.498207),(-482.091278,-103.266991,72.529457),(-476.726288,-89.641479,66.953629),(-476.665466,-89.25061,68.05555),(-476.659332,-89.01786,69.119522),(-476.707886,-88.943245,70.145554),(-476.811096,-89.026756,71.133636),(-476.969025,-89.268387,72.083778),(-477.252167,
   -89.818123,73.212845),(-477.630615,-90.644447,74.27063),(-478.10437,-91.74736,75.257126),(-478.673401,-93.126854,76.172348),(-479.337738,-94.782944,77.016289),(-480.003357,-96.477203,77.689583),(-480.595642,-98.020027,78.114838),(-481.114563,-99.411438,78.292068),(-481.56015,-100.651421,78.221268),(-481.932404,-101.739975,77.902435),(-482.228241,
   -102.65538,77.401253),(-482.477936,-103.471786,76.762352),(-482.681488,-104.189201,75.985741),(-482.838867,-104.807625,75.071411),(-482.950134,-105.327057,74.019371),(-483.210419,-106.714211,70.710709),(-476.986572,-91.028633,63.644958),(-476.726288,-89.641479,66.953629)));
#455=COMPLEX_TRIANGULATED_SURFACE_SET('',#454,46,((-0.937566,0.340863,-0.069153)),(),((45,44,23),(1,23,44),(2,1,44),(44,43,2),(45,23,46),(4,3,43),(43,3,2),(4,43,
   42),(5,4,42),(41,6,5),(5,42,41),(24,20,25),(21,20,24),(46,22,24),(22,46,23),(24,22,21),(20,19,25),(27,17,
   16),(26,17,27),(25,18,26),(18,25,19),(26,18,17),(16,15,28),(8,7,39),(40,6,41),(38,9,8),(36,10,9),(40,7,
   6),(8,39,38),(9,38,37),(35,10,36),(9,37,36),(39,7,40),(10,35,11),(32,13,12),(30,14,13),(16,28,27),(14,29,
   15),(28,15,29),(12,11,33),(12,33,32),(31,13,32),(30,29,14),(13,31,30),(33,11,34),(11,35,34)),());
#456=COORDINATES_LIST('',79,((-479.867218,-87.025681,122.431686),(-479.780792,-87.476768,119.036583),(-479.542145,-87.443115,115.966949),(-479.151276,-86.924721,113.222794),(-478.608185,-85.921585,110.804115),(-477.912842,-84.433708,108.710915),(-478.064636,-85.242599,106.781517),(-479.711395,-89.392876,108.651054),(-479.042725,-86.645584,113.127083),(-479.82196,
   -88.485405,114.623131),(-481.186737,-93.956078,106.160759),(-481.344391,-94.374489,106.235802),(-481.440399,-94.654945,106.155281),(-481.474823,-94.797462,105.919205),(-481.447571,-94.802025,105.527565),(-481.358734,-94.668633,104.980362),(-480.477722,-92.626595,103.101295),(-480.066437,-90.876816,106.14994),(-478.274353,-86.360352,104.11544),(-478.605499,
   -88.125214,99.905853),(-477.709473,-85.866974,98.888603),(-477.378326,-84.102112,103.098198),(-474.108978,-75.86261,99.386612),(-473.043793,-70.185631,112.92746),(-473.939819,-72.443863,113.94471),(-474.795288,-77.003098,103.069939),(-474.928497,-77.338776,103.221146),(-474.169617,-73.294304,112.868126),(-475.065643,-75.552536,113.885376),(-475.824524,
   -79.597015,104.238396),(-476.01828,-80.085281,104.458344),(-475.245575,-75.96727,114.280716),(-476.141632,-78.225502,115.297966),(-476.914307,-82.343513,105.475594),(-477.168579,-82.984367,105.764267),(-476.10614,-77.322098,119.270035),(-477.002197,-79.58033,120.287285),(-477.694855,-83.271835,111.482224),(-477.748535,-83.381111,111.671577),(-477.816315,
   -83.510971,111.950279),(-477.898163,-83.661415,112.318321),(-477.99408,-83.832451,112.775719),(-478.104065,-84.024078,113.322456),(-477.14743,-81.000694,115.255234),(-477.433258,-81.33342,117.490356),(-477.546356,-81.495361,118.225586),(-477.649536,-81.702377,118.604095),(-477.742798,-81.954453,118.625893),(-477.826111,-82.251595,118.290985),(-477.899506,
   -82.593796,117.599358),(-478.543915,-84.66748,116.114586),(-478.613922,-84.709969,116.854385),(-478.674011,-84.664177,117.89473),(-478.724182,-84.530106,119.235626),(-478.764404,-84.30777,120.877068),(-478.794708,-83.997162,122.819061),(-479.077515,-86.788475,112.894279),(-479.17337,-86.954018,113.377884),(-480.504333,-91.220741,110.391945),(-475.743652,
   -79.982361,101.242401),(-474.367554,-74.72348,108.507324),(-474.153687,-73.583672,111.226013),(-474.046753,-73.013763,112.585365),(-474.549072,-75.316544,108.044632),(-474.359344,-74.30542,110.456383),(-474.264465,-73.799866,111.662254),(-475.445068,-77.574776,109.06189),(-475.631927,-78.026276,109.36953),(-476.527954,-80.284508,110.38678),(-476.63736,
   -80.153229,112.517151),(-476.371765,-78.737663,115.893593),(-476.504547,-79.44545,114.205368),(-476.902954,-81.568802,109.140709),(-476.770172,-80.861015,110.828934),(-477.348511,-81.426086,115.88475),(-477.521698,-82.348961,113.683487),(-477.175354,-80.503204,118.086021),(-477.445404,-81.942398,114.653221),(-477.302612,-81.181313,116.468582)));
#457=COMPLEX_TRIANGULATED_SURFACE_SET('',#456,79,((-0.937566,0.340863,-0.069153)),(),((12,15,14),(12,14,13),(17,16,11),(11,16,15),(15,12,11),(17,11,18),(59,8,18),(23,61,
   24),(59,18,11),(59,4,57),(59,57,8),(19,18,8),(40,5,41),(40,39,5),(5,9,43),(39,38,5),(19,8,7),(19,7,
   22),(20,19,21),(21,19,22),(34,22,35),(31,60,22),(7,35,22),(9,5,57),(7,6,35),(73,38,74),(73,6,38),(26,60,
   27),(26,23,60),(67,27,30),(31,30,60),(29,65,67),(31,22,34),(5,38,6),(26,61,23),(24,61,62),(3,2,53),(9,58,
   51),(51,50,78),(43,9,51),(53,52,3),(51,3,52),(2,54,53),(43,42,5),(55,1,56),(55,54,2),(4,59,10),(50,49,
   46),(50,75,78),(55,2,1),(48,47,49),(41,5,42),(43,51,78),(68,33,32),(67,65,64),(50,46,45),(79,75,50),(63,25,
   24),(36,71,77),(47,46,49),(10,58,4),(27,60,30),(51,58,3),(24,62,63),(69,31,34),(66,65,29),(29,28,66),(27,67,
   64),(68,69,33),(68,31,69),(71,72,44),(79,71,44),(70,44,72),(35,6,73),(76,74,38),(45,79,50),(70,76,78),(74,76,
   70),(36,77,37),(70,78,44),(71,79,77)),());
#458=COORDINATES_LIST('',104,((-474.126831,-69.426598,131.352768),(-474.263,-70.06649,130.044556),(-474.396118,-70.709297,128.680923),(-474.526215,-71.355019,127.261902),(-474.65329,-72.003647,125.78746),(-474.777313,-72.65519,124.257614),(-473.917755,-70.659477,122.441116),(-473.770447,-69.879822,124.286926),(-473.637604,-69.188057,125.895409),(-473.519196,
   -68.584175,127.266556),(-473.415222,-68.068192,128.400375),(-473.325714,-67.640099,129.296875),(-473.070343,-67.056046,128.713486),(-472.792847,-66.411316,128.129456),(-472.493286,-65.705902,127.544785),(-472.17157,-64.939812,126.959473),(-471.827789,-64.113037,126.373512),(-471.631836,-63.068829,128.864182),(-471.647614,-62.981434,129.508774),(-471.696533,
   -63.027229,129.946457),(-471.778625,-63.206211,130.177216),(-471.89389,-63.518379,130.201065),(-472.042297,-63.963734,130.01799),(-472.224365,-64.392494,130.372955),(-472.412628,-64.83255,130.756348),(-472.607086,-65.283905,131.168198),(-472.80777,-65.746552,131.608475),(-473.014648,-66.22049,132.077194),(-472.891632,-65.675102,133.097687),(-472.758209,
   -65.104042,134.103271),(-472.614319,-64.507301,135.093948),(-472.459991,-63.884884,136.069733),(-472.295258,-63.236786,137.030609),(-473.238495,-65.474426,138.789261),(-473.384674,-66.101181,137.681992),(-473.514954,-66.664879,136.669739),(-473.629303,-67.165512,135.752548),(-473.727753,-67.603073,134.930389),(-473.810272,-67.977577,134.203262),(-474.118652,
   -68.611526,135.259537),(-474.413086,-69.165642,136.520065),(-474.693573,-69.639923,137.984863),(-474.960083,-70.034378,139.653915),(-475.212646,-70.348999,141.527237),(-476.131073,-73.066841,140.58287),(-476.043884,-73.153114,138.97522),(-475.997375,-73.333946,137.453537),(-475.991608,-73.609344,136.017822),(-476.026581,-73.979309,134.668091),(-476.102234,
   -74.44384,133.404327),(-476.195496,-74.902763,132.406616),(-476.305267,-75.373566,131.574402),(-476.43158,-75.856255,130.907684),(-476.574432,-76.350822,130.406464),(-476.733795,-76.857269,130.070755),(-476.803802,-77.06443,129.998917),(-476.883026,-77.287949,129.971161),(-476.971436,-77.527817,129.987457),(-477.069031,-77.784035,130.047821),(-477.175842,
   -78.056618,130.152252),(-477.265778,-78.277367,130.283401),(-477.351501,-78.475761,130.46785),(-477.433044,-78.651802,130.705627),(-477.510376,-78.805481,130.996735),(-477.583527,-78.936813,131.341156),(-477.674072,-79.039711,132.061447),(-477.713837,-78.956329,133.011459),(-477.70282,-78.686668,134.191193),(-477.640991,-78.230728,135.600616),(-477.528412,
   -77.588509,137.239761),(-477.244171,-76.073669,140.852997),(-478.283997,-78.826057,141.38385),(-478.576508,-80.385017,137.66539),(-478.689301,-81.063744,135.849182),(-478.729675,-81.511536,134.189178),(-478.697601,-81.728409,132.685394),(-478.593109,-81.71434,131.33783),(-478.416168,-81.469353,130.146484),(-478.248627,-81.161537,129.392258),(-478.062347,
   -80.781082,128.742111),(-477.85733,-80.327965,128.196014),(-477.633575,-79.8022,127.75399),(-477.391083,-79.203773,127.416023),(-477.141632,-78.565437,127.180191),(-476.906616,-77.944336,127.055557),(-476.686096,-77.340477,127.042107),(-476.480011,-76.753845,127.139854),(-476.288422,-76.184448,127.348793),(-476.015106,-75.327873,127.865433),(-475.777985,
   -74.530914,128.579086),(-475.577087,-73.793579,129.489746),(-475.412415,-73.11586,130.597427),(-475.283905,-72.497765,131.902115),(-475.195496,-71.995201,133.18045),(-475.148773,-71.652328,134.237106),(-475.143768,-71.469147,135.072098),(-475.18045,-71.445656,135.685425),(-475.258881,-71.581856,136.077072),(-475.012787,-71.165749,134.791962),(-474.77655,
   -70.742172,133.676971),(-474.550171,-70.311119,132.732117),(-474.333588,-69.872597,131.957382),(-474.126831,-69.426598,131.352768),(-475.178894,-71.446648,135.659515)));
#459=COMPLEX_TRIANGULATED_SURFACE_SET('',#458,103,((-0.937566,0.340863,-0.069153)),(),((61,82,81),(80,61,81),(79,62,80),(61,80,62),(78,63,79),(84,59,85),(60,84,83),(60,83,
   82),(60,59,84),(82,61,60),(85,59,58),(78,77,65),(77,66,65),(65,64,78),(66,76,67),(67,75,68),(75,67,76),(68,75,
   74),(85,58,86),(63,78,64),(88,57,56),(79,63,62),(87,58,57),(66,77,76),(89,56,55),(57,88,87),(87,86,58),(55,90,
   89),(89,88,56),(91,90,53),(55,54,90),(7,6,8),(8,6,5),(10,9,4),(4,9,5),(5,9,8),(90,54,53),(91,52,
   92),(3,10,4),(51,92,52),(12,11,2),(3,2,11),(18,17,16),(23,15,14),(15,18,16),(10,3,11),(14,13,25),(51,93,
   92),(53,52,91),(96,48,104),(69,74,73),(50,93,51),(70,69,73),(70,73,72),(96,95,49),(50,49,94),(93,50,94),(39,101,
   100),(49,95,94),(99,40,100),(71,70,72),(48,47,98),(46,45,43),(47,46,42),(98,104,48),(97,98,41),(104,40,99),(42,46,
   43),(42,41,98),(42,98,47),(45,44,43),(40,104,97),(48,96,49),(97,41,40),(28,27,12),(12,2,1),(1,28,12),(25,13,
   26),(27,26,12),(1,102,39),(25,24,14),(18,23,19),(15,23,18),(19,23,22),(22,20,19),(21,20,22),(24,23,14),(26,13,
   12),(39,102,101),(29,39,38),(31,37,36),(38,37,30),(32,36,35),(28,39,29),(29,38,30),(36,32,31),(31,30,37),(32,35,
   33),(34,33,35),(39,28,1),(100,40,39),(74,69,68)),());
#460=COORDINATES_LIST('',18,((-467.967712,-42.962376,178.293655),(-474.191528,-58.647957,185.359406),(-474.435883,-59.95018,182.253311),(-470.236572,-50.29211,172.925613),(-470.216492,-50.219128,173.013153),(-474.730682,-61.521343,178.505737),(-474.951111,-62.696175,175.703506),(-468.727295,-47.010593,168.637756),(-468.482941,-45.70837,171.743851),(-472.697021,
   -55.411114,181.051529),(-472.714417,-55.46994,180.997757),(-468.190796,-44.151363,175.457657),(-472.336243,-55.121147,177.589462),(-470.348022,-50.54847,173.173203),(-472.539368,-56.034904,175.839478),(-470.589966,-50.559742,176.39769),(-472.620697,-55.235363,180.882935),(-470.405731,-49.693363,178.170288)));
#461=COMPLEX_TRIANGULATED_SURFACE_SET('',#460,18,((-0.937566,0.340863,-0.069153)),(),((7,4,8),(4,9,8),(9,4,5),(9,5,16),(17,16,13),(11,3,10),(10,3,2),(14,16,
   5),(18,2,1),(7,15,4),(13,3,11),(4,15,14),(6,15,7),(14,13,16),(13,11,17),(18,10,2),(10,18,17),(12,18,
   1)),());
#462=COORDINATES_LIST('',47,((-472.870544,-54.124981,189.744064),(-472.813995,-53.865765,190.255051),(-472.72934,-53.541054,190.707642),(-472.616547,-53.150856,191.101822),(-472.475647,-52.695168,191.437622),(-472.30661,-52.173988,191.715012),(-472.07312,-51.494156,191.900055),(-471.764496,-50.645317,191.899811),(-471.380737,-49.62746,191.714233),(-470.921875,
   -48.44059,191.343369),(-470.387909,-47.084709,190.78717),(-469.851227,-45.742828,190.124908),(-469.403534,-44.646782,189.457794),(-469.044861,-43.796574,188.785812),(-468.775208,-43.192204,188.108978),(-468.594574,-42.833672,187.427277),(-468.504517,-42.696484,186.882217),(-468.443878,-42.64011,186.338242),(-468.41272,-42.664555,185.795349),(-468.411041,
   -42.769806,185.25354),(-468.438812,-42.955872,184.712799),(-468.475983,-43.154037,184.240143),(-472.907745,-54.323147,189.271393),(-467.542755,-40.697639,183.695557),(-467.481934,-40.306767,184.797485),(-467.4758,-40.074024,185.86145),(-467.524353,-39.999405,186.887482),(-467.627563,-40.082912,187.875565),(-467.785492,-40.324547,188.825714),(-468.068634,
   -40.874283,189.954773),(-468.447083,-41.700603,191.012558),(-468.920837,-42.803516,191.999054),(-469.489868,-44.183018,192.914276),(-470.154205,-45.839104,193.758224),(-470.819824,-47.53336,194.431519),(-471.412109,-49.076191,194.856766),(-471.93103,-50.467598,195.033997),(-472.376617,-51.707577,194.963196),(-472.748871,-52.796135,194.644363),(-473.044708,
   -53.711536,194.143188),(-473.294403,-54.527946,193.504288),(-473.497955,-55.245365,192.727676),(-473.655334,-55.863789,191.813339),(-473.766602,-56.383217,190.761307),(-474.026886,-57.77037,187.452637),(-467.80304,-42.084789,180.386887),(-467.542755,-40.697639,183.695557)));
#463=COMPLEX_TRIANGULATED_SURFACE_SET('',#462,46,((-0.937566,0.340863,-0.069153)),(),((45,44,23),(1,23,44),(2,1,44),(44,43,2),(45,23,46),(4,3,43),(43,3,2),(4,43,
   42),(5,4,42),(41,6,5),(5,42,41),(24,20,25),(22,24,46),(24,22,21),(24,21,20),(20,19,25),(22,46,23),(27,17,
   16),(26,17,27),(25,18,26),(18,25,19),(26,18,17),(16,15,28),(8,7,39),(40,6,41),(38,9,8),(36,10,9),(40,7,
   6),(8,39,38),(9,38,37),(35,10,36),(9,37,36),(39,7,40),(10,35,11),(32,13,12),(30,14,13),(16,28,27),(14,29,
   15),(28,15,29),(12,11,33),(12,33,32),(31,13,32),(30,29,14),(13,31,30),(33,11,34),(11,35,34)),());
#464=COORDINATES_LIST('',140,((-461.329803,0.782504,303.922668),(-461.207428,1.298588,304.807526),(-461.315491,1.098277,305.285065),(-461.414734,0.879505,305.55246),(-461.505219,0.642273,305.60968),(-461.586884,0.38658,305.456696),(-461.65979,0.112428,305.093536),(-461.929321,-0.643839,305.020386),(-461.430969,2.012133,311.355469),(-462.314911,
   -0.215585,312.358978),(-462.501099,-1.207926,309.992035),(-462.783813,-1.97582,310.039978),(-463.030701,-2.653384,310.047241),(-463.24173,-3.240621,310.013824),(-463.416931,-3.737526,309.939697),(-463.556274,-4.144102,309.824921),(-463.592194,-4.083897,310.608887),(-463.64798,-4.061377,311.476013),(-463.723572,-4.076542,312.426361),(-463.819031,
   -4.12939,313.459869),(-463.934296,-4.219923,314.576599),(-464.853943,-6.876127,313.952301),(-464.72403,-6.816362,312.485291),(-464.614838,-6.771996,311.223846),(-464.526428,-6.743029,310.167999),(-464.458801,-6.729461,309.317688),(-464.411896,-6.731292,308.672943),(-464.742493,-7.81832,307.797028),(-465.050018,-8.874879,306.758392),(-465.334473,
   -9.900969,305.557037),(-465.595825,-10.896588,304.193024),(-465.834106,-11.861737,302.66626),(-465.063171,-10.13418,300.72937),(-464.871552,-9.314337,302.172607),(-464.690796,-8.574197,303.370331),(-464.520935,-7.913761,304.32254),(-464.361938,-7.333027,305.029297),(-464.213806,-6.831998,305.49054),(-464.122528,-6.855825,304.135681),(-464.454193,
   -7.807125,303.943451),(-464.239227,-7.749966,301.310669),(-463.144592,-4.637341,301.812103),(-463.325317,-5.600495,299.514771),(-462.441376,-3.372777,298.511261),(-462.15387,-1.840485,302.166138),(-461.632355,-0.387656,302.256561),(-462.029388,-2.503677,297.209381),(-461.133331,-0.245442,296.192139),(-460.86499,1.184697,299.603333),(-460.144806,
   2.8459,298.027374),(-460.25708,2.247576,296.60025),(-459.373138,4.475295,295.596741),(-459.036346,6.270265,299.878143),(-458.188751,8.406433,298.915894),(-458.021729,9.296621,301.039185),(-458.00946,9.462549,301.691101),(-458.040405,9.463649,302.115997),(-458.114532,9.299912,302.313904),(-458.231842,8.971349,302.28479),(-458.392334,
   8.477953,302.028687),(-458.828247,7.379352,302.52356),(-458.444885,9.422407,307.396698),(-459.328827,7.194689,308.400208),(-459.482178,6.377467,306.450958),(-460.31189,4.132534,306.634583),(-460.007935,5.752385,310.49826),(-460.903992,3.494149,311.515533),(-463.423737,-4.356272,306.982361),(-463.307098,-4.012108,307.097137),(-463.178406,
   -3.641937,307.177032),(-463.037689,-3.24576,307.222046),(-462.884949,-2.823577,307.232147),(-462.720154,-2.375386,307.207367),(-462.914581,-3.411507,304.735992),(-463.327118,-4.589687,304.521851),(-460.645935,2.352157,302.38797),(-460.522736,3.008853,303.954346),(-459.698486,5.2246,303.701111),(-459.925751,4.01336,300.812042),(-458.936279,
   4.422476,289.413269),(-458.76651,5.327257,291.57135),(-458.753967,5.496051,292.233582),(-458.786255,5.49407,292.66153),(-458.863342,5.321314,292.855225),(-458.98526,4.977783,292.814636),(-459.151978,4.463479,292.539795),(-460.08432,2.113693,293.598297),(-459.89267,3.135221,296.034882),(-460.788696,0.876986,297.052124),(-460.980377,
   -0.144542,294.61554),(-462.179138,-3.165694,295.976471),(-461.853943,-1.976951,297.427307),(-462.58194,-3.611628,299.239594),(-463.135712,-5.576513,297.062439),(-465.424225,-11.344168,299.660553),(-465.638733,-11.899515,299.831268),(-465.81723,-12.393717,299.815521),(-465.959778,-12.826772,299.613312),(-466.066315,-13.198682,299.22467),(-466.136871,
   -13.509445,298.649597),(-466.295715,-14.355854,296.630707),(-465.444641,-12.303254,295.209534),(-465.321411,-11.646558,296.775879),(-465.334808,-11.681267,296.78656),(-465.345978,-11.712154,296.785583),(-465.354889,-11.739221,296.772919),(-465.361542,-11.762465,296.748657),(-465.365936,-11.781888,296.712708),(-463.65863,-7.479034,294.774445),(-463.768463,
   -7.894296,294.216614),(-463.914703,-8.285966,294.26889),(-464.003479,-8.548136,294.180084),(-464.03476,-8.680805,293.950195),(-464.008545,-8.683974,293.579163),(-463.924835,-8.557643,293.067078),(-463.136322,-6.770383,291.186035),(-462.665741,-4.976665,293.647217),(-461.188477,-1.253629,291.970123),(-461.371918,-2.231377,289.63797),(-460.475891,
   0.026858,288.620728),(-460.29245,1.004606,290.952881),(-461.680145,0.684147,308.187927),(-462.883362,-4.486636,299.013),(-461.830872,-1.445667,299.732971),(-461.930115,-1.974672,298.471191),(-461.58136,-1.37456,296.700745),(-460.999146,0.469627,297.897736),(-459.815125,3.361436,296.098511),(-461.116882,2.138326,307.719116),(-461.223358,
   1.460415,305.820892),(-461.265717,1.19052,305.065155),(-460.340698,2.006103,296.543518),(-461.928467,-2.249372,297.094818),(-461.986328,-2.274165,297.756805),(-462.416473,-3.240111,298.827698),(-462.201416,-2.757138,298.292267),(-462.694183,-4.009916,298.798279),(-464.279968,-8.46034,298.361511),(-465.32962,-11.690337,296.671448),(-464.494141,
   -9.584685,295.722961)));
#465=COMPLEX_TRIANGULATED_SURFACE_SET('',#464,140,((-0.937566,0.340863,-0.069153)),(),((108,100,107),(100,108,101),(101,108,102),(106,100,105),(100,106,107),(95,104,105),(104,95,103),(110,115,
   114),(114,113,111),(110,114,111),(109,140,138),(111,113,112),(102,108,139),(115,110,116),(100,99,105),(99,98,97),(99,97,96),(95,105,
   96),(32,31,34),(34,33,32),(103,95,138),(30,36,35),(39,41,40),(34,31,35),(42,41,39),(35,31,30),(105,99,96),(50,52,
   128),(117,110,109),(116,110,117),(117,94,91),(94,117,109),(117,91,118),(87,90,132),(90,118,91),(120,118,121),(118,120,119),(80,121,
   86),(90,121,118),(86,81,80),(82,86,85),(82,81,86),(86,121,87),(90,87,121),(91,94,44),(11,9,122),(44,135,136),(126,127,
   48),(45,93,42),(47,91,44),(92,127,126),(90,89,132),(84,83,85),(87,132,88),(85,83,82),(50,128,51),(50,53,52),(49,79,
   50),(133,92,126),(93,123,42),(42,39,75),(37,29,38),(37,36,29),(38,75,39),(28,27,38),(68,27,16),(28,38,29),(38,27,
   68),(16,69,68),(74,45,42),(68,75,38),(15,71,70),(13,73,72),(72,71,13),(70,69,16),(74,73,8),(26,16,27),(74,42,
   75),(24,23,19),(17,25,24),(22,21,20),(124,127,125),(19,23,20),(20,23,22),(18,24,19),(16,25,17),(14,71,15),(14,13,
   71),(73,12,11),(73,13,12),(24,18,17),(15,70,16),(25,16,26),(11,122,73),(46,8,1),(8,46,45),(46,1,76),(76,49,
   46),(8,7,1),(6,3,7),(3,6,4),(122,8,73),(7,131,1),(74,8,45),(131,7,3),(53,79,61),(79,49,76),(60,55,
   54),(50,79,53),(2,130,77),(77,76,1),(60,53,61),(53,60,54),(78,61,79),(1,2,77),(137,123,93),(65,78,77),(65,129,
   66),(92,125,127),(129,65,130),(61,78,64),(56,59,57),(59,56,60),(62,61,64),(60,56,55),(62,64,63),(58,57,59),(124,49,
   127),(78,65,64),(134,125,92),(6,5,4),(11,10,9),(49,124,46),(36,30,29),(42,123,43),(66,129,67),(130,65,77),(130,2,
   131),(91,47,133),(44,136,47),(93,45,135),(47,136,134),(44,94,137),(94,109,138),(140,139,103),(103,138,140)),());
#466=COORDINATES_LIST('',86,((-460.937347,7.602368,332.218018),(-461.155853,7.227108,333.330566),(-461.405579,6.766932,334.448273),(-461.686584,6.221841,335.571106),(-461.99881,5.591836,336.699097),(-462.342316,4.876916,337.832214),(-463.080902,2.369382,335.485687),(-462.718353,3.157218,334.453796),(-462.385864,3.863749,333.428741),(-462.083466,
   4.488972,332.410492),(-461.811127,5.03289,331.399078),(-461.568848,5.495503,330.394501),(-461.265503,5.921484,328.381805),(-461.612427,5.185657,329.45816),(-461.966156,4.408014,330.420898),(-462.326721,3.588553,331.270081),(-462.694092,2.727279,332.005646),(-463.068298,1.824189,332.627625),(-463.563538,-0.100868,329.85321),(-463.188873,
   0.800632,329.217041),(-462.823212,1.667742,328.533447),(-462.466522,2.500464,327.80246),(-462.118866,3.298798,327.024048),(-461.780212,4.062743,326.198242),(-463.962463,-3.621677,317.907318),(-463.624054,-2.607231,318.319366),(-463.262054,-1.548732,318.628815),(-462.876465,-0.44618,318.835663),(-462.467285,0.700427,318.93988),(-462.034515,
   1.891086,318.941498),(-462.177551,2.115189,321.985565),(-462.626343,0.907276,322.115875),(-463.064484,-0.298509,322.112793),(-463.492004,-1.502166,321.976318),(-463.908936,-2.703695,321.706482),(-464.315247,-3.903095,321.303253),(-461.775299,3.782849,324.751801),(-462.060822,3.13068,325.408081),(-462.3909,2.347107,326.020935),(-462.765533,
   1.43213,326.590363),(-463.184753,0.38575,327.116333),(-463.64856,-0.792033,327.598877),(-463.941833,-2.185043,324.708923),(-463.479675,-1.016015,324.205475),(-463.058838,0.039121,323.700378),(-462.67926,0.980365,323.193634),(-462.340942,1.807717,322.685211),(-462.043945,2.521179,322.17511),(-460.160645,9.190644,329.516235),(-459.300934,
   11.357329,328.540222),(-459.996429,7.650643,319.698975),(-460.85614,5.483958,320.674988),(-456.487915,17.539148,320.872498),(-456.487,17.678648,321.547913),(-456.525085,17.66202,321.982483),(-456.602203,17.489264,322.176147),(-456.718292,17.160381,322.128998),(-456.873383,16.675369,321.840942),(-457.29718,15.607285,322.322083),(-456.722137,
   18.671869,329.631805),(-457.618195,16.413633,330.649048),(-458.193207,13.349051,323.339325),(-458.689667,12.097866,323.902954),(-458.174896,14.841397,330.446869),(-461.008301,7.700492,333.663574),(-461.238312,6.474659,330.739685),(-461.056671,6.932409,330.533478),(-461.752167,3.225723,321.69223),(-461.994354,2.615389,321.967163),(-462.221619,
   1.404149,319.078064),(-459.327667,8.697639,315.792633),(-458.916931,10.886626,321.013855),(-456.676849,16.532215,318.470734),(-456.487915,17.539148,320.872498),(-461.253113,6.548936,331.306274),(-459.648682,9.503986,324.119598),(-460.508392,7.337301,325.095612),(-458.432281,13.469631,327.174927),(-461.069214,7.375918,332.889374),(-461.1763,
   6.805176,331.528046),(-461.207306,6.639917,331.13385),(-461.404419,5.079066,326.112854),(-461.23053,6.005738,328.323181),(-461.578308,4.152395,323.902527),(-462.10849,2.007002,320.516022),(-462.101105,1.707908,318.941254)));
#467=COMPLEX_TRIANGULATED_SURFACE_SET('',#466,85,((-0.937566,0.340863,-0.069153)),(),((26,25,36),(80,75,11),(26,36,35),(27,35,34),(26,35,27),(29,28,33),(28,27,34),(29,33,
   32),(33,28,34),(44,43,42),(42,41,44),(44,41,45),(46,45,39),(40,39,45),(45,41,40),(38,46,39),(29,70,86),(32,85,
   29),(85,70,29),(85,32,31),(71,30,52),(52,51,71),(52,30,85),(68,52,85),(71,51,72),(37,47,38),(47,46,38),(76,72,
   51),(73,58,53),(59,73,72),(72,76,63),(48,47,37),(13,24,23),(66,81,67),(23,22,14),(11,10,80),(20,19,18),(18,17,
   20),(20,17,16),(14,13,23),(22,15,14),(16,15,21),(21,20,16),(4,9,8),(8,7,5),(6,5,7),(10,2,80),(9,3,
   10),(9,4,3),(8,5,4),(11,75,12),(3,2,10),(62,72,63),(62,61,59),(63,50,78),(58,73,59),(58,54,53),(54,58,
   57),(57,56,55),(57,55,54),(72,62,59),(1,65,49),(79,80,2),(67,1,49),(63,76,50),(50,49,64),(61,60,59),(49,65,
   64),(83,67,49),(77,84,82),(77,82,83),(21,15,22),(50,64,78),(65,1,79),(1,67,80),(80,67,81),(49,77,83),(77,52,
   84),(68,84,52),(68,85,69),(30,71,86)),());
#468=COORDINATES_LIST('',13,((-461.702545,7.912352,344.120514),(-459.18396,14.259824,341.26123),(-457.004395,19.752829,338.786835),(-457.209778,18.658335,336.176208),(-456.531677,20.36727,335.406403),(-456.408417,20.929039,336.504059),(-456.233521,21.575312,337.318665),(-456.00705,22.306086,337.85022),(-455.728973,23.121359,338.098724),(-455.399323,
   24.021135,338.064209),(-455.251465,24.809172,339.943848),(-461.475281,9.123591,347.009583),(-457.107086,19.205582,337.481506)));
#469=COMPLEX_TRIANGULATED_SURFACE_SET('',#468,13,((-0.937566,0.340863,-0.069153)),(),((2,1,12),(6,5,4),(7,6,13),(3,7,13),(6,4,13),(8,3,9),(11,2,12),(3,2,
   11),(3,8,7),(9,11,10),(11,9,3)),());
#470=COORDINATES_LIST('',140,((-442.431915,101.499352,544.154724),(-442.30954,102.015434,545.039551),(-442.417603,101.815125,545.51709),(-442.516846,101.596352,545.784485),(-442.60733,101.359123,545.841675),(-442.688995,101.103432,545.688721),(-442.761902,100.829277,545.325562),(-443.031433,100.073013,545.252441),(-442.533081,102.728981,551.587524),(-443.417023,
   100.501266,552.591003),(-443.60321,99.508919,550.22406),(-443.885925,98.741028,550.272034),(-444.132813,98.063461,550.279297),(-444.343842,97.476227,550.24585),(-444.519043,96.979324,550.171753),(-444.658386,96.572746,550.056946),(-444.694305,96.63295,550.840881),(-444.750092,96.655472,551.708069),(-444.825684,96.640305,552.658386),(-444.921143,
   96.587456,553.691895),(-445.036407,96.496925,554.808594),(-445.956055,93.840721,554.184326),(-445.826141,93.90049,552.717346),(-445.716949,93.944855,551.455872),(-445.62854,93.973816,550.400024),(-445.560913,93.987389,549.549683),(-445.514008,93.985558,548.904968),(-445.844604,92.898529,548.029053),(-446.15213,91.841972,546.990417),(-446.436584,
   90.81588,545.789063),(-446.697937,89.820259,544.425049),(-446.936218,88.85511,542.898315),(-446.165283,90.582664,540.961426),(-445.973663,91.402512,542.404602),(-445.792908,92.142654,543.602356),(-445.623047,92.803085,544.554565),(-445.46405,93.38382,545.261292),(-445.315918,93.88485,545.722534),(-445.22464,93.861023,544.367676),(-445.556305,
   92.909721,544.175476),(-445.341339,92.966881,541.542664),(-444.246704,96.079506,542.044128),(-444.427429,95.116356,539.746765),(-443.543488,97.34407,538.743286),(-443.255981,98.876366,542.398132),(-442.734467,100.329193,542.488586),(-443.1315,98.213173,537.441406),(-442.235443,100.471405,536.424133),(-441.967102,101.901543,539.835327),(-441.246918,
   103.562752,538.259399),(-441.359192,102.964424,536.832275),(-440.47525,105.192146,535.828796),(-440.138458,106.987114,540.110168),(-439.290863,109.123283,539.147888),(-439.12384,110.013474,541.271179),(-439.111572,110.179398,541.923096),(-439.142517,110.180496,542.348022),(-439.216644,110.016762,542.545959),(-439.333954,109.688194,542.516846),(-439.494446,
   109.194801,542.260681),(-439.930359,108.096199,542.755615),(-439.546997,110.139259,547.628723),(-440.430939,107.911537,548.632202),(-440.58429,107.094315,546.682983),(-441.414001,104.84938,546.866577),(-441.110046,106.469231,550.730286),(-442.006104,104.210999,551.747559),(-444.525848,96.360573,547.214417),(-444.40921,96.704742,547.329163),(-444.280518,
   97.074913,547.409058),(-444.139801,97.471085,547.454041),(-443.987061,97.893272,547.464172),(-443.822266,98.341461,547.439392),(-444.016693,97.305344,544.968018),(-444.42923,96.127159,544.753845),(-441.748047,103.069008,542.619995),(-441.624847,103.7257,544.18634),(-440.800598,105.941452,543.933105),(-441.027863,104.730209,541.044067),(-440.038391,
   105.13932,529.645264),(-439.868622,106.044106,531.803406),(-439.856079,106.212898,532.465576),(-439.888367,106.210915,532.893555),(-439.965454,106.038162,533.087219),(-440.087372,105.694633,533.046692),(-440.254089,105.180328,532.771851),(-441.186432,102.830544,533.830322),(-440.994781,103.852066,536.266907),(-441.890808,101.593834,537.284119),(-442.082489,
   100.572304,534.847595),(-443.28125,97.551155,536.208496),(-442.956055,98.739899,537.659302),(-443.684052,97.105217,539.471619),(-444.237823,95.140335,537.294434),(-446.526337,89.372681,539.892578),(-446.740845,88.817337,540.063293),(-446.919342,88.323135,540.047546),(-447.06189,87.890076,539.845337),(-447.168427,87.518166,539.456726),(-447.238983,
   87.207405,538.881592),(-447.397827,86.360992,536.862732),(-446.546753,88.413597,535.441528),(-446.423523,89.07029,537.007935),(-446.43692,89.035583,537.018555),(-446.44809,89.004692,537.017578),(-446.457001,88.977631,537.004944),(-446.463654,88.954384,536.980652),(-446.468048,88.934959,536.944702),(-444.760742,93.237816,535.00647),(-444.870575,
   92.822556,534.448669),(-445.016815,92.430885,534.500916),(-445.105591,92.168716,534.412109),(-445.136871,92.036041,534.18219),(-445.110657,92.032875,533.811218),(-445.026947,92.159203,533.299072),(-444.238434,93.946465,531.418091),(-443.767853,95.740181,533.879211),(-442.290588,99.463219,532.202148),(-442.47403,98.485474,529.869995),(-441.578003,
   100.743706,528.852783),(-441.394562,101.721451,531.184875),(-442.782257,101.401001,548.419983),(-443.985474,96.230209,539.244995),(-442.932983,99.271179,539.964966),(-443.032227,98.74218,538.703186),(-442.683472,99.342285,536.932739),(-442.101257,101.186478,538.129761),(-440.917236,104.078285,536.330566),(-442.218994,102.855179,547.951172),(-442.32547,
   102.177261,546.052917),(-442.367828,101.907364,545.29718),(-441.44281,102.722946,536.775513),(-443.030579,98.467476,537.326843),(-443.08844,98.442688,537.988831),(-443.518585,97.476738,539.059753),(-443.303528,97.959709,538.524292),(-443.796295,96.706932,539.030273),(-445.38208,92.256508,538.593506),(-446.431732,89.026512,536.903503),(-445.596252,
   91.132164,535.955017)));
#471=COMPLEX_TRIANGULATED_SURFACE_SET('',#470,140,((-0.937566,0.340863,-0.069153)),(),((108,100,107),(100,108,101),(101,108,102),(106,100,105),(100,106,107),(95,104,105),(104,95,103),(110,115,
   114),(114,113,111),(110,114,111),(109,140,138),(111,113,112),(102,108,139),(115,110,116),(100,99,105),(99,98,97),(99,97,96),(95,105,
   96),(32,31,34),(34,33,32),(103,95,138),(30,36,35),(39,41,40),(34,31,35),(42,41,39),(35,31,30),(105,99,96),(117,110,
   109),(116,110,117),(117,94,91),(94,117,109),(118,91,90),(91,118,117),(119,118,120),(120,118,121),(42,123,43),(86,81,80),(80,121,
   86),(87,86,121),(86,82,81),(85,82,86),(87,90,132),(87,121,90),(118,90,121),(91,94,44),(11,9,122),(44,135,136),(126,127,
   48),(45,93,42),(47,91,44),(92,127,126),(90,89,132),(84,83,85),(87,132,88),(85,83,82),(50,128,51),(50,53,52),(49,79,
   50),(133,92,126),(93,123,42),(42,39,75),(129,65,130),(29,37,36),(38,37,29),(68,27,16),(26,16,27),(38,29,28),(38,28,
   27),(38,68,75),(68,38,27),(74,45,42),(75,39,38),(16,70,69),(13,72,71),(71,70,15),(69,68,16),(25,16,26),(74,42,
   75),(18,24,19),(19,24,23),(24,18,17),(22,21,20),(19,23,20),(20,23,22),(16,25,17),(14,71,15),(14,13,71),(13,12,
   73),(11,10,9),(73,72,13),(15,70,16),(17,25,24),(11,73,12),(46,8,1),(8,46,45),(46,1,76),(76,49,46),(8,7,
   1),(6,3,7),(3,6,4),(73,122,8),(7,131,1),(74,8,45),(131,7,3),(53,79,61),(79,49,76),(60,55,54),(50,79,
   53),(2,130,77),(77,76,1),(60,53,61),(53,60,54),(78,61,79),(1,2,77),(49,124,46),(78,77,65),(73,11,122),(64,61,
   78),(66,129,67),(78,65,64),(65,129,66),(60,59,56),(124,49,127),(57,56,59),(59,58,57),(60,56,55),(64,63,62),(62,61,
   64),(134,125,92),(92,125,127),(6,5,4),(74,73,8),(124,127,125),(36,30,29),(50,52,128),(137,123,93),(130,65,77),(130,2,
   131),(91,47,133),(44,136,47),(93,45,135),(47,136,134),(44,94,137),(94,109,138),(140,139,103),(103,138,140)),());
#472=COORDINATES_LIST('',86,((-442.039459,108.319214,572.450073),(-442.257965,107.943954,573.562622),(-442.50769,107.48378,574.680298),(-442.788696,106.93869,575.803101),(-443.100922,106.308685,576.931091),(-443.444427,105.593765,578.06427),(-444.183014,103.086227,575.717712),(-443.820465,103.874069,574.685791),(-443.487976,104.580597,573.660767),(-443.185577,
   105.205818,572.642517),(-442.913239,105.749741,571.631104),(-442.670959,106.212349,570.626526),(-442.367615,106.638336,568.613831),(-442.714539,105.902504,569.690186),(-443.068268,105.124863,570.652954),(-443.428833,104.305405,571.502075),(-443.796204,103.44413,572.237671),(-444.17041,102.541039,572.85968),(-444.665649,100.615982,570.085205),(-444.290985,
   101.517479,569.449036),(-443.925323,102.38459,568.765442),(-443.568634,103.217316,568.034485),(-443.220978,104.015648,567.256104),(-442.882324,104.779594,566.430237),(-445.064575,97.095169,558.139343),(-444.726166,98.109619,558.551392),(-444.364166,99.168114,558.86084),(-443.978577,100.270668,559.067688),(-443.569397,101.417274,559.171875),(-443.136627,
   102.607933,559.173523),(-443.279663,102.832039,562.21759),(-443.728455,101.624123,562.3479),(-444.166595,100.418343,562.344788),(-444.594116,99.214684,562.208374),(-445.011047,98.013153,561.938538),(-445.417358,96.813751,561.535278),(-442.877411,104.499695,564.983826),(-443.162933,103.847527,565.640137),(-443.493011,103.063957,566.252991),(-443.867645,
   102.148979,566.822388),(-444.286865,101.1026,567.348328),(-444.750671,99.924812,567.830872),(-445.043945,98.531807,564.940918),(-444.581787,99.700836,564.4375),(-444.16095,100.755966,563.932434),(-443.781372,101.697212,563.425659),(-443.443054,102.524567,562.917236),(-443.146057,103.238029,562.407166),(-441.262756,109.907494,569.748291),(-440.403046,
   112.074181,568.772278),(-441.098541,108.367493,559.930969),(-441.958252,106.200806,560.906982),(-437.590027,118.255997,561.104553),(-437.589111,118.395493,561.779968),(-437.627197,118.378868,562.214478),(-437.704315,118.206108,562.408203),(-437.820404,117.877228,562.361023),(-437.975494,117.39222,562.072998),(-438.399292,116.324135,562.554077),(-437.824249,
   119.388718,569.863831),(-438.720306,117.130486,570.881042),(-439.295319,114.065903,563.57135),(-439.791779,112.814713,564.134949),(-439.277008,115.558243,570.678894),(-442.110413,108.417343,573.89563),(-442.340424,107.191505,570.971741),(-442.158783,107.649254,570.765503),(-442.854279,103.942574,561.924255),(-443.096466,103.332237,562.199158),(-443.32373,
   102.120995,559.31012),(-440.429779,109.41449,556.024658),(-440.019043,111.603477,561.245911),(-437.778961,117.249062,558.702759),(-437.590027,118.255997,561.104553),(-442.355225,107.265778,571.53833),(-440.750793,110.22084,564.351624),(-441.610504,108.054153,565.327637),(-439.534393,114.186478,567.406921),(-442.171326,108.092766,573.12146),(-442.278412,
   107.522018,571.760071),(-442.309418,107.356766,571.365906),(-442.506531,105.795914,566.344849),(-442.332642,106.72258,568.555176),(-442.68042,104.869247,564.134583),(-443.210602,102.723846,560.748047),(-443.203217,102.424751,559.173279)));
#473=COMPLEX_TRIANGULATED_SURFACE_SET('',#472,85,((-0.937566,0.340863,-0.069153)),(),((26,25,36),(80,75,11),(26,36,35),(27,35,34),(26,35,27),(29,28,33),(28,27,34),(29,33,
   32),(33,28,34),(44,43,42),(42,41,44),(44,41,45),(46,45,39),(40,39,45),(45,41,40),(38,46,39),(29,70,86),(32,85,
   29),(85,70,29),(85,32,31),(71,30,52),(52,51,71),(30,85,52),(68,52,85),(71,51,72),(37,47,38),(47,46,38),(76,72,
   51),(73,58,53),(59,73,72),(72,76,63),(48,47,37),(13,24,23),(66,81,67),(23,22,14),(11,10,80),(20,19,18),(18,17,
   20),(20,17,16),(14,13,23),(22,15,14),(16,15,21),(21,20,16),(4,9,8),(8,7,5),(6,5,7),(10,2,80),(9,3,
   10),(9,4,3),(8,5,4),(11,75,12),(3,2,10),(59,72,62),(62,61,59),(63,50,78),(72,63,62),(58,54,53),(54,58,
   57),(57,56,55),(57,55,54),(58,73,59),(49,83,67),(1,65,49),(79,80,2),(67,1,49),(63,76,50),(50,49,64),(61,60,
   59),(49,65,64),(77,84,82),(77,82,83),(21,15,22),(50,64,78),(65,1,79),(1,67,80),(80,67,81),(49,77,83),(77,52,
   84),(68,84,52),(68,85,69),(30,71,86)),());
#474=COORDINATES_LIST('',66,((-441.434937,113.412071,589.357117),(-442.330963,111.153831,590.374329),(-443.100403,107.053131,580.593262),(-442.422302,108.762062,579.823425),(-441.817566,110.47876,580.086365),(-441.219727,112.194069,580.435913),(-440.628815,113.907997,580.872253),(-440.044769,115.620537,581.395203),(-439.467621,117.331703,582.004883),(-439.175293,
   118.190277,582.273621),(-438.888733,119.007256,582.415466),(-438.607941,119.782631,582.430298),(-438.332886,120.516403,582.318298),(-438.063629,121.208572,582.079346),(-437.891235,121.637505,581.856323),(-437.742157,121.996597,581.605164),(-437.616394,122.285851,581.325867),(-437.513947,122.505264,581.018494),(-437.434814,122.654831,580.682983),(-437.399902,
   122.706215,580.46283),(-437.377625,122.72023,580.229736),(-437.36795,122.696892,579.983704),(-437.370911,122.636185,579.72467),(-437.386505,122.538124,579.452698),(-437.410797,122.43045,579.251282),(-437.450806,122.282547,579.064636),(-437.506531,122.094414,578.892822),(-437.577972,121.866051,578.735779),(-437.665131,121.597466,578.593567),(-437.803986,
   121.194923,578.491882),(-437.994843,120.672958,578.506836),(-438.237732,120.031586,578.638489),(-438.532654,119.270798,578.886841),(-438.879578,118.390587,579.251892),(-439.101379,117.208534,576.432434),(-438.597626,118.499947,575.968262),(-438.148834,119.678093,575.690796),(-437.755005,120.742973,575.600098),(-437.416107,121.694595,575.696167),(-437.132172,
   122.532959,575.978943),(-436.944427,123.11721,576.313354),(-436.785004,123.642967,576.743591),(-436.653931,124.110245,577.269653),(-436.551178,124.519028,577.891663),(-436.476776,124.869324,578.609497),(-436.439392,125.118942,579.332947),(-436.441132,125.260719,580.055359),(-436.481995,125.294655,580.776672),(-436.561981,125.220749,581.496887),(-436.681091,
   125.039001,582.216064),(-436.845123,124.733658,582.93457),(-437.0448,124.314415,583.575317),(-437.280151,123.781288,584.138245),(-437.551147,123.134277,584.623413),(-437.857819,122.373375,585.030701),(-438.244843,121.376144,585.362366),(-438.65033,120.288704,585.499695),(-439.074249,119.111046,585.442505),(-439.516663,117.843178,585.190979),(-439.977509,
   116.4851,584.745056),(-440.43689,115.117203,584.230652),(-440.862976,113.855972,583.79071),(-441.255768,112.701416,583.425232),(-441.615265,111.653534,583.134216),(-441.941498,110.712318,582.917603),(-441.688232,112.062195,586.137329)));
#475=COMPLEX_TRIANGULATED_SURFACE_SET('',#474,66,((-0.937566,0.340863,-0.069153)),(),((66,2,1),(4,3,5),(65,6,5),(6,65,7),(36,35,34),(36,34,33),(65,5,3),(63,7,
   64),(9,8,62),(8,7,63),(65,2,66),(36,33,37),(37,33,32),(8,63,62),(7,65,64),(3,2,65),(39,32,31),(37,32,
   38),(31,40,39),(39,38,32),(40,31,30),(40,30,41),(41,30,42),(42,29,43),(42,30,29),(27,43,28),(27,26,44),(27,44,
   43),(44,25,45),(25,44,26),(24,45,25),(23,45,24),(28,43,29),(9,61,10),(12,11,59),(10,60,11),(58,13,12),(53,15,
   14),(14,13,57),(10,61,60),(58,12,59),(56,14,57),(55,14,56),(13,58,57),(59,11,60),(54,14,55),(46,20,47),(48,19,
   18),(47,20,19),(22,46,45),(21,46,22),(46,21,20),(22,45,23),(18,17,48),(15,51,16),(15,52,51),(52,15,53),(14,54,
   53),(19,48,47),(16,50,49),(48,17,49),(50,16,51),(17,16,49),(9,62,61)),());
#476=COORDINATES_LIST('',13,((-491.611847,-128.372894,77.858147),(-489.093262,-122.025429,74.998856),(-486.913696,-116.532425,72.524467),(-487.112885,-117.594017,69.992325),(-486.434814,-115.885086,69.222519),(-486.314209,-115.337631,70.286011),(-486.141541,-114.703079,71.072662),(-485.916779,-113.98143,71.582458),(-485.639923,-113.172684,71.815399),(-485.311005,
   -112.27684,71.771492),(-485.167572,-111.512489,73.594635),(-491.391418,-127.198067,80.660385),(-487.013306,-117.063217,71.258392)));
#477=COMPLEX_TRIANGULATED_SURFACE_SET('',#476,13,((-0.937566,0.340863,-0.069153)),(),((2,1,12),(6,5,4),(7,6,13),(3,7,13),(6,4,13),(8,3,9),(11,2,12),(3,2,
   11),(3,8,7),(9,11,10),(11,9,3)),());
#478=COORDINATES_LIST('',13,((-489.164948,-115.3321,108.963364),(-486.646362,-108.984627,106.104073),(-484.466797,-103.491623,103.629684),(-484.665985,-104.553215,101.097542),(-483.987915,-102.844284,100.327736),(-483.86731,-102.296829,101.391228),(-483.694641,-101.662277,102.177879),(-483.469879,-100.940628,102.687675),(-483.193024,-100.131882,102.920616),(-482.864105,
   -99.236038,102.876709),(-482.720673,-98.471687,104.699852),(-488.944519,-114.157265,111.765602),(-484.566406,-104.022415,102.363617)));
#479=COMPLEX_TRIANGULATED_SURFACE_SET('',#478,13,((-0.937566,0.340863,-0.069153)),(),((2,1,12),(6,5,4),(7,6,13),(3,7,13),(6,4,13),(8,3,9),(11,2,12),(3,2,
   11),(3,8,7),(9,11,10),(11,9,3)),());
#480=COORDINATES_LIST('',16,((-488.11322,-109.726875,122.333069),(-487.25351,-107.560188,121.357063),(-486.720734,-106.217453,120.752213),(-487.166931,-108.595428,115.080215),(-486.391968,-106.642357,114.200432),(-481.876099,-93.97052,115.436134),(-481.668945,-92.866463,118.069557),(-485.604248,-102.784386,122.537201),(-485.463501,-102.034195,124.326584),(-486.359528,
   -104.292427,125.343826),(-486.500305,-105.042618,123.554451),(-487.892792,-108.55204,125.135307),(-485.824707,-103.959221,119.734962),(-483.972076,-99.290161,117.631737),(-486.034515,-105.077431,117.067772),(-486.943848,-107.406441,117.916214)));
#481=COMPLEX_TRIANGULATED_SURFACE_SET('',#480,16,((-0.937566,0.340863,-0.069153)),(),((2,1,12),(5,15,14),(4,16,5),(3,13,15),(11,13,3),(3,15,16),(3,2,11),(5,16,
   15),(8,13,11),(11,10,8),(8,10,9),(14,6,5),(6,14,7),(8,7,14),(13,8,14),(11,2,12)),());
#482=COORDINATES_LIST('',82,((-484.516449,-99.334045,124.796066),(-483.811707,-97.538826,124.090141),(-483.179596,-95.888412,123.654953),(-482.620087,-94.382813,123.490509),(-482.133179,-93.022018,123.596794),(-481.718903,-91.80603,123.973816),(-481.5065,-91.151665,124.319656),(-481.329987,-90.582321,124.732689),(-481.189331,-90.098007,125.212921),(-481.084534,
   -89.698708,125.760353),(-481.015594,-89.38443,126.374985),(-480.985413,-89.170456,127.020348),(-480.99469,-89.060753,127.686996),(-481.043457,-89.055328,128.374924),(-481.131714,-89.154167,129.084137),(-481.25943,-89.357285,129.814621),(-481.551331,-89.921028,130.993347),(-481.943024,-90.774521,132.097092),(-482.43457,-91.917763,133.125839),(-483.025879,
   -93.350761,134.079605),(-483.717041,-95.073509,134.958389),(-484.430481,-96.890694,135.67421),(-485.069397,-98.558197,136.117096),(-485.633759,-100.076004,136.287048),(-486.123535,-101.44413,136.184067),(-486.538788,-102.66256,135.808136),(-486.751068,-103.316353,135.463654),(-486.927277,-103.883995,135.054672),(-487.067413,-104.365486,134.581192),(-487.171478,
   -104.760826,134.043213),(-487.239441,-105.070007,133.440735),(-487.270599,-105.28907,132.783218),(-487.262054,-105.402733,132.107117),(-487.213806,-105.410995,131.41243),(-487.125885,-105.31385,130.699173),(-486.99826,-105.111305,129.967331),(-486.705414,-104.54512,128.787506),(-486.310791,-103.684303,127.680466),(-485.814423,-102.528847,126.646217),(-485.216309,
   -101.078766,125.684746),(-484.516449,-99.334045,124.796066),(-483.937469,-96.248337,132.156158),(-483.363342,-94.814552,131.439651),(-482.88092,-93.638107,130.697769),(-482.490173,-92.718994,129.930542),(-482.191132,-92.05722,129.137939),(-481.983765,-91.652786,128.319962),(-481.947601,-91.594788,128.115631),(-481.922302,-91.564774,127.920685),(-481.907867,
   -91.562752,127.735138),(-481.904327,-91.588715,127.558983),(-481.911652,-91.642662,127.392227),(-481.930573,-91.728561,127.225418),(-481.959717,-91.83905,127.076103),(-481.999115,-91.974129,126.94429),(-482.048737,-92.133797,126.829971),(-482.108582,-92.318054,126.733154),(-482.410767,-93.195107,126.506897),(-482.780304,-94.216331,126.483665),(-483.217285,
   -95.381737,126.663445),(-483.721619,-96.691307,127.046242),(-484.293365,-98.145058,127.632065),(-484.876312,-99.601379,128.357117),(-485.365814,-100.796616,129.102646),(-485.761932,-101.730766,129.868622),(-486.064667,-102.403824,130.655075),(-486.273956,-102.815796,131.46199),(-486.309998,-102.87323,131.667679),(-486.334961,-102.901543,131.866669),(-486.348846,
   -102.900742,132.058975),(-486.351685,-102.870811,132.244568),(-486.343414,-102.811768,132.423477),(-486.325439,-102.730965,132.57814),(-486.297028,-102.624443,132.718002),(-486.258148,-102.492195,132.843063),(-486.208862,-102.334221,132.953323),(-486.149109,-102.150528,133.048798),(-485.856628,-101.295235,133.299301),(-485.489227,-100.277367,133.335297),(-485.046906,
   -99.096931,133.156769),(-484.529663,-97.753922,132.763718),(-483.937469,-96.248337,132.156158)));
#483=COMPLEX_TRIANGULATED_SURFACE_SET('',#482,80,((-0.937566,0.340863,-0.069153)),(),((64,38,37),(66,65,36),(37,36,65),(35,66,36),(40,39,63),(64,63,39),(64,39,38),(37,65,
   64),(40,63,62),(35,34,66),(69,33,32),(71,31,72),(31,71,32),(72,31,73),(70,32,71),(66,34,67),(69,68,33),(70,69,
   32),(67,33,68),(67,34,33),(2,1,62),(2,61,3),(62,61,2),(1,40,62),(3,61,60),(3,60,4),(5,4,60),(5,59,
   6),(6,58,7),(59,5,60),(58,8,7),(56,55,9),(57,56,9),(58,57,8),(8,57,9),(10,54,53),(10,9,55),(10,53,
   11),(54,10,55),(58,6,59),(74,73,30),(75,30,29),(30,75,74),(73,31,30),(77,29,28),(76,75,29),(78,77,28),(26,79,
   78),(76,29,77),(78,28,27),(26,25,79),(80,25,24),(25,80,79),(24,23,80),(80,23,81),(42,22,21),(22,42,81),(42,21,
   20),(23,22,81),(26,78,27),(50,49,12),(13,47,14),(48,47,13),(49,48,13),(52,11,53),(11,52,51),(50,12,51),(12,49,
   13),(51,12,11),(47,46,14),(17,45,44),(43,20,19),(20,43,42),(43,19,44),(18,44,19),(46,15,14),(45,17,16),(15,46,
   16),(17,44,18),(46,45,16)),());
#484=COORDINATES_LIST('',4,((-485.432648,-98.196068,142.827209),(-486.413452,-100.667923,143.940674),(-486.633911,-101.842758,141.138443),(-485.653107,-99.370903,140.024963)));
#485=COMPLEX_TRIANGULATED_SURFACE_SET('',#484,4,((-0.937566,0.340863,-0.069153)),(),((4,3,2),(2,1,4)),());
#486=COORDINATES_LIST('',16,((-485.356415,-95.034386,157.377914),(-484.496704,-92.867699,156.401901),(-483.963928,-91.524963,155.797058),(-484.410126,-93.902939,150.125061),(-483.635162,-91.949875,149.24527),(-479.119293,-79.27803,150.480972),(-478.91214,-78.173973,153.114395),(-482.847443,-88.091896,157.582047),(-482.706696,-87.341705,159.371429),(-483.602722,
   -89.599937,160.388672),(-483.7435,-90.350136,158.599289),(-485.135986,-93.85955,160.180145),(-483.067871,-89.266731,154.7798),(-481.215271,-84.597679,152.676575),(-483.27771,-90.384949,152.11261),(-484.187012,-92.713951,152.96106)));
#487=COMPLEX_TRIANGULATED_SURFACE_SET('',#486,16,((-0.937566,0.340863,-0.069153)),(),((3,2,11),(5,15,14),(4,16,5),(3,13,15),(13,3,11),(3,15,16),(2,1,12),(5,16,
   15),(8,13,11),(11,10,8),(8,10,9),(14,6,5),(6,14,7),(8,7,14),(13,8,14),(11,2,12)),());
#488=COORDINATES_LIST('',16,((-482.755005,-81.170074,190.447372),(-481.895294,-79.003387,189.471359),(-481.362518,-77.66066,188.866516),(-481.808685,-80.038628,183.194519),(-481.033752,-78.085564,182.314728),(-476.517883,-65.413727,183.55043),(-476.31073,-64.309662,186.183853),(-480.246033,-74.227592,190.651505),(-480.105255,-73.477394,192.440887),(-481.001312,
   -75.735626,193.45813),(-481.142059,-76.485825,191.668747),(-482.534576,-79.995247,193.249603),(-480.466461,-75.40242,187.849258),(-478.613861,-70.733368,185.746033),(-480.67627,-76.520638,185.182068),(-481.585602,-78.84964,186.030518)));
#489=COMPLEX_TRIANGULATED_SURFACE_SET('',#488,16,((-0.937566,0.340863,-0.069153)),(),((3,2,11),(5,15,14),(4,16,5),(3,13,15),(13,3,11),(3,15,16),(2,1,12),(5,16,
   15),(8,13,11),(11,10,8),(8,10,9),(14,6,5),(6,14,7),(8,7,14),(13,8,14),(11,2,12)),());
#490=COORDINATES_LIST('',82,((-479.158234,-70.777252,192.91037),(-478.453491,-68.982033,192.204437),(-477.82135,-67.331619,191.769257),(-477.261841,-65.826019,191.604813),(-476.774963,-64.465218,191.71109),(-476.360687,-63.249233,192.08812),(-476.148285,-62.594872,192.43396),(-475.971771,-62.025528,192.846985),(-475.831085,-61.541206,193.327225),(-475.726318,
   -61.141907,193.874649),(-475.657379,-60.827629,194.489288),(-475.627197,-60.613659,195.134644),(-475.636475,-60.50396,195.8013),(-475.685242,-60.498531,196.489227),(-475.773499,-60.59737,197.198425),(-475.901215,-60.800484,197.928925),(-476.193115,-61.364227,199.107651),(-476.584808,-62.217724,200.21138),(-477.076324,-63.36097,201.240143),(-477.667664,
   -64.793961,202.193909),(-478.358795,-66.516708,203.072693),(-479.072266,-68.3339,203.788513),(-479.711182,-70.001404,204.2314),(-480.275513,-71.519211,204.401352),(-480.76532,-72.887329,204.298355),(-481.180573,-74.105759,203.92244),(-481.392853,-74.75956,203.577957),(-481.569061,-75.327202,203.168961),(-481.709198,-75.808693,202.69548),(-481.813232,
   -76.204025,202.157501),(-481.881226,-76.513206,201.555038),(-481.912354,-76.732277,200.897507),(-481.903809,-76.84594,200.22142),(-481.855591,-76.854202,199.526733),(-481.76767,-76.757057,198.813477),(-481.640045,-76.554512,198.081635),(-481.347168,-75.988327,196.90181),(-480.952576,-75.127502,195.794769),(-480.456207,-73.972054,194.760513),(-479.858093,
   -72.521965,193.799042),(-479.158234,-70.777252,192.91037),(-478.579254,-67.691544,200.270462),(-478.005127,-66.257759,199.553955),(-477.522705,-65.081306,198.812073),(-477.131958,-64.162201,198.044846),(-476.832886,-63.500427,197.252228),(-476.625519,-63.095993,196.434265),(-476.589355,-63.037991,196.229919),(-476.564087,-63.00798,196.034988),(-476.549652,
   -63.005955,195.849442),(-476.546112,-63.031918,195.673279),(-476.553406,-63.085865,195.506531),(-476.572357,-63.171764,195.339722),(-476.601501,-63.282253,195.190399),(-476.6409,-63.417332,195.058594),(-476.690491,-63.577,194.944275),(-476.750366,-63.761261,194.847458),(-477.052521,-64.638313,194.621201),(-477.422089,-65.659538,194.597961),(-477.859039,
   -66.824944,194.77774),(-478.363403,-68.134514,195.160538),(-478.93512,-69.588264,195.746368),(-479.518066,-71.044586,196.47142),(-480.007599,-72.239822,197.216934),(-480.403717,-73.173973,197.982925),(-480.706421,-73.847031,198.769379),(-480.91571,-74.259003,199.576294),(-480.951782,-74.316437,199.781982),(-480.976746,-74.344749,199.980972),(-480.990631,
   -74.343941,200.173264),(-480.993439,-74.314018,200.358871),(-480.985168,-74.254974,200.537781),(-480.967194,-74.174171,200.692444),(-480.938782,-74.067642,200.832306),(-480.899933,-73.935394,200.957367),(-480.850647,-73.777428,201.067627),(-480.790894,-73.593735,201.163101),(-480.498413,-72.738441,201.413605),(-480.131012,-71.720573,201.4496),(-479.68869,
   -70.540138,201.271072),(-479.171417,-69.197128,200.878021),(-478.579254,-67.691544,200.270462)));
#491=COMPLEX_TRIANGULATED_SURFACE_SET('',#490,80,((-0.937566,0.340863,-0.069153)),(),((64,38,37),(66,65,36),(37,36,65),(35,66,36),(40,39,63),(64,63,39),(64,39,38),(37,65,
   64),(40,63,62),(35,34,66),(69,33,32),(71,31,72),(31,71,32),(72,31,73),(70,32,71),(66,34,67),(69,68,33),(70,69,
   32),(67,33,68),(67,34,33),(2,1,62),(2,61,3),(62,61,2),(1,40,62),(3,61,60),(3,60,4),(5,4,60),(5,59,
   6),(6,58,7),(59,5,60),(58,8,7),(56,55,9),(57,56,9),(58,57,8),(8,57,9),(10,54,53),(10,9,55),(10,53,
   11),(54,10,55),(58,6,59),(74,73,30),(75,30,29),(30,75,74),(73,31,30),(77,29,28),(76,75,29),(78,77,28),(26,79,
   78),(76,29,77),(78,28,27),(26,25,79),(80,25,24),(25,80,79),(24,23,80),(80,23,81),(42,22,21),(22,42,81),(42,21,
   20),(23,22,81),(26,78,27),(50,49,12),(13,47,14),(48,47,13),(49,48,13),(52,11,53),(11,52,51),(50,12,51),(12,49,
   13),(51,12,11),(47,46,14),(17,45,44),(43,20,19),(20,43,42),(43,19,44),(18,44,19),(46,15,14),(45,17,16),(15,46,
   16),(17,44,18),(46,45,16)),());
#492=COORDINATES_LIST('',105,((-470.441681,-30.887268,271.355438),(-470.423431,-30.802391,271.526733),(-470.397644,-30.701702,271.673431),(-470.364319,-30.585199,271.795563),(-470.323395,-30.452881,271.893097),(-470.274933,-30.304747,271.966064),(-470.225861,-30.161604,272.006348),(-470.171539,-30.009583,272.019348),(-470.112,-29.84868,272.005066),(-470.047211,
   -29.6789,271.963501),(-469.977173,-29.500238,271.894653),(-469.908203,-29.328568,271.805695),(-469.846558,-29.179754,271.703735),(-469.792297,-29.053799,271.588806),(-469.745392,-28.950703,271.460876),(-469.705811,-28.870462,271.319977),(-469.680176,-28.831833,271.162872),(-469.663452,-28.818893,270.999908),(-469.65564,-28.831642,270.831055),(-469.656738,
   -28.870075,270.656281),(-469.666718,-28.934198,270.475647),(-469.684357,-29.01734,270.305023),(-469.708405,-29.112829,270.160339),(-469.738861,-29.220665,270.041595),(-469.775696,-29.340849,269.948761),(-469.818939,-29.473375,269.881866),(-469.87323,-29.632122,269.835541),(-469.93161,-29.79628,269.81781),(-469.99408,-29.965851,269.828705),(-470.060608,
   -30.140833,269.868256),(-470.131226,-30.321228,269.936432),(-470.19574,-30.4814,270.021667),(-470.253662,-30.620129,270.123444),(-470.305054,-30.737415,270.24176),(-470.349823,-30.83326,270.376587),(-470.388062,-30.90766,270.527985),(-470.418121,-30.957787,270.688782),(-470.438538,-30.98081,270.851929),(-470.449249,-30.976734,271.017426),(-470.450317,
   -30.945553,271.185242),(-470.441681,-30.887268,271.355438),(-471.059204,-32.443619,272.056519),(-471.080231,-32.588268,271.628418),(-471.075867,-32.66304,271.200836),(-471.046143,-32.667931,270.773804),(-470.991058,-32.60294,270.347321),(-470.910614,-32.468067,269.921326),(-470.809845,-32.272511,269.518951),(-470.693787,-32.025475,269.163239),(-470.562469,
   -31.726952,268.854156),(-470.415863,-31.376944,268.591736),(-470.253967,-30.975452,268.375946),(-470.087463,-30.549332,268.218933),(-469.927002,-30.125433,268.132721),(-469.772552,-29.703762,268.117401),(-469.624146,-29.284317,268.172882),(-469.481781,-28.867098,268.299255),(-469.352997,-28.47464,268.487671),(-469.245361,-28.129486,268.729431),(-469.158844,
   -27.831636,269.024475),(-469.093445,-27.581089,269.372864),(-469.049164,-27.377848,269.774567),(-469.028168,-27.233196,270.202667),(-469.032501,-27.158424,270.630249),(-469.062225,-27.153538,271.057281),(-469.11731,-27.218527,271.483765),(-469.197784,-27.353399,271.909729),(-469.298553,-27.548954,272.312134),(-469.414581,-27.795992,272.667847),(-469.545929,
   -28.094515,272.976929),(-469.692535,-28.444523,273.239349),(-469.854401,-28.846014,273.455139),(-470.020905,-29.272135,273.612152),(-470.181396,-29.69603,273.698364),(-470.335815,-30.117702,273.713684),(-470.484222,-30.537148,273.658203),(-470.626587,-30.95437,273.53183),(-470.755371,-31.346827,273.343414),(-470.863037,-31.691978,273.101654),(-470.949554,
   -31.989828,272.80661),(-471.014954,-32.240376,272.458221),(-471.059204,-32.443619,272.056519),(-472.553894,-39.321007,258.42157),(-471.57309,-36.849155,257.308075),(-470.641602,-31.884741,269.149323),(-471.129456,-32.613892,272.169586),(-472.60788,-36.465664,273.228058),(-473.937714,-40.124138,273.224609),(-475.118927,-43.589306,272.15918),(-476.15155,
   -46.861164,270.031799),(-477.035553,-49.93972,266.842468),(-476.242706,-48.36758,263.84259),(-475.518982,-45.751408,266.925934),(-474.698242,-43.058903,269.069824),(-473.780426,-40.290058,270.274323),(-472.765564,-37.444874,270.539368),(-471.653687,-34.523357,269.865021),(-470.648834,-31.923269,269.057404),(-471.110962,-34.386211,263.182739),(-470.879883,
   -33.154739,266.120087),(-471.07132,-32.527008,271.809723),(-470.856476,-32.205875,270.479523),(-470.749023,-32.045307,269.814423),(-470.963898,-32.366444,271.144623),(-472.10379,-36.92218,264.143311)));
#493=COMPLEX_TRIANGULATED_SURFACE_SET('',#492,103,((-0.937566,0.340863,-0.069153)),(),((92,91,93),(94,93,90),(90,93,91),(94,90,89),(105,97,100),(88,96,95),(87,97,96),(94,89,
   95),(100,99,105),(88,95,89),(97,45,46),(43,97,87),(97,46,47),(97,43,44),(44,45,97),(43,87,86),(102,104,38),(100,49,
   98),(51,50,85),(48,97,47),(97,48,49),(37,102,38),(87,96,88),(53,52,31),(31,52,51),(32,31,51),(31,30,53),(85,32,
   51),(53,30,54),(54,29,55),(55,28,56),(27,57,56),(57,26,58),(58,25,59),(29,54,30),(32,85,33),(103,34,33),(103,33,
   85),(26,57,27),(26,25,58),(56,28,27),(24,60,59),(24,59,25),(60,24,23),(28,55,29),(103,36,35),(85,50,98),(1,40,
   104),(39,104,40),(2,1,42),(2,42,81),(1,104,101),(3,81,80),(3,2,81),(79,5,4),(78,6,5),(3,80,4),(79,4,
   80),(101,43,86),(6,78,77),(7,6,77),(8,76,75),(77,76,7),(9,75,74),(7,76,8),(8,75,9),(11,10,72),(10,9,
   74),(72,10,73),(10,74,73),(84,105,99),(78,5,79),(20,19,63),(65,18,17),(64,18,65),(19,18,64),(62,61,22),(22,61,
   23),(62,22,21),(20,62,21),(20,63,62),(100,97,49),(19,64,63),(105,84,83),(17,16,66),(61,60,23),(69,14,13),(68,15,
   14),(12,72,71),(72,12,11),(38,104,39),(13,12,70),(12,71,70),(67,66,16),(65,17,66),(36,102,37),(14,69,68),(68,67,
   15),(103,35,34),(36,103,102),(13,70,69),(16,15,67),(1,101,42)),());
#494=COORDINATES_LIST('',21,((-474.081757,-37.735115,286.953461),(-473.628021,-36.053116,289.092773),(-473.037415,-34.079659,290.812683),(-472.309906,-31.814747,292.11322),(-471.445496,-29.258375,292.994354),(-470.444183,-26.410545,293.456116),(-471.0336,-27.476732,296.191711),(-472.173187,-30.739059,295.561646),(-473.175598,-33.74387,294.341217),(-474.040863,
   -36.491169,292.530457),(-474.768951,-38.980949,290.129364),(-475.359863,-41.213211,287.137909),(-475.012787,-40.690113,285.010742),(-474.729553,-39.928951,284.922485),(-469.571289,-26.928841,279.066437),(-469.405212,-26.043713,281.177673),(-469.39801,-25.900642,281.785461),(-469.435852,-25.924061,282.183044),(-469.518707,-26.113968,282.370453),(-469.646606,
   -26.47036,282.347656),(-469.819519,-26.99324,282.114655)));
#495=COMPLEX_TRIANGULATED_SURFACE_SET('',#494,21,((-0.937566,0.340863,-0.069153)),(),((14,13,12),(14,1,15),(1,12,11),(1,14,12),(21,15,1),(15,21,16),(17,20,18),(17,16,
   21),(19,18,20),(20,17,21),(2,11,10),(3,10,9),(10,3,2),(3,9,4),(5,4,8),(5,7,6),(7,5,8),(4,9,
   8),(2,1,11)),());
#496=COORDINATES_LIST('',4,((-471.545746,-28.233292,299.406219),(-470.564941,-25.76144,298.292725),(-469.159271,-18.269922,316.161652),(-470.140076,-20.741776,317.275146)));
#497=COMPLEX_TRIANGULATED_SURFACE_SET('',#496,4,((-0.937566,0.340863,-0.069153)),(),((2,1,4),(4,3,2)),());
#498=COORDINATES_LIST('',30,((-467.301971,-9.085663,336.250916),(-468.733429,-13.118509,335.780243),(-469.929688,-16.651617,334.583923),(-470.890747,-19.684988,332.661926),(-471.616608,-22.218622,330.014313),(-472.107269,-24.252518,326.641052),(-472.334869,-24.881886,326.624817),(-472.456116,-25.246424,326.471832),(-472.471008,-25.34613,326.182098),(-472.379517,
   -25.181007,325.755585),(-472.181641,-24.751053,325.192322),(-471.236816,-22.538866,323.286438),(-470.772797,-20.52721,326.911255),(-470.099487,-18.104916,329.722504),(-469.216888,-15.271983,331.720215),(-468.125,-12.028412,332.904388),(-466.823792,-8.374202,333.274994),(-468.454102,-14.477713,325.293457),(-468.19455,-14.027738,323.992218),(-467.957245,
   -13.631225,322.729584),(-467.742249,-13.288173,321.505615),(-467.54953,-12.998582,320.320251),(-467.37912,-12.76245,319.173523),(-466.365295,-9.8084,319.989044),(-466.513123,-10.002979,321.034088),(-466.700104,-10.281126,322.198303),(-466.92627,-10.642839,323.481598),(-467.191589,-11.08812,324.884064),(-467.496094,-11.616967,326.405609),(-468.454102,
   -14.477713,325.293457)));
#499=COMPLEX_TRIANGULATED_SURFACE_SET('',#498,29,((-0.937566,0.340863,-0.069153)),(),((6,12,11),(6,11,10),(9,8,7),(6,10,7),(7,10,9),(22,21,26),(23,22,24),(26,25,
   22),(20,27,21),(24,22,25),(26,21,27),(13,12,6),(13,5,14),(5,13,6),(14,5,4),(4,3,15),(15,2,16),(2,15,
   3),(4,15,14),(28,19,29),(27,20,28),(19,18,29),(28,20,19),(16,1,17),(1,16,2)),());
#500=COORDINATES_LIST('',12,((-467.89743,-6.272375,358.191498),(-468.878235,-8.744226,359.304993),(-470.137085,-15.453239,343.30249),(-469.156281,-12.981388,342.189026),(-468.633972,-10.197724,348.828674),(-465.945862,-3.423019,345.776947),(-466.367065,-5.667909,340.422363),(-465.386261,-3.196057,339.308899),(-464.348877,2.332786,352.496429),(-465.329681,
   -0.139066,353.609894),(-465.743683,-2.345472,348.347137),(-468.431793,-9.120177,351.398865)));
#501=COMPLEX_TRIANGULATED_SURFACE_SET('',#500,12,((-0.937566,0.340863,-0.069153)),(),((3,5,4),(5,3,12),(7,6,8),(8,6,9),(5,12,6),(12,2,1),(2,12,3),(11,10,
   9),(11,9,6),(12,11,6)),());
#502=COORDINATES_LIST('',30,((-464.095886,8.001154,377.006775),(-465.527374,3.968309,376.536102),(-466.723633,0.435201,375.339752),(-467.684692,-2.598171,373.417786),(-468.410553,-5.131804,370.770172),(-468.901184,-7.165699,367.396912),(-469.128815,-7.795068,367.380676),(-469.250061,-8.159606,367.227692),(-469.264923,-8.259313,366.937958),(-469.173431,
   -8.094189,366.511444),(-468.975586,-7.664235,365.948181),(-468.030731,-5.452048,364.042267),(-467.566742,-3.440393,367.667084),(-466.893433,-1.018099,370.478363),(-466.010834,1.814835,372.476074),(-464.918945,5.058406,373.660248),(-463.617737,8.712616,374.030823),(-465.248047,2.609105,366.049316),(-464.988464,3.05908,364.748077),(-464.75119,
   3.455593,363.485443),(-464.536194,3.798645,362.261475),(-464.343475,4.088236,361.076111),(-464.173035,4.324367,359.929382),(-463.15921,7.278418,360.744873),(-463.307037,7.083838,361.789948),(-463.494019,6.805692,362.954132),(-463.720184,6.443978,364.237457),(-463.985535,5.998698,365.639893),(-464.290009,5.469851,367.161469),(-465.248047,
   2.609105,366.049316)));
#503=COMPLEX_TRIANGULATED_SURFACE_SET('',#502,29,((-0.937566,0.340863,-0.069153)),(),((6,12,11),(6,11,10),(9,8,7),(6,10,7),(7,10,9),(22,21,26),(23,22,24),(26,25,
   22),(20,27,21),(24,22,25),(26,21,27),(13,12,6),(13,5,14),(5,13,6),(14,5,4),(4,3,15),(15,2,16),(2,15,
   3),(4,15,14),(28,19,29),(27,20,28),(19,18,29),(28,20,19),(16,1,17),(1,16,2)),());
#504=COORDINATES_LIST('',45,((-464.688019,10.390172,396.810425),(-464.496674,10.503758,394.776031),(-464.342804,10.564531,392.989532),(-464.22641,10.572492,391.450867),(-464.147522,10.52764,390.160065),(-464.10611,10.429978,389.117157),(-467.218018,2.587189,392.650024),(-467.417786,1.52247,390.110443),(-461.03656,17.604767,382.865997),(-460.882507,
   18.425755,384.824219),(-460.873993,18.590803,385.522491),(-460.913605,18.575632,385.984772),(-461.001343,18.380245,386.210999),(-461.137177,18.004639,386.201233),(-461.321106,17.448818,385.955444),(-463.028442,13.145964,387.893707),(-463.091309,13.304749,389.528961),(-463.181732,13.406573,391.256775),(-463.299683,13.451437,393.077179),(-463.44519,
   13.439339,394.990204),(-463.618225,13.370281,396.995789),(-462.067505,16.906565,393.402161),(-461.829773,17.369368,392.460327),(-461.611237,17.781681,391.529633),(-461.411865,18.143503,390.610016),(-461.231659,18.454836,389.701508),(-461.070648,18.715677,388.804108),(-460.446625,20.646742,389.862152),(-460.601532,20.396709,390.72995),(-460.7789,
   20.089499,391.620605),(-460.97876,19.725109,392.534088),(-461.20108,19.303543,393.470428),(-461.445892,18.8248,394.429596),(-461.353973,19.110525,394.591919),(-461.144196,19.525076,393.791138),(-460.941559,19.909725,392.939819),(-460.746094,20.264471,392.037964),(-460.557739,20.589317,391.085541),(-460.376526,20.88426,390.08255),(-459.750092,
   22.828154,391.171204),(-459.893463,22.604214,392.011261),(-460.063385,22.312304,392.876099),(-460.259827,21.952423,393.765717),(-460.482849,21.524578,394.680145),(-460.732361,21.028763,395.619354)));
#505=COMPLEX_TRIANGULATED_SURFACE_SET('',#504,45,((-0.937566,0.340863,-0.069153)),(),((8,7,6),(16,6,17),(17,6,5),(8,6,9),(9,6,16),(18,4,3),(19,3,2),(18,3,
   19),(18,17,4),(28,25,29),(4,17,5),(15,14,11),(15,10,9),(10,15,11),(14,12,11),(15,9,16),(27,26,28),(28,26,
   25),(13,12,14),(20,2,1),(23,22,32),(30,24,23),(20,19,2),(22,33,32),(35,34,44),(21,20,1),(31,23,32),(30,29,
   24),(40,37,41),(38,40,39),(40,38,37),(30,23,31),(44,43,35),(35,43,36),(42,41,37),(42,36,43),(42,37,36),(45,44,
   34),(24,29,25)),());
#506=COORDINATES_LIST('',105,((-452.165436,66.516464,503.684967),(-452.145172,66.61216,503.88208),(-452.117523,66.722778,504.05246),(-452.082489,66.848297,504.196075),(-452.040039,66.988739,504.312988),(-451.990204,67.144089,504.403168),(-451.940125,67.292641,504.45636),(-451.88504,67.448875,504.479401),(-451.824921,67.612778,504.47229),(-451.759796,
   67.784363,504.435028),(-451.689636,67.963623,504.367615),(-451.620789,68.134697,504.277222),(-451.559509,68.281708,504.170959),(-451.505798,68.404655,504.048859),(-451.459656,68.50354,503.910889),(-451.421112,68.578369,503.75708),(-451.39682,68.609779,503.582764),(-451.381622,68.614601,503.400452),(-451.375519,68.592834,503.210052),(-451.378448,
   68.544479,503.011627),(-451.390472,68.469528,502.805176),(-451.410126,68.375641,502.608917),(-451.436005,68.270454,502.441101),(-451.468048,68.153976,502.301727),(-451.506348,68.026199,502.190796),(-451.550812,67.887131,502.108307),(-451.606262,67.722298,502.047455),(-451.665527,67.553406,502.018433),(-451.728607,67.380447,502.021271),(-451.795502,
   67.203438,502.055969),(-451.866241,67.022369,502.122528),(-451.930634,66.862869,502.209381),(-451.98822,66.726173,502.315979),(-452.03894,66.612267,502.442383),(-452.082855,66.521156,502.588501),(-452.119904,66.45285,502.754395),(-452.148651,66.409859,502.932251),(-452.167572,66.39473,503.114227),(-452.176697,66.407455,503.300323),(-452.175964,
   66.448029,503.49057),(-452.165436,66.516464,503.684967),(-452.782959,64.960114,504.386047),(-452.808746,64.789978,503.897156),(-452.808868,64.691383,503.41275),(-452.783325,64.664314,502.932831),(-452.732086,64.708786,502.457367),(-452.655182,64.824791,501.98642),(-452.557434,65.004105,501.545288),(-452.443756,65.238518,501.159454),(-452.314117,
   65.528015,500.828857),(-452.168549,65.872612,500.553528),(-452.006989,66.272301,500.333435),(-451.840149,66.700226,500.180725),(-451.67865,67.129532,500.107422),(-451.522522,67.560226,500.113617),(-451.371765,67.992302,500.199219),(-451.226349,68.425758,500.364319),(-451.094025,68.837082,500.597748),(-450.982513,69.202759,500.888428),(-450.891846,
   69.522781,501.236389),(-450.82196,69.797157,501.641602),(-450.772919,70.025879,502.104095),(-450.747131,70.196014,502.592987),(-450.747009,70.294617,503.077393),(-450.772583,70.321678,503.557312),(-450.823822,70.277214,504.032776),(-450.900726,70.161209,504.503723),(-450.998444,69.981888,504.944855),(-451.112122,69.747482,505.330688),(-451.24176,
   69.457977,505.661285),(-451.38736,69.11338,505.936615),(-451.548889,68.713692,506.156708),(-451.715759,68.285767,506.309418),(-451.877228,67.856461,506.382721),(-452.033356,67.425766,506.376526),(-452.184143,66.993698,506.290924),(-452.329529,66.560234,506.125824),(-452.461853,66.148911,505.892395),(-452.573364,65.783241,505.601715),(-452.664063,
   65.463211,505.253754),(-452.733917,65.188835,504.848511),(-452.782959,64.960114,504.386047),(-454.43985,57.218269,488.689178),(-453.459045,59.690121,487.575684),(-452.391083,65.381805,501.151611),(-452.852844,64.791718,504.503601),(-454.33786,60.904991,505.478699),(-455.683685,57.161201,505.271729),(-456.89035,53.560352,503.88269),(-457.957886,
   50.102444,501.311554),(-458.886261,46.787479,497.558319),(-458.115631,48.241226,494.276062),(-457.350586,51.077572,497.884552),(-456.497284,53.943497,500.442078),(-455.555725,56.839001,501.9487),(-454.525879,59.764091,502.404358),(-453.407776,62.718758,501.809052),(-452.399384,65.337631,501.046265),(-452.929199,62.513878,494.310974),(-452.664276,
   63.925755,497.678619),(-452.797821,64.86203,504.104187),(-452.594452,65.121918,502.627899),(-452.492767,65.251862,501.889771),(-452.696136,64.991974,503.366058),(-453.923828,59.968513,495.249115)));
#507=COMPLEX_TRIANGULATED_SURFACE_SET('',#506,103,((-0.937566,0.340863,-0.069153)),(),((92,91,93),(94,93,90),(90,93,91),(94,90,89),(105,97,100),(88,96,95),(87,97,96),(94,89,
   95),(100,99,105),(88,95,89),(97,45,46),(43,97,87),(97,46,47),(97,43,44),(44,45,97),(43,87,86),(102,104,38),(100,49,
   98),(51,50,85),(48,97,47),(97,48,49),(37,102,38),(87,96,88),(53,52,31),(31,52,51),(32,31,51),(31,30,53),(85,32,
   51),(53,30,54),(54,29,55),(55,28,56),(27,57,56),(57,26,58),(58,25,59),(29,54,30),(32,85,33),(103,34,33),(103,33,
   85),(26,57,27),(26,25,58),(56,28,27),(24,60,59),(24,59,25),(60,24,23),(28,55,29),(103,36,35),(85,50,98),(1,40,
   104),(39,104,40),(2,1,42),(2,42,81),(1,104,101),(3,81,80),(3,2,81),(79,5,4),(78,6,5),(3,80,4),(79,4,
   80),(101,43,86),(6,78,77),(7,6,77),(8,76,75),(77,76,7),(9,75,74),(7,76,8),(8,75,9),(11,10,72),(10,9,
   74),(72,10,73),(10,74,73),(84,105,99),(78,5,79),(20,19,63),(65,18,17),(64,18,65),(19,18,64),(62,61,22),(22,61,
   23),(62,22,21),(20,62,21),(20,63,62),(100,97,49),(19,64,63),(105,84,83),(17,16,66),(61,60,23),(69,14,13),(68,15,
   14),(12,72,71),(72,12,11),(38,104,39),(13,12,70),(12,71,70),(67,66,16),(65,17,66),(36,102,37),(14,69,68),(68,67,
   15),(103,35,34),(36,103,102),(13,70,69),(16,15,67),(1,101,42)),());
#508=COORDINATES_LIST('',21,((-455.684204,60.315079,520.824951),(-455.202423,62.14674,523.321228),(-454.586517,64.254974,525.36261),(-453.836487,66.639786,526.949158),(-452.952393,69.30117,528.08075),(-451.934174,72.239128,528.757507),(-452.501709,71.289459,531.770996),(-453.661652,67.918655,530.882202),(-454.689026,64.780869,529.344604),(-455.583832,
   61.876091,527.158203),(-456.346069,59.204327,524.323059),(-456.975739,56.765568,520.83905),(-456.646973,57.190945,518.478821),(-456.361267,57.965263,518.421936),(-451.203003,70.96537,512.565918),(-451.012604,71.980171,514.986389),(-450.998901,72.157967,515.677002),(-451.03299,72.154549,516.122314),(-451.114868,71.969902,516.322266),(-451.244537,
   71.604042,516.276855),(-451.421967,71.056953,515.986145)));
#509=COMPLEX_TRIANGULATED_SURFACE_SET('',#508,21,((-0.937566,0.340863,-0.069153)),(),((14,13,12),(14,1,15),(1,12,11),(1,14,12),(21,15,1),(15,21,16),(17,20,18),(17,16,
   21),(19,18,20),(20,17,21),(2,11,10),(3,10,9),(10,3,2),(3,9,4),(5,4,8),(5,7,6),(7,5,8),(4,9,
   8),(2,1,11)),());
#510=COORDINATES_LIST('',4,((-452.985992,70.681358,535.3396),(-452.005188,73.153206,534.226135),(-450.393616,81.74221,554.71283),(-451.37442,79.270355,555.826294)));
#511=COMPLEX_TRIANGULATED_SURFACE_SET('',#510,4,((-0.937566,0.340863,-0.069153)),(),((2,1,4),(4,3,2)),());
#512=COORDINATES_LIST('',30,((-448.301453,92.178047,577.787354),(-449.755096,88.027039,577.034851),(-450.978394,84.349907,575.494934),(-451.971313,81.146645,573.167786),(-452.733917,78.417274,570.053284),(-453.266144,76.161774,566.151428),(-453.496643,75.516922,566.098267),(-453.620972,75.135994,565.906189),(-453.639099,75.018997,565.575195),(-453.551025,
   75.165932,565.105347),(-453.35675,75.57679,564.496521),(-452.420715,77.741997,562.478577),(-451.912781,79.987732,566.661682),(-451.20166,82.611633,569.953857),(-450.287323,85.613701,572.35498),(-449.1698,88.993927,573.865112),(-447.84903,92.752327,574.484192),(-449.583374,86.094437,565.180359),(-449.334442,86.487656,563.743774),(-449.107666,
   86.828171,562.347534),(-448.903046,87.115967,560.99176),(-448.720551,87.351067,559.676453),(-448.560211,87.533447,558.40155),(-447.525574,90.598373,559.481506),(-447.664124,90.453255,560.644531),(-447.841034,90.228783,561.936768),(-448.056335,89.92495,563.358093),(-448.309998,89.541756,564.908691),(-448.602081,89.079208,566.588379),(-449.583374,
   86.094437,565.180359)));
#513=COMPLEX_TRIANGULATED_SURFACE_SET('',#512,29,((-0.937566,0.340863,-0.069153)),(),((6,12,11),(6,11,10),(9,8,7),(6,10,7),(7,10,9),(22,21,26),(23,22,24),(26,25,
   22),(20,27,21),(24,22,25),(26,21,27),(13,12,6),(13,5,14),(5,13,6),(14,5,4),(4,3,15),(15,2,16),(2,15,
   3),(4,15,14),(28,19,29),(27,20,28),(19,18,29),(28,20,19),(16,1,17),(1,16,2)),());
#514=COORDINATES_LIST('',12,((-448.671967,96.1903,602.587769),(-449.652771,93.718452,603.701233),(-451.096039,86.026588,585.354431),(-450.115234,88.498436,584.240967),(-449.516388,91.689903,591.853271),(-446.828278,98.464607,588.801575),(-447.311218,95.890846,582.662537),(-446.330414,98.362701,581.549072),(-445.141022,104.7015,596.668518),(-446.121826,
   102.229645,597.781982),(-446.596466,99.700012,591.74823),(-449.284607,92.925301,594.799988)));
#515=COMPLEX_TRIANGULATED_SURFACE_SET('',#514,12,((-0.937566,0.340863,-0.069153)),(),((3,5,4),(5,3,12),(7,6,8),(8,6,9),(5,12,6),(12,2,1),(2,12,3),(11,10,
   9),(11,9,6),(12,11,6)),());
#516=COORDINATES_LIST('',30,((-444.625702,111.768028,624.513794),(-446.079346,107.61702,623.761292),(-447.302643,103.939888,622.221436),(-448.295593,100.736626,619.894226),(-449.058167,98.007256,616.779724),(-449.590393,95.751755,612.877869),(-449.820923,95.106903,612.824707),(-449.945221,94.725975,612.632629),(-449.963348,94.608978,612.301636),(-449.875275,
   94.755913,611.831787),(-449.681,95.166771,611.222961),(-448.744965,97.331978,609.205017),(-448.237061,99.577713,613.388184),(-447.525909,102.201614,616.680298),(-446.611572,105.203682,619.081421),(-445.494049,108.583908,620.591553),(-444.173279,112.342308,621.210632),(-445.907623,105.684418,611.906799),(-445.658691,106.077637,610.470215),(-445.431915,
   106.418152,609.074036),(-445.227295,106.705948,607.718262),(-445.0448,106.94104,606.402893),(-444.88446,107.123428,605.127991),(-443.849823,110.188354,606.207947),(-443.988373,110.043236,607.370972),(-444.165283,109.818764,608.663208),(-444.380585,109.514931,610.084595),(-444.634277,109.131737,611.635132),(-444.926331,108.669189,613.314819),(-445.907623,
   105.684418,611.906799)));
#517=COMPLEX_TRIANGULATED_SURFACE_SET('',#516,29,((-0.937566,0.340863,-0.069153)),(),((6,12,11),(6,11,10),(9,8,7),(6,10,7),(7,10,9),(22,21,26),(23,22,24),(26,25,
   22),(20,27,21),(24,22,25),(26,21,27),(13,12,6),(13,5,14),(5,13,6),(14,5,4),(4,3,15),(15,2,16),(2,15,
   3),(4,15,14),(28,19,29),(27,20,28),(19,18,29),(28,20,19),(16,1,17),(1,16,2)),());
#518=COORDINATES_LIST('',45,((-445.015411,115.235741,646.890381),(-444.843292,115.246864,644.611633),(-444.706482,115.216759,642.608337),(-444.60498,115.145416,640.880493),(-444.538788,115.032837,639.428162),(-444.507904,114.879021,638.251343),(-447.619843,107.036232,641.78418),(-447.848877,105.815536,638.872559),(-441.467621,121.897835,631.628113),(-441.291016,
   122.839096,633.87323),(-441.275024,123.04406,634.666687),(-441.310211,123.052414,635.185059),(-441.396606,122.864166,635.428345),(-441.53418,122.479317,635.396545),(-441.722931,121.897865,635.0896),(-443.430237,117.595009,637.027893),(-443.476593,117.841965,638.873413),(-443.549805,118.035423,640.819824),(-443.649933,118.175377,642.867065),(-443.776947,
   118.261826,645.015076),(-443.930847,118.294777,647.263977),(-442.399506,121.727699,643.423828),(-442.168884,122.152618,642.391663),(-441.957581,122.526443,641.369141),(-441.765533,122.849174,640.356323),(-441.592773,123.120819,639.353149),(-441.439331,123.34137,638.359619),(-440.7966,125.37204,639.655273),(-440.944183,125.161018,640.616089),(-441.114288,
   124.89267,641.599426),(-441.306885,124.566994,642.605286),(-441.521973,124.18399,643.633606),(-441.759552,123.74366,644.684387),(-441.664825,124.044418,644.882568),(-441.460999,124.427246,644.006104),(-441.264954,124.776863,643.071228),(-441.07663,125.093277,642.077942),(-440.896118,125.376472,641.026184),(-440.723328,125.626465,639.915955),(-440.07785,
   127.671844,641.246704),(-440.214081,127.486084,642.177795),(-440.376892,127.232063,643.132996),(-440.566284,126.909767,644.112305),(-440.782288,126.519203,645.115662),(-441.024872,126.060371,646.143066)));
#519=COMPLEX_TRIANGULATED_SURFACE_SET('',#518,45,((-0.937566,0.340863,-0.069153)),(),((8,7,6),(16,6,17),(17,6,5),(8,6,9),(9,6,16),(18,4,3),(19,3,2),(18,3,
   19),(18,17,4),(28,25,29),(4,17,5),(15,14,11),(15,10,9),(10,15,11),(14,12,11),(15,9,16),(27,26,28),(28,26,
   25),(13,12,14),(20,2,1),(23,22,32),(30,24,23),(20,19,2),(22,33,32),(35,34,44),(21,20,1),(31,23,32),(30,29,
   24),(40,37,41),(38,40,39),(40,38,37),(30,23,31),(44,43,35),(35,43,36),(42,41,37),(42,36,43),(42,37,36),(45,44,
   34),(24,29,25)),());
#180=TESSELLATED_GEOMETRIC_SET('note',(#184,#186,#188,#190,#192,#194,#196,#198,#200,#202,#204,#206,#208,#210,#212,#214,#216,#218,#220,#222,#224,#226,#228,#230,#232,#234,
#236,#238,#240,#242,#244,#246,#248,#250,#252,#254,#256,#258,#260,#262,#264,#266,#268,#270,#272,#274,#276,#278,#280,#282,#284,
#286,#288,#290,#292,#294,#296,#298,#300,#302,#304,#306,#308,#310,#312,#314,#316,#318,#320,#322,#324,#326,#328,#330,#332,#334,
#336,#338,#340,#342,#344,#346,#348,#351,#353,#355,#357,#359,#361,#363,#365,#367,#369,#371,#373,#375,#377,#379,#381,#383,#385,
#387,#389,#391,#393,#395,#397,#399,#401,#403,#405,#407,#409,#411,#413,#415,#417,#419,#421,#423,#425,#427,#429,#431,#433,#435,
#437,#439,#441,#443,#445,#447,#449,#451,#453,#455,#457,#459,#461,#463,#465,#467,#469,#471,#473,#475,#477,#479,#481,#483,#485,
#487,#489,#491,#493,#495,#497,#499,#501,#503,#505,#507,#509,#511,#513,#515,#517,#519));
#179=TESSELLATED_ANNOTATION_OCCURRENCE('\X2\8A737D30FF71FF72FF83FF91\X0\1',(#183),#180);
#520=DRAUGHTING_CALLOUT('\X2\8A737D30FF71FF72FF83FF91\X0\1',(#179));
#522=CARTESIAN_POINT('',(0.,0.,0.));
#523=DIRECTION('',(0.,0.,1.));
#524=DIRECTION('',(1.,0.,0.));
#525=AXIS2_PLACEMENT_3D('',#522,#523,#524);
#526=PLANE('',#525);
#521=ANNOTATION_PLANE('\X2\6CE88A18981857DF\X0\1',(#78),#526,(#520));
#528=CARTESIAN_POINT('',(0.,59.,0.));
#529=DIRECTION('',(0.,-1.,0.));
#530=DIRECTION('',(0.,0.,-1.));
#531=AXIS2_PLACEMENT_3D('',#528,#529,#530);
#532=CYLINDRICAL_SURFACE('',#531,20.8);
#533=CARTESIAN_POINT('',(0.,-59.,-20.8));
#534=VERTEX_POINT('',#533);
#535=CARTESIAN_POINT('',(0.,59.,-20.8));
#536=VERTEX_POINT('',#535);
#537=CARTESIAN_POINT('',(0.,-59.,-20.8));
#538=DIRECTION('',(-0.,1.,-0.));
#539=VECTOR('',#538,118.);
#540=LINE('',#537,#539);
#541=EDGE_CURVE('',#534,#536,#540,.T.);
#542=ORIENTED_EDGE('',*,*,#541,.F.);
#543=CARTESIAN_POINT('',(-0.,-59.,20.8));
#544=VERTEX_POINT('',#543);
#545=CARTESIAN_POINT('',(0.,-59.,0.));
#546=DIRECTION('',(0.,1.,0.));
#547=DIRECTION('',(0.,-0.,1.));
#548=AXIS2_PLACEMENT_3D('',#545,#546,#547);
#549=CIRCLE('',#548,20.8);
#550=EDGE_CURVE('',#544,#534,#549,.T.);
#551=ORIENTED_EDGE('',*,*,#550,.F.);
#552=CARTESIAN_POINT('',(0.,-59.,0.));
#553=DIRECTION('',(0.,1.,0.));
#554=DIRECTION('',(0.,-0.,1.));
#555=AXIS2_PLACEMENT_3D('',#552,#553,#554);
#556=CIRCLE('',#555,20.8);
#557=EDGE_CURVE('',#534,#544,#556,.T.);
#558=ORIENTED_EDGE('',*,*,#557,.F.);
#559=ORIENTED_EDGE('',*,*,#541,.T.);
#560=CARTESIAN_POINT('',(-0.,59.,20.8));
#561=VERTEX_POINT('',#560);
#562=CARTESIAN_POINT('',(0.,59.,0.));
#563=DIRECTION('',(0.,1.,0.));
#564=DIRECTION('',(0.,-0.,1.));
#565=AXIS2_PLACEMENT_3D('',#562,#563,#564);
#566=CIRCLE('',#565,20.8);
#567=EDGE_CURVE('',#536,#561,#566,.T.);
#568=ORIENTED_EDGE('',*,*,#567,.T.);
#569=CARTESIAN_POINT('',(0.,59.,0.));
#570=DIRECTION('',(0.,1.,0.));
#571=DIRECTION('',(0.,-0.,1.));
#572=AXIS2_PLACEMENT_3D('',#569,#570,#571);
#573=CIRCLE('',#572,20.8);
#574=EDGE_CURVE('',#561,#536,#573,.T.);
#575=ORIENTED_EDGE('',*,*,#574,.T.);
#576=EDGE_LOOP('',(#542,#551,#558,#559,#568,#575));
#577=FACE_BOUND('',#576,.T.);
#578=ADVANCED_FACE('',(#577),#532,.F.);
#579=CARTESIAN_POINT('',(0.,59.,0.));
#580=DIRECTION('',(0.,1.,0.));
#581=DIRECTION('',(0.,0.,1.));
#582=AXIS2_PLACEMENT_3D('',#579,#580,#581);
#583=PLANE('',#582);
#584=CARTESIAN_POINT('',(-0.,59.,24.3));
#585=VERTEX_POINT('',#584);
#586=CARTESIAN_POINT('',(0.,59.,-24.3));
#587=VERTEX_POINT('',#586);
#588=CARTESIAN_POINT('',(0.,59.,0.));
#589=DIRECTION('',(0.,1.,0.));
#590=DIRECTION('',(0.,-0.,1.));
#591=AXIS2_PLACEMENT_3D('',#588,#589,#590);
#592=CIRCLE('',#591,24.3);
#593=EDGE_CURVE('',#585,#587,#592,.T.);
#594=ORIENTED_EDGE('',*,*,#593,.T.);
#595=CARTESIAN_POINT('',(0.,59.,0.));
#596=DIRECTION('',(0.,1.,0.));
#597=DIRECTION('',(0.,-0.,1.));
#598=AXIS2_PLACEMENT_3D('',#595,#596,#597);
#599=CIRCLE('',#598,24.3);
#600=EDGE_CURVE('',#587,#585,#599,.T.);
#601=ORIENTED_EDGE('',*,*,#600,.T.);
#602=EDGE_LOOP('',(#594,#601));
#603=FACE_BOUND('',#602,.T.);
#604=ORIENTED_EDGE('',*,*,#567,.F.);
#605=ORIENTED_EDGE('',*,*,#574,.F.);
#606=EDGE_LOOP('',(#604,#605));
#607=FACE_BOUND('',#606,.T.);
#608=ADVANCED_FACE('',(#603,#607),#583,.T.);
#609=CARTESIAN_POINT('',(0.,59.,0.));
#610=DIRECTION('',(0.,-1.,0.));
#611=DIRECTION('',(0.,0.,-1.));
#612=AXIS2_PLACEMENT_3D('',#609,#610,#611);
#613=CYLINDRICAL_SURFACE('',#612,24.3);
#614=CARTESIAN_POINT('',(0.,-59.,-24.3));
#615=VERTEX_POINT('',#614);
#616=CARTESIAN_POINT('',(0.,-59.,-24.3));
#617=DIRECTION('',(-0.,1.,-0.));
#618=VECTOR('',#617,118.);
#619=LINE('',#616,#618);
#620=EDGE_CURVE('',#615,#587,#619,.T.);
#621=ORIENTED_EDGE('',*,*,#620,.T.);
#622=ORIENTED_EDGE('',*,*,#593,.F.);
#623=ORIENTED_EDGE('',*,*,#600,.F.);
#624=ORIENTED_EDGE('',*,*,#620,.F.);
#625=CARTESIAN_POINT('',(-0.,-59.,24.3));
#626=VERTEX_POINT('',#625);
#627=CARTESIAN_POINT('',(0.,-59.,0.));
#628=DIRECTION('',(0.,1.,0.));
#629=DIRECTION('',(0.,-0.,1.));
#630=AXIS2_PLACEMENT_3D('',#627,#628,#629);
#631=CIRCLE('',#630,24.3);
#632=EDGE_CURVE('',#615,#626,#631,.T.);
#633=ORIENTED_EDGE('',*,*,#632,.T.);
#634=CARTESIAN_POINT('',(0.,-59.,0.));
#635=DIRECTION('',(0.,1.,0.));
#636=DIRECTION('',(0.,-0.,1.));
#637=AXIS2_PLACEMENT_3D('',#634,#635,#636);
#638=CIRCLE('',#637,24.3);
#639=EDGE_CURVE('',#626,#615,#638,.T.);
#640=ORIENTED_EDGE('',*,*,#639,.T.);
#641=EDGE_LOOP('',(#621,#622,#623,#624,#633,#640));
#642=FACE_BOUND('',#641,.T.);
#643=ADVANCED_FACE('',(#642),#613,.T.);
#644=CARTESIAN_POINT('',(0.,-59.,0.));
#645=DIRECTION('',(0.,1.,0.));
#646=DIRECTION('',(0.,0.,1.));
#647=AXIS2_PLACEMENT_3D('',#644,#645,#646);
#648=PLANE('',#647);
#649=ORIENTED_EDGE('',*,*,#632,.F.);
#650=ORIENTED_EDGE('',*,*,#639,.F.);
#651=EDGE_LOOP('',(#649,#650));
#652=FACE_BOUND('',#651,.T.);
#653=ORIENTED_EDGE('',*,*,#550,.T.);
#654=ORIENTED_EDGE('',*,*,#557,.T.);
#655=EDGE_LOOP('',(#653,#654));
#656=FACE_BOUND('',#655,.T.);
#657=ADVANCED_FACE('',(#652,#656),#648,.F.);
#658=CLOSED_SHELL('',(#578,#608,#643,#657));
#659=MANIFOLD_SOLID_BREP('\X2\FF8EFF9EFF7D\X0\ - \X2\62BC305751FA3057\X0\1',#658);
#660=COLOUR_RGB('',0.039215688,0.490196079,0.709803939);
#661=FILL_AREA_STYLE_COLOUR('',#660);
#662=FILL_AREA_STYLE('',(#661));
#663=SURFACE_STYLE_FILL_AREA(#662);
#664=SURFACE_SIDE_STYLE('',(#663));
#665=SURFACE_STYLE_USAGE(.BOTH.,#664);
#666=PRESENTATION_STYLE_ASSIGNMENT((#665));
#527=STYLED_ITEM('',(#666),#659);
#667=STYLED_ITEM('',(#78),#643);
#668=OVER_RIDING_STYLED_ITEM('',(#666),#643,#667);
#16=SHAPE_REPRESENTATION('\X2\FF83FF9EFF8CFF6BFF99FF84\X0\',(#15),#10);
#17=ADVANCED_BREP_SHAPE_REPRESENTATION('\X2\FF83FF9EFF8CFF6BFF99FF84\X0\',(#659),#10);
#676=SHAPE_REPRESENTATION_RELATIONSHIP('','',#16,#17);
#677=CARTESIAN_POINT('',(0.,0.,0.));
#678=DIRECTION('',(0.,0.,1.));
#679=DIRECTION('',(1.,0.,0.));
#680=AXIS2_PLACEMENT_3D('',#677,#678,#679);
#682=MAPPED_ITEM('',#681,#680);
#681=REPRESENTATION_MAP(#680,#16);
#683=APPLICATION_CONTEXT('Managed model based 3d engineering');
#684=APPLICATION_PROTOCOL_DEFINITION('international standard','ap242_managed_model_based_3d_engineering',2022,#683);
#685=PRODUCT_CONTEXT('',#683,'mechanical');
#686=PRODUCT_DEFINITION_CONTEXT('part definition',#683,'design');
#24=PRODUCT('\X2\FF83FF9EFF8CFF6BFF99FF84\X0\','\X2\FF83FF9EFF8CFF6BFF99FF84\X0\','',(#685));
#687=PRODUCT_RELATED_PRODUCT_CATEGORY('part','',(#24));
#688=PRODUCT_DEFINITION_FORMATION_WITH_SPECIFIED_SOURCE('','',#24,.NOT_KNOWN.);
#25=PRODUCT_DEFINITION('design','',#688,#686);
#23=PRODUCT_DEFINITION_SHAPE('','',#25);
#689=SHAPE_DEFINITION_REPRESENTATION(#23,#16);
#11=DRAUGHTING_MODEL('',(#77,#136,#173,#521,#682),#10);
#690=ID_ATTRIBUTE('SA #691',#691);
#691=SHAPE_ASPECT('\X2\8DDD96E295939694\X0\1@\X2\53584E007A74\X0\1(3.5)','',#23,.T.);
#692=GEOMETRIC_ITEM_SPECIFIC_USAGE('','\X2\8DDD96E295939694\X0\1@\X2\53584E007A74\X0\1(3.5)',#691,#17,#643);
#693=DRAUGHTING_MODEL_ITEM_ASSOCIATION('','',#691,#11,#76);
#694=ID_ATTRIBUTE('SA #695',#695);
#695=SHAPE_ASPECT('\X2\8DDD96E295939694\X0\1@\X2\53584E007A74\X0\1(3.5)','',#23,.T.);
#696=GEOMETRIC_ITEM_SPECIFIC_USAGE('','\X2\8DDD96E295939694\X0\1@\X2\53584E007A74\X0\1(3.5)',#695,#17,#578);
#697=DRAUGHTING_MODEL_ITEM_ASSOCIATION('','',#695,#11,#76);
#698=DRAUGHTING_MODEL_ITEM_ASSOCIATION('','',#691,#11,#110);
#699=DRAUGHTING_MODEL_ITEM_ASSOCIATION('','',#695,#11,#135);
#700=ID_ATTRIBUTE('SA #701',#701);
#701=SHAPE_ASPECT('\X2\8DDD96E295939694\X0\1@\X2\5E739762\X0\2(118)','',#23,.T.);
#702=GEOMETRIC_ITEM_SPECIFIC_USAGE('','\X2\8DDD96E295939694\X0\1@\X2\5E739762\X0\2(118)',#701,#17,#608);
#703=DRAUGHTING_MODEL_ITEM_ASSOCIATION('','',#701,#11,#172);
#704=ID_ATTRIBUTE('SA #705',#705);
#705=SHAPE_ASPECT('\X2\8DDD96E295939694\X0\1@\X2\5E739762\X0\2(118)','',#23,.T.);
#706=GEOMETRIC_ITEM_SPECIFIC_USAGE('','\X2\8DDD96E295939694\X0\1@\X2\5E739762\X0\2(118)',#705,#17,#657);
#707=DRAUGHTING_MODEL_ITEM_ASSOCIATION('','',#705,#11,#172);
#708=DIMENSIONAL_LOCATION('linear distance','',#691,#695);
#709=(LENGTH_UNIT()NAMED_UNIT(*)SI_UNIT(.MILLI.,.METRE.));
#710=VALUE_FORMAT_TYPE_QUALIFIER('NR2 1.1');
#711=(LENGTH_MEASURE_WITH_UNIT()MEASURE_REPRESENTATION_ITEM()MEASURE_WITH_UNIT(POSITIVE_LENGTH_MEASURE(3.5),#709)QUALIFIED_REPRESENTATION_ITEM((#710))REPRESENTATION_ITEM('nominal value'));
#713=DIMENSIONAL_CHARACTERISTIC_REPRESENTATION(#708,#712);
#712=SHAPE_DIMENSION_REPRESENTATION('',(#711),#10);
#714=DRAUGHTING_MODEL_ITEM_ASSOCIATION('PMI representation to presentation link','',#708,#11,#76);
#715=DIMENSIONAL_SIZE(#691,'diameter');
#716=VALUE_FORMAT_TYPE_QUALIFIER('NR2 2.2');
#717=(LENGTH_MEASURE_WITH_UNIT()MEASURE_REPRESENTATION_ITEM()MEASURE_WITH_UNIT(POSITIVE_LENGTH_MEASURE(48.6),#709)QUALIFIED_REPRESENTATION_ITEM((#716))REPRESENTATION_ITEM('nominal value'));
#719=DIMENSIONAL_CHARACTERISTIC_REPRESENTATION(#715,#718);
#718=SHAPE_DIMENSION_REPRESENTATION('',(#717),#10);
#720=DRAUGHTING_MODEL_ITEM_ASSOCIATION('PMI representation to presentation link','',#715,#11,#110);
#721=DIMENSIONAL_SIZE(#695,'diameter');
#722=(LENGTH_MEASURE_WITH_UNIT()MEASURE_REPRESENTATION_ITEM()MEASURE_WITH_UNIT(POSITIVE_LENGTH_MEASURE(41.6),#709)QUALIFIED_REPRESENTATION_ITEM((#710))REPRESENTATION_ITEM('nominal value'));
#724=DIMENSIONAL_CHARACTERISTIC_REPRESENTATION(#721,#723);
#723=SHAPE_DIMENSION_REPRESENTATION('',(#722),#10);
#725=DRAUGHTING_MODEL_ITEM_ASSOCIATION('PMI representation to presentation link','',#721,#11,#135);
#726=DIMENSIONAL_LOCATION('linear distance','',#701,#705);
#727=VALUE_FORMAT_TYPE_QUALIFIER('NR2 3.2');
#728=(LENGTH_MEASURE_WITH_UNIT()MEASURE_REPRESENTATION_ITEM()MEASURE_WITH_UNIT(POSITIVE_LENGTH_MEASURE(118.),#709)QUALIFIED_REPRESENTATION_ITEM((#727))REPRESENTATION_ITEM('nominal value'));
#730=DIMENSIONAL_CHARACTERISTIC_REPRESENTATION(#726,#729);
#729=SHAPE_DIMENSION_REPRESENTATION('',(#728),#10);
#731=DRAUGHTING_MODEL_ITEM_ASSOCIATION('PMI representation to presentation link','',#726,#11,#172);
#732=INVISIBILITY((#76,#110,#135,#172,#520));
#734=CARTESIAN_POINT('',(-235.70473671,65.731636047,343.240106583));
#735=DIRECTION('',(-0.93756599,0.34086351,-0.069152601));
#736=DIRECTION('',(0.07235719,0.385629541,0.919812097));
#737=AXIS2_PLACEMENT_3D('\X2\73FE5728306EFF93FF83FF9EFF99\X0\ \X2\FF8BFF9EFF6DFF70\X0\',#734,#735,#736);
#738=CARTESIAN_POINT('',(-785.01387526,-796.357933891,1958.60351187));
#739=DIRECTION('',(-0.93756599,0.34086351,-0.069152601));
#740=DIRECTION('',(0.07235719,0.385629541,0.919812097));
#741=AXIS2_PLACEMENT_3D('\X2\73FE5728306EFF93FF83FF9EFF99\X0\ \X2\FF8BFF9EFF6DFF70\X0\',#738,#739,#740);
#743=CARTESIAN_POINT('\X2\73FE5728306EFF93FF83FF9EFF99\X0\ \X2\FF8BFF9EFF6DFF70\X0\',(-1907.659666108,454.574675837,-218.339843613));
#744=PLANAR_BOX('',1242.893554688,1242.893554688,#741);
#742=VIEW_VOLUME(.PARALLEL.,#743,1958.603515625,0.,.F.,0.,.F.,.F.,#744);
#733=CAMERA_MODEL_D3('\X2\73FE5728306EFF93FF83FF9EFF99\X0\ \X2\FF8BFF9EFF6DFF70\X0\',#737,#742);
#745=DRAUGHTING_MODEL('\X2\73FE5728306EFF93FF83FF9EFF99\X0\ \X2\FF8BFF9EFF6DFF70\X0\',(#733,#520,#76,#172,#110,#135),#10);
#746=MECHANICAL_DESIGN_AND_DRAUGHTING_RELATIONSHIP('\X2\73FE5728306EFF93FF83FF9EFF99\X0\ \X2\FF8BFF9EFF6DFF70\X0\','',#745,#11);
#1=MECHANICAL_DESIGN_GEOMETRIC_PRESENTATION_REPRESENTATION('',(#527,#667,#668),#10);
ENDSEC;
END-ISO-10303-21;
