ISO-10303-21;
HEADER;

/* File generated by SOLIDWORKS MBD Version 2026 */

FILE_DESCRIPTION(('HOOPS Exchange Step'),'2;1');

FILE_NAME('C:\\Users\\yu061\\OneDrive - \X2\5B6668216CD54EBA95A267715B669662\X0\\\\X2\30C730B930AF30C830C330D7\X0\\\\X2\30C730B930AF30C830C330D7\X0\\\\X2\5352781495A24FC2\X0\\\\X2\53527814\X0\\\2026\X2\5E745EA630004E0951716280781430C730FC30BF\X0\\\STEP\X2\30D530A130A430EB\X0\\\\X2\30D730E930F330C88A2D50993000\X0\STEP\X2\30D530A130A430EB\X0\\\40A-\X2\96D175286C347BA1\X0\-5.STP',
'2026-09-29T10:54:39+09:00',
('yu061'),
('None'),
'HOOPS Exchange 2025.5',
'SOLIDWORKS MBD',
'None');

FILE_SCHEMA( ('AP242_MANAGED_MODEL_BASED_3D_ENGINEERING_MIM_LF {1 0 10303 442 4 1 4}') );

ENDSEC;

DATA;
#3=(NAMED_UNIT(*)PLANE_ANGLE_UNIT()SI_UNIT($,.RADIAN.));
#4=PLANE_ANGLE_MEASURE_WITH_UNIT(PLANE_ANGLE_MEASURE(0.0174532925),#3);
#5=(CONVERSION_BASED_UNIT('DEGREE',#4)NAMED_UNIT(#6)PLANE_ANGLE_UNIT());
#6=DIMENSIONAL_EXPONENTS(0.,0.,0.,0.,0.,0.,0.);
#7=(NAMED_UNIT(*)SI_UNIT($,.STERADIAN.)SOLID_ANGLE_UNIT());
#8=(LENGTH_UNIT()NAMED_UNIT(*)SI_UNIT(.MILLI.,.METRE.));
#9=UNCERTAINTY_MEASURE_WITH_UNIT(LENGTH_MEASURE(1.000000E-03),#8,'DISTANCE_ACCURACY_VALUE','Maximum Tolerance applied to model');
#10=(GEOMETRIC_REPRESENTATION_CONTEXT(3)GLOBAL_UNCERTAINTY_ASSIGNED_CONTEXT((#9))GLOBAL_UNIT_ASSIGNED_CONTEXT((#8,#5,#7))REPRESENTATION_CONTEXT('','\X2\FF83FF9EFF8CFF6BFF99FF84\X0\'));
#12=CARTESIAN_POINT('',(0.,0.,0.));
#13=DIRECTION('',(0.,0.,1.));
#14=DIRECTION('',(1.,0.,0.));
#15=AXIS2_PLACEMENT_3D('',#12,#13,#14);
#28=COLOUR_RGB('',1.,0.501960814,0.250980407);
#29=DRAUGHTING_PRE_DEFINED_CURVE_FONT('continuous');
#30=CURVE_STYLE('',#29,POSITIVE_LENGTH_MEASURE(0.100000),#28);
#31=PRESENTATION_STYLE_ASSIGNMENT((#30));
#32=COORDINATES_LIST('',3,((-30.,18.988264,77.786858),(-26.698,18.988264,77.278854),(-26.698,18.988264,78.294853)));
#33=COMPLEX_TRIANGULATED_SURFACE_SET('',#32,3,((0.,-1.,0.)),(),((3,1,2)),());
#34=COORDINATES_LIST('',3,((30.,18.988264,77.786858),(26.698,18.988264,78.294853),(26.698,18.988264,77.278854)));
#35=COMPLEX_TRIANGULATED_SURFACE_SET('',#34,3,((-0.,-1.,0.)),(),((1,2,3)),());
#37=COORDINATES_LIST('',2,((-30.,18.988264,1.),(-30.,18.988264,78.786858)));
#36=TESSELLATED_CURVE_SET('',#37,((1,2)));
#39=COORDINATES_LIST('',2,((30.,18.988264,1.),(30.,18.988264,78.786858)));
#38=TESSELLATED_CURVE_SET('',#39,((1,2)));
#41=COORDINATES_LIST('',2,((-30.,18.988264,77.786858),(30.,18.988264,77.786858)));
#40=TESSELLATED_CURVE_SET('',#41,((1,2)));
#43=COORDINATES_LIST('',2,((-10.440686,18.988264,77.301506),(-8.662686,18.988264,72.856499)));
#42=TESSELLATED_CURVE_SET('',#43,((1,2)));
#45=COORDINATES_LIST('',122,((-7.995936,18.988264,75.079002),(-7.998034,18.988264,74.998253),(-8.004319,18.988264,74.917725),(-8.014775,18.988264,74.837624),(-8.029376,18.988264,74.758179),(-8.048079,18.988264,74.679596),(-8.070837,18.988264,74.602089),(-8.097587,18.988264,74.525871),(-8.128256,18.988264,74.451149),(-8.162763,
   18.988264,74.378113),(-8.201014,18.988264,74.306961),(-8.242907,18.988264,74.2379),(-8.288326,18.988264,74.171104),(-8.337153,18.988264,74.10675),(-8.389254,18.988264,74.045029),(-8.444488,18.988264,73.986084),(-8.502707,18.988264,73.930092),(-8.563753,18.988264,73.87719),(-8.627463,18.988264,73.827538),(-8.693666,
   18.988264,73.78125),(-8.76218,18.988264,73.738464),(-8.832824,18.988264,73.699295),(-8.905404,18.988264,73.663841),(-8.979728,18.988264,73.632202),(-9.055593,18.988264,73.604469),(-9.132795,18.988264,73.580704),(-9.211127,18.988264,73.560982),(-9.290378,18.988264,73.545357),(-9.370332,18.988264,73.533859),(-9.450775,
   18.988264,73.526527),(-9.53149,18.988264,73.523384),(-9.61226,18.988264,73.524429),(-9.692866,18.988264,73.529671),(-9.773092,18.988264,73.539085),(-9.852721,18.988264,73.552658),(-9.93154,18.988264,73.570335),(-10.009333,18.988264,73.592087),(-10.085893,18.988264,73.617844),(-10.161012,18.988264,73.647545),(-10.234488,
   18.988264,73.681099),(-10.306125,18.988264,73.718422),(-10.375728,18.988264,73.759415),(-10.443109,18.988264,73.803963),(-10.508086,18.988264,73.851952),(-10.570486,18.988264,73.903244),(-10.630139,18.988264,73.95771),(-10.686885,18.988264,74.015198),(-10.74057,18.988264,74.075554),(-10.791051,18.988264,74.138611),(-10.83819,
   18.988264,74.204208),(-10.881861,18.988264,74.272163),(-10.921947,18.988264,74.342293),(-10.958338,18.988264,74.414406),(-10.990936,18.988264,74.488312),(-11.019656,18.988264,74.563812),(-11.044417,18.988264,74.640694),(-11.065155,18.988264,74.718765),(-11.081813,18.988264,74.797806),(-11.094345,18.988264,74.877602),(-11.102719,
   18.988264,74.957947),(-11.106912,18.988264,75.038612),(-11.106912,18.988264,75.119392),(-11.102719,18.988264,75.200058),(-11.094345,18.988264,75.280403),(-11.081813,18.988264,75.360199),(-11.065155,18.988264,75.43924),(-11.044417,18.988264,75.517311),(-11.019656,18.988264,75.594193),(-10.990936,18.988264,75.669693),(-10.958338,
   18.988264,75.743599),(-10.921947,18.988264,75.815712),(-10.881861,18.988264,75.885841),(-10.83819,18.988264,75.953796),(-10.791051,18.988264,76.019394),(-10.74057,18.988264,76.082451),(-10.686885,18.988264,76.142807),(-10.630139,18.988264,76.200294),(-10.570486,18.988264,76.254761),(-10.508086,18.988264,76.306053),(-10.443109,
   18.988264,76.354042),(-10.375728,18.988264,76.39859),(-10.306125,18.988264,76.439583),(-10.234488,18.988264,76.476906),(-10.161012,18.988264,76.51046),(-10.085893,18.988264,76.540161),(-10.009333,18.988264,76.565918),(-9.93154,18.988264,76.587669),(-9.852721,18.988264,76.605347),(-9.773092,18.988264,76.618919),(-9.692866,
   18.988264,76.628334),(-9.61226,18.988264,76.633575),(-9.53149,18.988264,76.634621),(-9.450775,18.988264,76.631477),(-9.370332,18.988264,76.624146),(-9.290378,18.988264,76.612648),(-9.211127,18.988264,76.597023),(-9.132795,18.988264,76.577301),(-9.055593,18.988264,76.553535),(-8.979728,18.988264,76.525803),(-8.905404,
   18.988264,76.494164),(-8.832824,18.988264,76.45871),(-8.76218,18.988264,76.41954),(-8.693666,18.988264,76.376755),(-8.627463,18.988264,76.330467),(-8.563753,18.988264,76.280815),(-8.502707,18.988264,76.227913),(-8.444488,18.988264,76.171921),(-8.389254,18.988264,76.112976),(-8.337153,18.988264,76.051254),(-8.288326,
   18.988264,75.9869),(-8.242907,18.988264,75.920105),(-8.201014,18.988264,75.851036),(-8.162763,18.988264,75.779892),(-8.128256,18.988264,75.706856),(-8.097587,18.988264,75.632133),(-8.070837,18.988264,75.555916),(-8.048079,18.988264,75.478409),(-8.029376,18.988264,75.399826),(-8.014775,18.988264,75.320381),(-8.004319,
   18.988264,75.24028),(-7.998034,18.988264,75.159752),(-7.995936,18.988264,75.079002)));
#44=TESSELLATED_CURVE_SET('',#45,((1,2,3,4,5,6,7,8,9,10,11,12,13,14,15,16,17,18,19,20,21,22,23,24,25,26,27,28,
   29,30,31,32,33,34,35,36,37,38,39,40,41,42,43,44,45,46,47,48,49,50,51,52,53,54,55,56,57,58,
   59,60,61,62,63,64,65,66,67,68,69,70,71,72,73,74,75,76,77,78,79,80,81,82,83,84,85,86,87,88,
   89,90,91,92,93,94,95,96,97,98,99,100,101,102,103,104,105,106,107,108,109,110,111,112,113,114,115,116,117,118,
   119,120,121,122)));
#46=COORDINATES_LIST('',85,((-4.344423,18.988264,72.7808),(-3.809864,18.988264,73.093597),(-4.387765,18.988264,74.412437),(-4.225086,18.988264,74.426643),(-4.072231,18.988264,74.469254),(-3.9292,18.988264,74.540268),(-3.795994,18.988264,74.639687),(-3.672612,18.988264,74.767509),(-3.565989,18.988264,74.916306),(-3.48306,
   18.988264,75.078621),(-3.423826,18.988264,75.254471),(-3.388284,18.988264,75.44384),(-3.376437,18.988264,75.646736),(-3.388573,18.988264,75.843552),(-3.424981,18.988264,76.028191),(-3.485661,18.988264,76.200653),(-3.570612,18.988264,76.360939),(-3.679836,18.988264,76.509056),(-3.806107,18.988264,76.636887),(-3.942203,
   18.988264,76.736305),(-4.088123,18.988264,76.80732),(-4.243868,18.988264,76.84993),(-4.409437,18.988264,76.864128),(-4.585119,18.988264,76.849419),(-4.748087,18.988264,76.80529),(-4.898342,18.988264,76.731735),(-5.035882,18.988264,76.628769),(-5.160709,18.988264,76.496376),(-5.267333,18.988264,76.345047),(-5.350261,
   18.988264,76.185265),(-5.409496,18.988264,76.017029),(-5.445037,18.988264,75.84034),(-5.456884,18.988264,75.65519),(-5.455151,18.988264,75.584007),(-5.449949,18.988264,75.512489),(-5.441281,18.988264,75.440628),(-5.429145,18.988264,75.368431),(-5.413541,18.988264,75.295891),(-5.391003,18.988264,75.21524),(-5.358063,
   18.988264,75.118698),(-5.31472,18.988264,75.006256),(-5.260975,18.988264,74.877922),(-5.196828,18.988264,74.733696),(-4.423884,18.988264,75.114128),(-4.493666,18.988264,75.120049),(-4.558536,18.988264,75.137802),(-4.618493,18.988264,75.167389),(-4.673538,18.988264,75.208817),(-4.723671,18.988264,75.262077),(-4.766581,
   18.988264,75.324471),(-4.799954,18.988264,75.393288),(-4.823792,18.988264,75.468529),(-4.838096,18.988264,75.550194),(-4.842864,18.988264,75.638283),(-4.837807,18.988264,75.723671),(-4.822637,18.988264,75.803986),(-4.797354,18.988264,75.879227),(-4.761957,18.988264,75.949394),(-4.716447,18.988264,76.014488),(-4.664292,
   18.988264,76.070793),(-4.608958,18.988264,76.114586),(-4.550445,18.988264,76.145866),(-4.488754,18.988264,76.164635),(-4.423884,18.988264,76.170891),(-4.356414,18.988264,76.164803),(-4.292701,18.988264,76.146545),(-4.232743,18.988264,76.116112),(-4.176542,18.988264,76.073502),(-4.124098,18.988264,76.018723),(-4.078588,
   18.988264,75.954803),(-4.043191,18.988264,75.884804),(-4.017908,18.988264,75.808716),(-4.002738,18.988264,75.726547),(-3.997682,18.988264,75.638283),(-4.002594,18.988264,75.550194),(-4.01733,18.988264,75.468529),(-4.041891,18.988264,75.393288),(-4.076276,18.988264,75.324471),(-4.120486,18.988264,75.262077),(-4.171919,
   18.988264,75.208817),(-4.227976,18.988264,75.167389),(-4.288655,18.988264,75.137802),(-4.353959,18.988264,75.120049),(-4.423884,18.988264,75.114128),(-4.098814,18.988264,73.753021)));
#47=COMPLEX_TRIANGULATED_SURFACE_SET('',#46,84,((0.,1.,0.)),(),((55,30,29),(57,56,28),(29,28,56),(27,57,28),(54,33,32),(30,55,31),(55,29,56),(32,31,
   54),(55,54,31),(27,26,58),(61,25,24),(63,62,24),(23,64,63),(63,24,23),(61,24,62),(57,27,58),(59,26,60),(61,60,
   25),(26,59,58),(25,60,26),(36,35,54),(36,54,37),(39,38,54),(54,38,37),(40,39,53),(53,41,40),(41,52,42),(42,51,
   43),(35,34,54),(54,53,39),(51,50,43),(52,51,42),(53,52,41),(43,48,3),(49,48,43),(3,46,45),(3,47,46),(3,48,
   47),(50,49,43),(34,33,54),(3,45,44),(3,85,1),(65,23,22),(67,66,22),(22,66,65),(67,22,21),(68,67,21),(20,70,
   69),(19,71,70),(69,68,20),(21,20,68),(19,18,71),(72,18,17),(18,72,71),(17,16,73),(72,17,73),(74,73,15),(14,13,
   74),(14,74,15),(16,15,73),(74,13,12),(19,70,20),(82,81,4),(5,79,6),(80,79,5),(81,80,5),(3,83,4),(3,44,
   83),(2,1,85),(4,83,82),(81,5,4),(3,1,43),(79,78,6),(8,77,76),(74,11,75),(11,74,12),(76,75,9),(11,10,
   75),(78,7,6),(76,9,8),(8,7,77),(9,75,10),(78,77,7),(64,23,65)),());
#48=COORDINATES_LIST('',102,((-1.816102,18.988264,72.7808),(-1.675527,18.988264,72.789078),(-1.542754,18.988264,72.813934),(-1.417783,18.988264,72.855362),(-1.300613,18.988264,72.913353),(-1.191246,18.988264,72.987923),(-1.090546,18.988264,73.079735),(-0.999382,18.988264,73.189468),(-0.917754,18.988264,73.317123),(-0.84566,
   18.988264,73.462708),(-0.783102,18.988264,73.626205),(-0.731091,18.988264,73.811859),(-0.690638,18.988264,74.023888),(-0.661743,18.988264,74.262291),(-0.644406,18.988264,74.527077),(-0.638627,18.988264,74.818237),(-0.64455,18.988264,75.115479),(-0.662321,18.988264,75.385002),(-0.691938,18.988264,75.626785),(-0.733403,
   18.988264,75.840843),(-0.786714,18.988264,76.027176),(-0.84985,18.988264,76.190506),(-0.920787,18.988264,76.335579),(-0.999527,18.988264,76.462387),(-1.086067,18.988264,76.570938),(-1.18041,18.988264,76.661232),(-1.283854,18.988264,76.734276),(-1.397701,18.988264,76.791084),(-1.52195,18.988264,76.831665),(-1.656601,
   18.988264,76.85601),(-1.801654,18.988264,76.864128),(-1.946997,18.988264,76.855843),(-2.082515,18.988264,76.830986),(-2.208209,18.988264,76.789566),(-2.324078,18.988264,76.731567),(-2.430123,18.988264,76.657005),(-2.526921,18.988264,76.565872),(-2.615052,18.988264,76.45816),(-2.694513,18.988264,76.333885),(-2.765306,
   18.988264,76.193039),(-2.82743,18.988264,76.035629),(-2.879441,18.988264,75.856064),(-2.919895,18.988264,75.648766),(-2.94879,18.988264,75.413742),(-2.966127,18.988264,75.150986),(-2.971906,18.988264,74.860504),(-2.960637,18.988264,74.454712),(-2.92683,18.988264,74.096252),(-2.870484,18.988264,73.785141),(-2.7916,
   18.988264,73.521378),(-2.690179,18.988264,73.304955),(-2.555816,18.988264,73.116257),(-2.401228,18.988264,72.96949),(-2.226412,18.988264,72.864662),(-2.03137,18.988264,72.801765),(-1.816102,18.988264,72.7808),(-1.801654,18.988264,73.482491),(-1.863923,18.988264,73.487221),(-1.923592,18.988264,73.501427),(-1.98066,
   18.988264,73.525093),(-2.035127,18.988264,73.558235),(-2.086993,18.988264,73.600845),(-2.135104,18.988264,73.655289),(-2.178302,18.988264,73.723938),(-2.216588,18.988264,73.806786),(-2.249962,18.988264,73.903839),(-2.278424,18.988264,74.015099),(-2.301829,18.988264,74.144272),(-2.320032,18.988264,74.295097),(-2.333035,
   18.988264,74.46756),(-2.340837,18.988264,74.661667),(-2.343437,18.988264,74.877411),(-2.33737,18.988264,75.153358),(-2.319165,18.988264,75.392776),(-2.288826,18.988264,75.595673),(-2.24635,18.988264,75.762054),(-2.191738,18.988264,75.891907),(-2.127591,18.988264,75.99234),(-2.056509,18.988264,76.070457),(-1.978492,
   18.988264,76.126251),(-1.893541,18.988264,76.159737),(-1.801654,18.988264,76.170891),(-1.712947,18.988264,76.160408),(-1.631751,18.988264,76.12896),(-1.558069,18.988264,76.076546),(-1.491899,18.988264,76.003166),(-1.433242,18.988264,75.908813),(-1.37603,18.988264,75.762726),(-1.331531,18.988264,75.581474),(-1.299747,
   18.988264,75.365044),(-1.280676,18.988264,75.113457),(-1.274319,18.988264,74.826691),(-1.280098,18.988264,74.541107),(-1.297435,18.988264,74.293068),(-1.32633,18.988264,74.082558),(-1.366783,18.988264,73.909592),(-1.418794,18.988264,73.774155),(-1.480341,18.988264,73.669151),(-1.5494,18.988264,73.587486),(-1.625972,
   18.988264,73.529152),(-1.710057,18.988264,73.494156),(-1.801654,18.988264,73.482491)));
#49=COMPLEX_TRIANGULATED_SURFACE_SET('',#48,100,((0.,1.,0.)),(),((42,41,75),(41,40,75),(39,38,76),(76,40,39),(37,77,38),(73,45,44),(74,73,44),(73,72,
   45),(42,74,43),(43,74,44),(45,72,46),(37,36,77),(34,79,35),(33,79,34),(32,31,81),(33,32,80),(32,81,80),(74,42,
   75),(75,40,76),(80,79,33),(77,36,78),(79,78,35),(38,77,76),(78,36,35),(46,71,47),(71,46,72),(47,71,70),(48,70,
   69),(47,70,48),(48,69,68),(49,67,50),(49,48,68),(50,66,51),(65,52,51),(64,53,52),(49,68,67),(64,52,65),(65,51,
   66),(63,62,54),(63,54,53),(63,53,64),(54,61,55),(61,54,62),(55,61,60),(58,55,59),(1,55,58),(57,1,58),(59,55,
   60),(66,50,67),(82,81,31),(31,83,82),(83,31,30),(83,30,84),(85,84,29),(29,84,30),(85,29,28),(27,86,85),(26,87,
   86),(22,89,88),(20,90,89),(88,87,24),(27,85,28),(87,26,25),(87,25,24),(88,23,22),(88,24,23),(89,22,21),(92,91,
   17),(89,21,20),(90,20,19),(18,91,90),(17,91,18),(19,18,90),(92,17,16),(26,86,27),(99,98,5),(100,99,4),(8,97,
   96),(6,98,97),(5,98,6),(57,101,2),(2,101,3),(57,2,1),(100,3,101),(100,4,3),(99,5,4),(96,95,10),(13,94,
   14),(14,94,93),(94,13,12),(93,15,14),(93,92,15),(92,16,15),(8,7,97),(6,97,7),(10,95,11),(96,9,8),(9,96,
   10),(95,12,11),(94,12,95)),());
#50=COORDINATES_LIST('',41,((0.134317,18.988264,76.010262),(0.190518,18.988264,76.014999),(0.243541,18.988264,76.029205),(0.293385,18.988264,76.052872),(0.34005,18.988264,76.086014),(0.383537,18.988264,76.128624),(0.421245,18.988264,76.178329),(0.450574,18.988264,76.23278),(0.471523,18.988264,76.291954),(0.484092,
   18.988264,76.355865),(0.488282,18.988264,76.424515),(0.484092,18.988264,76.490288),(0.471523,18.988264,76.552345),(0.450574,18.988264,76.610672),(0.421245,18.988264,76.665291),(0.383537,18.988264,76.716179),(0.34005,18.988264,76.760315),(0.293385,18.988264,76.79464),(0.24354,18.988264,76.819153),(0.190518,
   18.988264,76.833862),(0.134317,18.988264,76.838768),(0.07566,18.988264,76.833862),(0.021048,18.988264,76.819153),(-0.029518,18.988264,76.79464),(-0.076039,18.988264,76.760315),(-0.118515,18.988264,76.716179),(-0.154923,18.988264,76.665291),(-0.18324,18.988264,76.610672),(-0.203467,18.988264,76.552345),(-0.215603,
   18.988264,76.490288),(-0.219648,18.988264,76.424515),(-0.215603,18.988264,76.355865),(-0.203467,18.988264,76.291954),(-0.18324,18.988264,76.23278),(-0.154923,18.988264,76.178329),(-0.118515,18.988264,76.128624),(-0.076039,18.988264,76.086014),(-0.029518,18.988264,76.052872),(0.021048,18.988264,76.029205),(0.07566,
   18.988264,76.014999),(0.134317,18.988264,76.010262)));
#51=COMPLEX_TRIANGULATED_SURFACE_SET('',#50,40,((0.,1.,0.)),(),((28,27,30),(30,29,28),(30,27,31),(31,27,21),(23,22,25),(25,24,23),(25,22,26),(27,26,
   21),(1,31,16),(33,32,35),(33,35,34),(35,32,36),(32,40,36),(38,37,39),(36,39,37),(36,40,39),(31,40,32),(31,1,
   40),(21,26,22),(21,20,17),(18,17,20),(18,20,19),(21,17,16),(11,16,15),(14,13,12),(14,12,15),(11,1,16),(12,11,
   15),(11,6,5),(2,4,3),(4,2,5),(5,2,1),(10,7,6),(7,9,8),(9,7,10),(10,6,11),(11,5,1),(16,31,
   21)),());
#52=COORDINATES_LIST('',102,((2.063065,18.988264,72.7808),(2.20364,18.988264,72.789078),(2.336412,18.988264,72.813934),(2.461384,18.988264,72.855362),(2.578553,18.988264,72.913353),(2.687921,18.988264,72.987923),(2.788621,18.988264,73.079735),(2.879785,18.988264,73.189468),(2.961413,18.988264,73.317123),(3.033507,
   18.988264,73.462708),(3.096065,18.988264,73.626205),(3.148076,18.988264,73.811859),(3.188529,18.988264,74.023888),(3.217424,18.988264,74.262291),(3.234761,18.988264,74.527077),(3.24054,18.988264,74.818237),(3.234617,18.988264,75.115479),(3.216846,18.988264,75.385002),(3.187228,18.988264,75.626785),(3.145764,
   18.988264,75.840843),(3.092453,18.988264,76.027176),(3.029317,18.988264,76.190506),(2.958379,18.988264,76.335579),(2.87964,18.988264,76.462387),(2.793099,18.988264,76.570938),(2.698757,18.988264,76.661232),(2.595313,18.988264,76.734276),(2.481466,18.988264,76.791084),(2.357217,18.988264,76.831665),(2.222566,
   18.988264,76.85601),(2.077512,18.988264,76.864128),(1.93217,18.988264,76.855843),(1.796652,18.988264,76.830986),(1.670958,18.988264,76.789566),(1.555089,18.988264,76.731567),(1.449044,18.988264,76.657005),(1.352245,18.988264,76.565872),(1.264115,18.988264,76.45816),(1.184654,18.988264,76.333885),(1.113861,
   18.988264,76.193039),(1.051736,18.988264,76.035629),(0.999725,18.988264,75.856064),(0.959272,18.988264,75.648766),(0.930377,18.988264,75.413742),(0.91304,18.988264,75.150986),(0.907261,18.988264,74.860504),(0.91853,18.988264,74.454712),(0.952337,18.988264,74.096252),(1.008683,18.988264,73.785141),(1.087566,
   18.988264,73.521378),(1.188988,18.988264,73.304955),(1.32335,18.988264,73.116257),(1.477939,18.988264,72.96949),(1.652754,18.988264,72.864662),(1.847796,18.988264,72.801765),(2.063065,18.988264,72.7808),(2.077512,18.988264,73.482491),(2.015243,18.988264,73.487221),(1.955575,18.988264,73.501427),(1.898507,
   18.988264,73.525093),(1.84404,18.988264,73.558235),(1.792173,18.988264,73.600845),(1.744063,18.988264,73.655289),(1.700865,18.988264,73.723938),(1.662579,18.988264,73.806786),(1.629205,18.988264,73.903839),(1.600743,18.988264,74.015099),(1.577338,18.988264,74.144272),(1.559134,18.988264,74.295097),(1.546131,
   18.988264,74.46756),(1.53833,18.988264,74.661667),(1.535729,18.988264,74.877411),(1.541797,18.988264,75.153358),(1.560001,18.988264,75.392776),(1.590341,18.988264,75.595673),(1.632817,18.988264,75.762054),(1.687428,18.988264,75.891907),(1.751576,18.988264,75.99234),(1.822658,18.988264,76.070457),(1.900674,
   18.988264,76.126251),(1.985626,18.988264,76.159737),(2.077512,18.988264,76.170891),(2.16622,18.988264,76.160408),(2.247416,18.988264,76.12896),(2.321098,18.988264,76.076546),(2.387268,18.988264,76.003166),(2.445925,18.988264,75.908813),(2.503137,18.988264,75.762726),(2.547636,18.988264,75.581474),(2.57942,
   18.988264,75.365044),(2.598491,18.988264,75.113457),(2.604848,18.988264,74.826691),(2.599069,18.988264,74.541107),(2.581732,18.988264,74.293068),(2.552837,18.988264,74.082558),(2.512384,18.988264,73.909592),(2.460372,18.988264,73.774155),(2.398826,18.988264,73.669151),(2.329767,18.988264,73.587486),(2.253195,
   18.988264,73.529152),(2.16911,18.988264,73.494156),(2.077512,18.988264,73.482491)));
#53=COMPLEX_TRIANGULATED_SURFACE_SET('',#52,100,((0.,1.,0.)),(),((42,41,75),(41,40,75),(39,38,76),(76,40,39),(37,77,38),(72,46,45),(73,72,45),(74,44,
   43),(42,74,43),(45,44,73),(46,72,71),(37,36,77),(34,79,35),(33,79,34),(80,32,81),(32,80,33),(81,32,31),(80,79,
   33),(73,44,74),(74,42,75),(79,78,35),(76,38,77),(77,36,78),(40,76,75),(36,35,78),(48,47,70),(71,47,46),(70,47,
   71),(69,68,48),(70,69,48),(48,68,49),(51,50,66),(67,50,49),(53,52,64),(51,65,52),(50,67,66),(49,68,67),(63,53,
   64),(64,52,65),(62,61,54),(63,62,54),(63,54,53),(61,55,54),(55,61,60),(55,60,59),(58,1,55),(1,57,2),(57,1,
   58),(58,55,59),(65,51,66),(31,83,82),(83,31,30),(31,82,81),(84,30,29),(30,84,83),(85,29,28),(85,84,29),(27,86,
   85),(24,88,87),(22,89,88),(87,86,26),(85,28,27),(87,26,25),(87,25,24),(88,23,22),(88,24,23),(89,22,21),(91,90,
   18),(89,21,20),(90,89,20),(19,18,90),(17,91,18),(90,20,19),(91,17,92),(26,86,27),(5,98,6),(99,98,5),(10,96,
   95),(8,97,96),(6,98,97),(2,101,3),(3,101,100),(101,2,57),(100,4,3),(100,99,4),(99,5,4),(95,94,12),(94,14,
   13),(15,93,92),(13,12,94),(93,15,14),(15,92,16),(92,17,16),(8,7,97),(6,97,7),(10,95,11),(96,9,8),(9,96,
   10),(95,12,11),(94,93,14)),());
#27=TESSELLATED_GEOMETRIC_SET('diameter dimension',(#33,#35,#36,#38,#40,#42,#44,#47,#49,#51,#53));
#26=TESSELLATED_ANNOTATION_OCCURRENCE('\X2\76F45F84\X0\2@\X2\FF8EFF9EFF7D\X0\1(60)',(#31),#27);
#54=DRAUGHTING_CALLOUT('\X2\76F45F84\X0\2@\X2\FF8EFF9EFF7D\X0\1(60)',(#26));
#57=COORDINATES_LIST('',3,((-44.126259,-6.4,-30.),(-44.634262,-6.4,-33.301998),(-43.618259,-6.4,-33.301998)));
#58=COMPLEX_TRIANGULATED_SURFACE_SET('',#57,3,((-0.,-1.,0.)),(),((3,1,2)),());
#59=COORDINATES_LIST('',3,((-44.126259,-6.4,-24.5),(-43.618259,-6.4,-21.198),(-44.634262,-6.4,-21.198)));
#60=COMPLEX_TRIANGULATED_SURFACE_SET('',#59,3,((-0.,-1.,0.)),(),((2,3,1)),());
#62=COORDINATES_LIST('',2,((-1.,-6.4,-30.),(-45.126259,-6.4,-30.)));
#61=TESSELLATED_CURVE_SET('',#62,((1,2)));
#64=COORDINATES_LIST('',2,((-1.,-6.4,-24.5),(-45.126259,-6.4,-24.5)));
#63=TESSELLATED_CURVE_SET('',#64,((1,2)));
#66=COORDINATES_LIST('',2,((0.,0.,0.),(0.,0.,0.)));
#65=TESSELLATED_CURVE_SET('',#66,((1,2)));
#68=COORDINATES_LIST('',2,((0.,0.,0.),(0.,0.,0.)));
#67=TESSELLATED_CURVE_SET('',#68,((1,2)));
#70=COORDINATES_LIST('',2,((0.,0.,0.),(0.,0.,0.)));
#69=TESSELLATED_CURVE_SET('',#70,((1,2)));
#72=COORDINATES_LIST('',2,((0.,0.,0.),(0.,0.,0.)));
#71=TESSELLATED_CURVE_SET('',#72,((1,2)));
#74=COORDINATES_LIST('',2,((0.,0.,0.),(0.,0.,0.)));
#73=TESSELLATED_CURVE_SET('',#74,((1,2)));
#76=COORDINATES_LIST('',2,((0.,0.,0.),(0.,0.,0.)));
#75=TESSELLATED_CURVE_SET('',#76,((1,2)));
#78=COORDINATES_LIST('',2,((0.,0.,0.),(0.,0.,0.)));
#77=TESSELLATED_CURVE_SET('',#78,((1,2)));
#80=COORDINATES_LIST('',2,((0.,0.,0.),(0.,0.,0.)));
#79=TESSELLATED_CURVE_SET('',#80,((1,2)));
#82=COORDINATES_LIST('',2,((0.,0.,0.),(0.,0.,0.)));
#81=TESSELLATED_CURVE_SET('',#82,((1,2)));
#84=COORDINATES_LIST('',2,((0.,0.,0.),(0.,0.,0.)));
#83=TESSELLATED_CURVE_SET('',#84,((1,2)));
#86=COORDINATES_LIST('',2,((-1.,-6.4,-24.5),(0.,-6.4,-24.5)));
#85=TESSELLATED_CURVE_SET('',#86,((1,2)));
#88=COORDINATES_LIST('',2,((0.,-6.4,-24.5),(0.,-6.5,0.)));
#87=TESSELLATED_CURVE_SET('',#88,((1,2)));
#90=COORDINATES_LIST('',2,((-44.126259,-6.4,-30.),(-44.126259,-6.4,-42.065678)));
#89=TESSELLATED_CURVE_SET('',#90,((1,2)));
#92=COORDINATES_LIST('',2,((-44.126259,-6.4,-30.),(-44.126259,-6.4,-24.5)));
#91=TESSELLATED_CURVE_SET('',#92,((1,2)));
#94=COORDINATES_LIST('',2,((-44.126259,-6.4,-24.5),(-44.126259,-6.4,-18.15)));
#93=TESSELLATED_CURVE_SET('',#94,((1,2)));
#95=COORDINATES_LIST('',87,((-48.985851,-6.4,-35.080288),(-48.985851,-6.4,-36.6334),(-48.301067,-6.4,-36.6334),(-48.301067,-6.4,-35.549835),(-47.590923,-6.4,-35.412582),(-47.600391,-6.4,-35.435555),(-47.608509,-6.4,-35.458237),(-47.615273,-6.4,-35.480629),(-47.620682,-6.4,-35.502735),(-47.624741,
   -6.4,-35.524551),(-47.627785,-6.4,-35.546078),(-47.63015,-6.4,-35.567318),(-47.63184,-6.4,-35.588264),(-47.632854,-6.4,-35.608925),(-47.633194,-6.4,-35.629295),(-47.618652,-6.4,-35.804977),(-47.575031,-6.4,-35.967945),(-47.502323,-6.4,-36.118202),(-47.400536,-6.4,-36.255741),(-47.269669,
   -6.4,-36.380569),(-47.116478,-6.4,-36.48719),(-46.947735,-6.4,-36.570122),(-46.763435,-6.4,-36.629356),(-46.56358,-6.4,-36.664898),(-46.348171,-6.4,-36.676743),(-46.128532,-6.4,-36.663597),(-45.92276,-6.4,-36.624153),(-45.73085,-6.4,-36.558418),(-45.552807,-6.4,-36.466389),(-45.38863,
   -6.4,-36.348061),(-45.247108,-6.4,-36.210667),(-45.137035,-6.4,-36.06142),(-45.058411,-6.4,-35.900333),(-45.011238,-6.4,-35.727394),(-44.995514,-6.4,-35.54261),(-45.00684,-6.4,-35.379498),(-45.040825,-6.4,-35.225342),(-45.097469,-6.4,-35.080143),(-45.176769,-6.4,-34.943905),(-45.278725,
   -6.4,-34.81662),(-45.400295,-6.4,-34.702343),(-45.538437,-6.4,-34.60511),(-45.693146,-6.4,-34.524925),(-45.864426,-6.4,-34.461788),(-46.052277,-6.4,-34.415703),(-46.052277,-6.4,-35.080288),(-45.984642,-6.4,-35.113808),(-45.923775,-6.4,-35.150795),(-45.869667,-6.4,-35.191246),(-45.822323,
   -6.4,-35.235168),(-45.781746,-6.4,-35.282555),(-45.748268,-6.4,-35.332832),(-45.722229,-6.4,-35.385422),(-45.703629,-6.4,-35.440323),(-45.692471,-6.4,-35.497536),(-45.688751,-6.4,-35.55706),(-45.69585,-6.4,-35.638397),(-45.717155,-6.4,-35.714825),(-45.752663,-6.4,-35.786343),(-45.802372,
   -6.4,-35.852943),(-45.866287,-6.4,-35.914635),(-45.941021,-6.4,-35.967945),(-46.023193,-6.4,-36.009411),(-46.112808,-6.4,-36.039028),(-46.209862,-6.4,-36.056801),(-46.314354,-6.4,-36.062721),(-46.418678,-6.4,-36.057232),(-46.515224,-6.4,-36.040764),(-46.603992,-6.4,-36.013313),(-46.684982,
   -6.4,-35.97488),(-46.758194,-6.4,-35.925472),(-46.820583,-6.4,-35.868259),(-46.86911,-6.4,-35.806423),(-46.903774,-6.4,-35.739964),(-46.924572,-6.4,-35.668884),(-46.931503,-6.4,-35.593178),(-46.929134,-6.4,-35.552723),(-46.922035,-6.4,-35.512272),(-46.910198,-6.4,-35.471817),(-46.893627,
   -6.4,-35.431366),(-46.872326,-6.4,-35.390911),(-46.845947,-6.4,-35.350746),(-46.814159,-6.4,-35.311161),(-46.776962,-6.4,-35.272152),(-46.734352,-6.4,-35.233723),(-46.686333,-6.4,-35.195869),(-46.821598,-6.4,-34.675758)));
#96=COMPLEX_TRIANGULATED_SURFACE_SET('',#95,87,((0.,1.,0.)),(),((41,46,42),(48,40,39),(46,41,40),(49,48,39),(46,45,44),(43,42,46),(47,40,48),(44,43,
   46),(47,46,40),(39,38,49),(53,37,36),(55,35,56),(35,55,36),(56,35,57),(54,36,55),(49,38,50),(50,38,51),(53,52,
   37),(54,53,36),(51,37,52),(38,37,51),(84,83,5),(85,84,5),(86,85,87),(1,87,5),(5,83,82),(87,85,5),(81,80,
   5),(5,80,79),(81,5,82),(1,5,4),(7,6,78),(7,78,8),(78,6,5),(5,79,78),(8,78,77),(77,9,8),(77,10,
   9),(10,77,11),(11,76,12),(76,11,77),(1,4,2),(58,57,34),(33,59,58),(59,33,60),(33,58,34),(57,35,34),(32,61,
   60),(31,62,61),(29,64,63),(63,62,30),(60,33,32),(31,30,62),(29,28,64),(29,63,30),(28,65,64),(66,65,26),(24,67,
   66),(26,25,66),(26,65,27),(65,28,27),(68,67,22),(31,61,32),(25,24,66),(75,74,16),(17,72,18),(73,72,17),(74,73,
   16),(13,76,14),(76,13,12),(14,76,15),(75,15,76),(75,16,15),(73,17,16),(72,71,18),(20,70,69),(22,21,68),(67,23,
   22),(67,24,23),(69,68,21),(70,20,19),(18,71,19),(4,3,2),(21,20,69),(19,71,70)),());
#97=COORDINATES_LIST('',41,((-45.849377,-6.4,-37.543598),(-45.844643,-6.4,-37.599796),(-45.830441,-6.4,-37.652821),(-45.80677,-6.4,-37.702663),(-45.773628,-6.4,-37.749329),(-45.731018,-6.4,-37.792816),(-45.681309,-6.4,-37.830524),(-45.626865,-6.4,-37.859852),(-45.567688,-6.4,-37.880802),(-45.503773,
   -6.4,-37.893372),(-45.435127,-6.4,-37.89756),(-45.369354,-6.4,-37.893372),(-45.307301,-6.4,-37.880802),(-45.248966,-6.4,-37.859852),(-45.194355,-6.4,-37.830524),(-45.143459,-6.4,-37.792816),(-45.099331,-6.4,-37.749329),(-45.065006,-6.4,-37.702663),(-45.040489,-6.4,-37.652821),(-45.02578,
   -6.4,-37.599796),(-45.020874,-6.4,-37.543598),(-45.02578,-6.4,-37.48494),(-45.040489,-6.4,-37.430328),(-45.065006,-6.4,-37.379761),(-45.099331,-6.4,-37.333241),(-45.143459,-6.4,-37.290764),(-45.194355,-6.4,-37.254356),(-45.248966,-6.4,-37.22604),(-45.307301,-6.4,-37.205814),(-45.369354,
   -6.4,-37.193676),(-45.435127,-6.4,-37.189632),(-45.503773,-6.4,-37.193676),(-45.567688,-6.4,-37.205814),(-45.626865,-6.4,-37.22604),(-45.681309,-6.4,-37.254356),(-45.731018,-6.4,-37.290764),(-45.773628,-6.4,-37.333241),(-45.80677,-6.4,-37.379761),(-45.830441,-6.4,-37.430328),(-45.844643,
   -6.4,-37.48494),(-45.849377,-6.4,-37.543598)));
#98=COMPLEX_TRIANGULATED_SURFACE_SET('',#97,40,((0.,1.,0.)),(),((31,30,27),(30,29,28),(30,28,27),(27,26,21),(21,26,22),(25,24,23),(25,23,22),(26,25,
   22),(31,27,21),(35,32,36),(33,35,34),(35,33,32),(32,31,40),(37,36,39),(37,39,38),(39,36,40),(36,32,40),(40,31,
   1),(31,21,16),(20,19,18),(16,21,17),(17,20,18),(31,16,1),(15,14,12),(12,11,15),(12,14,13),(15,11,16),(1,16,
   11),(5,4,2),(5,2,1),(2,4,3),(1,11,5),(10,9,7),(10,7,6),(7,9,8),(5,11,6),(11,10,6),(21,20,
   17)),());
#99=COORDINATES_LIST('',87,((-48.985851,-6.4,-38.959457),(-48.985851,-6.4,-40.512566),(-48.301067,-6.4,-40.512566),(-48.301067,-6.4,-39.429001),(-47.590923,-6.4,-39.291748),(-47.600391,-6.4,-39.31472),(-47.608509,-6.4,-39.337402),(-47.615273,-6.4,-39.359798),(-47.620682,-6.4,-39.381901),(-47.624741,
   -6.4,-39.403717),(-47.627785,-6.4,-39.425243),(-47.63015,-6.4,-39.446484),(-47.63184,-6.4,-39.46743),(-47.632854,-6.4,-39.488091),(-47.633194,-6.4,-39.508461),(-47.618652,-6.4,-39.684147),(-47.575031,-6.4,-39.847115),(-47.502323,-6.4,-39.997368),(-47.400536,-6.4,-40.134907),(-47.269669,
   -6.4,-40.259735),(-47.116478,-6.4,-40.36636),(-46.947735,-6.4,-40.449287),(-46.763435,-6.4,-40.508522),(-46.56358,-6.4,-40.544064),(-46.348171,-6.4,-40.555912),(-46.128532,-6.4,-40.542763),(-45.92276,-6.4,-40.503323),(-45.73085,-6.4,-40.437584),(-45.552807,-6.4,-40.345554),(-45.38863,
   -6.4,-40.22723),(-45.247108,-6.4,-40.089832),(-45.137035,-6.4,-39.94059),(-45.058411,-6.4,-39.779499),(-45.011238,-6.4,-39.606564),(-44.995514,-6.4,-39.421776),(-45.00684,-6.4,-39.258663),(-45.040825,-6.4,-39.104511),(-45.097469,-6.4,-38.959312),(-45.176769,-6.4,-38.823071),(-45.278725,
   -6.4,-38.695789),(-45.400295,-6.4,-38.581509),(-45.538437,-6.4,-38.484276),(-45.693146,-6.4,-38.404091),(-45.864426,-6.4,-38.340958),(-46.052277,-6.4,-38.294868),(-46.052277,-6.4,-38.959457),(-45.984642,-6.4,-38.992973),(-45.923775,-6.4,-39.029961),(-45.869667,-6.4,-39.070412),(-45.822323,
   -6.4,-39.114334),(-45.781746,-6.4,-39.16172),(-45.748268,-6.4,-39.211998),(-45.722229,-6.4,-39.264587),(-45.703629,-6.4,-39.319489),(-45.692471,-6.4,-39.376701),(-45.688751,-6.4,-39.436226),(-45.69585,-6.4,-39.517567),(-45.717155,-6.4,-39.593994),(-45.752663,-6.4,-39.665508),(-45.802372,
   -6.4,-39.732109),(-45.866287,-6.4,-39.7938),(-45.941021,-6.4,-39.847115),(-46.023193,-6.4,-39.888577),(-46.112808,-6.4,-39.918194),(-46.209862,-6.4,-39.935966),(-46.314354,-6.4,-39.941891),(-46.418678,-6.4,-39.936398),(-46.515224,-6.4,-39.91993),(-46.603992,-6.4,-39.892479),(-46.684982,
   -6.4,-39.85405),(-46.758194,-6.4,-39.804638),(-46.820583,-6.4,-39.747425),(-46.86911,-6.4,-39.685589),(-46.903774,-6.4,-39.619133),(-46.924572,-6.4,-39.54805),(-46.931503,-6.4,-39.472343),(-46.929134,-6.4,-39.431892),(-46.922035,-6.4,-39.391438),(-46.910198,-6.4,-39.350986),(-46.893627,
   -6.4,-39.310532),(-46.872326,-6.4,-39.270077),(-46.845947,-6.4,-39.229916),(-46.814159,-6.4,-39.190327),(-46.776962,-6.4,-39.151318),(-46.734352,-6.4,-39.112888),(-46.686333,-6.4,-39.075035),(-46.821598,-6.4,-38.554924)));
#100=COMPLEX_TRIANGULATED_SURFACE_SET('',#99,87,((0.,1.,0.)),(),((41,46,42),(48,40,39),(46,41,40),(49,48,39),(46,45,44),(43,42,46),(47,40,48),(44,43,
   46),(47,46,40),(39,38,49),(53,37,36),(55,35,56),(35,55,36),(56,35,57),(54,36,55),(49,38,50),(50,38,51),(53,52,
   37),(54,53,36),(51,37,52),(38,37,51),(84,83,5),(85,84,5),(86,85,87),(1,87,5),(5,83,82),(87,85,5),(81,80,
   5),(5,80,79),(81,5,82),(1,5,4),(7,6,78),(7,78,8),(78,6,5),(5,79,78),(8,78,77),(77,9,8),(77,10,
   9),(10,77,11),(11,76,12),(76,11,77),(1,4,2),(58,57,34),(33,59,58),(59,33,60),(33,58,34),(57,35,34),(32,61,
   60),(31,62,61),(29,64,63),(63,62,30),(60,33,32),(31,30,62),(29,28,64),(29,63,30),(28,65,64),(66,65,26),(24,67,
   66),(26,25,66),(26,65,27),(65,28,27),(68,67,22),(31,61,32),(25,24,66),(75,74,16),(17,72,18),(73,72,17),(74,73,
   16),(13,76,14),(76,13,12),(14,76,15),(75,15,76),(75,16,15),(73,17,16),(72,71,18),(20,70,69),(22,21,68),(67,23,
   22),(67,24,23),(69,68,21),(70,20,19),(18,71,19),(4,3,2),(21,20,69),(19,71,70)),());
#56=TESSELLATED_GEOMETRIC_SET('linear dimension',(#58,#60,#61,#63,#65,#67,#69,#71,#73,#75,#77,#79,#81,#83,#85,#87,#89,#91,#93,#96,#98,#100));
#55=TESSELLATED_ANNOTATION_OCCURRENCE('\X2\8DDD96E295939694\X0\1@\X2\53584E007A74\X0\1(5.5)',(#31),#56);
#101=DRAUGHTING_CALLOUT('\X2\8DDD96E295939694\X0\1@\X2\53584E007A74\X0\1(5.5)',(#55));
#104=COORDINATES_LIST('',3,((-17.5,19.1,57.371284),(-14.198,19.1,56.863285),(-14.198,19.1,57.879284)));
#105=COMPLEX_TRIANGULATED_SURFACE_SET('',#104,3,((-0.,-1.,0.)),(),((3,1,2)),());
#106=COORDINATES_LIST('',3,((17.5,19.1,57.371284),(14.198,19.1,57.879284),(14.198,19.1,56.863285)));
#107=COMPLEX_TRIANGULATED_SURFACE_SET('',#106,3,((0.,-1.,0.)),(),((1,2,3)),());
#109=COORDINATES_LIST('',2,((-17.5,19.1,1.),(-17.5,19.1,58.371284)));
#108=TESSELLATED_CURVE_SET('',#109,((1,2)));
#111=COORDINATES_LIST('',2,((17.5,19.1,1.),(17.5,19.1,58.371284)));
#110=TESSELLATED_CURVE_SET('',#111,((1,2)));
#113=COORDINATES_LIST('',2,((-17.5,19.1,57.371284),(17.5,19.1,57.371284)));
#112=TESSELLATED_CURVE_SET('',#113,((1,2)));
#115=COORDINATES_LIST('',2,((-5.346062,19.1,56.885933),(-3.568062,19.1,52.440933)));
#114=TESSELLATED_CURVE_SET('',#115,((1,2)));
#117=COORDINATES_LIST('',122,((-2.901312,19.1,54.663433),(-2.903409,19.1,54.582684),(-2.909694,19.1,54.502151),(-2.920151,19.1,54.422054),(-2.934751,19.1,54.342609),(-2.953455,19.1,54.264027),(-2.976213,19.1,54.186523),(-3.002962,19.1,54.110306),(-3.033631,19.1,54.035576),(-3.068138,
   19.1,53.962543),(-3.106389,19.1,53.891396),(-3.148282,19.1,53.82233),(-3.193702,19.1,53.755535),(-3.242528,19.1,53.691185),(-3.294629,19.1,53.629456),(-3.349863,19.1,53.570515),(-3.408082,19.1,53.514523),(-3.469129,19.1,53.461624),(-3.532839,19.1,53.411964),(-3.599041,
   19.1,53.365681),(-3.667556,19.1,53.322899),(-3.738199,19.1,53.283726),(-3.81078,19.1,53.248272),(-3.885103,19.1,53.216637),(-3.960968,19.1,53.1889),(-4.038171,19.1,53.165138),(-4.116503,19.1,53.145416),(-4.195753,19.1,53.129787),(-4.275707,19.1,53.11829),(-4.356151,
   19.1,53.110958),(-4.436866,19.1,53.107815),(-4.517636,19.1,53.108864),(-4.598242,19.1,53.114101),(-4.678468,19.1,53.12352),(-4.758097,19.1,53.137085),(-4.836915,19.1,53.15477),(-4.914708,19.1,53.176517),(-4.991268,19.1,53.202274),(-5.066387,19.1,53.231972),(-5.139864,
   19.1,53.26553),(-5.211501,19.1,53.302853),(-5.281103,19.1,53.343845),(-5.348484,19.1,53.388393),(-5.413462,19.1,53.436382),(-5.475862,19.1,53.487675),(-5.535514,19.1,53.542141),(-5.59226,19.1,53.599628),(-5.645946,19.1,53.659985),(-5.696426,19.1,53.723042),(-5.743565,
   19.1,53.788639),(-5.787236,19.1,53.85659),(-5.827322,19.1,53.92672),(-5.863713,19.1,53.998837),(-5.896312,19.1,54.072742),(-5.925031,19.1,54.148239),(-5.949793,19.1,54.225128),(-5.970531,19.1,54.303196),(-5.987188,19.1,54.382236),(-5.999721,19.1,54.462036),(-6.008095,
   19.1,54.542377),(-6.012288,19.1,54.623047),(-6.012288,19.1,54.703823),(-6.008095,19.1,54.784489),(-5.999721,19.1,54.86483),(-5.987188,19.1,54.94463),(-5.970531,19.1,55.02367),(-5.949793,19.1,55.101738),(-5.925031,19.1,55.178627),(-5.896312,19.1,55.254124),(-5.863713,
   19.1,55.328033),(-5.827322,19.1,55.400146),(-5.787236,19.1,55.470276),(-5.743565,19.1,55.538227),(-5.696426,19.1,55.603825),(-5.645946,19.1,55.666885),(-5.59226,19.1,55.727238),(-5.535514,19.1,55.784725),(-5.475862,19.1,55.839191),(-5.413462,19.1,55.890484),(-5.348484,
   19.1,55.938473),(-5.281103,19.1,55.983021),(-5.211501,19.1,56.024014),(-5.139864,19.1,56.06134),(-5.066387,19.1,56.094894),(-4.991268,19.1,56.124592),(-4.914708,19.1,56.150349),(-4.836915,19.1,56.1721),(-4.758097,19.1,56.189781),(-4.678468,19.1,56.20335),(-4.598242,
   19.1,56.212765),(-4.517636,19.1,56.218002),(-4.436866,19.1,56.219051),(-4.356151,19.1,56.215908),(-4.275707,19.1,56.208576),(-4.195753,19.1,56.197083),(-4.116503,19.1,56.18145),(-4.038171,19.1,56.161728),(-3.960968,19.1,56.137966),(-3.885103,19.1,56.110229),(-3.81078,
   19.1,56.078594),(-3.738199,19.1,56.04314),(-3.667556,19.1,56.003971),(-3.599041,19.1,55.961185),(-3.532839,19.1,55.914902),(-3.469129,19.1,55.865242),(-3.408082,19.1,55.812347),(-3.349863,19.1,55.756351),(-3.294629,19.1,55.697411),(-3.242528,19.1,55.635681),(-3.193702,
   19.1,55.571331),(-3.148282,19.1,55.504536),(-3.106389,19.1,55.435471),(-3.068138,19.1,55.364326),(-3.033631,19.1,55.29129),(-3.002962,19.1,55.216564),(-2.976213,19.1,55.140343),(-2.953455,19.1,55.06284),(-2.934751,19.1,54.984257),(-2.920151,19.1,54.904812),(-2.909694,
   19.1,54.824715),(-2.903409,19.1,54.744183),(-2.901312,19.1,54.663433)));
#116=TESSELLATED_CURVE_SET('',#117,((1,2,3,4,5,6,7,8,9,10,11,12,13,14,15,16,17,18,19,20,21,22,23,24,25,26,27,28,
   29,30,31,32,33,34,35,36,37,38,39,40,41,42,43,44,45,46,47,48,49,50,51,52,53,54,55,56,57,58,
   59,60,61,62,63,64,65,66,67,68,69,70,71,72,73,74,75,76,77,78,79,80,81,82,83,84,85,86,87,88,
   89,90,91,92,93,94,95,96,97,98,99,100,101,102,103,104,105,106,107,108,109,110,111,112,113,114,115,116,117,118,
   119,120,121,122)));
#118=COORDINATES_LIST('',129,((-1.005175,19.1,53.421989),(-1.611972,19.1,53.421989),(-1.5877,19.1,53.25629),(-1.549559,19.1,53.104115),(-1.497548,19.1,52.965469),(-1.431667,19.1,52.840347),(-1.351917,19.1,52.728752),(-1.224489,19.1,52.597885),(-1.084926,19.1,52.496098),(-0.933227,
   19.1,52.423389),(-0.769391,19.1,52.379768),(-0.59342,19.1,52.365227),(-0.434064,19.1,52.377399),(-0.285398,19.1,52.413921),(-0.147424,19.1,52.474792),(-0.020142,19.1,52.560009),(0.09645,19.1,52.669575),(0.196572,19.1,52.795712),(0.274444,19.1,52.930637),(0.330067,
   19.1,53.074356),(0.363441,19.1,53.226868),(0.374566,19.1,53.388172),(0.369653,19.1,53.490974),(0.354917,19.1,53.589718),(0.330356,19.1,53.684406),(0.295971,19.1,53.775032),(0.251761,19.1,53.861603),(0.198305,19.1,53.9431),(0.136181,19.1,54.018513),(0.065388,
   19.1,54.087837),(-0.014073,19.1,54.151073),(-0.102204,19.1,54.208221),(0.01381,19.1,54.255394),(0.119133,19.1,54.315758),(0.213764,19.1,54.389309),(0.297704,19.1,54.476048),(0.370954,19.1,54.575977),(0.432067,19.1,54.686047),(0.479599,19.1,54.803223),(0.513551,
   19.1,54.927498),(0.533922,19.1,55.058876),(0.540712,19.1,55.197353),(0.527565,19.1,55.400589),(0.488123,19.1,55.590977),(0.422387,19.1,55.768513),(0.330356,19.1,55.933197),(0.212031,19.1,56.085033),(0.07319,19.1,56.215904),(-0.080388,19.1,56.317692),(-0.248702,
   19.1,56.390396),(-0.431752,19.1,56.434017),(-0.629539,19.1,56.448559),(-0.813456,19.1,56.434864),(-0.983793,19.1,56.393776),(-1.140549,19.1,56.325298),(-1.283724,19.1,56.229431),(-1.413319,19.1,56.106167),(-1.524998,19.1,55.959236),(-1.614428,19.1,55.792351),(-1.68161,
   19.1,55.605518),(-1.726541,19.1,55.398727),(-1.749224,19.1,55.171989),(-1.120756,19.1,55.171989),(-1.102118,19.1,55.287304),(-1.075101,19.1,55.389767),(-1.039705,19.1,55.479382),(-0.995929,19.1,55.556145),(-0.943773,19.1,55.620056),(-0.884683,19.1,55.671795),(-0.820102,
   19.1,55.71204),(-0.750032,19.1,55.740784),(-0.674471,19.1,55.75803),(-0.59342,19.1,55.763779),(-0.507024,19.1,55.757183),(-0.426984,19.1,55.7374),(-0.353302,19.1,55.70443),(-0.285976,19.1,55.658272),(-0.225008,19.1,55.598923),(-0.172997,19.1,55.529766),(-0.132543,
   19.1,55.454189),(-0.103648,19.1,55.372185),(-0.086311,19.1,55.283752),(-0.080532,19.1,55.1889),(-0.088334,19.1,55.08728),(-0.111739,19.1,54.992088),(-0.150747,19.1,54.90332),(-0.205359,19.1,54.820976),(-0.275574,19.1,54.745056),(-0.360815,19.1,54.679283),(-0.460503,
   19.1,54.627377),(-0.574638,19.1,54.589333),(-0.703222,19.1,54.565155),(-0.846252,19.1,54.55484),(-0.846252,19.1,53.920784),(-0.758556,19.1,53.912159),(-0.680394,19.1,53.899815),(-0.611769,19.1,53.883755),(-0.552678,19.1,53.863972),(-0.503123,19.1,53.840469),(-0.460358,
   19.1,53.813416),(-0.421639,19.1,53.782982),(-0.386965,19.1,53.749165),(-0.356336,19.1,53.711967),(-0.329752,19.1,53.671387),(-0.307648,19.1,53.628269),(-0.290455,19.1,53.583462),(-0.278175,19.1,53.536964),(-0.270807,19.1,53.488777),(-0.26835,19.1,53.4389),(-0.272107,
   19.1,53.377014),(-0.283376,19.1,53.319866),(-0.302158,19.1,53.267448),(-0.328452,19.1,53.219769),(-0.362259,19.1,53.176823),(-0.402134,19.1,53.140301),(-0.446633,19.1,53.111893),(-0.495755,19.1,53.091602),(-0.5495,19.1,53.07943),(-0.607868,19.1,53.075371),(-0.661757,
   19.1,53.079262),(-0.713624,19.1,53.090927),(-0.763468,19.1,53.110371),(-0.811289,19.1,53.137592),(-0.857088,19.1,53.172592),(-0.898841,19.1,53.21368),(-0.934527,19.1,53.259163),(-0.964144,19.1,53.309044),(-0.987694,19.1,53.363319),(-1.005175,19.1,53.421989)));
#119=COMPLEX_TRIANGULATED_SURFACE_SET('',#118,128,((-0.,1.,0.)),(),((57,65,58),(58,64,59),(66,57,56),(55,54,68),(69,68,54),(54,70,69),(56,55,67),(67,55,
   68),(61,60,63),(63,62,61),(60,64,63),(65,57,66),(64,60,59),(64,58,65),(56,67,66),(53,52,72),(72,71,53),(52,73,
   72),(53,71,70),(52,74,73),(74,52,51),(75,74,51),(95,93,92),(95,94,93),(97,92,91),(92,96,95),(97,96,92),(91,90,
   98),(100,90,32),(70,54,53),(2,1,3),(128,6,1),(1,4,3),(7,128,127),(9,126,125),(8,127,126),(9,125,124),(5,1,
   6),(7,6,128),(5,4,1),(126,9,8),(8,7,127),(9,124,10),(123,122,10),(10,124,123),(98,97,91),(98,90,99),(32,101,
   100),(13,116,14),(99,90,100),(121,120,11),(12,120,119),(120,12,11),(121,11,122),(118,117,13),(13,12,118),(117,116,13),(118,12,
   119),(116,115,14),(122,11,10),(75,51,50),(76,50,77),(50,76,75),(49,78,77),(77,50,49),(80,79,48),(78,48,79),(47,81,
   80),(81,46,82),(87,86,33),(32,89,88),(88,87,32),(43,83,82),(85,84,36),(83,39,84),(86,85,34),(48,78,49),(32,90,
   89),(46,81,47),(45,82,46),(82,45,44),(43,42,83),(83,42,41),(82,44,43),(40,83,41),(35,85,36),(34,85,35),(33,86,
   34),(38,84,39),(84,38,37),(36,84,37),(83,40,39),(47,80,48),(33,32,87),(103,102,32),(105,104,32),(103,32,104),(107,106,
   31),(105,31,106),(29,108,107),(108,28,109),(101,32,102),(15,114,113),(114,14,115),(15,14,114),(15,113,16),(18,111,110),(113,112,
   16),(111,17,112),(20,110,109),(31,105,32),(107,30,29),(28,108,29),(109,28,27),(25,109,26),(109,25,24),(109,27,26),(23,109,
   24),(18,110,19),(17,111,18),(16,112,17),(21,109,22),(109,21,20),(19,110,20),(109,23,22),(107,31,30)),());
#120=COORDINATES_LIST('',87,((1.472579,19.1,52.458221),(3.025691,19.1,52.458221),(3.025691,19.1,53.143005),(1.942124,19.1,53.143005),(1.804873,19.1,53.853149),(1.827845,19.1,53.843681),(1.850527,19.1,53.835564),(1.872921,19.1,53.8288),(1.895026,19.1,53.823391),(1.916841,
   19.1,53.819332),(1.938368,19.1,53.816288),(1.959606,19.1,53.813923),(1.980555,19.1,53.812233),(2.001215,19.1,53.811218),(2.021586,19.1,53.810879),(2.197268,19.1,53.82542),(2.360237,19.1,53.869041),(2.510491,19.1,53.94175),(2.648032,19.1,54.043537),(2.772859,
   19.1,54.174404),(2.879482,19.1,54.327595),(2.96241,19.1,54.496338),(3.021645,19.1,54.680637),(3.057186,19.1,54.880493),(3.069033,19.1,55.095901),(3.055886,19.1,55.31554),(3.016444,19.1,55.521313),(2.950708,19.1,55.713223),(2.858677,19.1,55.891266),(2.740352,
   19.1,56.055443),(2.602956,19.1,56.196964),(2.453712,19.1,56.307037),(2.292622,19.1,56.385662),(2.119685,19.1,56.432835),(1.934901,19.1,56.448559),(1.771788,19.1,56.437233),(1.617633,19.1,56.403248),(1.472435,19.1,56.346603),(1.336194,19.1,56.267303),(1.208911,
   19.1,56.165348),(1.094631,19.1,56.043777),(0.997399,19.1,55.905636),(0.917215,19.1,55.750927),(0.85408,19.1,55.579647),(0.807992,19.1,55.391796),(1.472579,19.1,55.391796),(1.506098,19.1,55.459431),(1.543083,19.1,55.520298),(1.583536,19.1,55.574406),(1.627457,
   19.1,55.62175),(1.674845,19.1,55.662327),(1.725122,19.1,55.695805),(1.777712,19.1,55.721844),(1.832612,19.1,55.740444),(1.889825,19.1,55.751602),(1.949348,19.1,55.755322),(2.030688,19.1,55.748222),(2.107116,19.1,55.726917),(2.178631,19.1,55.69141),(2.245234,
   19.1,55.641701),(2.306925,19.1,55.577785),(2.360237,19.1,55.503052),(2.401701,19.1,55.420879),(2.431319,19.1,55.331264),(2.449089,19.1,55.234211),(2.455013,19.1,55.129719),(2.449522,19.1,55.025394),(2.433052,19.1,54.928848),(2.405602,19.1,54.84008),(2.367171,
   19.1,54.75909),(2.317761,19.1,54.685879),(2.260549,19.1,54.623489),(2.198713,19.1,54.574963),(2.132254,19.1,54.540298),(2.061172,19.1,54.519501),(1.985467,19.1,54.512569),(1.945014,19.1,54.514938),(1.904561,19.1,54.522038),(1.864108,19.1,54.533875),(1.823655,
   19.1,54.550446),(1.783201,19.1,54.571747),(1.743037,19.1,54.598125),(1.703451,19.1,54.629913),(1.664443,19.1,54.66711),(1.626012,19.1,54.709721),(1.58816,19.1,54.75774),(1.068048,19.1,54.622475)));
#121=COMPLEX_TRIANGULATED_SURFACE_SET('',#120,87,((-0.,1.,0.)),(),((41,46,42),(48,40,39),(46,41,40),(49,48,39),(46,45,44),(43,42,46),(47,40,48),(44,43,
   46),(47,46,40),(39,38,49),(53,37,36),(55,35,56),(35,55,36),(56,35,57),(54,36,55),(49,38,50),(50,38,51),(53,52,
   37),(54,53,36),(51,37,52),(38,37,51),(84,83,5),(85,84,5),(86,85,87),(1,87,5),(5,83,82),(87,85,5),(81,80,
   5),(5,80,79),(81,5,82),(1,5,4),(7,6,78),(7,78,8),(78,6,5),(5,79,78),(8,78,77),(77,9,8),(77,10,
   9),(10,77,11),(11,76,12),(76,11,77),(1,4,2),(58,57,34),(33,59,58),(59,33,60),(33,58,34),(57,35,34),(32,61,
   60),(31,62,61),(29,64,63),(63,62,30),(60,33,32),(31,30,62),(29,28,64),(29,63,30),(28,65,64),(66,65,26),(24,67,
   66),(26,25,66),(26,65,27),(65,28,27),(68,67,22),(31,61,32),(25,24,66),(75,74,16),(17,72,18),(73,72,17),(74,73,
   16),(13,76,14),(76,13,12),(14,76,15),(75,15,76),(75,16,15),(73,17,16),(72,71,18),(20,70,69),(22,21,68),(67,23,
   22),(67,24,23),(69,68,21),(70,20,19),(18,71,19),(4,3,2),(21,20,69),(19,71,70)),());
#122=COORDINATES_LIST('',41,((3.935886,19.1,55.594696),(3.992087,19.1,55.59943),(4.04511,19.1,55.613632),(4.094954,19.1,55.637302),(4.141619,19.1,55.670444),(4.185106,19.1,55.713055),(4.222815,19.1,55.762764),(4.252143,19.1,55.817207),(4.273092,19.1,55.876385),(4.285661,
   19.1,55.9403),(4.289851,19.1,56.008945),(4.285661,19.1,56.074718),(4.273092,19.1,56.136772),(4.252143,19.1,56.195107),(4.222815,19.1,56.249718),(4.185106,19.1,56.300613),(4.141619,19.1,56.344742),(4.094954,19.1,56.379066),(4.04511,19.1,56.403584),(3.992087,
   19.1,56.418293),(3.935886,19.1,56.423199),(3.877229,19.1,56.418293),(3.822618,19.1,56.403584),(3.772051,19.1,56.379066),(3.72553,19.1,56.344742),(3.683054,19.1,56.300613),(3.646646,19.1,56.249718),(3.618329,19.1,56.195107),(3.598103,19.1,56.136772),(3.585967,
   19.1,56.074718),(3.581921,19.1,56.008945),(3.585967,19.1,55.9403),(3.598103,19.1,55.876385),(3.618329,19.1,55.817207),(3.646646,19.1,55.762764),(3.683054,19.1,55.713055),(3.72553,19.1,55.670444),(3.772051,19.1,55.637302),(3.822618,19.1,55.613632),(3.877229,
   19.1,55.59943),(3.935886,19.1,55.594696)));
#123=COMPLEX_TRIANGULATED_SURFACE_SET('',#122,40,((-0.,1.,0.)),(),((31,30,27),(30,29,28),(30,28,27),(27,26,21),(21,26,22),(25,24,23),(25,23,22),(26,25,
   22),(31,27,21),(35,32,36),(33,35,34),(35,33,32),(32,31,40),(37,36,39),(37,39,38),(39,36,40),(36,32,40),(40,31,
   1),(31,21,16),(20,19,18),(16,21,17),(17,20,18),(31,16,1),(15,14,12),(12,11,15),(12,14,13),(15,11,16),(1,16,
   11),(5,4,2),(5,2,1),(2,4,3),(1,11,5),(10,9,7),(10,7,6),(7,9,8),(5,11,6),(11,10,6),(21,20,
   17)),());
#124=COORDINATES_LIST('',102,((5.864634,19.1,52.365227),(6.005209,19.1,52.373512),(6.137981,19.1,52.398365),(6.262953,19.1,52.439793),(6.380123,19.1,52.497787),(6.489491,19.1,52.572353),(6.59019,19.1,52.664165),(6.681354,19.1,52.773899),(6.762982,19.1,52.901554),(6.835076,
   19.1,53.047134),(6.897634,19.1,53.210636),(6.949645,19.1,53.39629),(6.990098,19.1,53.608318),(7.018993,19.1,53.846725),(7.03633,19.1,54.111507),(7.042109,19.1,54.402668),(7.036186,19.1,54.699913),(7.018415,19.1,54.969429),(6.988798,19.1,55.211216),(6.947333,
   19.1,55.425274),(6.894022,19.1,55.611603),(6.830886,19.1,55.774937),(6.759949,19.1,55.92001),(6.68121,19.1,56.046822),(6.594668,19.1,56.155373),(6.500326,19.1,56.245663),(6.396882,19.1,56.318707),(6.283035,19.1,56.375515),(6.158786,19.1,56.416096),(6.024135,
   19.1,56.440445),(5.879081,19.1,56.448559),(5.733739,19.1,56.440273),(5.598221,19.1,56.415421),(5.472528,19.1,56.373993),(5.356658,19.1,56.315998),(5.250613,19.1,56.241436),(5.153815,19.1,56.150299),(5.065684,19.1,56.042595),(4.986223,19.1,55.91832),(4.91543,
   19.1,55.777473),(4.853305,19.1,55.620056),(4.801294,19.1,55.440491),(4.760841,19.1,55.233196),(4.731946,19.1,54.998173),(4.714609,19.1,54.73542),(4.70883,19.1,54.444939),(4.720099,19.1,54.039139),(4.753906,19.1,53.680687),(4.810252,19.1,53.369576),(4.889135,
   19.1,53.105808),(4.990557,19.1,52.889381),(5.124919,19.1,52.700687),(5.279508,19.1,52.553921),(5.454324,19.1,52.449093),(5.649365,19.1,52.386192),(5.864634,19.1,52.365227),(5.879081,19.1,53.066917),(5.816813,19.1,53.071651),(5.757144,19.1,53.085854),(5.700077,
   19.1,53.109528),(5.645609,19.1,53.142666),(5.593742,19.1,53.185276),(5.545632,19.1,53.239719),(5.502434,19.1,53.308365),(5.464148,19.1,53.391216),(5.430774,19.1,53.48827),(5.402312,19.1,53.599525),(5.378907,19.1,53.728706),(5.360703,19.1,53.879528),(5.347701,
   19.1,54.051991),(5.339899,19.1,54.246098),(5.337298,19.1,54.461845),(5.343366,19.1,54.737785),(5.36157,19.1,54.977207),(5.39191,19.1,55.180107),(5.434386,19.1,55.346481),(5.488997,19.1,55.476337),(5.553145,19.1,55.576771),(5.624227,19.1,55.654888),(5.702243,
   19.1,55.710686),(5.787195,19.1,55.744164),(5.879081,19.1,55.755322),(5.96779,19.1,55.744839),(6.048985,19.1,55.71339),(6.122667,19.1,55.660976),(6.188837,19.1,55.587593),(6.247494,19.1,55.493244),(6.304707,19.1,55.34716),(6.349205,19.1,55.165901),(6.380989,
   19.1,54.949478),(6.40006,19.1,54.697884),(6.406417,19.1,54.411121),(6.400638,19.1,54.125542),(6.383301,19.1,53.877499),(6.354406,19.1,53.666988),(6.313953,19.1,53.494019),(6.261941,19.1,53.358585),(6.200395,19.1,53.253586),(6.131336,19.1,53.171917),(6.054764,
   19.1,53.113586),(5.970679,19.1,53.078583),(5.879081,19.1,53.066917)));
#125=COMPLEX_TRIANGULATED_SURFACE_SET('',#124,100,((-0.,1.,0.)),(),((42,41,75),(41,40,75),(39,38,76),(76,40,39),(37,77,38),(73,45,44),(74,73,44),(73,72,
   45),(42,74,43),(43,74,44),(45,72,46),(37,36,77),(34,79,35),(33,79,34),(32,31,81),(33,32,80),(32,81,80),(74,42,
   75),(75,40,76),(80,79,33),(77,36,78),(79,78,35),(38,77,76),(78,36,35),(46,71,47),(71,46,72),(47,71,70),(48,70,
   69),(47,70,48),(48,69,68),(49,67,50),(49,48,68),(50,66,51),(65,52,51),(64,53,52),(49,68,67),(64,52,65),(65,51,
   66),(63,62,54),(63,54,53),(63,53,64),(54,61,55),(61,54,62),(55,61,60),(58,55,59),(1,55,58),(57,1,58),(59,55,
   60),(66,50,67),(82,81,31),(31,83,82),(83,31,30),(83,30,84),(85,84,29),(29,84,30),(85,29,28),(27,86,85),(26,87,
   86),(22,89,88),(20,90,89),(88,87,24),(27,85,28),(87,26,25),(87,25,24),(88,23,22),(88,24,23),(89,22,21),(92,91,
   17),(89,21,20),(90,20,19),(18,91,90),(17,91,18),(19,18,90),(92,17,16),(26,86,27),(99,98,5),(100,99,4),(8,97,
   96),(6,98,97),(5,98,6),(57,101,2),(2,101,3),(57,2,1),(100,3,101),(100,4,3),(99,5,4),(96,95,10),(13,94,
   14),(14,94,93),(94,13,12),(93,15,14),(93,92,15),(92,16,15),(8,7,97),(6,97,7),(10,95,11),(96,9,8),(9,96,
   10),(95,12,11),(94,12,95)),());
#103=TESSELLATED_GEOMETRIC_SET('diameter dimension',(#105,#107,#108,#110,#112,#114,#116,#119,#121,#123,#125));
#102=TESSELLATED_ANNOTATION_OCCURRENCE('\X2\76F45F84\X0\5@\X2\51867B525F62\X0\1(35)',(#31),#103);
#126=DRAUGHTING_CALLOUT('\X2\76F45F84\X0\5@\X2\51867B525F62\X0\1(35)',(#102));
#128=PRESENTATION_STYLE_ASSIGNMENT((NULL_STYLE(.NULL.)));
#129=CARTESIAN_POINT('',(0.,0.,0.));
#130=DIRECTION('',(0.,1.,0.));
#131=DIRECTION('',(1.,0.,0.));
#132=AXIS2_PLACEMENT_3D('',#129,#130,#131);
#133=PLANE('',#132);
#127=ANNOTATION_PLANE('*\X2\5E739762\X0\',(#128),#133,(#54,#101,#126));
#136=COORDINATES_LIST('',3,((24.5,-19.1,-68.643555),(27.802,-19.1,-68.135559),(27.802,-19.1,-69.151558)));
#137=COMPLEX_TRIANGULATED_SURFACE_SET('',#136,3,((0.,-1.,0.)),(),((2,1,3)),());
#138=COORDINATES_LIST('',3,((-24.5,-19.1,-68.643555),(-27.802,-19.1,-69.151558),(-27.802,-19.1,-68.135559)));
#139=COMPLEX_TRIANGULATED_SURFACE_SET('',#138,3,((-0.,-1.,0.)),(),((1,3,2)),());
#141=COORDINATES_LIST('',2,((24.5,-19.1,-1.),(24.5,-19.1,-69.643555)));
#140=TESSELLATED_CURVE_SET('',#141,((1,2)));
#143=COORDINATES_LIST('',2,((-24.5,-19.1,-1.),(-24.5,-19.1,-69.643555)));
#142=TESSELLATED_CURVE_SET('',#143,((1,2)));
#145=COORDINATES_LIST('',2,((24.5,-19.1,-68.643555),(30.85,-19.1,-68.643555)));
#144=TESSELLATED_CURVE_SET('',#145,((1,2)));
#147=COORDINATES_LIST('',2,((24.5,-19.1,-68.643555),(-24.5,-19.1,-68.643555)));
#146=TESSELLATED_CURVE_SET('',#147,((1,2)));
#149=COORDINATES_LIST('',2,((-24.5,-19.1,-68.643555),(-30.85,-19.1,-68.643555)));
#148=TESSELLATED_CURVE_SET('',#149,((1,2)));
#151=COORDINATES_LIST('',2,((-20.118248,-19.1,-68.158203),(-18.340248,-19.1,-63.713207)));
#150=TESSELLATED_CURVE_SET('',#151,((1,2)));
#153=COORDINATES_LIST('',122,((-17.673498,-19.1,-65.935707),(-17.675596,-19.1,-65.854958),(-17.681881,-19.1,-65.774429),(-17.692337,-19.1,-65.694328),(-17.706938,-19.1,-65.614883),(-17.725641,-19.1,-65.536301),(-17.7484,-19.1,-65.458794),(-17.775148,-19.1,-65.382576),(-17.805819,-19.1,-65.307854),(-17.840324,
   -19.1,-65.234818),(-17.878576,-19.1,-65.163666),(-17.920469,-19.1,-65.094604),(-17.965889,-19.1,-65.027809),(-18.014715,-19.1,-64.963455),(-18.066816,-19.1,-64.901733),(-18.122049,-19.1,-64.842789),(-18.180269,-19.1,-64.786797),(-18.241316,-19.1,-64.733894),(-18.305025,-19.1,-64.684242),(-18.371227,
   -19.1,-64.637955),(-18.439743,-19.1,-64.595169),(-18.510386,-19.1,-64.556),(-18.582966,-19.1,-64.520546),(-18.65729,-19.1,-64.488907),(-18.733156,-19.1,-64.461174),(-18.810358,-19.1,-64.437408),(-18.888689,-19.1,-64.417686),(-18.967939,-19.1,-64.402061),(-19.047894,-19.1,-64.390564),(-19.128338,
   -19.1,-64.383232),(-19.209053,-19.1,-64.380089),(-19.289824,-19.1,-64.381134),(-19.37043,-19.1,-64.386375),(-19.450655,-19.1,-64.39579),(-19.530285,-19.1,-64.409363),(-19.609102,-19.1,-64.42704),(-19.686895,-19.1,-64.448792),(-19.763454,-19.1,-64.474548),(-19.838573,-19.1,-64.50425),(-19.912052,
   -19.1,-64.537804),(-19.983688,-19.1,-64.575127),(-20.053289,-19.1,-64.616119),(-20.12067,-19.1,-64.660667),(-20.185648,-19.1,-64.708656),(-20.248049,-19.1,-64.759949),(-20.307701,-19.1,-64.814415),(-20.364447,-19.1,-64.871902),(-20.418133,-19.1,-64.932259),(-20.468613,-19.1,-64.995316),(-20.515753,
   -19.1,-65.060913),(-20.559423,-19.1,-65.128868),(-20.599508,-19.1,-65.198997),(-20.6359,-19.1,-65.271111),(-20.668499,-19.1,-65.345016),(-20.697218,-19.1,-65.420517),(-20.721979,-19.1,-65.497398),(-20.742718,-19.1,-65.57547),(-20.759375,-19.1,-65.65451),(-20.771908,-19.1,-65.734306),(-20.780281,
   -19.1,-65.814651),(-20.784473,-19.1,-65.895317),(-20.784473,-19.1,-65.976097),(-20.780281,-19.1,-66.056763),(-20.771908,-19.1,-66.137108),(-20.759375,-19.1,-66.216904),(-20.742718,-19.1,-66.295944),(-20.721979,-19.1,-66.374016),(-20.697218,-19.1,-66.450897),(-20.668499,-19.1,-66.526398),(-20.6359,
   -19.1,-66.600304),(-20.599508,-19.1,-66.672417),(-20.559423,-19.1,-66.742546),(-20.515753,-19.1,-66.810501),(-20.468613,-19.1,-66.876099),(-20.418133,-19.1,-66.939156),(-20.364447,-19.1,-66.999512),(-20.307701,-19.1,-67.056999),(-20.248049,-19.1,-67.111465),(-20.185648,-19.1,-67.162758),(-20.12067,
   -19.1,-67.210747),(-20.053289,-19.1,-67.255295),(-19.983688,-19.1,-67.296288),(-19.912052,-19.1,-67.333611),(-19.838573,-19.1,-67.367165),(-19.763454,-19.1,-67.396866),(-19.686895,-19.1,-67.422623),(-19.609102,-19.1,-67.444374),(-19.530285,-19.1,-67.462051),(-19.450655,-19.1,-67.475624),(-19.37043,
   -19.1,-67.485039),(-19.289824,-19.1,-67.49028),(-19.209053,-19.1,-67.491325),(-19.128338,-19.1,-67.488182),(-19.047894,-19.1,-67.48085),(-18.967939,-19.1,-67.469353),(-18.888689,-19.1,-67.453728),(-18.810358,-19.1,-67.434006),(-18.733156,-19.1,-67.41024),(-18.65729,-19.1,-67.382507),(-18.582966,
   -19.1,-67.350868),(-18.510386,-19.1,-67.315414),(-18.439743,-19.1,-67.276245),(-18.371227,-19.1,-67.233459),(-18.305025,-19.1,-67.187172),(-18.241316,-19.1,-67.13752),(-18.180269,-19.1,-67.084618),(-18.122049,-19.1,-67.028625),(-18.066816,-19.1,-66.969681),(-18.014715,-19.1,-66.907951),(-17.965889,
   -19.1,-66.843605),(-17.920469,-19.1,-66.77681),(-17.878576,-19.1,-66.707741),(-17.840324,-19.1,-66.636597),(-17.805819,-19.1,-66.56356),(-17.775148,-19.1,-66.488838),(-17.7484,-19.1,-66.412621),(-17.725641,-19.1,-66.335114),(-17.706938,-19.1,-66.256531),(-17.692337,-19.1,-66.177086),(-17.681881,
   -19.1,-66.096985),(-17.675596,-19.1,-66.016457),(-17.673498,-19.1,-65.935707)));
#152=TESSELLATED_CURVE_SET('',#153,((1,2,3,4,5,6,7,8,9,10,11,12,13,14,15,16,17,18,19,20,21,22,23,24,25,26,27,28,
   29,30,31,32,33,34,35,36,37,38,39,40,41,42,43,44,45,46,47,48,49,50,51,52,53,54,55,56,57,58,
   59,60,61,62,63,64,65,66,67,68,69,70,71,72,73,74,75,76,77,78,79,80,81,82,83,84,85,86,87,88,
   89,90,91,92,93,94,95,96,97,98,99,100,101,102,103,104,105,106,107,108,109,110,111,112,113,114,115,116,117,118,
   119,120,121,122)));
#154=COORDINATES_LIST('',15,((-13.834167,-19.1,-63.637501),(-13.205699,-19.1,-63.637501),(-13.205699,-19.1,-66.139915),(-12.909524,-19.1,-66.139915),(-12.909524,-19.1,-66.824699),(-13.205699,-19.1,-66.824699),(-13.205699,-19.1,-67.619385),(-13.819719,-19.1,-67.619385),(-13.819719,-19.1,-66.824699),(-15.271698,
   -19.1,-66.824699),(-15.271698,-19.1,-66.139915),(-13.819719,-19.1,-66.139915),(-13.819719,-19.1,-64.837982),(-14.578216,-19.1,-66.139915),(-14.545709,-19.1,-66.824699)));
#155=COMPLEX_TRIANGULATED_SURFACE_SET('',#154,15,((0.,-1.,0.)),(),((14,15,12),(9,12,15),(11,14,13),(14,11,10),(1,13,2),(13,1,11),(9,8,6),(14,10,
   15),(6,5,3),(6,12,9),(3,13,12),(13,3,2),(4,3,5),(12,6,3),(6,8,7)),());
#156=COORDINATES_LIST('',85,((-11.529783,-19.1,-67.720833),(-12.071567,-19.1,-67.408035),(-11.486441,-19.1,-66.080734),(-11.65172,-19.1,-66.066704),(-11.806598,-19.1,-66.024605),(-11.951074,-19.1,-65.95443),(-12.085147,-19.1,-65.856194),(-12.208817,-19.1,-65.729889),(-12.315441,-19.1,-65.582283),(-12.39837,
   -19.1,-65.420135),(-12.457604,-19.1,-65.243446),(-12.493146,-19.1,-65.052208),(-12.504992,-19.1,-64.846436),(-12.492712,-19.1,-64.649796),(-12.455871,-19.1,-64.465668),(-12.394469,-19.1,-64.294044),(-12.308506,-19.1,-64.134941),(-12.197982,-19.1,-63.988346),(-12.070411,-19.1,-63.862041),(-11.933303,
   -19.1,-63.763805),(-11.78666,-19.1,-63.693638),(-11.630483,-19.1,-63.651535),(-11.464769,-19.1,-63.637501),(-11.291543,-19.1,-63.652042),(-11.130164,-19.1,-63.695663),(-10.980632,-19.1,-63.768372),(-10.842946,-19.1,-63.870159),(-10.717109,-19.1,-64.00103),(-10.609185,-19.1,-64.151169),(-10.525245,
   -19.1,-64.310783),(-10.465287,-19.1,-64.479866),(-10.429314,-19.1,-64.658417),(-10.417322,-19.1,-64.846436),(-10.4192,-19.1,-64.917618),(-10.424834,-19.1,-64.989143),(-10.434226,-19.1,-65.061005),(-10.447372,-19.1,-65.133202),(-10.464276,-19.1,-65.205734),(-10.487826,-19.1,-65.286049),(-10.520911,
   -19.1,-65.381584),(-10.563531,-19.1,-65.492332),(-10.615686,-19.1,-65.618301),(-10.677378,-19.1,-65.759483),(-11.450321,-19.1,-65.387505),(-11.383141,-19.1,-65.381416),(-11.320293,-19.1,-65.363152),(-11.261781,-19.1,-65.332718),(-11.207603,-19.1,-65.290108),(-11.157759,-19.1,-65.235329),(-11.114849,
   -19.1,-65.171753),(-11.081475,-19.1,-65.102768),(-11.057637,-19.1,-65.028374),(-11.043334,-19.1,-64.948563),(-11.038567,-19.1,-64.86335),(-11.043479,-19.1,-64.775085),(-11.058215,-19.1,-64.692909),(-11.082776,-19.1,-64.616821),(-11.117161,-19.1,-64.546822),(-11.16137,-19.1,-64.48291),(-11.212515,
   -19.1,-64.428131),(-11.267704,-19.1,-64.385521),(-11.32694,-19.1,-64.355087),(-11.39022,-19.1,-64.336823),(-11.457545,-19.1,-64.330734),(-11.525015,-19.1,-64.336823),(-11.588729,-19.1,-64.355087),(-11.648686,-19.1,-64.385521),(-11.704887,-19.1,-64.428131),(-11.757332,-19.1,-64.48291),(-11.802842,
   -19.1,-64.546486),(-11.838239,-19.1,-64.615471),(-11.863522,-19.1,-64.689865),(-11.878692,-19.1,-64.769676),(-11.883748,-19.1,-64.854889),(-11.878836,-19.1,-64.943153),(-11.8641,-19.1,-65.02533),(-11.839539,-19.1,-65.101418),(-11.805153,-19.1,-65.171417),(-11.760943,-19.1,-65.235329),(-11.709222,
   -19.1,-65.290108),(-11.652298,-19.1,-65.332718),(-11.590174,-19.1,-65.363152),(-11.522848,-19.1,-65.381416),(-11.450321,-19.1,-65.387505),(-11.779003,-19.1,-66.744385)));
#157=COMPLEX_TRIANGULATED_SURFACE_SET('',#156,84,((0.,-1.,0.)),(),((76,9,8),(78,7,6),(77,8,7),(78,77,7),(74,12,11),(10,9,75),(76,8,77),(11,10,
   75),(9,76,75),(81,5,4),(3,83,4),(3,1,43),(2,1,85),(82,4,83),(78,6,79),(81,80,5),(82,81,4),(6,80,
   79),(6,5,80),(3,85,1),(14,13,74),(14,74,15),(13,12,74),(74,73,15),(16,15,73),(11,75,74),(17,16,73),(72,18,
   17),(18,71,19),(19,70,20),(71,18,72),(68,20,69),(69,20,70),(70,19,71),(21,68,67),(21,20,68),(21,67,22),(22,66,
   65),(66,22,67),(22,65,23),(72,17,73),(83,3,44),(44,3,45),(46,3,47),(47,3,48),(3,46,45),(50,49,43),(52,51,
   42),(53,52,41),(50,43,51),(48,43,49),(42,41,52),(40,39,53),(40,53,41),(39,54,53),(54,38,37),(38,54,39),(54,37,
   36),(35,34,54),(35,54,36),(54,34,33),(42,51,43),(3,43,48),(62,61,24),(26,60,59),(25,60,26),(61,60,25),(23,64,
   63),(23,65,64),(62,24,63),(24,61,25),(63,24,23),(59,58,26),(28,57,56),(32,31,54),(32,54,33),(56,55,29),(31,55,
   54),(57,28,27),(26,58,27),(55,30,29),(29,28,56),(55,31,30),(27,58,57)),());
#158=COORDINATES_LIST('',41,((-9.543245,-19.1,-66.866966),(-9.487044,-19.1,-66.871704),(-9.434022,-19.1,-66.88591),(-9.384177,-19.1,-66.909576),(-9.337512,-19.1,-66.942719),(-9.294025,-19.1,-66.985329),(-9.256317,-19.1,-67.035034),(-9.226988,-19.1,-67.089485),(-9.206039,-19.1,-67.148659),(-9.19347,
   -19.1,-67.21257),(-9.189281,-19.1,-67.281219),(-9.19347,-19.1,-67.346992),(-9.206039,-19.1,-67.40905),(-9.226989,-19.1,-67.467377),(-9.256317,-19.1,-67.521996),(-9.294025,-19.1,-67.572884),(-9.337512,-19.1,-67.61702),(-9.384177,-19.1,-67.651344),(-9.434022,-19.1,-67.675858),(-9.487044,
   -19.1,-67.690567),(-9.543245,-19.1,-67.695473),(-9.601902,-19.1,-67.690567),(-9.656514,-19.1,-67.675858),(-9.707081,-19.1,-67.651344),(-9.753601,-19.1,-67.61702),(-9.796078,-19.1,-67.572884),(-9.832485,-19.1,-67.521996),(-9.860803,-19.1,-67.467377),(-9.881029,-19.1,-67.40905),(-9.893165,
   -19.1,-67.346992),(-9.89721,-19.1,-67.281219),(-9.893165,-19.1,-67.21257),(-9.881029,-19.1,-67.148659),(-9.860803,-19.1,-67.089485),(-9.832485,-19.1,-67.035034),(-9.796078,-19.1,-66.985329),(-9.753601,-19.1,-66.942719),(-9.707081,-19.1,-66.909576),(-9.656514,-19.1,-66.88591),(-9.601902,
   -19.1,-66.871704),(-9.543245,-19.1,-66.866966)));
#159=COMPLEX_TRIANGULATED_SURFACE_SET('',#158,40,((0.,-1.,0.)),(),((31,30,27),(30,29,28),(30,28,27),(27,26,21),(21,26,22),(25,24,23),(25,23,22),(26,25,
   22),(31,27,21),(35,32,36),(33,35,34),(35,33,32),(32,31,40),(37,36,39),(37,39,38),(39,36,40),(36,32,40),(40,31,
   1),(31,21,16),(20,19,18),(16,21,17),(17,20,18),(31,16,1),(15,14,12),(12,11,15),(12,14,13),(15,11,16),(1,16,
   11),(5,4,2),(5,2,1),(2,4,3),(1,11,5),(10,9,7),(10,7,6),(7,9,8),(5,11,6),(11,10,6),(21,20,
   17)),());
#160=COORDINATES_LIST('',102,((-7.614498,-19.1,-63.637501),(-7.473923,-19.1,-63.645786),(-7.34115,-19.1,-63.670639),(-7.216178,-19.1,-63.712067),(-7.099009,-19.1,-63.770061),(-6.989641,-19.1,-63.844627),(-6.888942,-19.1,-63.93644),(-6.797778,-19.1,-64.046173),(-6.716149,-19.1,-64.173828),(-6.644056,
   -19.1,-64.319412),(-6.581498,-19.1,-64.48291),(-6.529486,-19.1,-64.668564),(-6.489033,-19.1,-64.880592),(-6.460138,-19.1,-65.118996),(-6.442801,-19.1,-65.383781),(-6.437022,-19.1,-65.674942),(-6.442945,-19.1,-65.972183),(-6.460716,-19.1,-66.241707),(-6.490334,-19.1,-66.48349),(-6.531798,
   -19.1,-66.697548),(-6.58511,-19.1,-66.883881),(-6.648245,-19.1,-67.047211),(-6.719183,-19.1,-67.192284),(-6.797922,-19.1,-67.319092),(-6.884463,-19.1,-67.427643),(-6.978806,-19.1,-67.517937),(-7.08225,-19.1,-67.590981),(-7.196096,-19.1,-67.647789),(-7.320345,-19.1,-67.68837),(-7.454997,
   -19.1,-67.712715),(-7.60005,-19.1,-67.720833),(-7.745392,-19.1,-67.712547),(-7.88091,-19.1,-67.687691),(-8.006604,-19.1,-67.646271),(-8.122474,-19.1,-67.588272),(-8.228518,-19.1,-67.51371),(-8.325316,-19.1,-67.422577),(-8.413446,-19.1,-67.314865),(-8.492908,-19.1,-67.19059),(-8.563702,
   -19.1,-67.049744),(-8.625826,-19.1,-66.892334),(-8.677837,-19.1,-66.712769),(-8.71829,-19.1,-66.50547),(-8.747186,-19.1,-66.270447),(-8.764523,-19.1,-66.00769),(-8.770302,-19.1,-65.717209),(-8.759032,-19.1,-65.311417),(-8.725225,-19.1,-64.952957),(-8.66888,-19.1,-64.641846),(-8.589996,
   -19.1,-64.378082),(-8.488574,-19.1,-64.161659),(-8.354212,-19.1,-63.972961),(-8.199623,-19.1,-63.826195),(-8.024808,-19.1,-63.721367),(-7.829766,-19.1,-63.658466),(-7.614498,-19.1,-63.637501),(-7.60005,-19.1,-64.339195),(-7.662319,-19.1,-64.343925),(-7.721987,-19.1,-64.358131),(-7.779055,
   -19.1,-64.381798),(-7.833522,-19.1,-64.41494),(-7.885389,-19.1,-64.45755),(-7.933499,-19.1,-64.511993),(-7.976697,-19.1,-64.580643),(-8.014983,-19.1,-64.66349),(-8.048357,-19.1,-64.760544),(-8.076819,-19.1,-64.871803),(-8.100224,-19.1,-65.000977),(-8.118428,-19.1,-65.151802),(-8.131431,
   -19.1,-65.324265),(-8.139233,-19.1,-65.518372),(-8.141833,-19.1,-65.734116),(-8.135765,-19.1,-66.010063),(-8.117561,-19.1,-66.249481),(-8.087221,-19.1,-66.452377),(-8.044745,-19.1,-66.618759),(-7.990134,-19.1,-66.748611),(-7.925987,-19.1,-66.849045),(-7.854905,-19.1,-66.927162),(-7.776888,
   -19.1,-66.982956),(-7.691936,-19.1,-67.016441),(-7.60005,-19.1,-67.027596),(-7.511342,-19.1,-67.017113),(-7.430147,-19.1,-66.985664),(-7.356464,-19.1,-66.93325),(-7.290295,-19.1,-66.859871),(-7.231637,-19.1,-66.765518),(-7.174425,-19.1,-66.619431),(-7.129927,-19.1,-66.438179),(-7.098142,
   -19.1,-66.221748),(-7.079071,-19.1,-65.970161),(-7.072714,-19.1,-65.683395),(-7.078493,-19.1,-65.397812),(-7.09583,-19.1,-65.149773),(-7.124725,-19.1,-64.939262),(-7.165179,-19.1,-64.766296),(-7.21719,-19.1,-64.630859),(-7.278737,-19.1,-64.525856),(-7.347795,-19.1,-64.444191),(-7.424368,
   -19.1,-64.385857),(-7.508452,-19.1,-64.350861),(-7.60005,-19.1,-64.339195)));
#161=COMPLEX_TRIANGULATED_SURFACE_SET('',#160,100,((0.,-1.,0.)),(),((42,41,75),(41,40,75),(39,38,76),(76,40,39),(37,77,38),(73,45,44),(74,73,44),(73,72,
   45),(42,74,43),(43,74,44),(45,72,46),(37,36,77),(34,79,35),(33,79,34),(81,31,82),(31,81,32),(33,32,80),(32,81,
   80),(74,42,75),(75,40,76),(80,79,33),(77,36,78),(79,78,35),(38,77,76),(78,36,35),(46,71,47),(71,46,72),(47,71,
   70),(48,70,69),(47,70,48),(48,69,68),(49,67,50),(49,48,68),(50,66,51),(65,52,51),(64,53,52),(49,68,67),(64,52,
   65),(65,51,66),(63,62,54),(63,54,53),(63,53,64),(54,61,55),(61,54,62),(55,61,60),(58,55,59),(1,55,58),(57,1,
   58),(59,55,60),(66,50,67),(31,30,83),(83,30,84),(85,84,29),(29,84,30),(85,29,28),(27,86,85),(26,87,86),(22,89,
   88),(20,90,89),(88,87,24),(27,85,28),(87,26,25),(87,25,24),(88,23,22),(88,24,23),(89,22,21),(92,91,17),(89,21,
   20),(90,20,19),(18,91,90),(17,91,18),(19,18,90),(92,17,16),(26,86,27),(99,98,5),(100,99,4),(8,97,96),(6,98,
   97),(5,98,6),(57,101,2),(2,101,3),(57,2,1),(100,3,101),(100,4,3),(99,5,4),(96,95,10),(13,94,14),(14,94,
   93),(94,13,12),(93,15,14),(93,92,15),(92,16,15),(8,7,97),(6,97,7),(10,95,11),(96,9,8),(9,96,10),(95,12,
   11),(94,12,95),(83,82,31)),());
#135=TESSELLATED_GEOMETRIC_SET('diameter dimension',(#137,#139,#140,#142,#144,#146,#148,#150,#152,#155,#157,#159,#161));
#134=TESSELLATED_ANNOTATION_OCCURRENCE('\X2\76F45F84\X0\3@\X2\53584E007A74\X0\1(49)',(#31),#135);
#162=DRAUGHTING_CALLOUT('\X2\76F45F84\X0\3@\X2\53584E007A74\X0\1(49)',(#134));
#166=COORDINATES_LIST('',2,((-4.535811,-19.1,-64.268829),(-0.979811,-19.1,-64.268829)));
#165=TESSELLATED_CURVE_SET('',#166,((1,2)));
#168=COORDINATES_LIST('',2,((-2.757811,-19.1,-64.268829),(-2.757811,-19.1,-67.824829)));
#167=TESSELLATED_CURVE_SET('',#168,((1,2)));
#170=COORDINATES_LIST('',2,((-4.091311,-19.1,-65.691231),(-2.757811,-19.1,-67.824829)));
#169=TESSELLATED_CURVE_SET('',#170,((1,2)));
#172=COORDINATES_LIST('',2,((-1.424311,-19.1,-65.691231),(-2.757811,-19.1,-67.824829)));
#171=TESSELLATED_CURVE_SET('',#172,((1,2)));
#173=COORDINATES_LIST('',6,((2.033471,-19.1,-63.730495),(2.980918,-19.1,-63.730495),(2.980918,-19.1,-67.619385),(2.351697,-19.1,-67.619385),(2.351697,-19.1,-64.423737),(1.67185,-19.1,-64.423737)));
#174=COMPLEX_TRIANGULATED_SURFACE_SET('',#173,6,((0.,-1.,0.)),(),((6,5,1),(1,5,2),(3,2,5),(3,5,4)),());
#175=COORDINATES_LIST('',74,((4.673306,-19.1,-64.981705),(4.051317,-19.1,-64.981705),(4.074172,-19.1,-64.742111),(4.119591,-19.1,-64.523827),(4.187576,-19.1,-64.326851),(4.278126,-19.1,-64.151169),(4.391241,-19.1,-63.996799),(4.522871,-19.1,-63.867451),(4.668966,-19.1,-63.76685),(4.829526,
   -19.1,-63.694988),(5.00455,-19.1,-63.651875),(5.19404,-19.1,-63.637501),(5.312652,-19.1,-63.643417),(5.425478,-19.1,-63.661171),(5.532517,-19.1,-63.690762),(5.633771,-19.1,-63.732185),(5.729239,-19.1,-63.785446),(5.818054,-19.1,-63.850037),(5.899346,-19.1,-63.925449),(5.973117,
   -19.1,-64.011681),(6.039366,-19.1,-64.108734),(6.098093,-19.1,-64.216606),(6.147563,-19.1,-64.330063),(6.186039,-19.1,-64.443855),(6.213522,-19.1,-64.557983),(6.230012,-19.1,-64.672455),(6.235509,-19.1,-64.787262),(6.228855,-19.1,-64.927933),(6.208894,-19.1,-65.07267),(6.175625,
   -19.1,-65.221466),(6.129048,-19.1,-65.374313),(6.069163,-19.1,-65.531219),(5.991343,-19.1,-65.696243),(5.890956,-19.1,-65.873444),(5.768005,-19.1,-66.062813),(5.622489,-19.1,-66.264359),(5.454407,-19.1,-66.478081),(5.078321,-19.1,-66.934601),(6.264439,-19.1,-66.934601),(6.264439,
   -19.1,-67.619385),(3.964528,-19.1,-67.619385),(3.964528,-19.1,-67.264313),(4.991532,-19.1,-66.038467),(5.131841,-19.1,-65.869385),(5.2519,-19.1,-65.713829),(5.351707,-19.1,-65.5718),(5.431264,-19.1,-65.443298),(5.49057,-19.1,-65.328323),(5.534832,-19.1,-65.222473),(5.569258,
   -19.1,-65.121368),(5.593849,-19.1,-65.024986),(5.608603,-19.1,-64.93335),(5.613521,-19.1,-64.846436),(5.608314,-19.1,-64.758514),(5.592691,-19.1,-64.677353),(5.566655,-19.1,-64.602959),(5.530203,-19.1,-64.535324),(5.483337,-19.1,-64.474457),(5.42837,-19.1,-64.422714),(5.367619,
   -19.1,-64.382477),(5.30108,-19.1,-64.353729),(5.228756,-19.1,-64.336487),(5.150646,-19.1,-64.330734),(5.072391,-19.1,-64.337669),(4.999633,-19.1,-64.358467),(4.932371,-19.1,-64.393127),(4.870606,-19.1,-64.441658),(4.814338,-19.1,-64.504044),(4.765881,-19.1,-64.578613),(4.727549,
   -19.1,-64.663658),(4.699342,-19.1,-64.759193),(4.681261,-19.1,-64.865204),(4.673306,-19.1,-64.981705),(5.67138,-19.1,-66.934601)));
#176=COMPLEX_TRIANGULATED_SURFACE_SET('',#175,73,((0.,-1.,0.)),(),((38,40,74),(2,1,3),(42,41,38),(39,74,40),(4,3,72),(5,72,71),(4,72,5),(3,1,
   72),(70,6,71),(44,43,37),(37,45,44),(45,36,46),(7,70,69),(35,47,46),(8,69,68),(43,38,37),(43,42,38),(41,40,
   38),(9,68,67),(5,71,6),(70,7,6),(66,10,67),(10,66,65),(69,8,7),(8,68,9),(10,9,67),(65,11,10),(65,64,
   11),(14,60,15),(61,60,14),(12,11,63),(12,63,62),(61,13,62),(13,61,14),(62,13,12),(60,59,15),(63,11,64),(36,35,
   46),(35,48,47),(49,48,34),(33,50,49),(31,52,51),(29,53,52),(51,50,32),(34,48,35),(32,50,33),(30,52,31),(29,28,
   53),(52,30,29),(51,32,31),(33,49,34),(53,28,27),(57,56,18),(20,56,55),(18,56,19),(16,59,58),(59,16,15),(58,17,
   16),(58,57,17),(57,18,17),(55,54,22),(24,54,25),(26,25,54),(23,54,24),(56,20,19),(21,20,55),(22,21,55),(22,54,
   23),(54,53,26),(53,27,26),(45,37,36)),());
#177=COORDINATES_LIST('',41,((7.1034,-19.1,-66.866966),(7.159668,-19.1,-66.871704),(7.212754,-19.1,-66.88591),(7.262658,-19.1,-66.909576),(7.30938,-19.1,-66.942719),(7.352919,-19.1,-66.985329),(7.390672,-19.1,-67.035034),(7.420036,-19.1,-67.089485),(7.44101,-19.1,-67.148659),(7.453594,
   -19.1,-67.21257),(7.457789,-19.1,-67.281219),(7.453594,-19.1,-67.346992),(7.44101,-19.1,-67.40905),(7.420035,-19.1,-67.467377),(7.390672,-19.1,-67.521996),(7.352919,-19.1,-67.572884),(7.30938,-19.1,-67.61702),(7.262658,-19.1,-67.651344),(7.212754,-19.1,-67.675858),(7.159668,
   -19.1,-67.690567),(7.1034,-19.1,-67.695473),(7.044673,-19.1,-67.690567),(6.989995,-19.1,-67.675858),(6.939369,-19.1,-67.651344),(6.892792,-19.1,-67.61702),(6.850265,-19.1,-67.572884),(6.813814,-19.1,-67.521996),(6.785463,-19.1,-67.467377),(6.765212,-19.1,-67.40905),(6.753061,
   -19.1,-67.346992),(6.749011,-19.1,-67.281219),(6.753061,-19.1,-67.21257),(6.765212,-19.1,-67.148659),(6.785463,-19.1,-67.089485),(6.813814,-19.1,-67.035034),(6.850265,-19.1,-66.985329),(6.892792,-19.1,-66.942719),(6.939369,-19.1,-66.909576),(6.989995,-19.1,-66.88591),(7.044673,
   -19.1,-66.871704),(7.1034,-19.1,-66.866966)));
#178=COMPLEX_TRIANGULATED_SURFACE_SET('',#177,40,((0.,-1.,0.)),(),((31,30,27),(30,29,28),(30,28,27),(27,26,21),(21,26,22),(25,24,23),(25,23,22),(26,25,
   22),(31,27,21),(35,32,36),(33,35,34),(35,33,32),(32,31,40),(37,36,39),(37,39,38),(39,36,40),(36,32,40),(40,31,
   1),(31,21,16),(20,19,18),(16,21,17),(17,20,18),(31,16,1),(15,14,12),(12,11,15),(12,14,13),(15,11,16),(1,16,
   11),(5,4,2),(5,2,1),(2,4,3),(1,11,5),(10,9,7),(10,7,6),(7,9,8),(5,11,6),(11,10,6),(21,20,
   17)),());
#179=COORDINATES_LIST('',87,((8.520955,-19.1,-63.730495),(10.075926,-19.1,-63.730495),(10.075926,-19.1,-64.415276),(8.991062,-19.1,-64.415276),(8.853646,-19.1,-65.125427),(8.876646,-19.1,-65.115952),(8.899356,-19.1,-65.107841),(8.921776,-19.1,-65.101074),(8.943908,-19.1,-65.095665),(8.965749,
   -19.1,-65.091606),(8.987302,-19.1,-65.088562),(9.008565,-19.1,-65.086197),(9.029539,-19.1,-65.084503),(9.050224,-19.1,-65.083488),(9.07062,-19.1,-65.083153),(9.246511,-19.1,-65.097694),(9.409676,-19.1,-65.141319),(9.56011,-19.1,-65.21402),(9.697815,-19.1,-65.315811),(9.822791,
   -19.1,-65.446678),(9.929542,-19.1,-65.599869),(10.01257,-19.1,-65.768608),(10.071877,-19.1,-65.952911),(10.107459,-19.1,-66.152763),(10.119321,-19.1,-66.368179),(10.106157,-19.1,-66.587814),(10.066669,-19.1,-66.793587),(10.000854,-19.1,-66.985497),(9.908712,-19.1,-67.163536),(9.790245,
   -19.1,-67.327721),(9.652685,-19.1,-67.469238),(9.503263,-19.1,-67.579315),(9.34198,-19.1,-67.657936),(9.168836,-19.1,-67.705109),(8.98383,-19.1,-67.720833),(8.820522,-19.1,-67.709503),(8.666183,-19.1,-67.675522),(8.52081,-19.1,-67.618881),(8.384407,-19.1,-67.539581),(8.256971,
   -19.1,-67.437622),(8.142554,-19.1,-67.316048),(8.045206,-19.1,-67.17791),(7.964926,-19.1,-67.023201),(7.901715,-19.1,-66.851921),(7.855572,-19.1,-66.66407),(8.520955,-19.1,-66.66407),(8.554514,-19.1,-66.731705),(8.591543,-19.1,-66.792572),(8.632045,-19.1,-66.84668),(8.676019,
   -19.1,-66.89402),(8.723463,-19.1,-66.934601),(8.773801,-19.1,-66.968079),(8.826452,-19.1,-66.994118),(8.881419,-19.1,-67.012718),(8.9387,-19.1,-67.02388),(8.998295,-19.1,-67.027596),(9.079732,-19.1,-67.020493),(9.156251,-19.1,-66.999191),(9.227852,-19.1,-66.963684),(9.294536,
   -19.1,-66.913971),(9.3563,-19.1,-66.85006),(9.409676,-19.1,-66.77533),(9.45119,-19.1,-66.693153),(9.480843,-19.1,-66.603539),(9.498634,-19.1,-66.506485),(9.504564,-19.1,-66.401993),(9.499068,-19.1,-66.297668),(9.482578,-19.1,-66.201126),(9.455095,-19.1,-66.112358),(9.416618,
   -19.1,-66.031364),(9.367148,-19.1,-65.958153),(9.309868,-19.1,-65.89576),(9.247958,-19.1,-65.847237),(9.18142,-19.1,-65.812576),(9.110253,-19.1,-65.791779),(9.034457,-19.1,-65.784843),(8.993956,-19.1,-65.787209),(8.953454,-19.1,-65.794312),(8.912952,-19.1,-65.806145),(8.872451,
   -19.1,-65.822716),(8.831949,-19.1,-65.844025),(8.791737,-19.1,-65.870399),(8.752104,-19.1,-65.902184),(8.713048,-19.1,-65.939384),(8.674572,-19.1,-65.981995),(8.636674,-19.1,-66.030014),(8.115939,-19.1,-65.894745)));
#180=COMPLEX_TRIANGULATED_SURFACE_SET('',#179,87,((0.,-1.,0.)),(),((41,46,42),(48,40,39),(46,41,40),(49,48,39),(46,45,44),(43,42,46),(47,40,48),(44,43,
   46),(47,46,40),(39,38,49),(53,37,36),(55,35,56),(35,55,36),(56,35,57),(54,36,55),(49,38,50),(50,38,51),(53,52,
   37),(54,53,36),(51,37,52),(38,37,51),(84,83,5),(85,84,5),(86,85,87),(1,87,5),(5,83,82),(87,85,5),(81,80,
   5),(5,80,79),(81,5,82),(1,5,4),(7,6,78),(7,78,8),(78,6,5),(5,79,78),(8,78,77),(77,9,8),(77,10,
   9),(10,77,11),(11,76,12),(76,11,77),(1,4,2),(58,57,34),(33,59,58),(59,33,60),(33,58,34),(57,35,34),(32,61,
   60),(31,62,61),(29,64,63),(63,62,30),(60,33,32),(31,30,62),(29,28,64),(29,63,30),(28,65,64),(66,65,26),(24,67,
   66),(26,25,66),(26,65,27),(65,28,27),(68,67,22),(31,61,32),(25,24,66),(75,74,16),(17,72,18),(73,72,17),(74,73,
   16),(13,76,14),(76,13,12),(14,76,15),(75,15,76),(75,16,15),(73,17,16),(72,71,18),(20,70,69),(22,21,68),(67,23,
   22),(67,24,23),(69,68,21),(70,20,19),(18,71,19),(4,3,2),(21,20,69),(19,71,70)),());
#181=COORDINATES_LIST('',19,((11.327135,-19.1,-64.770348),(11.327135,-19.1,-63.781219),(11.891265,-19.1,-63.781219),(11.891265,-19.1,-64.770348),(12.737458,-19.1,-64.770348),(12.737458,-19.1,-65.429771),(11.891265,-19.1,-65.429771),(11.891265,-19.1,-66.4189),(11.327135,-19.1,-66.4189),(11.327135,
   -19.1,-65.429771),(10.473709,-19.1,-65.429771),(10.473709,-19.1,-64.770348),(10.473709,-19.1,-66.959961),(12.737458,-19.1,-66.959961),(12.737458,-19.1,-67.619385),(10.473709,-19.1,-67.619385),(11.605583,-19.1,-66.959961),(11.039646,-19.1,-66.959961),(12.171521,-19.1,-66.959961)));
#182=COMPLEX_TRIANGULATED_SURFACE_SET('',#181,19,((0.,-1.,0.)),(),((16,18,13),(15,19,17),(12,11,1),(1,4,2),(7,1,10),(11,10,1),(18,16,17),(9,8,
   10),(14,19,15),(4,7,5),(4,1,7),(7,6,5),(4,3,2),(7,10,8),(16,15,17)),());
#183=COORDINATES_LIST('',102,((14.162246,-19.1,-63.637501),(14.302989,-19.1,-63.645786),(14.435921,-19.1,-63.670639),(14.561042,-19.1,-63.712067),(14.678351,-19.1,-63.770061),(14.78785,-19.1,-63.844627),(14.88867,-19.1,-63.93644),(14.979943,-19.1,-64.046173),(15.061669,-19.1,-64.173828),(15.133849,
   -19.1,-64.319412),(15.196483,-19.1,-64.48291),(15.248556,-19.1,-64.668564),(15.289058,-19.1,-64.880592),(15.317986,-19.1,-65.118996),(15.335345,-19.1,-65.383781),(15.341131,-19.1,-65.674942),(15.3352,-19.1,-65.972183),(15.317409,-19.1,-66.241707),(15.287755,-19.1,-66.48349),(15.246242,
   -19.1,-66.697548),(15.192866,-19.1,-66.883881),(15.129655,-19.1,-67.047211),(15.058632,-19.1,-67.192284),(14.979799,-19.1,-67.319092),(14.893154,-19.1,-67.427643),(14.798699,-19.1,-67.517937),(14.695131,-19.1,-67.590981),(14.581148,-19.1,-67.647789),(14.45675,-19.1,-67.68837),(14.321938,
   -19.1,-67.712715),(14.17671,-19.1,-67.720833),(14.031194,-19.1,-67.712547),(13.895514,-19.1,-67.687691),(13.76967,-19.1,-67.646271),(13.653662,-19.1,-67.588272),(13.54749,-19.1,-67.51371),(13.450575,-19.1,-67.422577),(13.36234,-19.1,-67.314865),(13.282783,-19.1,-67.19059),(13.211905,
   -19.1,-67.049744),(13.149706,-19.1,-66.892334),(13.097633,-19.1,-66.712769),(13.057132,-19.1,-66.50547),(13.028202,-19.1,-66.270447),(13.010844,-19.1,-66.00769),(13.005058,-19.1,-65.717209),(13.01634,-19.1,-65.311417),(13.050188,-19.1,-64.952957),(13.106601,-19.1,-64.641846),(13.185579,
   -19.1,-64.378082),(13.287123,-19.1,-64.161659),(13.421645,-19.1,-63.972961),(13.57642,-19.1,-63.826195),(13.751444,-19.1,-63.721367),(13.946719,-19.1,-63.658466),(14.162246,-19.1,-63.637501),(14.17671,-19.1,-64.339195),(14.114367,-19.1,-64.343925),(14.054627,-19.1,-64.358131),(13.997491,
   -19.1,-64.381798),(13.942959,-19.1,-64.41494),(13.891029,-19.1,-64.45755),(13.842862,-19.1,-64.511993),(13.799612,-19.1,-64.580643),(13.76128,-19.1,-64.66349),(13.727866,-19.1,-64.760544),(13.69937,-19.1,-64.871803),(13.675938,-19.1,-65.000977),(13.657712,-19.1,-65.151802),(13.644693,
   -19.1,-65.324265),(13.636883,-19.1,-65.518372),(13.634278,-19.1,-65.734116),(13.640354,-19.1,-66.010063),(13.65858,-19.1,-66.249481),(13.688956,-19.1,-66.452377),(13.731483,-19.1,-66.618759),(13.78616,-19.1,-66.748611),(13.850384,-19.1,-66.849045),(13.921551,-19.1,-66.927162),(13.99966,
   -19.1,-66.982956),(14.084714,-19.1,-67.016441),(14.17671,-19.1,-67.027596),(14.265525,-19.1,-67.017113),(14.346817,-19.1,-66.985664),(14.420588,-19.1,-66.93325),(14.486836,-19.1,-66.859871),(14.545564,-19.1,-66.765518),(14.602845,-19.1,-66.619431),(14.647397,-19.1,-66.438179),(14.679219,
   -19.1,-66.221748),(14.698313,-19.1,-65.970161),(14.704678,-19.1,-65.683395),(14.698892,-19.1,-65.397812),(14.681534,-19.1,-65.149773),(14.652604,-19.1,-64.939262),(14.612103,-19.1,-64.766296),(14.560029,-19.1,-64.630859),(14.498409,-19.1,-64.525856),(14.429267,-19.1,-64.444191),(14.352603,
   -19.1,-64.385857),(14.268417,-19.1,-64.350861),(14.17671,-19.1,-64.339195)));
#184=COMPLEX_TRIANGULATED_SURFACE_SET('',#183,100,((0.,-1.,0.)),(),((42,41,75),(41,40,75),(39,38,76),(76,40,39),(37,77,38),(73,45,44),(74,73,44),(73,72,
   45),(42,74,43),(43,74,44),(45,72,46),(37,36,77),(34,79,35),(33,79,34),(32,31,81),(33,32,80),(32,81,80),(74,42,
   75),(75,40,76),(80,79,33),(77,36,78),(79,78,35),(38,77,76),(78,36,35),(46,71,47),(71,46,72),(47,71,70),(48,70,
   69),(47,70,48),(48,69,68),(49,67,50),(49,48,68),(50,66,51),(65,52,51),(64,53,52),(49,68,67),(64,52,65),(65,51,
   66),(63,62,54),(63,54,53),(63,53,64),(54,61,55),(61,54,62),(55,61,60),(58,55,59),(1,55,58),(57,1,58),(59,55,
   60),(66,50,67),(82,81,31),(31,83,82),(83,31,30),(83,30,84),(85,84,29),(29,84,30),(85,29,28),(27,86,85),(26,87,
   86),(22,89,88),(20,90,89),(88,87,24),(27,85,28),(87,26,25),(87,25,24),(88,23,22),(88,24,23),(89,22,21),(92,91,
   17),(89,21,20),(90,20,19),(18,91,90),(17,91,18),(19,18,90),(92,17,16),(26,86,27),(99,98,5),(100,99,4),(8,97,
   96),(6,98,97),(5,98,6),(57,101,2),(2,101,3),(57,2,1),(100,3,101),(100,4,3),(99,5,4),(96,95,10),(13,94,
   14),(14,94,93),(94,13,12),(93,15,14),(93,92,15),(92,16,15),(8,7,97),(6,97,7),(10,95,11),(96,9,8),(9,96,
   10),(95,12,11),(94,12,95)),());
#185=COORDINATES_LIST('',41,((16.115,-19.1,-66.866966),(16.171268,-19.1,-66.871704),(16.224354,-19.1,-66.88591),(16.274258,-19.1,-66.909576),(16.32098,-19.1,-66.942719),(16.364519,-19.1,-66.985329),(16.402271,-19.1,-67.035034),(16.431635,-19.1,-67.089485),(16.45261,-19.1,-67.148659),(16.465195,
   -19.1,-67.21257),(16.469389,-19.1,-67.281219),(16.465195,-19.1,-67.346992),(16.45261,-19.1,-67.40905),(16.431635,-19.1,-67.467377),(16.402271,-19.1,-67.521996),(16.364519,-19.1,-67.572884),(16.32098,-19.1,-67.61702),(16.274258,-19.1,-67.651344),(16.224354,-19.1,-67.675858),(16.171268,
   -19.1,-67.690567),(16.115,-19.1,-67.695473),(16.056273,-19.1,-67.690567),(16.001596,-19.1,-67.675858),(15.950969,-19.1,-67.651344),(15.904392,-19.1,-67.61702),(15.861865,-19.1,-67.572884),(15.825414,-19.1,-67.521996),(15.797063,-19.1,-67.467377),(15.776812,-19.1,-67.40905),(15.764662,
   -19.1,-67.346992),(15.760612,-19.1,-67.281219),(15.764662,-19.1,-67.21257),(15.776812,-19.1,-67.148659),(15.797063,-19.1,-67.089485),(15.825414,-19.1,-67.035034),(15.861865,-19.1,-66.985329),(15.904392,-19.1,-66.942719),(15.950969,-19.1,-66.909576),(16.001596,-19.1,-66.88591),(16.056273,
   -19.1,-66.871704),(16.115,-19.1,-66.866966)));
#186=COMPLEX_TRIANGULATED_SURFACE_SET('',#185,40,((0.,-1.,0.)),(),((31,30,27),(30,29,28),(30,28,27),(27,26,21),(21,26,22),(25,24,23),(25,23,22),(26,25,
   22),(31,27,21),(35,32,36),(33,35,34),(35,33,32),(32,31,40),(37,36,39),(37,39,38),(39,36,40),(36,32,40),(40,31,
   1),(31,21,16),(20,19,18),(16,21,17),(17,20,18),(31,16,1),(15,14,12),(12,11,15),(12,14,13),(15,11,16),(1,16,
   11),(5,4,2),(5,2,1),(2,4,3),(1,11,5),(10,9,7),(10,7,6),(7,9,8),(5,11,6),(11,10,6),(21,20,
   17)),());
#187=COORDINATES_LIST('',87,((17.532555,-19.1,-63.730495),(19.087526,-19.1,-63.730495),(19.087526,-19.1,-64.415276),(18.002663,-19.1,-64.415276),(17.865246,-19.1,-65.125427),(17.888247,-19.1,-65.115952),(17.910955,-19.1,-65.107841),(17.933376,-19.1,-65.101074),(17.955507,-19.1,-65.095665),(17.977348,
   -19.1,-65.091606),(17.998901,-19.1,-65.088562),(18.020164,-19.1,-65.086197),(18.04114,-19.1,-65.084503),(18.061825,-19.1,-65.083488),(18.08222,-19.1,-65.083153),(18.258112,-19.1,-65.097694),(18.421276,-19.1,-65.141319),(18.571711,-19.1,-65.21402),(18.709415,-19.1,-65.315811),(18.834391,
   -19.1,-65.446678),(18.941143,-19.1,-65.599869),(19.02417,-19.1,-65.768608),(19.083477,-19.1,-65.952911),(19.119061,-19.1,-66.152763),(19.13092,-19.1,-66.368179),(19.117758,-19.1,-66.587814),(19.078268,-19.1,-66.793587),(19.012453,-19.1,-66.985497),(18.920313,-19.1,-67.163536),(18.801846,
   -19.1,-67.327721),(18.664286,-19.1,-67.469238),(18.514864,-19.1,-67.579315),(18.35358,-19.1,-67.657936),(18.180435,-19.1,-67.705109),(17.99543,-19.1,-67.720833),(17.832123,-19.1,-67.709503),(17.677782,-19.1,-67.675522),(17.53241,-19.1,-67.618881),(17.396008,-19.1,-67.539581),(17.268572,
   -19.1,-67.437622),(17.154156,-19.1,-67.316048),(17.056807,-19.1,-67.17791),(16.976526,-19.1,-67.023201),(16.913315,-19.1,-66.851921),(16.867172,-19.1,-66.66407),(17.532555,-19.1,-66.66407),(17.566114,-19.1,-66.731705),(17.603144,-19.1,-66.792572),(17.643644,-19.1,-66.84668),(17.687618,
   -19.1,-66.89402),(17.735064,-19.1,-66.934601),(17.7854,-19.1,-66.968079),(17.838053,-19.1,-66.994118),(17.893019,-19.1,-67.012718),(17.9503,-19.1,-67.02388),(18.009895,-19.1,-67.027596),(18.091333,-19.1,-67.020493),(18.167852,-19.1,-66.999191),(18.239452,-19.1,-66.963684),(18.306135,
   -19.1,-66.913971),(18.367901,-19.1,-66.85006),(18.421276,-19.1,-66.77533),(18.46279,-19.1,-66.693153),(18.492443,-19.1,-66.603539),(18.510235,-19.1,-66.506485),(18.516165,-19.1,-66.401993),(18.510668,-19.1,-66.297668),(18.494179,-19.1,-66.201126),(18.466696,-19.1,-66.112358),(18.428219,
   -19.1,-66.031364),(18.378748,-19.1,-65.958153),(18.321468,-19.1,-65.89576),(18.259558,-19.1,-65.847237),(18.19302,-19.1,-65.812576),(18.121853,-19.1,-65.791779),(18.046057,-19.1,-65.784843),(18.005556,-19.1,-65.787209),(17.965054,-19.1,-65.794312),(17.924553,-19.1,-65.806145),(17.88405,
   -19.1,-65.822716),(17.84355,-19.1,-65.844025),(17.803337,-19.1,-65.870399),(17.763704,-19.1,-65.902184),(17.724648,-19.1,-65.939384),(17.686172,-19.1,-65.981995),(17.648273,-19.1,-66.030014),(17.127539,-19.1,-65.894745)));
#188=COMPLEX_TRIANGULATED_SURFACE_SET('',#187,87,((0.,-1.,0.)),(),((41,46,42),(48,40,39),(46,41,40),(49,48,39),(46,45,44),(43,42,46),(47,40,48),(44,43,
   46),(47,46,40),(39,38,49),(53,37,36),(55,35,56),(35,55,36),(56,35,57),(54,36,55),(49,38,50),(50,38,51),(53,52,
   37),(54,53,36),(51,37,52),(38,37,51),(84,83,5),(85,84,5),(86,85,87),(1,87,5),(5,83,82),(87,85,5),(81,80,
   5),(5,80,79),(81,5,82),(1,5,4),(7,6,78),(7,78,8),(78,6,5),(5,79,78),(8,78,77),(77,9,8),(77,10,
   9),(10,77,11),(11,76,12),(76,11,77),(1,4,2),(58,57,34),(33,59,58),(59,33,60),(33,58,34),(57,35,34),(32,61,
   60),(31,62,61),(29,64,63),(63,62,30),(60,33,32),(31,30,62),(29,28,64),(29,63,30),(28,65,64),(66,65,26),(24,67,
   66),(26,25,66),(26,65,27),(65,28,27),(68,67,22),(31,61,32),(25,24,66),(75,74,16),(17,72,18),(73,72,17),(74,73,
   16),(13,76,14),(76,13,12),(14,76,15),(75,15,76),(75,16,15),(73,17,16),(72,71,18),(20,70,69),(22,21,68),(67,23,
   22),(67,24,23),(69,68,21),(70,20,19),(18,71,19),(4,3,2),(21,20,69),(19,71,70)),());
#189=COORDINATES_LIST('',102,((20.635265,-19.1,-63.637501),(20.776009,-19.1,-63.645786),(20.908939,-19.1,-63.670639),(21.034061,-19.1,-63.712067),(21.151371,-19.1,-63.770061),(21.26087,-19.1,-63.844627),(21.361691,-19.1,-63.93644),(21.452963,-19.1,-64.046173),(21.534689,-19.1,-64.173828),(21.606869,
   -19.1,-64.319412),(21.669502,-19.1,-64.48291),(21.721575,-19.1,-64.668564),(21.762077,-19.1,-64.880592),(21.791006,-19.1,-65.118996),(21.808365,-19.1,-65.383781),(21.81415,-19.1,-65.674942),(21.80822,-19.1,-65.972183),(21.790428,-19.1,-66.241707),(21.760775,-19.1,-66.48349),(21.719261,
   -19.1,-66.697548),(21.665886,-19.1,-66.883881),(21.602674,-19.1,-67.047211),(21.531652,-19.1,-67.192284),(21.452818,-19.1,-67.319092),(21.366175,-19.1,-67.427643),(21.271719,-19.1,-67.517937),(21.16815,-19.1,-67.590981),(21.054167,-19.1,-67.647789),(20.92977,-19.1,-67.68837),(20.794956,
   -19.1,-67.712715),(20.649731,-19.1,-67.720833),(20.504213,-19.1,-67.712547),(20.368534,-19.1,-67.687691),(20.242689,-19.1,-67.646271),(20.12668,-19.1,-67.588272),(20.02051,-19.1,-67.51371),(19.923595,-19.1,-67.422577),(19.83536,-19.1,-67.314865),(19.755802,-19.1,-67.19059),(19.684925,
   -19.1,-67.049744),(19.622726,-19.1,-66.892334),(19.570652,-19.1,-66.712769),(19.530151,-19.1,-66.50547),(19.501221,-19.1,-66.270447),(19.483864,-19.1,-66.00769),(19.478077,-19.1,-65.717209),(19.489359,-19.1,-65.311417),(19.523207,-19.1,-64.952957),(19.57962,-19.1,-64.641846),(19.658598,
   -19.1,-64.378082),(19.760141,-19.1,-64.161659),(19.894665,-19.1,-63.972961),(20.049438,-19.1,-63.826195),(20.224463,-19.1,-63.721367),(20.419739,-19.1,-63.658466),(20.635265,-19.1,-63.637501),(20.649731,-19.1,-64.339195),(20.587387,-19.1,-64.343925),(20.527647,-19.1,-64.358131),(20.47051,
   -19.1,-64.381798),(20.415977,-19.1,-64.41494),(20.36405,-19.1,-64.45755),(20.315882,-19.1,-64.511993),(20.272631,-19.1,-64.580643),(20.234299,-19.1,-64.66349),(20.200886,-19.1,-64.760544),(20.17239,-19.1,-64.871803),(20.148956,-19.1,-65.000977),(20.130732,-19.1,-65.151802),(20.117712,
   -19.1,-65.324265),(20.109901,-19.1,-65.518372),(20.107298,-19.1,-65.734116),(20.113373,-19.1,-66.010063),(20.131599,-19.1,-66.249481),(20.161976,-19.1,-66.452377),(20.204502,-19.1,-66.618759),(20.259178,-19.1,-66.748611),(20.323402,-19.1,-66.849045),(20.394569,-19.1,-66.927162),(20.472681,
   -19.1,-66.982956),(20.557734,-19.1,-67.016441),(20.649731,-19.1,-67.027596),(20.738544,-19.1,-67.017113),(20.819838,-19.1,-66.985664),(20.893608,-19.1,-66.93325),(20.959856,-19.1,-66.859871),(21.018583,-19.1,-66.765518),(21.075865,-19.1,-66.619431),(21.120417,-19.1,-66.438179),(21.152239,
   -19.1,-66.221748),(21.171333,-19.1,-65.970161),(21.177696,-19.1,-65.683395),(21.171911,-19.1,-65.397812),(21.154552,-19.1,-65.149773),(21.125624,-19.1,-64.939262),(21.085121,-19.1,-64.766296),(21.033049,-19.1,-64.630859),(20.971428,-19.1,-64.525856),(20.902287,-19.1,-64.444191),(20.825623,
   -19.1,-64.385857),(20.741438,-19.1,-64.350861),(20.649731,-19.1,-64.339195)));
#190=COMPLEX_TRIANGULATED_SURFACE_SET('',#189,100,((0.,-1.,0.)),(),((42,41,75),(41,40,75),(39,38,76),(76,40,39),(37,77,38),(73,45,44),(74,73,44),(73,72,
   45),(42,74,43),(43,74,44),(45,72,46),(37,36,77),(34,79,35),(33,79,34),(32,31,81),(33,32,80),(32,81,80),(74,42,
   75),(75,40,76),(80,79,33),(77,36,78),(79,78,35),(38,77,76),(78,36,35),(46,71,47),(71,46,72),(47,71,70),(48,70,
   69),(47,70,48),(48,69,68),(49,67,50),(49,48,68),(50,66,51),(65,52,51),(64,53,52),(49,68,67),(64,52,65),(65,51,
   66),(63,62,54),(63,54,53),(63,53,64),(54,61,55),(61,54,62),(55,61,60),(58,55,59),(1,55,58),(57,1,58),(59,55,
   60),(66,50,67),(82,81,31),(31,83,82),(83,31,30),(83,30,84),(85,84,29),(29,84,30),(85,29,28),(27,86,85),(26,87,
   86),(22,89,88),(20,90,89),(88,87,24),(27,85,28),(87,26,25),(87,25,24),(88,23,22),(88,24,23),(89,22,21),(92,91,
   17),(89,21,20),(90,20,19),(18,91,90),(17,91,18),(19,18,90),(92,17,16),(26,86,27),(99,98,5),(100,99,4),(8,97,
   96),(6,98,97),(5,98,6),(57,101,2),(2,101,3),(57,2,1),(100,3,101),(100,4,3),(99,5,4),(96,95,10),(13,94,
   14),(14,94,93),(94,13,12),(93,15,14),(93,92,15),(92,16,15),(8,7,97),(6,97,7),(10,95,11),(96,9,8),(9,96,
   10),(95,12,11),(94,12,95)),());
#164=TESSELLATED_GEOMETRIC_SET('linear dimension',(#165,#167,#169,#171,#174,#176,#178,#180,#182,#184,#186,#188,#190));
#163=TESSELLATED_ANNOTATION_OCCURRENCE('\X2\76F45F84\X0\3@\X2\53584E007A74\X0\1(49)-2',(#31),#164);
#191=DRAUGHTING_CALLOUT('\X2\76F45F84\X0\3@\X2\53584E007A74\X0\1(49)-2',(#163));
#193=CARTESIAN_POINT('',(0.,0.,0.));
#194=DIRECTION('',(0.,-1.,0.));
#195=DIRECTION('',(1.,0.,0.));
#196=AXIS2_PLACEMENT_3D('',#193,#194,#195);
#197=PLANE('',#196);
#192=ANNOTATION_PLANE('*\X2\5E959762\X0\',(#128),#197,(#162,#191));
#200=COORDINATES_LIST('',3,((64.88813,19.,0.1),(64.380135,15.698,0.1),(65.396133,15.698,0.1)));
#201=COMPLEX_TRIANGULATED_SURFACE_SET('',#200,3,((-0.,0.,-1.)),(),((3,2,1)),());
#202=COORDINATES_LIST('',3,((64.88813,6.5,0.1),(65.396133,9.802,0.1),(64.380135,9.802,0.1)));
#203=COMPLEX_TRIANGULATED_SURFACE_SET('',#202,3,((0.,0.,-1.)),(),((2,1,3)),());
#205=COORDINATES_LIST('',2,((31.,19.,0.1),(65.88813,19.,0.1)));
#204=TESSELLATED_CURVE_SET('',#205,((1,2)));
#207=COORDINATES_LIST('',2,((18.5,6.5,0.1),(65.88813,6.5,0.1)));
#206=TESSELLATED_CURVE_SET('',#207,((1,2)));
#209=COORDINATES_LIST('',2,((31.,19.,0.1),(30.,19.,0.1)));
#208=TESSELLATED_CURVE_SET('',#209,((1,2)));
#211=COORDINATES_LIST('',2,((30.,19.,0.1),(30.,19.,0.)));
#210=TESSELLATED_CURVE_SET('',#211,((1,2)));
#213=COORDINATES_LIST('',2,((31.,19.,0.1),(30.,19.,0.1)));
#212=TESSELLATED_CURVE_SET('',#213,((1,2)));
#215=COORDINATES_LIST('',2,((30.,19.,0.1),(30.,19.,0.)));
#214=TESSELLATED_CURVE_SET('',#215,((1,2)));
#217=COORDINATES_LIST('',2,((18.5,6.5,0.1),(17.5,6.5,0.1)));
#216=TESSELLATED_CURVE_SET('',#217,((1,2)));
#219=COORDINATES_LIST('',2,((17.5,6.5,0.1),(17.5,6.5,0.)));
#218=TESSELLATED_CURVE_SET('',#219,((1,2)));
#221=COORDINATES_LIST('',2,((64.88813,19.,0.1),(64.88813,6.5,0.1)));
#220=TESSELLATED_CURVE_SET('',#221,((1,2)));
#222=COORDINATES_LIST('',6,((60.028538,8.982801,0.1),(60.028538,9.929116,0.1),(63.917427,9.929116,0.1),(63.917427,9.300648,0.1),(60.721775,9.300648,0.1),(60.721775,8.621613,0.1)));
#223=COMPLEX_TRIANGULATED_SURFACE_SET('',#222,6,((0.,0.,1.)),(),((1,6,5),(5,3,2),(3,5,4),(5,2,1)),());
#224=COORDINATES_LIST('',74,((61.279747,11.619479,0.1),(61.279747,10.998235,0.1),(61.040157,11.021062,0.1),(60.821873,11.066427,0.1),(60.624889,11.134331,0.1),(60.449215,11.224772,0.1),(60.294842,11.337752,0.1),(60.165493,11.469225,0.1),(60.064892,11.615145,0.1),(59.993031,
   11.775513,0.1),(59.949917,11.950328,0.1),(59.935543,12.139591,0.1),(59.94146,12.25806,0.1),(59.959213,12.370751,0.1),(59.988804,12.477664,0.1),(60.030228,12.578796,0.1),(60.083488,12.67415,0.1),(60.148079,12.762858,0.1),(60.223492,12.844053,0.1),(60.309723,
   12.917736,0.1),(60.406776,12.983906,0.1),(60.514648,13.042562,0.1),(60.628105,13.091973,0.1),(60.741894,13.130404,0.1),(60.856026,13.157854,0.1),(60.970493,13.174324,0.1),(61.0853,13.179814,0.1),(61.225979,13.173168,0.1),(61.370712,13.153231,0.1),(61.519505,
   13.120002,0.1),(61.672356,13.073481,0.1),(61.829262,13.013667,0.1),(61.994286,12.93594,0.1),(62.171486,12.835673,0.1),(62.360859,12.71287,0.1),(62.562405,12.567527,0.1),(62.776123,12.399647,0.1),(63.232643,12.024011,0.1),(63.232643,13.20871,0.1),(63.917427,
   13.20871,0.1),(63.917427,10.91155,0.1),(63.562355,10.91155,0.1),(62.33651,11.937325,0.1),(62.167427,12.077466,0.1),(62.011871,12.197381,0.1),(61.869843,12.297069,0.1),(61.741341,12.376531,0.1),(61.626366,12.435765,0.1),(61.520519,12.479975,0.1),(61.419407,
   12.51436,0.1),(61.323032,12.538921,0.1),(61.231388,12.553658,0.1),(61.144482,12.55857,0.1),(61.056557,12.553369,0.1),(60.975399,12.537766,0.1),(60.901001,12.51176,0.1),(60.83337,12.475352,0.1),(60.772499,12.428542,0.1),(60.72076,12.373641,0.1),(60.680519,
   12.312962,0.1),(60.651775,12.246503,0.1),(60.634529,12.174265,0.1),(60.62878,12.096249,0.1),(60.635712,12.018087,0.1),(60.656509,11.945415,0.1),(60.69117,11.878235,0.1),(60.739697,11.816544,0.1),(60.80209,11.760343,0.1),(60.876656,11.711944,0.1),(60.961704,
   11.673657,0.1),(61.057236,11.645485,0.1),(61.16325,11.627425,0.1),(61.279747,11.619479,0.1),(63.232643,12.61636,0.1)));
#225=COMPLEX_TRIANGULATED_SURFACE_SET('',#224,73,((0.,0.,1.)),(),((2,1,3),(42,41,38),(38,40,74),(4,3,72),(5,72,71),(4,72,5),(3,1,72),(70,6,
   71),(39,74,40),(44,43,37),(37,45,44),(45,36,46),(7,70,69),(35,47,46),(8,69,68),(43,38,37),(43,42,38),(41,40,
   38),(9,68,67),(5,71,6),(70,7,6),(66,10,67),(10,66,65),(69,8,7),(8,68,9),(10,9,67),(65,11,10),(65,64,
   11),(14,60,15),(61,60,14),(12,11,63),(12,63,62),(61,13,62),(13,61,14),(62,13,12),(60,59,15),(63,11,64),(36,35,
   46),(35,48,47),(49,48,34),(33,50,49),(31,52,51),(29,53,52),(51,50,32),(34,48,35),(32,50,33),(30,52,31),(29,28,
   53),(52,30,29),(51,32,31),(33,49,34),(53,28,27),(57,56,18),(20,56,55),(18,56,19),(16,59,58),(59,16,15),(58,17,
   16),(58,57,17),(57,18,17),(55,54,22),(24,54,25),(26,25,54),(23,54,24),(56,20,19),(21,20,55),(22,21,55),(22,54,
   23),(54,53,26),(53,27,26),(45,37,36)),());
#226=COORDINATES_LIST('',41,((63.165012,14.046667,0.1),(63.169746,14.102868,0.1),(63.183949,14.15589,0.1),(63.207619,14.205735,0.1),(63.240761,14.2524,0.1),(63.283371,14.295887,0.1),(63.33308,14.333595,0.1),(63.387524,14.362925,0.1),(63.446701,14.383873,0.1),(63.510616,
   14.396442,0.1),(63.579262,14.400632,0.1),(63.645035,14.396442,0.1),(63.707088,14.383873,0.1),(63.765423,14.362924,0.1),(63.820034,14.333595,0.1),(63.87093,14.295887,0.1),(63.915058,14.2524,0.1),(63.949383,14.205735,0.1),(63.9739,14.15589,0.1),(63.988609,
   14.102868,0.1),(63.993515,14.046667,0.1),(63.988609,13.98801,0.1),(63.9739,13.933398,0.1),(63.949383,13.882832,0.1),(63.915058,13.836311,0.1),(63.87093,13.793835,0.1),(63.820034,13.757427,0.1),(63.765423,13.72911,0.1),(63.707088,13.708883,0.1),(63.645035,
   13.696748,0.1),(63.579262,13.692702,0.1),(63.510616,13.696748,0.1),(63.446701,13.708883,0.1),(63.387524,13.72911,0.1),(63.33308,13.757427,0.1),(63.283371,13.793835,0.1),(63.240761,13.836311,0.1),(63.207619,13.882832,0.1),(63.183949,13.933398,0.1),(63.169746,
   13.98801,0.1),(63.165012,14.046667,0.1)));
#227=COMPLEX_TRIANGULATED_SURFACE_SET('',#226,40,((0.,0.,1.)),(),((31,30,27),(30,29,28),(30,28,27),(27,26,21),(21,26,22),(25,24,23),(25,23,22),(26,25,
   22),(31,27,21),(35,32,36),(33,35,34),(35,33,32),(32,31,40),(37,36,39),(37,39,38),(39,36,40),(36,32,40),(40,31,
   1),(31,21,16),(20,19,18),(16,21,17),(17,20,18),(31,16,1),(15,14,12),(12,11,15),(12,14,13),(15,11,16),(1,16,
   11),(5,4,2),(5,2,1),(2,4,3),(1,11,5),(10,9,7),(10,7,6),(7,9,8),(5,11,6),(11,10,6),(21,20,
   17)),());
#228=COORDINATES_LIST('',87,((60.028538,15.462527,0.1),(60.028538,17.015638,0.1),(60.713322,17.015638,0.1),(60.713322,15.932073,0.1),(61.423466,15.794821,0.1),(61.413998,15.817792,0.1),(61.40588,15.840475,0.1),(61.399117,15.862868,0.1),(61.393707,15.884974,0.1),(61.389648,
   15.906789,0.1),(61.386604,15.928316,0.1),(61.384239,15.949553,0.1),(61.382549,15.970503,0.1),(61.381535,15.991163,0.1),(61.381195,16.011534,0.1),(61.395737,16.187216,0.1),(61.439358,16.350185,0.1),(61.512066,16.500439,0.1),(61.613853,16.63798,0.1),(61.74472,
   16.762806,0.1),(61.897911,16.869429,0.1),(62.066654,16.952358,0.1),(62.250954,17.011593,0.1),(62.450809,17.047134,0.1),(62.666218,17.058981,0.1),(62.885857,17.045834,0.1),(63.091629,17.006392,0.1),(63.283539,16.940655,0.1),(63.461582,16.848625,0.1),(63.625759,
   16.730299,0.1),(63.767281,16.592903,0.1),(63.877354,16.443661,0.1),(63.955978,16.28257,0.1),(64.003151,16.109632,0.1),(64.018875,15.924849,0.1),(64.007545,15.761736,0.1),(63.973564,15.60758,0.1),(63.91692,15.462382,0.1),(63.83762,15.326142,0.1),(63.735664,
   15.198859,0.1),(63.614094,15.084579,0.1),(63.475952,14.987347,0.1),(63.321243,14.907164,0.1),(63.149963,14.844028,0.1),(62.962112,14.797939,0.1),(62.962112,15.462527,0.1),(63.029747,15.496045,0.1),(63.090614,15.533031,0.1),(63.144722,15.573484,0.1),(63.192066,
   15.617405,0.1),(63.232643,15.664793,0.1),(63.266121,15.71507,0.1),(63.29216,15.767659,0.1),(63.31076,15.82256,0.1),(63.321918,15.879772,0.1),(63.325638,15.939296,0.1),(63.318539,16.020636,0.1),(63.297234,16.097063,0.1),(63.261726,16.168579,0.1),(63.212017,
   16.235182,0.1),(63.148102,16.296873,0.1),(63.073368,16.350185,0.1),(62.991196,16.391649,0.1),(62.901581,16.421267,0.1),(62.804527,16.439037,0.1),(62.700035,16.44496,0.1),(62.595711,16.43947,0.1),(62.499165,16.423,0.1),(62.410397,16.39555,0.1),(62.329407,
   16.357119,0.1),(62.256195,16.307709,0.1),(62.193806,16.250496,0.1),(62.145279,16.188662,0.1),(62.110615,16.122202,0.1),(62.089817,16.051121,0.1),(62.082886,15.975415,0.1),(62.085255,15.934962,0.1),(62.092354,15.894508,0.1),(62.104191,15.854055,0.1),(62.120762,
   15.813602,0.1),(62.142063,15.773149,0.1),(62.168442,15.732985,0.1),(62.20023,15.693398,0.1),(62.237427,15.65439,0.1),(62.280037,15.61596,0.1),(62.328056,15.578107,0.1),(62.192791,15.057996,0.1)));
#229=COMPLEX_TRIANGULATED_SURFACE_SET('',#228,87,((0.,0.,1.)),(),((46,42,41),(48,40,39),(41,40,46),(49,48,39),(44,43,46),(46,43,42),(46,40,47),(40,48,
   47),(44,46,45),(39,38,49),(53,37,36),(55,35,56),(35,55,36),(56,35,57),(54,36,55),(49,38,50),(50,38,51),(53,52,
   37),(54,53,36),(51,37,52),(38,37,51),(5,85,84),(87,86,85),(5,84,83),(1,87,5),(5,83,82),(87,85,5),(81,80,
   5),(5,80,79),(81,5,82),(1,5,4),(7,6,78),(7,78,8),(78,6,5),(5,79,78),(8,78,77),(77,9,8),(77,10,
   9),(10,77,11),(11,76,12),(76,11,77),(1,4,2),(58,57,34),(33,59,58),(59,33,60),(33,58,34),(57,35,34),(32,61,
   60),(31,62,61),(29,64,63),(63,62,30),(60,33,32),(31,30,62),(29,28,64),(29,63,30),(28,65,64),(66,65,26),(24,67,
   66),(26,25,66),(26,65,27),(65,28,27),(68,67,22),(31,61,32),(25,24,66),(75,74,16),(17,72,18),(73,72,17),(74,73,
   16),(13,76,14),(76,13,12),(14,76,15),(75,15,76),(75,16,15),(73,17,16),(72,71,18),(20,70,69),(22,21,68),(67,23,
   22),(67,24,23),(69,68,21),(70,20,19),(18,71,19),(4,3,2),(21,20,69),(19,71,70)),());
#199=TESSELLATED_GEOMETRIC_SET('general dimension',(#201,#203,#204,#206,#208,#210,#212,#214,#216,#218,#220,#223,#225,#227,#229));
#198=TESSELLATED_ANNOTATION_OCCURRENCE('\X2\8DDD96E295939694\X0\1@\X2\5E739762\X0\5(12.5)',(#31),#199);
#230=DRAUGHTING_CALLOUT('\X2\8DDD96E295939694\X0\1@\X2\5E739762\X0\5(12.5)',(#198));
#233=COORDINATES_LIST('',3,((64.742783,6.5,0.1),(64.234787,3.198,0.1),(65.250786,3.198,0.1)));
#234=COMPLEX_TRIANGULATED_SURFACE_SET('',#233,3,((0.,0.,-1.)),(),((3,2,1)),());
#235=COORDINATES_LIST('',3,((64.742783,-6.5,0.1),(65.250786,-3.198,0.1),(64.234787,-3.198,0.1)));
#236=COMPLEX_TRIANGULATED_SURFACE_SET('',#235,3,((0.,0.,-1.)),(),((2,1,3)),());
#238=COORDINATES_LIST('',2,((18.5,6.5,0.1),(65.742783,6.5,0.1)));
#237=TESSELLATED_CURVE_SET('',#238,((1,2)));
#240=COORDINATES_LIST('',2,((25.5,-6.5,0.1),(65.742783,-6.5,0.1)));
#239=TESSELLATED_CURVE_SET('',#240,((1,2)));
#242=COORDINATES_LIST('',2,((18.5,6.5,0.1),(17.5,6.5,0.1)));
#241=TESSELLATED_CURVE_SET('',#242,((1,2)));
#244=COORDINATES_LIST('',2,((17.5,6.5,0.1),(17.5,6.5,0.)));
#243=TESSELLATED_CURVE_SET('',#244,((1,2)));
#246=COORDINATES_LIST('',2,((18.5,6.5,0.1),(17.5,6.5,0.1)));
#245=TESSELLATED_CURVE_SET('',#246,((1,2)));
#248=COORDINATES_LIST('',2,((17.5,6.5,0.1),(17.5,6.5,0.)));
#247=TESSELLATED_CURVE_SET('',#248,((1,2)));
#250=COORDINATES_LIST('',2,((25.5,-6.5,0.1),(24.5,-6.5,0.1)));
#249=TESSELLATED_CURVE_SET('',#250,((1,2)));
#252=COORDINATES_LIST('',2,((24.5,-6.5,0.1),(24.5,-6.5,0.)));
#251=TESSELLATED_CURVE_SET('',#252,((1,2)));
#254=COORDINATES_LIST('',2,((64.742783,6.5,0.1),(64.742783,-6.5,0.1)));
#253=TESSELLATED_CURVE_SET('',#254,((1,2)));
#255=COORDINATES_LIST('',6,((59.883194,-3.767199,0.1),(59.883194,-2.820884,0.1),(63.772083,-2.820884,0.1),(63.772083,-3.449353,0.1),(60.576431,-3.449353,0.1),(60.576431,-4.128387,0.1)));
#256=COMPLEX_TRIANGULATED_SURFACE_SET('',#255,6,((0.,0.,1.)),(),((1,6,5),(5,3,2),(3,5,4),(5,2,1)),());
#257=COORDINATES_LIST('',129,((60.846962,-1.058283,0.1),(60.846962,-1.66508,0.1),(60.681263,-1.640808,0.1),(60.529087,-1.602667,0.1),(60.390442,-1.550656,0.1),(60.26532,-1.484775,0.1),(60.153725,-1.405024,0.1),(60.022858,-1.277597,0.1),(59.92107,-1.138034,0.1),(59.848362,
   -0.986334,0.1),(59.804741,-0.822499,0.1),(59.790199,-0.646528,0.1),(59.802372,-0.487172,0.1),(59.838894,-0.338506,0.1),(59.899765,-0.200532,0.1),(59.984982,-0.073249,0.1),(60.094547,0.043342,0.1),(60.220684,0.143464,0.1),(60.35561,0.221336,0.1),(60.499329,
   0.276959,0.1),(60.65184,0.310333,0.1),(60.813145,0.321458,0.1),(60.915947,0.316546,0.1),(61.01469,0.301809,0.1),(61.109379,0.277248,0.1),(61.200005,0.242863,0.1),(61.286575,0.198654,0.1),(61.368073,0.145198,0.1),(61.443485,0.083073,0.1),(61.51281,
   0.01228,0.1),(61.576046,-0.067181,0.1),(61.633194,-0.155311,0.1),(61.680367,-0.039298,0.1),(61.74073,0.066025,0.1),(61.814281,0.160656,0.1),(61.90102,0.244597,0.1),(62.00095,0.317846,0.1),(62.111019,0.378959,0.1),(62.228195,0.426492,0.1),(62.35247,
   0.460443,0.1),(62.483849,0.480814,0.1),(62.622326,0.487604,0.1),(62.825562,0.474457,0.1),(63.015949,0.435016,0.1),(63.193485,0.369279,0.1),(63.35817,0.277248,0.1),(63.510006,0.158923,0.1),(63.640877,0.020082,0.1),(63.742664,-0.133495,0.1),(63.815369,
   -0.30181,0.1),(63.85899,-0.48486,0.1),(63.873531,-0.682647,0.1),(63.859837,-0.866564,0.1),(63.818748,-1.036901,0.1),(63.750271,-1.193657,0.1),(63.654404,-1.336832,0.1),(63.531139,-1.466426,0.1),(63.384209,-1.578106,0.1),(63.217323,-1.667536,0.1),(63.030491,
   -1.734717,0.1),(62.8237,-1.779649,0.1),(62.596962,-1.802332,0.1),(62.596962,-1.173864,0.1),(62.712276,-1.155226,0.1),(62.814739,-1.128209,0.1),(62.904354,-1.092813,0.1),(62.981117,-1.049037,0.1),(63.045029,-0.996881,0.1),(63.096767,-0.937791,0.1),(63.137012,
   -0.87321,0.1),(63.165756,-0.803139,0.1),(63.183002,-0.727579,0.1),(63.188751,-0.646528,0.1),(63.182156,-0.560132,0.1),(63.162373,-0.480092,0.1),(63.129402,-0.40641,0.1),(63.083244,-0.339084,0.1),(63.023895,-0.278116,0.1),(62.954739,-0.226104,0.1),(62.879162,
   -0.185651,0.1),(62.797157,-0.156756,0.1),(62.708725,-0.139419,0.1),(62.613873,-0.13364,0.1),(62.512253,-0.141442,0.1),(62.417061,-0.164847,0.1),(62.328293,-0.203855,0.1),(62.245949,-0.258467,0.1),(62.170029,-0.328682,0.1),(62.104256,-0.413922,0.1),(62.052349,
   -0.51361,0.1),(62.014305,-0.627746,0.1),(61.990128,-0.756329,0.1),(61.979813,-0.89936,0.1),(61.345757,-0.89936,0.1),(61.337132,-0.811663,0.1),(61.324787,-0.733502,0.1),(61.308727,-0.664877,0.1),(61.288944,-0.605786,0.1),(61.265442,-0.556231,0.1),(61.238388,
   -0.513466,0.1),(61.207954,-0.474747,0.1),(61.174137,-0.440072,0.1),(61.13694,-0.409444,0.1),(61.096359,-0.38286,0.1),(61.053242,-0.360755,0.1),(61.008434,-0.343563,0.1),(60.961937,-0.331282,0.1),(60.91375,-0.323914,0.1),(60.863873,-0.321458,0.1),(60.801987,
   -0.325215,0.1),(60.744839,-0.336484,0.1),(60.692421,-0.355266,0.1),(60.644741,-0.38156,0.1),(60.601795,-0.415367,0.1),(60.565273,-0.455242,0.1),(60.536865,-0.499741,0.1),(60.516575,-0.548863,0.1),(60.504402,-0.602607,0.1),(60.500343,-0.660976,0.1),(60.504234,
   -0.714865,0.1),(60.5159,-0.766732,0.1),(60.535343,-0.816576,0.1),(60.562565,-0.864397,0.1),(60.597565,-0.910196,0.1),(60.638653,-0.951949,0.1),(60.684135,-0.987635,0.1),(60.734016,-1.017252,0.1),(60.788292,-1.040802,0.1),(60.846962,-1.058283,0.1)));
#258=COMPLEX_TRIANGULATED_SURFACE_SET('',#257,128,((0.,0.,1.)),(),((57,65,58),(58,64,59),(66,57,56),(55,54,68),(69,68,54),(54,70,69),(56,55,67),(67,55,
   68),(61,60,63),(63,62,61),(60,64,63),(65,57,66),(64,60,59),(64,58,65),(56,67,66),(53,52,72),(72,71,53),(52,73,
   72),(53,71,70),(52,74,73),(74,52,51),(75,74,51),(95,93,92),(95,94,93),(97,92,91),(92,96,95),(97,96,92),(91,90,
   98),(100,90,32),(70,54,53),(2,1,3),(128,6,1),(1,4,3),(7,128,127),(9,126,125),(8,127,126),(9,125,124),(5,1,
   6),(7,6,128),(5,4,1),(126,9,8),(8,7,127),(9,124,10),(123,122,10),(10,124,123),(98,97,91),(98,90,99),(32,101,
   100),(13,116,14),(99,90,100),(121,120,11),(12,120,119),(120,12,11),(121,11,122),(118,117,13),(13,12,118),(117,116,13),(118,12,
   119),(116,115,14),(122,11,10),(75,51,50),(76,50,77),(50,76,75),(49,78,77),(77,50,49),(80,79,48),(78,48,79),(47,81,
   80),(81,46,82),(87,86,33),(32,89,88),(88,87,32),(43,83,82),(85,84,36),(83,39,84),(86,85,34),(48,78,49),(32,90,
   89),(46,81,47),(45,82,46),(82,45,44),(43,42,83),(83,42,41),(82,44,43),(40,83,41),(35,85,36),(34,85,35),(33,86,
   34),(38,84,39),(84,38,37),(36,84,37),(83,40,39),(47,80,48),(33,32,87),(103,102,32),(105,104,32),(103,32,104),(107,106,
   31),(105,31,106),(29,108,107),(108,28,109),(101,32,102),(15,114,113),(114,14,115),(15,14,114),(15,113,16),(18,111,110),(113,112,
   16),(111,17,112),(20,110,109),(31,105,32),(107,30,29),(28,108,29),(109,28,27),(25,109,26),(109,25,24),(109,27,26),(23,109,
   24),(18,110,19),(17,111,18),(16,112,17),(21,109,22),(109,21,20),(19,110,20),(109,23,22),(107,31,30)),());
#259=COORDINATES_LIST('',41,((63.019669,1.296667,0.1),(63.024403,1.352868,0.1),(63.038605,1.405891,0.1),(63.062275,1.455735,0.1),(63.095417,1.5024,0.1),(63.138027,1.545887,0.1),(63.187737,1.583596,0.1),(63.24218,1.612924,0.1),(63.301357,1.633873,0.1),(63.365273,
   1.646442,0.1),(63.433918,1.650632,0.1),(63.499691,1.646442,0.1),(63.561745,1.633873,0.1),(63.620079,1.612924,0.1),(63.67469,1.583596,0.1),(63.725586,1.545887,0.1),(63.769714,1.5024,0.1),(63.804039,1.455735,0.1),(63.828556,1.405891,0.1),(63.843266,
   1.352868,0.1),(63.848171,1.296667,0.1),(63.843266,1.23801,0.1),(63.828556,1.183398,0.1),(63.804039,1.132832,0.1),(63.769714,1.086311,0.1),(63.725586,1.043835,0.1),(63.67469,1.007427,0.1),(63.620079,0.97911,0.1),(63.561745,0.958884,0.1),(63.499691,
   0.946748,0.1),(63.433918,0.942702,0.1),(63.365273,0.946748,0.1),(63.301357,0.958884,0.1),(63.24218,0.97911,0.1),(63.187737,1.007427,0.1),(63.138027,1.043835,0.1),(63.095417,1.086311,0.1),(63.062275,1.132832,0.1),(63.038605,1.183398,0.1),(63.024403,
   1.23801,0.1),(63.019669,1.296667,0.1)));
#260=COMPLEX_TRIANGULATED_SURFACE_SET('',#259,40,((0.,0.,1.)),(),((31,30,27),(30,29,28),(30,28,27),(27,26,21),(21,26,22),(25,24,23),(25,23,22),(26,25,
   22),(31,27,21),(35,32,36),(33,35,34),(35,33,32),(32,31,40),(37,36,39),(37,39,38),(39,36,40),(36,32,40),(40,31,
   1),(31,21,16),(20,19,18),(16,21,17),(17,20,18),(31,16,1),(15,14,12),(12,11,15),(12,14,13),(15,11,16),(1,16,
   11),(5,4,2),(5,2,1),(2,4,3),(1,11,5),(10,9,7),(10,7,6),(7,9,8),(5,11,6),(11,10,6),(21,20,
   17)),());
#261=COORDINATES_LIST('',102,((59.790199,3.225415,0.1),(59.798485,3.36599,0.1),(59.823338,3.498763,0.1),(59.864765,3.623734,0.1),(59.92276,3.740904,0.1),(59.997326,3.850271,0.1),(60.089138,3.950971,0.1),(60.198872,4.042135,0.1),(60.326527,4.123764,0.1),(60.472107,
   4.195857,0.1),(60.635609,4.258415,0.1),(60.821262,4.310426,0.1),(61.033291,4.350879,0.1),(61.271698,4.379774,0.1),(61.53648,4.397111,0.1),(61.827641,4.40289,0.1),(62.124886,4.396967,0.1),(62.394402,4.379196,0.1),(62.636189,4.349579,0.1),(62.850246,
   4.308114,0.1),(63.036575,4.254803,0.1),(63.199909,4.191667,0.1),(63.344982,4.120729,0.1),(63.471794,4.04199,0.1),(63.580345,3.95545,0.1),(63.670635,3.861107,0.1),(63.743679,3.757663,0.1),(63.800488,3.643816,0.1),(63.841068,3.519567,0.1),(63.865417,
   3.384916,0.1),(63.873531,3.239862,0.1),(63.865246,3.09452,0.1),(63.840393,2.959002,0.1),(63.798965,2.833308,0.1),(63.740971,2.717439,0.1),(63.666409,2.611394,0.1),(63.575272,2.514596,0.1),(63.467567,2.426466,0.1),(63.343292,2.347004,0.1),(63.202446,
   2.276211,0.1),(63.045029,2.214087,0.1),(62.865463,2.162075,0.1),(62.658169,2.121622,0.1),(62.423145,2.092727,0.1),(62.160393,2.07539,0.1),(61.869911,2.069611,0.1),(61.464111,2.08088,0.1),(61.105659,2.114687,0.1),(60.794548,2.171033,0.1),(60.530781,
   2.249917,0.1),(60.314354,2.351338,0.1),(60.12566,2.485701,0.1),(59.978893,2.640289,0.1),(59.874065,2.815104,0.1),(59.811165,3.010147,0.1),(59.790199,3.225415,0.1),(60.49189,3.239862,0.1),(60.496624,3.177593,0.1),(60.510826,3.117925,0.1),(60.5345,
   3.060857,0.1),(60.567638,3.00639,0.1),(60.610249,2.954523,0.1),(60.664692,2.906413,0.1),(60.733337,2.863215,0.1),(60.816189,2.824929,0.1),(60.913242,2.791555,0.1),(61.024498,2.763093,0.1),(61.153679,2.739688,0.1),(61.304501,2.721484,0.1),(61.476963,
   2.708482,0.1),(61.67107,2.70068,0.1),(61.886818,2.698079,0.1),(62.162758,2.704147,0.1),(62.40218,2.722351,0.1),(62.60508,2.752691,0.1),(62.771454,2.795167,0.1),(62.90131,2.849779,0.1),(63.001743,2.913926,0.1),(63.079861,2.985008,0.1),(63.135658,
   3.063025,0.1),(63.169136,3.147976,0.1),(63.180294,3.239862,0.1),(63.169811,3.32857,0.1),(63.138363,3.409766,0.1),(63.085949,3.483448,0.1),(63.012566,3.549618,0.1),(62.918217,3.608275,0.1),(62.772133,3.665487,0.1),(62.590874,3.709986,0.1),(62.374451,
   3.74177,0.1),(62.122856,3.760841,0.1),(61.836094,3.767198,0.1),(61.550514,3.761419,0.1),(61.302471,3.744082,0.1),(61.091961,3.715187,0.1),(60.918991,3.674734,0.1),(60.783558,3.622723,0.1),(60.678558,3.561176,0.1),(60.596889,3.492117,0.1),(60.538559,
   3.415545,0.1),(60.503555,3.33146,0.1),(60.49189,3.239862,0.1)));
#262=COMPLEX_TRIANGULATED_SURFACE_SET('',#261,100,((0.,0.,1.)),(),((42,41,75),(41,40,75),(39,38,76),(76,40,39),(37,77,38),(73,45,44),(74,73,44),(73,72,
   45),(42,74,43),(43,74,44),(45,72,46),(37,36,77),(34,79,35),(33,79,34),(32,31,81),(33,32,80),(32,81,80),(74,42,
   75),(75,40,76),(80,79,33),(77,36,78),(79,78,35),(38,77,76),(78,36,35),(46,71,47),(71,46,72),(47,71,70),(48,70,
   69),(47,70,48),(48,69,68),(49,67,50),(49,48,68),(50,66,51),(65,52,51),(64,53,52),(49,68,67),(64,52,65),(65,51,
   66),(63,62,54),(63,54,53),(63,53,64),(54,61,55),(61,54,62),(55,61,60),(58,55,59),(1,55,58),(57,1,58),(59,55,
   60),(66,50,67),(82,81,31),(31,83,82),(83,31,30),(83,30,84),(85,84,29),(29,84,30),(85,29,28),(27,86,85),(26,87,
   86),(22,89,88),(20,90,89),(88,87,24),(27,85,28),(87,26,25),(87,25,24),(88,23,22),(88,24,23),(89,22,21),(92,91,
   17),(89,21,20),(90,20,19),(18,91,90),(17,91,18),(19,18,90),(92,17,16),(26,86,27),(99,98,5),(100,99,4),(8,97,
   96),(6,98,97),(5,98,6),(57,101,2),(2,101,3),(57,2,1),(100,3,101),(100,4,3),(99,5,4),(96,95,10),(13,94,
   14),(14,94,93),(94,13,12),(93,15,14),(93,92,15),(92,16,15),(8,7,97),(6,97,7),(10,95,11),(96,9,8),(9,96,
   10),(95,12,11),(94,12,95)),());
#232=TESSELLATED_GEOMETRIC_SET('general dimension',(#234,#236,#237,#239,#241,#243,#245,#247,#249,#251,#253,#256,#258,#260,#262));
#231=TESSELLATED_ANNOTATION_OCCURRENCE('\X2\8DDD96E295939694\X0\2@\X2\5E739762\X0\8(13)',(#31),#232);
#263=DRAUGHTING_CALLOUT('\X2\8DDD96E295939694\X0\2@\X2\5E739762\X0\8(13)',(#231));
#266=COORDINATES_LIST('',3,((64.764023,-6.5,0.1),(65.272018,-9.802,0.1),(64.25602,-9.802,0.1)));
#267=COMPLEX_TRIANGULATED_SURFACE_SET('',#266,3,((0.,0.,-1.)),(),((2,3,1)),());
#268=COORDINATES_LIST('',3,((64.764023,-19.,0.1),(64.25602,-15.698,0.1),(65.272018,-15.698,0.1)));
#269=COMPLEX_TRIANGULATED_SURFACE_SET('',#268,3,((0.,0.,-1.)),(),((3,1,2)),());
#271=COORDINATES_LIST('',2,((25.5,-6.5,0.1),(65.764023,-6.5,0.1)));
#270=TESSELLATED_CURVE_SET('',#271,((1,2)));
#273=COORDINATES_LIST('',2,((31.,-19.,0.1),(65.764023,-19.,0.1)));
#272=TESSELLATED_CURVE_SET('',#273,((1,2)));
#275=COORDINATES_LIST('',2,((25.5,-6.5,0.1),(24.5,-6.5,0.1)));
#274=TESSELLATED_CURVE_SET('',#275,((1,2)));
#277=COORDINATES_LIST('',2,((24.5,-6.5,0.1),(24.5,-6.5,0.)));
#276=TESSELLATED_CURVE_SET('',#277,((1,2)));
#279=COORDINATES_LIST('',2,((25.5,-6.5,0.1),(24.5,-6.5,0.1)));
#278=TESSELLATED_CURVE_SET('',#279,((1,2)));
#281=COORDINATES_LIST('',2,((24.5,-6.5,0.1),(24.5,-6.5,0.)));
#280=TESSELLATED_CURVE_SET('',#281,((1,2)));
#283=COORDINATES_LIST('',2,((31.,-19.,0.1),(30.,-19.,0.1)));
#282=TESSELLATED_CURVE_SET('',#283,((1,2)));
#285=COORDINATES_LIST('',2,((30.,-19.,0.1),(30.,-19.,0.)));
#284=TESSELLATED_CURVE_SET('',#285,((1,2)));
#287=COORDINATES_LIST('',2,((64.764023,-6.5,0.1),(64.764023,-19.,0.1)));
#286=TESSELLATED_CURVE_SET('',#287,((1,2)));
#288=COORDINATES_LIST('',6,((59.904427,-16.517199,0.1),(59.904427,-15.570884,0.1),(63.793316,-15.570884,0.1),(63.793316,-16.199352,0.1),(60.597664,-16.199352,0.1),(60.597664,-16.878387,0.1)));
#289=COMPLEX_TRIANGULATED_SURFACE_SET('',#288,6,((0.,0.,1.)),(),((1,6,5),(5,3,2),(3,5,4),(5,2,1)),());
#290=COORDINATES_LIST('',74,((61.155636,-13.880521,0.1),(61.155636,-14.501765,0.1),(60.916046,-14.478938,0.1),(60.697762,-14.433573,0.1),(60.500778,-14.365669,0.1),(60.325104,-14.275228,0.1),(60.170731,-14.162248,0.1),(60.041382,-14.030775,0.1),(59.940781,-13.884855,0.1),(59.868919,
   -13.724487,0.1),(59.825806,-13.549672,0.1),(59.811432,-13.360409,0.1),(59.817348,-13.24194,0.1),(59.835102,-13.129249,0.1),(59.864693,-13.022336,0.1),(59.906116,-12.921204,0.1),(59.959377,-12.82585,0.1),(60.023968,-12.737142,0.1),(60.09938,-12.655947,0.1),(60.185612,
   -12.582264,0.1),(60.282665,-12.516094,0.1),(60.390537,-12.457438,0.1),(60.503994,-12.408027,0.1),(60.617783,-12.369596,0.1),(60.731915,-12.342146,0.1),(60.846382,-12.325676,0.1),(60.961189,-12.320186,0.1),(61.101868,-12.326832,0.1),(61.246601,-12.346769,0.1),(61.395393,
   -12.379998,0.1),(61.548244,-12.426519,0.1),(61.705151,-12.486333,0.1),(61.870174,-12.56406,0.1),(62.047375,-12.664327,0.1),(62.236748,-12.78713,0.1),(62.438293,-12.932473,0.1),(62.652012,-13.100353,0.1),(63.108532,-13.475989,0.1),(63.108532,-12.29129,0.1),(63.793316,
   -12.29129,0.1),(63.793316,-14.58845,0.1),(63.438244,-14.58845,0.1),(62.212399,-13.562675,0.1),(62.043316,-13.422534,0.1),(61.88776,-13.302619,0.1),(61.745731,-13.202931,0.1),(61.617229,-13.123469,0.1),(61.502254,-13.064235,0.1),(61.396408,-13.020025,0.1),(61.295296,
   -12.98564,0.1),(61.198921,-12.961079,0.1),(61.107277,-12.946342,0.1),(61.02037,-12.94143,0.1),(60.932446,-12.946631,0.1),(60.851288,-12.962234,0.1),(60.77689,-12.98824,0.1),(60.709259,-13.024648,0.1),(60.648388,-13.071458,0.1),(60.596649,-13.126359,0.1),(60.556408,
   -13.187038,0.1),(60.527664,-13.253497,0.1),(60.510418,-13.325735,0.1),(60.504669,-13.403751,0.1),(60.5116,-13.481913,0.1),(60.532398,-13.554585,0.1),(60.567059,-13.621765,0.1),(60.615585,-13.683456,0.1),(60.677979,-13.739657,0.1),(60.752544,-13.788056,0.1),(60.837593,
   -13.826343,0.1),(60.933125,-13.854515,0.1),(61.039139,-13.872575,0.1),(61.155636,-13.880521,0.1),(63.108532,-12.88364,0.1)));
#291=COMPLEX_TRIANGULATED_SURFACE_SET('',#290,73,((0.,0.,1.)),(),((2,1,3),(42,41,38),(38,40,74),(4,3,72),(5,72,71),(4,72,5),(3,1,72),(70,6,
   71),(39,74,40),(44,43,37),(37,45,44),(45,36,46),(7,70,69),(35,47,46),(8,69,68),(43,38,37),(43,42,38),(41,40,
   38),(9,68,67),(5,71,6),(70,7,6),(66,10,67),(10,66,65),(69,8,7),(8,68,9),(10,9,67),(65,11,10),(65,64,
   11),(14,60,15),(61,60,14),(12,11,63),(12,63,62),(61,13,62),(13,61,14),(62,13,12),(60,59,15),(63,11,64),(36,35,
   46),(35,48,47),(49,48,34),(33,50,49),(31,52,51),(29,53,52),(51,50,32),(34,48,35),(32,50,33),(30,52,31),(29,28,
   53),(52,30,29),(51,32,31),(33,49,34),(53,28,27),(57,56,18),(20,56,55),(18,56,19),(16,59,58),(59,16,15),(58,17,
   16),(58,57,17),(57,18,17),(55,54,22),(24,54,25),(26,25,54),(23,54,24),(56,20,19),(21,20,55),(22,21,55),(22,54,
   23),(54,53,26),(53,27,26),(45,37,36)),());
#292=COORDINATES_LIST('',41,((63.040901,-11.453333,0.1),(63.045635,-11.397132,0.1),(63.059837,-11.34411,0.1),(63.083508,-11.294265,0.1),(63.11665,-11.2476,0.1),(63.15926,-11.204113,0.1),(63.208969,-11.166405,0.1),(63.263412,-11.137075,0.1),(63.32259,-11.116127,0.1),(63.386505,
   -11.103558,0.1),(63.455151,-11.099368,0.1),(63.520924,-11.103558,0.1),(63.582977,-11.116127,0.1),(63.641312,-11.137076,0.1),(63.695923,-11.166405,0.1),(63.746819,-11.204113,0.1),(63.790947,-11.2476,0.1),(63.825272,-11.294265,0.1),(63.849789,-11.34411,0.1),(63.864498,
   -11.397132,0.1),(63.869404,-11.453333,0.1),(63.864498,-11.51199,0.1),(63.849789,-11.566602,0.1),(63.825272,-11.617168,0.1),(63.790947,-11.663689,0.1),(63.746819,-11.706165,0.1),(63.695923,-11.742573,0.1),(63.641312,-11.77089,0.1),(63.582977,-11.791117,0.1),(63.520924,
   -11.803252,0.1),(63.455151,-11.807298,0.1),(63.386505,-11.803252,0.1),(63.32259,-11.791117,0.1),(63.263412,-11.77089,0.1),(63.208969,-11.742573,0.1),(63.15926,-11.706165,0.1),(63.11665,-11.663689,0.1),(63.083508,-11.617168,0.1),(63.059837,-11.566602,0.1),(63.045635,
   -11.51199,0.1),(63.040901,-11.453333,0.1)));
#293=COMPLEX_TRIANGULATED_SURFACE_SET('',#292,40,((0.,0.,1.)),(),((31,30,27),(30,29,28),(30,28,27),(27,26,21),(21,26,22),(25,24,23),(25,23,22),(26,25,
   22),(31,27,21),(35,32,36),(33,35,34),(35,33,32),(32,31,40),(37,36,39),(37,39,38),(39,36,40),(36,32,40),(40,31,
   1),(31,21,16),(20,19,18),(16,21,17),(17,20,18),(31,16,1),(15,14,12),(12,11,15),(12,14,13),(15,11,16),(1,16,
   11),(5,4,2),(5,2,1),(2,4,3),(1,11,5),(10,9,7),(10,7,6),(7,9,8),(5,11,6),(11,10,6),(21,20,
   17)),());
#294=COORDINATES_LIST('',87,((59.904427,-10.037473,0.1),(59.904427,-8.484362,0.1),(60.589211,-8.484362,0.1),(60.589211,-9.567927,0.1),(61.299355,-9.705179,0.1),(61.289886,-9.682208,0.1),(61.281769,-9.659525,0.1),(61.275005,-9.637132,0.1),(61.269596,-9.615026,0.1),(61.265537,
   -9.593211,0.1),(61.262493,-9.571684,0.1),(61.260128,-9.550447,0.1),(61.258438,-9.529497,0.1),(61.257423,-9.508837,0.1),(61.257084,-9.488466,0.1),(61.271626,-9.312784,0.1),(61.315247,-9.149816,0.1),(61.387955,-8.999561,0.1),(61.489742,-8.86202,0.1),(61.620609,
   -8.737194,0.1),(61.7738,-8.63057,0.1),(61.942543,-8.547642,0.1),(62.126842,-8.488407,0.1),(62.326698,-8.452866,0.1),(62.542107,-8.441019,0.1),(62.761745,-8.454166,0.1),(62.967518,-8.493608,0.1),(63.159428,-8.559344,0.1),(63.337471,-8.651375,0.1),(63.501648,
   -8.769701,0.1),(63.643169,-8.907097,0.1),(63.753242,-9.05634,0.1),(63.831867,-9.21743,0.1),(63.87904,-9.390368,0.1),(63.894764,-9.575151,0.1),(63.883438,-9.738264,0.1),(63.849453,-9.89242,0.1),(63.792809,-10.037618,0.1),(63.713509,-10.173858,0.1),(63.611553,
   -10.301141,0.1),(63.489983,-10.415421,0.1),(63.351841,-10.512653,0.1),(63.197132,-10.592836,0.1),(63.025852,-10.655972,0.1),(62.838001,-10.702061,0.1),(62.838001,-10.037473,0.1),(62.905636,-10.003955,0.1),(62.966503,-9.966969,0.1),(63.020611,-9.926516,0.1),(63.067955,
   -9.882595,0.1),(63.108532,-9.835207,0.1),(63.14201,-9.78493,0.1),(63.168049,-9.732341,0.1),(63.186649,-9.67744,0.1),(63.197807,-9.620228,0.1),(63.201527,-9.560704,0.1),(63.194427,-9.479364,0.1),(63.173122,-9.402937,0.1),(63.137615,-9.331422,0.1),(63.087906,
   -9.264818,0.1),(63.023991,-9.203127,0.1),(62.949257,-9.149816,0.1),(62.867085,-9.108351,0.1),(62.77747,-9.078733,0.1),(62.680416,-9.060964,0.1),(62.575924,-9.055039,0.1),(62.4716,-9.06053,0.1),(62.375053,-9.077,0.1),(62.286285,-9.10445,0.1),(62.205296,
   -9.14288,0.1),(62.132084,-9.192291,0.1),(62.069695,-9.249504,0.1),(62.021168,-9.311339,0.1),(61.986504,-9.377798,0.1),(61.965706,-9.44888,0.1),(61.958775,-9.524585,0.1),(61.961143,-9.565038,0.1),(61.968243,-9.605492,0.1),(61.98008,-9.645945,0.1),(61.996651,
   -9.686398,0.1),(62.017952,-9.726851,0.1),(62.044331,-9.767015,0.1),(62.076118,-9.806602,0.1),(62.113316,-9.84561,0.1),(62.155926,-9.88404,0.1),(62.203945,-9.921893,0.1),(62.06868,-10.442004,0.1)));
#295=COMPLEX_TRIANGULATED_SURFACE_SET('',#294,87,((0.,0.,1.)),(),((46,42,41),(48,40,39),(41,40,46),(49,48,39),(44,43,46),(46,43,42),(46,40,47),(40,48,
   47),(44,46,45),(39,38,49),(53,37,36),(55,35,56),(35,55,36),(56,35,57),(54,36,55),(49,38,50),(50,38,51),(53,52,
   37),(54,53,36),(51,37,52),(38,37,51),(5,85,84),(87,86,85),(5,84,83),(1,87,5),(5,83,82),(87,85,5),(81,80,
   5),(5,80,79),(81,5,82),(1,5,4),(7,6,78),(7,78,8),(78,6,5),(5,79,78),(8,78,77),(77,9,8),(77,10,
   9),(10,77,11),(11,76,12),(76,11,77),(1,4,2),(58,57,34),(33,59,58),(59,33,60),(33,58,34),(57,35,34),(32,61,
   60),(31,62,61),(29,64,63),(63,62,30),(60,33,32),(31,30,62),(29,28,64),(29,63,30),(28,65,64),(66,65,26),(24,67,
   66),(26,25,66),(26,65,27),(65,28,27),(68,67,22),(31,61,32),(25,24,66),(75,74,16),(17,72,18),(73,72,17),(74,73,
   16),(13,76,14),(76,13,12),(14,76,15),(75,15,76),(75,16,15),(73,17,16),(72,71,18),(20,70,69),(22,21,68),(67,23,
   22),(67,24,23),(69,68,21),(70,20,19),(18,71,19),(4,3,2),(21,20,69),(19,71,70)),());
#265=TESSELLATED_GEOMETRIC_SET('general dimension',(#267,#269,#270,#272,#274,#276,#278,#280,#282,#284,#286,#289,#291,#293,#295));
#264=TESSELLATED_ANNOTATION_OCCURRENCE('\X2\8DDD96E295939694\X0\3@\X2\5E739762\X0\9(12.5)',(#31),#265);
#296=DRAUGHTING_CALLOUT('\X2\8DDD96E295939694\X0\3@\X2\5E739762\X0\9(12.5)',(#264));
#298=CARTESIAN_POINT('',(0.,0.,0.));
#299=DIRECTION('',(0.,0.,1.));
#300=DIRECTION('',(1.,0.,0.));
#301=AXIS2_PLACEMENT_3D('',#298,#299,#300);
#302=PLANE('',#301);
#297=ANNOTATION_PLANE('*\X2\6B639762\X0\',(#128),#302,(#230,#263,#296));
#305=DRAUGHTING_PRE_DEFINED_COLOUR('black');
#306=CURVE_STYLE('',#29,POSITIVE_LENGTH_MEASURE(0.100000),#305);
#307=PRESENTATION_STYLE_ASSIGNMENT((#306));
#309=COORDINATES_LIST('',2,((-771.603821,717.344849,-222.4478),(-770.71582,656.258118,-186.432617)));
#308=TESSELLATED_CURVE_SET('',#309,((1,2)));
#311=COORDINATES_LIST('',2,((-770.71582,656.258118,-186.432617),(-769.933777,602.461121,-154.715317)));
#310=TESSELLATED_CURVE_SET('',#311,((1,2)));
#313=COORDINATES_LIST('',2,((-663.213135,645.049011,-208.095398),(-662.431152,591.252014,-176.378098)));
#312=TESSELLATED_CURVE_SET('',#313,((1,2)));
#315=COORDINATES_LIST('',2,((-769.933777,602.461121,-154.715317),(-769.167603,549.755676,-123.641548)));
#314=TESSELLATED_CURVE_SET('',#315,((1,2)));
#317=COORDINATES_LIST('',2,((-662.431152,591.252014,-176.378098),(-661.664978,538.54657,-145.304321)));
#316=TESSELLATED_CURVE_SET('',#317,((1,2)));
#319=COORDINATES_LIST('',2,((-432.677002,621.011475,-254.550552),(-431.894989,567.214478,-222.833252)));
#318=TESSELLATED_CURVE_SET('',#319,((1,2)));
#321=COORDINATES_LIST('',2,((-431.894989,567.214478,-222.833252),(-431.128815,514.509033,-191.759476)));
#320=TESSELLATED_CURVE_SET('',#321,((1,2)));
#323=COORDINATES_LIST('',2,((-193.165665,596.038086,-302.814301),(-192.383636,542.24115,-271.096985)));
#322=TESSELLATED_CURVE_SET('',#323,((1,2)));
#325=COORDINATES_LIST('',2,((-192.383636,542.24115,-271.096985),(-191.617477,489.535675,-240.023224)));
#324=TESSELLATED_CURVE_SET('',#325,((1,2)));
#327=COORDINATES_LIST('',2,((261.472198,548.633911,-394.428009),(262.254242,494.836975,-362.710724)));
#326=TESSELLATED_CURVE_SET('',#327,((1,2)));
#329=COORDINATES_LIST('',2,((262.254242,494.836975,-362.710724),(263.020386,442.1315,-331.636932)));
#328=TESSELLATED_CURVE_SET('',#329,((1,2)));
#331=COORDINATES_LIST('',2,((261.472198,548.633911,-394.428009),(262.254242,494.836975,-362.710724)));
#330=TESSELLATED_CURVE_SET('',#331,((1,2)));
#333=COORDINATES_LIST('',2,((262.254242,494.836975,-362.710724),(263.020386,442.1315,-331.636932)));
#332=TESSELLATED_CURVE_SET('',#333,((1,2)));
#335=COORDINATES_LIST('',2,((1080.962769,524.181458,-595.757019),(1081.85083,463.094727,-559.741821)));
#334=TESSELLATED_CURVE_SET('',#335,((1,2)));
#337=COORDINATES_LIST('',2,((1081.85083,463.094727,-559.741821),(1082.632813,409.29776,-528.024536)));
#336=TESSELLATED_CURVE_SET('',#337,((1,2)));
#339=COORDINATES_LIST('',2,((1082.632813,409.29776,-528.024536),(1083.399048,356.592285,-496.950775)));
#338=TESSELLATED_CURVE_SET('',#339,((1,2)));
#341=COORDINATES_LIST('',2,((-771.603821,717.344849,-222.4478),(-664.101135,706.135742,-244.110565)));
#340=TESSELLATED_CURVE_SET('',#341,((1,2)));
#343=COORDINATES_LIST('',2,((-770.71582,656.258118,-186.432617),(-663.213135,645.049011,-208.095398)));
#342=TESSELLATED_CURVE_SET('',#343,((1,2)));
#345=COORDINATES_LIST('',2,((-664.101135,706.135742,-244.110565),(-433.565002,682.098206,-290.565735)));
#344=TESSELLATED_CURVE_SET('',#345,((1,2)));
#347=COORDINATES_LIST('',2,((-663.213135,645.049011,-208.095398),(-432.677002,621.011475,-254.550552)));
#346=TESSELLATED_CURVE_SET('',#347,((1,2)));
#349=COORDINATES_LIST('',2,((-433.565002,682.098206,-290.565735),(-194.053665,657.124878,-338.829468)));
#348=TESSELLATED_CURVE_SET('',#349,((1,2)));
#351=COORDINATES_LIST('',2,((-432.677002,621.011475,-254.550552),(-193.165665,596.038086,-302.814301)));
#350=TESSELLATED_CURVE_SET('',#351,((1,2)));
#353=COORDINATES_LIST('',2,((-194.053665,657.124878,-338.829468),(260.584198,609.720703,-430.443176)));
#352=TESSELLATED_CURVE_SET('',#353,((1,2)));
#355=COORDINATES_LIST('',2,((-193.165665,596.038086,-302.814301),(261.472198,548.633911,-394.428009)));
#354=TESSELLATED_CURVE_SET('',#355,((1,2)));
#357=COORDINATES_LIST('',2,((260.584198,609.720703,-430.443176),(453.056244,589.652039,-469.228058)));
#356=TESSELLATED_CURVE_SET('',#357,((1,2)));
#359=COORDINATES_LIST('',2,((261.472198,548.633911,-394.428009),(453.944244,528.565247,-433.212891)));
#358=TESSELLATED_CURVE_SET('',#359,((1,2)));
#361=COORDINATES_LIST('',2,((453.056244,589.652039,-469.228058),(670.179932,567.013,-512.980469)));
#360=TESSELLATED_CURVE_SET('',#361,((1,2)));
#363=COORDINATES_LIST('',2,((453.944244,528.565247,-433.212891),(671.067932,505.926239,-476.965302)));
#362=TESSELLATED_CURVE_SET('',#363,((1,2)));
#365=COORDINATES_LIST('',2,((670.179932,567.013,-512.980469),(1080.962769,524.181458,-595.757019)));
#364=TESSELLATED_CURVE_SET('',#365,((1,2)));
#367=COORDINATES_LIST('',2,((671.067932,505.926239,-476.965302),(1081.85083,463.094727,-559.741821)));
#366=TESSELLATED_CURVE_SET('',#367,((1,2)));
#369=COORDINATES_LIST('',2,((-769.933777,602.461121,-154.715317),(-662.431152,591.252014,-176.378098)));
#368=TESSELLATED_CURVE_SET('',#369,((1,2)));
#371=COORDINATES_LIST('',2,((-662.431152,591.252014,-176.378098),(-431.894989,567.214478,-222.833252)));
#370=TESSELLATED_CURVE_SET('',#371,((1,2)));
#373=COORDINATES_LIST('',2,((-431.894989,567.214478,-222.833252),(-192.383636,542.24115,-271.096985)));
#372=TESSELLATED_CURVE_SET('',#373,((1,2)));
#375=COORDINATES_LIST('',2,((-192.383636,542.24115,-271.096985),(262.254242,494.836975,-362.710724)));
#374=TESSELLATED_CURVE_SET('',#375,((1,2)));
#377=COORDINATES_LIST('',2,((262.254242,494.836975,-362.710724),(454.726257,474.768311,-401.495605)));
#376=TESSELLATED_CURVE_SET('',#377,((1,2)));
#379=COORDINATES_LIST('',2,((454.726257,474.768311,-401.495605),(671.849915,452.129242,-445.248016)));
#378=TESSELLATED_CURVE_SET('',#379,((1,2)));
#381=COORDINATES_LIST('',2,((671.849915,452.129242,-445.248016),(1082.632813,409.29776,-528.024536)));
#380=TESSELLATED_CURVE_SET('',#381,((1,2)));
#383=COORDINATES_LIST('',2,((-769.167603,549.755676,-123.641548),(-661.664978,538.54657,-145.304321)));
#382=TESSELLATED_CURVE_SET('',#383,((1,2)));
#385=COORDINATES_LIST('',2,((-661.664978,538.54657,-145.304321),(-431.128815,514.509033,-191.759476)));
#384=TESSELLATED_CURVE_SET('',#385,((1,2)));
#387=COORDINATES_LIST('',2,((-431.128815,514.509033,-191.759476),(-191.617477,489.535675,-240.023224)));
#386=TESSELLATED_CURVE_SET('',#387,((1,2)));
#389=COORDINATES_LIST('',2,((-191.617477,489.535675,-240.023224),(263.020386,442.1315,-331.636932)));
#388=TESSELLATED_CURVE_SET('',#389,((1,2)));
#391=COORDINATES_LIST('',2,((263.020386,442.1315,-331.636932),(455.492432,422.062836,-370.421814)));
#390=TESSELLATED_CURVE_SET('',#391,((1,2)));
#393=COORDINATES_LIST('',2,((455.492432,422.062836,-370.421814),(672.616089,399.423798,-414.174255)));
#392=TESSELLATED_CURVE_SET('',#393,((1,2)));
#395=COORDINATES_LIST('',2,((672.616089,399.423798,-414.174255),(1083.399048,356.592285,-496.950775)));
#394=TESSELLATED_CURVE_SET('',#395,((1,2)));
#396=COORDINATES_LIST('',209,((141.26297,585.703247,-384.764038),(141.217484,584.949219,-384.304626),(141.057892,584.278259,-383.864471),(140.784195,583.690491,-383.443573),(140.396408,583.185852,-383.041962),(139.894501,582.764282,-382.659637),(139.481537,582.560791,-382.430115),(139.097519,582.409119,-382.238953),(138.742462,582.309143,-382.086121),(138.416367,
   582.260986,-381.971649),(138.119217,582.264587,-381.895508),(137.716934,582.347595,-381.838837),(137.402725,582.503601,-381.848663),(137.176575,582.732666,-381.925018),(137.038498,583.034668,-382.067871),(136.98848,583.409668,-382.277222),(136.97934,583.42572,-382.284332),(136.952301,583.44635,-382.289429),(136.907364,583.471558,-382.292572),(136.844543,
   583.501404,-382.293732),(136.763824,583.535828,-382.292908),(135.568665,584.002869,-382.255249),(135.201828,584.30542,-382.338196),(135.031631,584.568359,-382.449371),(135.05809,584.791565,-382.588806),(135.281219,584.975098,-382.7565),(135.700989,585.118958,-382.952423),(136.781082,584.903625,-383.109131),(137.116653,584.811157,-383.142609),(137.437027,
   584.742126,-383.186035),(137.742218,584.696594,-383.23941),(138.032196,584.674561,-383.302704),(138.306992,584.676086,-383.375977),(138.431625,584.684998,-383.414093),(138.538193,584.712219,-383.458313),(138.626663,584.757751,-383.508667),(138.697037,584.821655,-383.565094),(138.749313,584.90387,-383.627655),(138.839447,585.140991,-383.792114),(138.908356,
   585.407715,-383.968536),(138.956039,585.704102,-384.156952),(138.982498,586.030029,-384.35733),(138.987732,586.385559,-384.569702),(138.858978,587.374207,-385.122437),(138.500641,588.419556,-385.648376),(137.91272,589.52179,-386.147583),(137.0952,590.680847,-386.620056),(136.048111,591.896667,-387.065735),(137.646011,596.93457,-390.476135),(134.968124,
   597.213806,-389.936523),(135.202927,581.062073,-380.413849),(134.421326,580.568298,-379.915009),(133.810883,580.358032,-379.629456),(133.371613,580.431213,-379.55719),(133.1035,580.787903,-379.698212),(133.006546,581.42804,-380.052521),(132.740356,599.740234,-390.848938),(134.761719,598.639221,-390.727966),(137.997498,598.301819,-391.380005),(138.618317,
   599.024597,-391.972443),(140.645676,597.512085,-391.608856),(141.055161,596.933838,-391.373596),(141.194885,596.518005,-391.163635),(141.06488,596.264465,-390.978943),(140.665131,596.173279,-390.81955),(139.995636,596.244507,-390.685455),(137.755981,591.924011,-387.531799),(139.004303,590.661194,-387.111206),(139.979156,589.407715,-386.624146),(140.680557,
   588.163513,-386.070587),(141.10849,586.928711,-385.450562),(141.26297,585.703247,-384.764038),(127.821396,588.131958,-382.665009),(123.581413,588.574036,-381.810608),(123.624786,585.590637,-380.051636),(127.864769,585.148499,-380.906036),(123.645218,584.184631,-379.222687),(123.669151,582.538574,-378.252228),(122.887566,582.043457,-377.752594),(122.277191,
   581.829102,-377.4646),(121.838013,581.895386,-377.388306),(121.570045,582.242493,-377.523651),(121.473274,582.870239,-377.870697),(121.352142,591.203308,-382.783661),(123.375008,589.999451,-382.602051),(127.875343,589.530212,-383.508911),(128.571548,590.176636,-384.075897),(130.148102,589.019287,-383.804352),(130.574844,588.581726,-383.657104),(130.771561,
   588.23114,-383.500854),(130.738251,587.967529,-383.335663),(130.47493,587.790894,-383.161499),(129.981567,587.701294,-382.978394),(130.050369,582.968933,-380.188293),(129.282318,582.46283,-379.685669),(128.682373,582.245972,-379.398987),(128.250534,582.318359,-379.328217),(127.986809,582.680054,-379.473389),(127.89119,583.330994,-379.834473),(127.885208,
   583.742554,-380.077087),(126.671135,598.284363,-388.386505),(128.977081,598.043945,-388.851166),(130.334778,599.16925,-389.876526),(132.064087,597.722046,-389.473236),(132.453217,597.318542,-389.336273),(132.627502,596.978516,-389.180389),(132.586945,596.701965,-389.005615),(132.331573,596.488892,-388.81192),(131.861374,596.339355,-388.599335),(119.327385,
   597.64624,-386.073608),(119.306946,599.052246,-386.902557),(124.513947,598.509277,-387.951813),(124.463097,602.007141,-390.014038),(126.699654,601.431519,-390.261536),(127.297691,600.962402,-390.140656),(127.591309,600.588013,-389.99585),(127.580521,600.30835,-389.827057),(127.26532,600.123474,-389.634308),(126.645706,600.033264,-389.417603),(121.963097,
   597.713806,-386.807922),(122.870293,596.924805,-386.578674),(123.578423,596.13739,-386.297913),(124.087471,595.351563,-385.965698),(124.397453,594.567322,-385.58197),(124.508354,593.784668,-385.146729),(124.470901,593.295532,-384.846619),(124.34259,592.925415,-384.59317),(124.123421,592.674316,-384.386475),(123.813393,592.542297,-384.226471),(123.412506,
   592.529358,-384.11319),(123.072571,592.615479,-384.074738),(122.796616,592.796265,-384.109344),(122.584648,593.071716,-384.21701),(122.436661,593.441895,-384.397675),(122.352661,593.906738,-384.651398),(122.238411,594.613037,-385.040436),(122.065575,595.262451,-385.38028),(121.834145,595.85498,-385.670929),(121.544121,596.390625,-385.912384),(121.195503,
   596.869324,-386.104645),(120.886734,597.365845,-386.317932),(120.809113,597.698547,-386.494904),(120.962631,597.867432,-386.635559),(121.34729,597.872498,-386.739899),(121.963097,597.713806,-386.807922),(119.205727,593.241882,-383.428009),(126.383949,592.493408,-384.874512),(127.912949,597.161926,-388.047516),(130.153,596.346252,-388.153473),(130.696686,
   595.834839,-387.993195),(130.914932,595.434082,-387.812866),(130.807739,595.143921,-387.612457),(130.375107,594.964417,-387.391998),(129.617035,594.895569,-387.151459),(128.020432,592.322815,-385.204254),(129.508148,592.167664,-385.504059),(130.865845,593.29303,-386.529419),(132.706726,591.834167,-386.14859),(133.095856,591.430664,-386.011627),(133.270126,
   591.090637,-385.855774),(133.229584,590.814087,-385.680969),(132.974213,590.601013,-385.487305),(132.504013,590.451416,-385.274689),(119.226166,591.835876,-382.599091),(135.085526,589.137939,-385.175171),(135.144226,585.099976,-382.794525),(135.147629,584.865234,-382.656097),(135.154724,584.378174,-382.368958),(135.178818,582.720154,-381.391418),(135.026825,
   593.175903,-387.555847),(135.056183,591.156921,-386.365509),(132.873444,590.584106,-385.450745),(132.8069,595.16217,-388.149841),(132.773636,597.451233,-389.49939),(132.790268,596.306702,-388.824615),(132.781952,596.878967,-389.161987),(132.840179,592.873169,-386.800293),(132.856812,591.728638,-386.125519),(132.940002,586.006104,-382.751617),(132.906723,
   588.295105,-384.101166),(121.412704,587.036743,-380.327179),(125.594376,596.992798,-387.336487),(128.727875,596.666077,-387.967896),(130.294632,596.502686,-388.28363),(127.161125,596.829468,-387.652191),(122.460884,597.319519,-386.705048),(124.027634,597.156128,-387.020752),(120.894135,597.48291,-386.389313),(121.677505,597.401184,-386.54718),(120.110756,
   597.564575,-386.231476),(121.910446,598.780762,-387.427185),(122.410431,597.324768,-386.694885),(120.858566,597.486572,-386.382172),(124.167252,592.724548,-384.427826),(121.686493,592.983215,-383.927917),(122.737038,592.873718,-384.139618),(123.452148,592.799133,-384.283722),(127.782822,596.764587,-387.777466),(127.083389,594.629028,-386.325989),(129.494156,
   596.586182,-388.122314),(128.703552,596.874023,-388.08493),(132.857559,591.677795,-386.09552),(132.873672,590.569031,-385.441833),(125.865089,591.143677,-383.93689),(129.184555,590.797546,-384.605774),(127.524818,590.970581,-384.271332),(122.545624,591.489746,-383.268005),(124.20536,591.316711,-383.602448),(120.885895,591.662842,-382.933533)));
#397=COMPLEX_TRIANGULATED_SURFACE_SET('',#396,207,((0.220909,0.49771,0.838739)),(),((81,80,82),(82,80,83),(83,80,79),(83,79,78),(50,58,174),(181,77,75),(181,74,84),(181,75,
   74),(74,86,85),(208,128,129),(76,75,77),(77,83,78),(84,74,85),(209,207,195),(132,195,207),(133,196,197),(208,130,207),(194,128,
   204),(130,131,207),(130,208,129),(197,134,133),(57,174,58),(99,98,95),(95,100,99),(76,77,100),(76,100,94),(97,96,98),(94,100,
   95),(93,76,94),(93,92,89),(95,98,96),(76,93,73),(194,204,147),(87,86,88),(206,147,204),(205,155,206),(86,73,88),(74,73,
   86),(90,89,92),(158,157,156),(156,155,205),(88,93,89),(205,163,156),(88,73,93),(90,92,91),(154,198,199),(179,24,25),(136,135,
   124),(137,136,123),(138,137,122),(134,197,135),(125,124,135),(123,122,137),(136,124,123),(125,135,197),(125,197,126),(138,122,121),(190,143,
   111),(111,110,190),(141,189,188),(143,144,191),(192,139,121),(144,120,191),(139,138,121),(189,141,140),(186,191,120),(154,153,149),(200,102,
   201),(148,102,101),(153,150,149),(112,182,101),(152,150,153),(151,150,152),(183,198,154),(184,109,104),(112,101,119),(187,112,186),(113,119,
   114),(119,113,112),(115,114,119),(118,116,115),(116,118,117),(118,115,119),(103,102,184),(104,109,105),(154,199,155),(203,180,162),(54,53,
   55),(55,53,56),(56,53,52),(56,52,51),(202,159,178),(30,18,17),(30,19,18),(15,12,16),(23,22,26),(168,23,26),(168,26,
   167),(25,166,179),(22,27,26),(24,169,168),(29,21,20),(22,28,27),(28,22,21),(29,28,21),(29,20,19),(17,16,31),(10,16,
   11),(13,12,15),(12,11,16),(10,9,16),(9,8,33),(35,7,6),(161,171,160),(7,34,8),(9,32,16),(36,6,5),(16,32,
   31),(19,30,29),(9,33,32),(17,31,30),(37,5,4),(34,7,35),(35,6,36),(4,3,38),(34,33,8),(36,5,37),(14,13,
   15),(202,163,172),(170,177,171),(165,161,162),(68,47,46),(171,161,165),(48,47,67),(171,159,160),(47,68,67),(159,171,177),(108,107,
   106),(106,105,108),(105,109,108),(59,49,66),(50,49,58),(58,49,59),(66,49,67),(67,49,48),(69,46,45),(158,156,163),(37,4,
   38),(39,3,40),(41,40,2),(3,39,38),(1,42,41),(1,43,42),(43,1,71),(43,71,44),(1,41,2),(40,3,2),(69,68,
   46),(45,70,69),(66,61,59),(59,61,60),(70,45,44),(65,64,63),(62,66,65),(62,61,66),(62,65,63),(166,25,167),(44,71,
   70),(180,166,165),(169,24,179),(56,51,169),(169,179,56),(170,50,173),(166,180,179),(173,50,175),(175,50,176),(174,176,50),(170,173,
   177),(159,177,178),(180,165,162),(77,181,83),(101,182,185),(149,200,154),(154,200,183),(104,103,184),(101,185,148),(191,186,112),(120,192,
   186),(182,112,187),(190,193,142),(189,140,139),(190,142,143),(143,191,111),(189,139,192),(141,188,193),(197,127,126),(209,146,164),(195,132,
   196),(127,197,194),(148,185,198),(147,155,199),(184,102,200),(102,148,201),(163,202,158),(172,163,203),(147,206,155),(132,207,131),(128,208,
   204),(146,209,195)),());
#398=COORDINATES_LIST('',93,((164.940659,586.761169,-391.628113),(165.367401,586.323608,-391.480835),(165.564133,585.973022,-391.324615),(165.530823,585.709412,-391.159424),(165.267502,585.532776,-390.98526),(164.774139,585.443176,-390.802124),(164.866364,579.09906,-387.061829),(164.098328,578.591553,-386.55838),(163.498444,578.370605,-386.269257),(163.066711,
   578.436157,-386.194458),(162.803116,578.788269,-386.333954),(162.707687,579.42688,-386.687775),(162.701202,579.872681,-386.950623),(158.275253,580.334106,-386.058746),(158.289703,579.339661,-385.472412),(157.508102,578.845886,-384.973572),(156.897675,578.63562,-384.688019),(156.458389,578.708801,-384.615753),(156.190277,579.065491,-384.756775),(156.093338,
   579.705627,-385.111115),(155.95874,588.9646,-390.569946),(157.981613,587.760681,-390.388336),(162.667908,587.272095,-391.332672),(163.364105,587.918518,-391.899658),(164.940659,586.761169,-391.628113),(147.74968,581.431641,-383.937744),(147.76413,580.437134,-383.35141),(146.996078,579.93103,-382.848785),(146.396133,579.714172,-382.562103),(145.964294,
   579.786621,-382.491333),(145.700577,580.148254,-382.636505),(145.60495,580.799255,-382.997589),(145.468857,590.161072,-388.51709),(147.493225,588.854309,-388.274841),(151.881989,588.396667,-389.15921),(152.578186,589.043152,-389.726196),(154.154739,587.885803,-389.454651),(154.581482,587.448242,-389.307373),(154.778198,587.097656,-389.151154),(154.744904,
   586.834045,-388.985962),(154.481567,586.65741,-388.811798),(153.98822,586.56781,-388.628662),(154.07695,580.463745,-385.029877),(153.308899,579.957581,-384.527252),(152.708954,579.740784,-384.24057),(152.277115,579.813171,-384.1698),(152.013382,580.174866,-384.314972),(151.91777,580.825806,-384.676056),(151.915268,580.997253,-384.777161),(162.680756,
   581.278625,-387.779541),(162.613968,585.87384,-390.488739),(158.188019,586.335327,-389.596893),(158.254807,581.740112,-386.887665),(151.894836,582.403259,-385.606079),(151.828033,586.998474,-388.315277),(147.662445,587.4328,-387.475891),(147.729233,582.837585,-384.766663),(151.804413,591.178284,-390.789368),(151.823364,589.875122,-390.021088),(151.041748,
   589.381409,-389.522247),(150.43132,589.171143,-389.236694),(149.99205,589.244324,-389.164429),(149.723938,589.601013,-389.30545),(149.626984,590.24115,-389.65979),(149.496872,599.191467,-394.936676),(151.560425,597.743652,-394.621033),(158.14357,597.057251,-395.947601),(158.839264,597.737976,-396.53479),(160.453506,596.54248,-396.250519),(160.891815,
   596.126953,-396.119415),(161.094269,595.790833,-395.973267),(161.060867,595.534119,-395.812103),(160.791611,595.35675,-395.635956),(160.286484,595.258728,-395.444763),(160.36525,589.840515,-392.250336),(159.583649,589.346802,-391.751465),(158.973206,589.136475,-391.465912),(158.533936,589.209717,-391.393646),(158.265823,589.566345,-391.534698),(158.168884,
   590.206482,-391.889008),(158.164398,590.515137,-392.070953),(158.143951,591.921143,-392.899902),(158.089615,595.658997,-395.103668),(151.729645,596.322144,-393.822083),(151.783981,592.584229,-391.618317),(156.026031,584.335083,-387.840515),(155.992386,586.649841,-389.205231),(160.324768,587.516357,-390.860504),(149.687607,588.625488,-388.717041),(154.032593,
   583.515747,-386.829285),(149.56192,594.716309,-392.298218),(154.984406,590.84668,-391.430176),(154.963959,592.252686,-392.259094)));
#399=COMPLEX_TRIANGULATED_SURFACE_SET('',#398,92,((0.220909,0.49771,0.838739)),(),((31,30,29),(32,29,28),(29,32,31),(26,28,27),(32,56,33),(56,32,57),(57,26,54),(26,57,
   32),(26,32,28),(26,49,54),(47,46,45),(20,53,86),(48,45,44),(49,48,44),(48,47,45),(90,54,43),(54,90,55),(43,49,
   44),(43,54,49),(38,42,41),(56,89,34),(59,64,60),(62,61,63),(35,89,55),(64,61,60),(52,86,53),(84,65,91),(63,61,
   64),(85,91,64),(65,84,66),(34,33,56),(35,37,36),(35,55,37),(41,39,38),(38,37,42),(42,37,55),(85,84,91),(85,64,
   58),(58,93,85),(58,64,59),(66,84,67),(39,41,40),(93,58,92),(20,19,17),(82,93,92),(17,16,20),(16,15,14),(14,20,
   16),(14,53,20),(53,14,50),(50,13,7),(51,50,6),(14,13,50),(88,51,23),(21,87,22),(11,10,9),(12,9,8),(56,55,
   89),(9,12,11),(8,7,13),(6,50,7),(6,5,2),(13,12,8),(5,3,2),(3,5,4),(51,6,1),(55,90,42),(2,1,
   6),(79,78,77),(79,77,80),(88,22,52),(81,80,76),(69,67,83),(69,68,67),(74,83,82),(75,82,81),(82,92,81),(67,84,
   83),(77,76,80),(75,74,82),(23,1,24),(69,74,70),(70,74,73),(74,69,83),(73,71,70),(71,73,72),(51,88,52),(87,52,
   22),(75,81,76),(51,1,23),(86,52,87),(19,18,17)),());
#400=COORDINATES_LIST('',155,((188.877182,575.123169,-391.02652),(186.042938,577.063599,-391.431488),(183.685715,579.093994,-392.015503),(181.805496,581.214355,-392.778503),(180.402283,583.424683,-393.720551),(179.476089,585.724976,-394.841583),(179.699249,585.701721,-394.886566),(179.264923,585.33197,-394.552765),(178.842224,584.980225,-394.232727),(178.431152,
   584.646423,-393.926392),(178.031693,584.330627,-393.633759),(177.64386,584.032776,-393.354858),(177.706665,579.711914,-390.807404),(182.306122,580.088379,-392.242188),(182.912323,579.977234,-392.335907),(183.272949,579.795776,-392.323242),(183.388016,579.544128,-392.204193),(183.257523,579.222168,-391.97879),(182.88147,578.829956,-391.647003),(174.102158,
   577.31427,-388.435272),(173.942337,576.557129,-387.943878),(173.672989,576.181152,-387.649841),(173.294113,576.186401,-387.553162),(172.805725,576.572876,-387.65387),(172.207809,577.340576,-387.951965),(170.841446,579.366272,-388.794128),(175.555466,579.52533,-390.130096),(175.510605,582.611633,-391.949707),(174.335831,581.983582,-391.267609),(173.138947,
   581.445496,-390.633057),(171.919952,580.997375,-390.046082),(170.678848,580.63916,-389.506653),(169.415665,580.370972,-389.014771),(168.84816,580.476685,-388.92807),(168.514374,580.651184,-388.943695),(168.414276,580.89447,-389.061676),(168.547882,581.206543,-389.282043),(168.915207,581.587341,-389.604767),(170.802399,582.257507,-390.499512),(172.530563,
   583.034668,-391.415863),(174.099731,583.918823,-392.35379),(175.509872,584.909973,-393.313324),(176.761002,586.008057,-394.294464),(168.652969,586.853455,-392.660645),(168.632523,588.25946,-393.489563),(178.302673,587.25116,-395.438202),(178.279236,588.862915,-396.388428),(171.510147,589.568726,-395.024414),(171.4897,590.974731,-395.853333),(178.258804,
   590.268921,-397.217377),(178.238358,591.674927,-398.046295),(169.795593,592.555237,-396.345001),(169.775146,593.961182,-397.17395),(178.217926,593.080872,-398.875244),(178.172562,596.201477,-400.715088),(180.447311,595.553467,-400.929626),(181.06897,595.094177,-400.820831),(181.374344,594.728149,-400.684082),(181.363464,594.455322,-400.519318),(181.036301,
   594.275818,-400.32663),(180.392868,594.189514,-400.105927),(180.412308,592.852112,-399.317444),(185.396149,592.332458,-400.321716),(186.937302,593.609863,-401.485657),(189.041046,591.952393,-401.056213),(189.430161,591.548889,-400.91925),(189.604446,591.208801,-400.763367),(189.563904,590.932312,-400.588593),(189.308533,590.719238,-400.394897),(188.838333,
   590.569641,-400.182312),(180.432739,591.446106,-398.488495),(180.453186,590.0401,-397.659546),(184.507202,589.617371,-398.476471),(185.865387,590.708435,-399.481628),(187.706284,589.249573,-399.1008),(188.107117,588.857178,-398.973511),(188.287216,588.526123,-398.824493),(188.246582,588.25647,-398.653778),(187.985199,588.048096,-398.461304),(187.503067,
   587.901184,-398.247131),(180.473618,588.634094,-396.830627),(180.497055,587.022339,-395.880371),(186.894211,586.355347,-397.169464),(188.398193,587.636658,-398.325897),(190.539124,585.975281,-397.903961),(190.928238,585.571777,-397.766968),(191.102524,585.23175,-397.611115),(191.061966,584.9552,-397.43634),(190.806595,584.742126,-397.242645),(190.336395,
   584.59259,-397.030029),(181.038193,585.562073,-395.156372),(181.409042,584.779724,-394.789795),(181.784775,584.070801,-394.468079),(182.165375,583.435303,-394.191223),(182.550842,582.873291,-393.959259),(182.941193,582.384766,-393.772156),(183.445221,582.86499,-394.18985),(183.989731,583.42041,-394.662872),(184.574753,584.051086,-395.191193),(185.200256,
   584.756958,-395.774811),(185.866272,585.538025,-396.413727),(187.481018,584.308228,-396.109253),(188.065079,583.778931,-395.948975),(188.284607,583.391724,-395.777039),(188.139633,583.146606,-395.593384),(187.630127,583.043579,-395.398071),(186.756104,583.082642,-395.191071),(186.175079,582.688538,-394.804169),(185.608612,582.314819,-394.433197),(185.056702,
   581.961426,-394.078156),(184.519348,581.628479,-393.739044),(183.996552,581.315979,-393.415894),(185.213776,580.250854,-393.104431),(186.6353,579.23291,-392.874817),(188.261139,578.262146,-392.72699),(190.091278,577.338623,-392.66095),(192.125732,576.462219,-392.676727),(191.082382,576.295715,-392.303131),(190.235855,576.078552,-391.951324),(189.586151,
   575.81073,-391.621277),(189.133255,575.492249,-391.313019),(188.877182,575.123169,-391.02652),(182.745605,580.154175,-392.397003),(183.215668,579.624084,-392.206238),(182.980637,579.88916,-392.301636),(182.863113,580.021667,-392.349304),(182.921875,579.955383,-392.32547),(183.450684,579.359009,-392.11087),(183.333176,579.491577,-392.158569),(179.939178,
   584.574829,-394.281067),(179.707642,585.149902,-394.56134),(179.540024,585.566162,-394.764191),(182.900604,579.97937,-392.334106),(183.356186,579.465576,-392.149231),(178.491821,578.072144,-390.041138),(173.198456,579.445801,-389.462097),(172.706985,586.430786,-393.477539),(173.46759,587.75531,-394.463867),(171.050064,588.007385,-393.976715),(174.894684,
   589.21582,-395.706421),(174.874252,590.621826,-396.535339),(174.016968,592.115112,-397.195648),(173.996536,593.520996,-398.024597),(184.635529,591.007874,-399.335388),(186.736938,590.788757,-399.75885),(185.686234,590.898315,-399.547119),(183.988342,588.267639,-397.538879),(183.695633,586.688843,-396.524902),(185.687286,585.077332,-396.093201),(183.362747,
   585.319702,-395.624786),(184.525024,585.198486,-395.859009),(188.011841,584.834961,-396.561615),(186.849564,584.956177,-396.327393),(185.490906,585.097778,-396.053619),(186.59552,584.982605,-396.276215)));
#401=COMPLEX_TRIANGULATED_SURFACE_SET('',#400,154,((0.220909,0.49771,0.838739)),(),((36,35,34),(37,34,33),(25,24,20),(26,25,136),(20,136,25),(124,18,129),(34,37,36),(33,32,
   38),(37,33,38),(32,39,38),(31,30,39),(40,39,30),(30,29,40),(31,39,32),(21,24,23),(130,92,91),(21,20,24),(135,13,
   27),(27,20,135),(27,13,28),(29,41,40),(41,28,42),(28,41,29),(43,42,12),(12,42,28),(13,12,28),(130,93,92),(93,5,
   94),(43,12,11),(43,11,10),(5,4,95),(22,21,23),(44,137,139),(8,46,43),(81,47,46),(47,72,50),(8,43,9),(10,9,
   43),(50,140,47),(51,50,71),(142,51,54),(61,55,54),(52,143,53),(51,62,54),(134,129,18),(6,46,8),(47,81,72),(8,132,
   6),(82,6,7),(72,71,50),(7,131,91),(81,46,82),(91,82,7),(91,131,130),(147,72,81),(62,51,71),(56,55,61),(57,56,
   61),(61,54,62),(60,59,58),(58,57,60),(60,57,61),(62,71,144),(6,82,46),(93,130,5),(126,16,123),(18,124,125),(14,13,
   135),(125,19,18),(112,4,123),(113,112,16),(113,16,17),(16,112,123),(95,4,96),(96,111,97),(94,5,95),(110,97,111),(98,110,
   109),(98,97,110),(111,96,112),(4,112,96),(3,113,17),(133,14,127),(2,1,121),(115,2,121),(115,121,120),(116,119,118),(116,120,
   119),(116,118,117),(113,3,114),(99,109,108),(116,115,120),(99,108,107),(114,2,115),(109,99,98),(114,3,2),(102,107,106),(101,83,
   148),(99,107,100),(102,155,107),(103,102,106),(155,83,101),(83,153,152),(105,103,106),(74,73,75),(64,63,145),(146,145,63),(80,79,
   76),(76,75,80),(76,79,77),(80,75,73),(147,80,73),(103,105,104),(152,85,84),(83,152,84),(90,86,85),(89,88,87),(87,86,
   89),(89,86,90),(78,77,79),(65,70,66),(69,68,67),(67,66,69),(69,66,70),(16,126,15),(14,125,127),(3,17,128),(125,14,
   19),(131,7,132),(15,126,133),(128,17,134),(14,135,19),(20,27,136),(137,138,139),(137,43,138),(138,43,46),(44,139,45),(140,141,
   48),(48,141,49),(50,141,140),(143,52,142),(54,143,142),(62,144,63),(70,65,145),(145,65,64),(63,144,146),(147,73,72),(148,82,
   91),(148,151,101),(155,100,107),(91,150,148),(154,100,149),(148,150,151),(85,152,90),(153,83,155),(101,151,154),(100,155,149)),());
#402=COORDINATES_LIST('',32,((-726.87616,629.310913,-181.988632),(-726.896606,630.716858,-182.817566),(-718.806885,629.873352,-184.447723),(-718.786438,628.467407,-183.61879),(-721.292114,628.728638,-183.113876),(-721.420837,628.732483,-183.082245),(-721.52063,628.714111,-183.045059),(-721.591553,628.673584,-183.002335),(-721.633484,628.61084,-182.954056),(-721.646545,
   628.52594,-182.900223),(-721.468079,616.249207,-175.662186),(-721.452515,616.161316,-175.61412),(-721.408569,616.0896,-175.58316),(-721.336304,616.034119,-175.569275),(-721.235657,615.994873,-175.572495),(-721.106689,615.971863,-175.592789),(-718.600952,615.710571,-176.097717),(-718.580566,614.304565,-175.268768),(-726.670288,615.148071,-173.638611),(-726.690735,
   616.554077,-174.467545),(-724.149292,616.289124,-174.979675),(-724.033447,616.286621,-175.008713),(-723.943665,616.30603,-175.043869),(-723.879944,616.34729,-175.085159),(-723.842224,616.410461,-175.132584),(-723.830627,616.495544,-175.186127),(-724.009094,628.772278,-182.424149),(-724.023193,628.860046,-182.472504),(-724.062866,628.931274,-182.504349),(-724.127991,
   628.986023,-182.519669),(-724.218567,629.024231,-182.518463),(-724.334717,629.045898,-182.500763)));
#403=COMPLEX_TRIANGULATED_SURFACE_SET('',#402,32,((0.220909,0.49771,0.838739)),(),((19,21,20),(21,19,22),(22,14,23),(24,23,13),(26,25,11),(24,12,25),(22,19,18),(2,32,
   31),(32,2,1),(2,31,3),(28,27,10),(30,29,8),(28,9,29),(7,31,30),(26,10,27),(14,13,23),(12,11,25),(13,12,
   24),(16,18,17),(18,16,15),(15,14,22),(22,18,15),(10,9,28),(8,7,30),(9,8,29),(5,3,6),(3,5,4),(3,31,
   6),(6,31,7),(11,10,26)),());
#404=COORDINATES_LIST('',69,((-711.692444,614.990234,-177.489838),(-711.091736,614.970093,-177.636093),(-710.520874,615.037903,-177.826706),(-709.979858,615.193787,-178.061707),(-709.468689,615.437744,-178.341064),(-708.987488,615.769653,-178.664795),(-708.468689,616.371643,-179.15863),(-708.070435,617.202515,-179.756592),(-707.792786,618.262451,-180.458679),(-707.635681,
   619.551331,-181.264877),(-707.599121,621.069153,-182.175186),(-707.679443,622.562195,-183.040009),(-707.874146,623.858948,-183.75824),(-708.183228,624.959473,-184.329895),(-708.606628,625.86377,-184.754974),(-709.14447,626.571777,-185.033447),(-709.567261,626.93634,-185.138443),(-710.023315,627.233215,-185.194458),(-710.512756,627.46228,-185.201492),(-711.035461,
   627.623596,-185.159546),(-711.591553,627.717224,-185.068619),(-711.874878,627.737122,-185.005844),(-712.094971,627.731323,-184.944427),(-712.25177,627.699768,-184.884384),(-712.345276,627.642395,-184.825714),(-712.375549,627.559265,-184.768417),(-712.197083,615.282532,-177.53038),(-712.175781,615.194031,-177.483475),(-712.114685,615.120544,-177.455963),(-712.013733,
   615.062073,-177.447861),(-711.872986,615.018677,-177.459152),(-711.692444,614.990234,-177.489838),(-714.738037,627.805603,-184.292343),(-714.753601,627.893494,-184.340408),(-714.797546,627.96521,-184.371384),(-714.869873,628.020691,-184.385269),(-714.970459,628.059937,-184.38205),(-715.099487,628.082947,-184.36174),(-716.101746,628.187439,-184.159775),(-716.122192,
   629.593445,-184.988708),(-711.790955,629.141846,-185.861496),(-710.720337,628.958984,-186.034973),(-709.713562,628.640381,-186.111069),(-708.770508,628.185913,-186.089783),(-707.891296,627.595703,-185.971115),(-707.075806,626.86969,-185.755081),(-706.329529,625.983826,-185.425949),(-705.74408,624.950317,-184.966888),(-705.319458,623.769287,-184.377869),(-705.055664,
   622.440613,-183.658936),(-704.952759,620.964417,-182.810043),(-705.016846,619.276855,-181.791779),(-705.261414,617.808105,-180.855804),(-705.686462,616.558167,-180.002121),(-706.291931,615.526978,-179.230728),(-707.07782,614.714539,-178.541641),(-707.815369,614.212097,-178.049225),(-708.643555,613.847839,-177.61496),(-709.562439,613.621765,-177.2388),(-710.571899,
   613.533936,-176.920792),(-711.671997,613.584229,-176.660904),(-715.967468,614.032166,-175.795334),(-715.987915,615.43811,-176.624268),(-714.914063,615.326172,-176.840668),(-714.785339,615.322327,-176.872284),(-714.685547,615.340698,-176.90947),(-714.614624,615.381226,-176.952194),(-714.572632,615.44397,-177.000488),(-714.55957,615.52887,-177.054321)));
#405=COMPLEX_TRIANGULATED_SURFACE_SET('',#404,68,((0.220909,0.49771,0.838739)),(),((63,62,64),(65,64,62),(62,66,65),(61,67,66),(27,69,68),(67,28,68),(66,62,61),(1,31,
   61),(1,61,2),(31,30,61),(2,61,60),(29,28,61),(3,2,60),(29,61,30),(27,68,28),(60,59,3),(61,28,67),(40,36,
   41),(34,33,26),(35,34,25),(40,39,38),(38,37,40),(40,37,36),(36,35,41),(26,33,69),(25,24,41),(26,25,34),(23,22,
   41),(41,21,20),(21,41,22),(41,20,42),(23,41,24),(25,41,35),(27,26,69),(5,4,59),(59,4,3),(5,59,58),(6,58,
   57),(6,5,58),(56,8,7),(6,57,7),(7,57,56),(8,55,9),(9,55,54),(9,54,53),(9,53,10),(11,52,51),(52,11,
   10),(11,51,50),(53,52,10),(55,8,56),(18,17,43),(44,16,45),(17,16,44),(42,19,43),(42,20,19),(43,19,18),(17,44,
   43),(16,15,45),(13,12,49),(50,49,12),(12,11,50),(13,49,48),(46,15,14),(15,46,45),(14,47,46),(14,13,47),(13,48,
   47)),());
#406=COORDINATES_LIST('',321,((-550.438843,595.094971,-208.155289),(-551.518494,595.997803,-208.406662),(-552.502869,596.882507,-208.672379),(-553.391907,597.749023,-208.952438),(-554.185547,598.597412,-209.246826),(-554.883911,599.427612,-209.555542),(-555.962524,598.315674,-208.611603),(-557.242737,597.378113,-207.718063),(-558.724548,596.614929,-206.874939),(-560.407898,
   596.026245,-206.082214),(-562.292908,595.611938,-205.339905),(-562.846985,595.716248,-205.255875),(-563.170349,595.889709,-205.273605),(-563.263,596.132202,-205.393097),(-563.124939,596.443726,-205.614365),(-562.756165,596.824402,-205.937378),(-561.000793,597.468628,-206.781982),(-559.460999,598.228455,-207.638428),(-558.136841,599.103882,-208.506683),(-557.028198,
   600.094971,-209.386765),(-556.135193,601.20166,-210.278671),(-556.742554,602.414063,-210.838181),(-557.251282,603.586121,-211.399673),(-557.661377,604.717712,-211.96315),(-557.972839,605.808899,-212.528641),(-558.185669,606.85968,-213.096115),(-558.402039,606.516541,-212.83551),(-558.674622,606.160095,-212.5522),(-559.003479,605.790344,-212.246185),(-559.388611,
   605.407288,-211.91745),(-559.829956,605.010925,-211.565994),(-560.309448,604.681519,-211.244247),(-560.661682,604.593628,-211.099304),(-560.886719,604.747192,-211.131165),(-560.984558,605.142273,-211.339828),(-560.9552,605.778809,-211.725296),(-559.867798,607.411743,-212.980652),(-558.907593,609.208496,-214.299789),(-558.074524,611.16925,-215.682693),(-557.368652,
   613.293884,-217.129379),(-556.789917,615.582458,-218.639847),(-554.511169,614.660034,-218.692657),(-553.760986,614.248962,-218.646332),(-553.424622,613.900269,-218.528),(-553.502197,613.613892,-218.337631),(-553.993591,613.389832,-218.075256),(-554.898865,613.228088,-217.740845),(-555.219849,612.421997,-217.177948),(-555.524109,611.68811,-216.662323),(-555.811584,
   611.026428,-216.19397),(-556.082275,610.436951,-215.772873),(-556.336182,609.919678,-215.399048),(-551.910278,609.458191,-216.290924),(-550.552551,610.583557,-217.316284),(-548.71167,609.124695,-216.935455),(-548.322571,608.721191,-216.798492),(-548.148254,608.381165,-216.642624),(-548.188843,608.104614,-216.467834),(-548.444214,607.891541,-216.274155),(-548.914368,
   607.741943,-216.061554),(-551.406311,608.00177,-215.559418),(-551.646179,606.416138,-214.555298),(-551.997498,604.935242,-213.583984),(-552.460266,603.559082,-212.645493),(-553.034485,602.287659,-211.739807),(-553.720154,601.121033,-210.866928),(-553.004333,600.316406,-210.577972),(-551.97821,599.416382,-210.314178),(-550.641663,598.421021,-210.075546),(-548.994751,
   597.330261,-209.862061),(-547.037537,596.144165,-209.673737),(-547.909729,596.058472,-209.393127),(-548.685974,595.910645,-209.100983),(-549.366211,595.700806,-208.797302),(-549.9505,595.428894,-208.482071),(-550.438843,595.094971,-208.155289),(-556.948547,608.613892,-214.462921),(-556.666931,607.225891,-213.71344),(-556.3396,605.9646,-213.051178),(-555.966614,
   604.830017,-212.476151),(-555.547913,603.822144,-211.988358),(-555.083557,602.940979,-211.587799),(-554.585876,603.961487,-212.324448),(-554.192505,605.001099,-213.044968),(-553.903381,606.059814,-213.749359),(-553.718506,607.137573,-214.437607),(-553.637878,608.234497,-215.109726),(-556.948059,608.579651,-214.442703),(-562.528198,599.026245,-207.304001),(-563.573242,
   598.261414,-206.57489),(-564.801453,597.630676,-205.877136),(-566.21283,597.134155,-205.210739),(-567.807434,596.771729,-204.575699),(-569.585144,596.543457,-203.972031),(-570.241882,596.655762,-203.865692),(-570.605347,596.825134,-203.870483),(-570.675476,597.051636,-203.986389),(-570.452332,597.335144,-204.213409),(-569.935852,597.67572,-204.551544),(-568.369812,
   598.057556,-205.190598),(-567.01825,598.483643,-205.799408),(-565.881287,598.954041,-206.377991),(-564.958923,599.468689,-206.926346),(-564.251038,600.027649,-207.444473),(-564.805725,600.273132,-207.444046),(-565.303345,600.477051,-207.43399),(-565.743896,600.639404,-207.414291),(-566.127441,600.760193,-207.384964),(-566.453857,600.839478,-207.345993),(-567.217957,
   599.754944,-206.50119),(-568.210754,599.789978,-206.260498),(-568.872314,599.927429,-206.167831),(-569.202637,600.167297,-206.22319),(-569.20166,600.509644,-206.426559),(-568.869446,600.954346,-206.777969),(-567.231628,603.248901,-208.570923),(-570.839355,603.625061,-207.843933),(-570.859802,605.031067,-208.672867),(-566.396667,604.565674,-209.572235),(-565.377686,
   606.000244,-210.691895),(-565.601807,606.092102,-210.687363),(-565.637207,608.526917,-212.122833),(-566.18219,608.002991,-211.668427),(-566.940857,607.463013,-211.148193),(-567.913147,606.906982,-210.562149),(-569.099182,606.3349,-209.910278),(-570.49884,605.746704,-209.192612),(-571.124512,605.665405,-208.979568),(-571.52063,605.732727,-208.915192),(-571.687134,
   605.948669,-208.999481),(-571.624146,606.313293,-209.232437),(-571.331543,606.826538,-209.614044),(-569.963806,607.670044,-210.474838),(-568.806091,608.453247,-211.244522),(-567.858521,609.176208,-211.923111),(-567.120972,609.838928,-212.51062),(-566.593445,610.441345,-213.007019),(-570.870667,610.887329,-212.145126),(-570.891052,612.293335,-212.974075),(-565.684082,
   611.750366,-214.023331),(-565.754883,616.619934,-216.894272),(-563.48114,616.040405,-217.149277),(-562.883057,615.571289,-217.028397),(-562.589478,615.196899,-216.883575),(-562.600281,614.917236,-216.714783),(-562.915466,614.732361,-216.522049),(-563.535034,614.642212,-216.305344),(-563.489685,611.521606,-214.465515),(-561.295349,611.292786,-214.9077),(-560.121094,
   612.266052,-215.79451),(-558.468689,610.998047,-215.477295),(-558.079529,610.594543,-215.340332),(-557.905273,610.254517,-215.184464),(-557.945801,609.977966,-215.009674),(-558.201172,609.764893,-214.815994),(-558.671387,609.615295,-214.603394),(-563.469238,610.115601,-213.636581),(-563.472229,610.32135,-213.757889),(-562.194397,609.785461,-213.776443),(-561.198669,
   609.240601,-213.715393),(-560.484985,608.686829,-213.574738),(-560.053467,608.124084,-213.354477),(-559.904053,607.552429,-213.054626),(-559.937134,607.173767,-212.821198),(-560.048889,606.888245,-212.62233),(-560.239197,606.695801,-212.457993),(-560.508118,606.596436,-212.328232),(-560.855591,606.59021,-212.233002),(-561.068848,606.645325,-212.209549),(-561.291931,
   606.767212,-212.223099),(-561.524902,606.955872,-212.273682),(-561.767761,607.211243,-212.361282),(-562.020569,607.533447,-212.485901),(-562.296326,607.907349,-212.635132),(-562.577332,608.232483,-212.754059),(-562.863586,608.50885,-212.842667),(-563.15509,608.736511,-212.90097),(-563.451843,608.915344,-212.928955),(-563.406433,605.794739,-211.089111),(-563.778381,
   605.833496,-211.01416),(-563.068237,605.519775,-211.015045),(-562.89032,605.031433,-210.772125),(-562.877869,604.689148,-210.57225),(-563.031006,604.492798,-210.415421),(-563.34967,604.442505,-210.301636),(-563.833801,604.538147,-210.230896),(-564.016296,604.317505,-210.051895),(-560.445801,603.94519,-210.771393),(-559.271057,604.884155,-211.63797),(-557.618652,
   603.616211,-211.32077),(-557.217773,603.223755,-211.193481),(-557.03772,602.8927,-211.044464),(-557.078369,602.623047,-210.873734),(-557.339722,602.414734,-210.681274),(-557.821838,602.267761,-210.467087),(-560.090637,602.504333,-210.009903),(-560.299622,601.961853,-209.63295),(-560.527161,601.470581,-209.281494),(-560.773315,601.030579,-208.955566),(-561.038025,
   600.641785,-208.655151),(-561.321289,600.30426,-208.380264),(-560.741211,599.946594,-208.320786),(-560.288818,599.583008,-208.224213),(-559.96405,599.213623,-208.09053),(-559.766968,598.838318,-207.919739),(-559.697571,598.457214,-207.711853),(-559.726746,598.115112,-207.50116),(-559.8255,597.856934,-207.321976),(-559.993774,597.682739,-207.174271),(-560.231628,
   597.592468,-207.058075),(-560.539001,597.586182,-206.973373),(-560.757935,597.624084,-206.938202),(-560.968384,597.691223,-206.922623),(-561.170288,597.787598,-206.92662),(-561.36377,597.913269,-206.950226),(-561.548706,598.068115,-206.993408),(-561.757263,598.310364,-207.082245),(-561.959412,598.527283,-207.15773),(-562.155334,598.718933,-207.219833),(-562.34491,
   598.885254,-207.2686),(-562.528198,599.026245,-207.304001),(-564.888489,603.004578,-209.043091),(-565.653564,601.988647,-208.238724),(-565.483704,601.950378,-208.260773),(-565.152527,601.854248,-208.290924),(-564.660095,601.700195,-208.329208),(-564.006348,601.48822,-208.375595),(-563.191406,601.218323,-208.430099),(-562.94458,601.508972,-208.667587),(-562.73053,
   601.805786,-208.900085),(-562.549255,602.108704,-209.127609),(-562.400757,602.417847,-209.350143),(-562.284973,602.733093,-209.567719),(-569.387817,616.176941,-215.674561),(-568.282227,615.538452,-215.586884),(-567.420593,614.919983,-215.446793),(-566.802856,614.321411,-215.254303),(-566.429016,613.742798,-215.009415),(-566.299133,613.184143,-214.712128),(-566.331299,
   612.743713,-214.442307),(-566.442322,612.410156,-214.215134),(-566.632141,612.183411,-214.030594),(-566.900757,612.063538,-213.888687),(-567.248169,612.050415,-213.789413),(-567.514893,612.106995,-213.752747),(-567.749695,612.217773,-213.756622),(-567.952637,612.382751,-213.801071),(-568.123718,612.601929,-213.886078),(-568.262817,612.875305,-214.011642),(-568.525208,
   613.447754,-214.282242),(-568.819397,613.963257,-214.510681),(-569.145386,614.421814,-214.696915),(-569.503296,614.823486,-214.840988),(-569.893066,615.168152,-214.942886),(-570.355103,615.686157,-215.12854),(-570.535645,616.045959,-215.29454),(-570.43457,616.247742,-215.440872),(-570.052002,616.291382,-215.567551),(-569.387817,616.176941,-215.674561),(-560.986206,
   615.574829,-217.530106),(-559.633301,614.475037,-217.23381),(-558.840149,613.867798,-217.082367),(-558.50116,613.436646,-216.915802),(-558.616272,613.181519,-216.734116),(-559.185547,613.1026,-216.537323),(-560.208923,613.199707,-216.325409),(-562.484009,611.314026,-214.607224),(-563.148193,611.021667,-214.258804),(-563.578186,610.967896,-214.113647),(-563.773987,
   611.152649,-214.171722),(-563.735596,611.575989,-214.433029),(-563.462952,612.237854,-214.897583),(-560.230896,597.848511,-207.210205),(-559.845947,598.038513,-207.424316),(-559.653442,598.133484,-207.531372),(-559.749695,598.085999,-207.477844),(-560.615845,597.658569,-206.996094),(-560.80835,597.563599,-206.889038),(-560.712097,597.611084,-206.942566),(-556.996948,
   603.000122,-211.118927),(-560.411499,606.595276,-212.352966),(-560.139648,607.00354,-212.666809),(-560.003723,607.207642,-212.82373),(-560.275574,606.799377,-212.509888),(-559.387695,608.31012,-213.640228),(-558.491089,610.188843,-214.991241),(-558.282776,610.679077,-215.336975),(-558.699341,609.698669,-214.645508),(-554.12323,609.688965,-215.844986),(-556.807739,
   607.919922,-214.088181),(-556.878174,608.266907,-214.275543),(-556.941467,608.578918,-214.444031),(-568.628235,604.79834,-209.122559),(-565.619507,607.309509,-211.40509),(-568.732056,610.664307,-212.57608),(-568.287598,612.021851,-213.498703),(-566.98584,611.886108,-213.761017),(-565.719482,614.185181,-215.458801),(-565.701782,612.967773,-214.741058),(-563.512329,
   613.081909,-215.385437),(-563.501038,612.301758,-214.925476),(-563.495361,611.911682,-214.695496),(-562.392517,611.407227,-214.686615),(-562.941101,611.464417,-214.576065),(-558.245544,610.766663,-215.398773),(-558.732056,609.621643,-214.591171),(-561.100647,609.868591,-214.113876),(-562.284973,609.992126,-213.875229),(-562.820251,610.047913,-213.767365),(-559.923645,
   607.327881,-212.916168),(-560.378967,606.644165,-212.390533),(-563.429138,607.355042,-212.009033),(-562.231079,604.131348,-210.411652),(-563.123657,604.224426,-210.231766),(-559.735107,598.093201,-207.485962),(-560.704468,597.614868,-206.946793),(-562.373901,611.405273,-214.690353),(-561.291443,612.30249,-215.507889),(-563.49884,612.150757,-214.836456),(-562.224609,
   613.906372,-216.213837),(-562.84375,613.072083,-215.55571)));
#407=COMPLEX_TRIANGULATED_SURFACE_SET('',#406,318,((0.220909,0.49771,0.838739)),(),((97,96,95),(29,281,30),(97,95,98),(23,280,81),(98,95,94),(99,98,94),(114,113,112),(99,94,
   93),(100,93,101),(93,100,99),(101,92,102),(92,101,93),(115,112,111),(112,115,114),(115,111,110),(129,128,130),(118,117,293),(130,128,
   131),(131,127,132),(119,293,116),(128,127,131),(132,127,126),(117,116,293),(109,115,110),(224,107,225),(108,107,223),(116,109,223),(109,116,
   115),(223,222,116),(116,222,119),(223,109,108),(107,224,223),(107,106,225),(102,92,91),(311,281,166),(14,12,15),(12,14,13),(226,106,
   105),(104,90,89),(90,104,103),(103,91,90),(105,104,227),(91,103,102),(11,15,12),(15,11,16),(10,16,11),(201,228,89),(218,202,
   219),(202,220,219),(220,201,89),(203,218,217),(104,89,228),(106,226,225),(226,105,227),(104,228,227),(222,187,119),(187,233,314),(186,185,
   182),(233,187,222),(120,187,186),(200,230,229),(198,232,231),(231,230,199),(180,186,182),(184,183,185),(182,185,183),(233,232,197),(229,228,
   201),(187,120,119),(316,279,211),(182,181,180),(132,126,133),(135,134,124),(125,134,133),(125,133,126),(138,295,139),(296,295,137),(296,139,
   295),(134,125,124),(137,297,296),(136,122,137),(124,123,135),(244,247,245),(247,244,241),(241,244,243),(247,246,245),(123,136,135),(242,241,
   243),(234,255,254),(234,253,235),(234,254,253),(274,206,273),(257,256,258),(258,256,255),(255,234,258),(275,315,208),(253,252,235),(239,238,
   250),(249,248,240),(241,248,247),(249,239,250),(236,252,251),(252,236,235),(251,237,236),(251,250,237),(298,147,141),(250,238,237),(240,248,
   241),(121,120,294),(179,312,180),(180,120,186),(137,158,140),(137,157,158),(177,309,178),(178,157,122),(294,312,122),(157,137,122),(161,174,
   173),(172,162,173),(177,176,159),(122,312,178),(160,176,175),(174,160,175),(176,160,159),(159,309,177),(307,149,308),(268,309,308),(140,270,
   271),(140,158,270),(319,301,299),(158,269,270),(140,271,299),(240,239,249),(301,300,299),(141,147,142),(300,298,299),(272,304,303),(320,321,
   318),(147,143,142),(147,146,143),(146,144,143),(144,146,145),(304,272,302),(269,158,268),(172,171,282),(136,123,122),(206,274,207),(273,217,
   216),(211,10,210),(10,211,17),(215,214,273),(277,214,213),(213,212,277),(10,9,210),(17,16,10),(208,209,9),(18,208,9),(209,210,
   9),(205,273,206),(217,205,204),(273,205,217),(18,8,19),(204,203,217),(200,199,230),(202,201,220),(199,198,231),(32,35,34),(232,198,
   197),(32,34,33),(233,197,196),(189,188,190),(190,188,196),(233,196,188),(32,31,35),(190,196,195),(203,202,218),(36,35,31),(18,9,
   8),(201,200,229),(7,20,19),(68,4,69),(21,20,6),(20,7,6),(6,5,67),(68,5,4),(68,67,5),(4,3,69),(2,1,
   75),(75,74,2),(2,74,70),(69,2,70),(72,71,70),(73,72,70),(74,73,70),(17,211,278),(2,69,3),(194,193,192),(194,192,
   191),(195,191,190),(80,24,23),(280,22,82),(195,194,191),(82,21,66),(21,6,66),(6,67,66),(82,66,65),(80,23,81),(65,83,
   82),(83,65,64),(82,81,280),(84,83,64),(22,21,82),(8,7,19),(80,79,24),(284,169,168),(167,284,168),(282,170,284),(163,162,
   172),(170,169,284),(165,166,29),(162,161,173),(281,36,30),(29,28,165),(165,28,164),(283,172,282),(37,27,26),(27,37,164),(26,285,
   37),(164,28,27),(291,38,285),(166,281,29),(36,31,30),(149,151,150),(174,161,160),(320,266,261),(320,261,260),(261,265,262),(265,261,
   266),(321,272,303),(149,307,286),(156,38,155),(155,38,77),(286,151,149),(262,264,263),(262,265,264),(39,152,51),(38,156,306),(25,79,
   26),(282,171,170),(26,78,290),(85,84,63),(25,24,79),(77,52,154),(154,155,77),(88,77,38),(85,62,86),(78,26,79),(62,61,
   86),(62,85,63),(86,61,87),(61,60,55),(56,60,59),(59,57,56),(57,59,58),(87,61,53),(52,77,87),(84,64,63),(60,56,
   55),(153,52,51),(52,153,154),(50,39,51),(289,52,87),(49,39,50),(47,41,40),(49,48,40),(39,49,40),(47,40,48),(152,153,
   51),(55,54,53),(42,46,43),(46,42,47),(43,45,44),(45,43,46),(207,274,276),(47,42,41),(61,55,53),(277,273,214),(216,215,
   273),(278,211,279),(208,18,275),(283,163,172),(37,310,164),(285,26,290),(287,151,286),(39,305,152),(308,149,267),(87,53,289),(291,285,
   290),(77,292,87),(291,88,38),(88,291,292),(120,180,294),(140,297,137),(303,317,321),(147,298,300),(319,299,271),(318,321,317),(302,148,
   304),(151,287,305),(288,286,307),(288,307,306),(267,268,308),(309,268,158),(178,309,157),(163,283,310),(284,167,311),(294,180,312),(233,188,
   313),(233,313,314),(207,276,315),(277,212,316),(267,149,317),(302,272,319),(318,266,320)),());
#408=COORDINATES_LIST('',172,((-533.72467,597.46106,-213.961548),(-528.852417,596.953064,-214.943359),(-527.494751,598.078369,-215.968719),(-525.653809,596.619568,-215.587906),(-525.264709,596.216003,-215.450928),(-525.090454,595.875977,-215.295059),(-525.130981,595.599426,-215.120285),(-525.386353,595.386414,-214.92659),(-525.856567,595.236816,-214.713989),(-533.704224,
   596.055115,-213.132614),(-533.690796,595.129211,-212.586731),(-527.219238,594.454407,-213.890808),(-525.861511,595.579773,-214.916168),(-524.02063,594.120911,-214.535355),(-523.631531,593.717407,-214.398392),(-523.457214,593.37738,-214.242508),(-523.497803,593.10083,-214.067734),(-523.753174,592.887756,-213.874039),(-524.223328,592.738159,-213.661453),(-545.348877,
   594.940918,-209.404449),(-545.369324,596.346863,-210.233398),(-535.885132,595.357971,-212.144547),(-535.898621,596.283875,-212.69043),(-543.895081,597.117676,-211.079071),(-543.915527,598.523682,-211.908005),(-535.919067,597.68988,-213.519363),(-535.928528,598.341431,-213.903503),(-539.909668,598.859253,-213.162231),(-539.795105,598.641907,-213.0634),(-540.56311,
   598.135742,-212.560776),(-541.163086,597.918945,-212.274094),(-541.59491,597.991333,-212.203323),(-541.858643,598.353027,-212.34848),(-541.954285,599.003967,-212.709579),(-542.054932,605.93103,-216.79361),(-540.069275,604.731018,-216.604507),(-530.213196,603.703369,-218.590607),(-529.518982,604.487,-219.238449),(-527.792175,603.211243,-218.936234),(-527.294006,
   602.764832,-218.802551),(-527.061523,602.406433,-218.651093),(-527.094727,602.135986,-218.481857),(-527.393616,601.953491,-218.29483),(-527.958191,601.858948,-218.090042),(-527.895874,597.572388,-215.56279),(-528.66394,597.066284,-215.060181),(-529.263855,596.849426,-214.773483),(-529.695679,596.921814,-214.702713),(-529.959412,597.283508,-214.847885),(-530.055054,
   597.934448,-215.208969),(-529.831909,597.911194,-215.253937),(-533.734131,598.11261,-214.345688),(-530.106384,601.466614,-217.291428),(-530.118347,602.289612,-217.776657),(-533.800476,602.673523,-217.034683),(-533.788513,601.850525,-216.549454),(-539.850891,602.482605,-215.327805),(-535.982849,602.079346,-216.107254),(-535.994812,602.902344,-216.592499),(-539.862854,
   603.305664,-215.813049),(-539.817017,600.150757,-213.952988),(-535.948975,599.747437,-214.732437),(-535.962402,600.67334,-215.27832),(-539.830505,601.07666,-214.498871),(-533.754578,599.518616,-215.174622),(-530.07251,599.134705,-215.916595),(-530.085938,600.060608,-216.462494),(-533.768066,600.444519,-215.720505),(-530.876038,608.429199,-221.220322),(-539.207275,
   609.297852,-219.541519),(-539.197815,608.646301,-219.157379),(-530.866577,607.777649,-220.836182),(-539.227722,610.703857,-220.370453),(-530.896484,609.835205,-222.049271),(-530.907471,610.5896,-222.494064),(-539.238647,611.458313,-220.815247),(-541.430725,614.083679,-221.795807),(-539.445068,612.883667,-221.606705),(-530.965088,611.999512,-223.315506),(-530.270874,
   612.783081,-223.963348),(-528.543579,611.473083,-223.640915),(-528.069397,611.041504,-223.50972),(-527.848938,610.693909,-223.361511),(-527.882263,610.430298,-223.19632),(-528.169312,610.250671,-223.01413),(-528.710083,610.155029,-222.814941),(-528.647766,605.868469,-220.287689),(-529.429382,605.374756,-219.788849),(-530.039795,605.16449,-219.503296),(-530.479126,
   605.237671,-219.43103),(-530.747192,605.59436,-219.572052),(-530.844177,606.234497,-219.926376),(-530.84613,606.371643,-220.007248),(-539.177368,607.240295,-218.32843),(-539.170837,606.794495,-218.065598),(-539.938904,606.288391,-217.562988),(-540.538879,606.071533,-217.276291),(-540.970703,606.143982,-217.205521),(-541.234436,606.505676,-217.350693),(-541.330017,
   607.156616,-217.711777),(-545.897278,607.119202,-216.486664),(-527.449646,605.19574,-220.204041),(-525.945679,606.47699,-221.360474),(-523.804749,604.815674,-220.938522),(-523.415649,604.41217,-220.801559),(-523.241333,604.072144,-220.645676),(-523.28186,603.795593,-220.470901),(-523.537231,603.58252,-220.277206),(-524.007446,603.432922,-220.064621),(-545.876831,
   605.713196,-215.65773),(-531.288574,597.207031,-214.452454),(-530.070496,597.080078,-214.697906),(-529.461426,597.016541,-214.820633),(-529.765991,597.04834,-214.759277),(-528.173584,597.515747,-215.456039),(-528.513,597.234375,-215.199707),(-528.682739,597.09375,-215.071533),(-529.780396,595.645996,-213.923309),(-527.818481,595.441406,-214.318649),(-526.228516,
   595.275574,-214.639038),(-525.551331,595.333923,-214.852005),(-540.627197,595.852417,-211.188965),(-542.998291,596.099609,-210.711182),(-539.896851,596.700806,-211.88475),(-541.895996,596.909241,-211.481903),(-539.917297,598.106812,-212.713684),(-541.916382,598.315247,-212.310852),(-540.91687,598.210999,-212.512268),(-540.417053,598.158875,-212.612976),(-541.416626,
   598.263123,-212.41156),(-541.666504,598.289185,-212.361206),(-537.919067,598.600342,-213.532867),(-540.512878,598.168884,-212.593658),(-540.153992,598.405396,-212.828537),(-541.824097,598.305603,-212.329453),(-542.004639,602.467529,-214.751587),(-535.141235,604.217163,-217.597565),(-532.677246,603.960266,-218.094086),(-527.898376,597.743835,-215.663879),(-527.928284,
   599.801392,-216.876968),(-527.91333,598.772583,-216.270416),(-528.279907,597.319336,-215.311493),(-528.949219,596.963135,-214.923859),(-528.755981,597.032959,-215.016174),(-529.789734,597.050781,-214.754486),(-530.053345,597.922607,-215.202408),(-531.893738,598.017639,-214.774048),(-535.011719,606.805969,-219.167847),(-529.392151,605.398254,-219.812607),(-537.644714,
   606.258728,-218.149628),(-539.664368,606.469299,-217.742661),(-542.780823,606.79425,-217.114655),(-541.253418,606.63501,-217.42244),(-540.458862,606.552185,-217.58255),(-533.518433,605.828491,-218.981125),(-535.581604,606.04364,-218.565369),(-531.455322,605.613403,-219.396866),(-530.702515,605.534912,-219.548553),(-530.047363,605.466614,-219.680573),(-542.045959,
   605.313782,-216.429688),(-540.822449,605.186218,-216.676239),(-532.414978,604.30957,-218.370422),(-528.211182,603.871216,-219.217529),(-528.763489,603.928833,-219.106232),(-529.907715,604.048157,-218.875656),(-526.109314,603.6521,-219.641068),(-531.161316,604.178833,-218.623047),(-536.618713,604.747864,-217.523331),(-534.516846,604.528748,-217.946884),(-535.567749,
   604.638306,-217.735107),(-538.720581,604.967041,-217.099777),(-539.771545,605.076599,-216.888016)));
#409=COMPLEX_TRIANGULATED_SURFACE_SET('',#408,172,((0.220909,0.49771,0.838739)),(),((20,123,21),(125,124,31),(31,32,125),(127,125,32),(24,125,127),(34,130,128),(64,136,61),(64,58,
   57),(136,64,57),(34,28,61),(28,34,128),(128,133,134),(124,30,31),(26,23,1),(22,11,10),(19,11,22),(1,23,10),(10,23,
   22),(26,124,23),(52,26,1),(132,62,61),(62,27,65),(63,62,68),(68,53,56),(52,65,27),(68,56,63),(65,68,62),(27,26,
   52),(64,63,58),(22,20,19),(58,63,56),(160,152,110),(35,152,160),(98,35,161),(98,99,35),(96,171,151),(97,98,161),(161,172,
   97),(94,154,151),(60,36,161),(99,153,35),(77,100,73),(1,10,111),(73,76,77),(73,100,70),(78,76,79),(78,77,76),(59,36,
   60),(156,170,169),(94,71,100),(36,59,137),(55,58,56),(149,93,159),(93,72,148),(55,59,58),(71,94,148),(76,75,79),(71,70,
   100),(73,70,74),(87,69,72),(69,74,70),(75,74,86),(69,86,74),(79,75,81),(72,93,87),(154,94,100),(111,10,118),(115,51,
   116),(48,118,47),(145,114,49),(51,143,117),(47,119,2),(119,45,142),(119,47,118),(143,51,113),(68,67,53),(66,141,140),(67,140,
   53),(115,139,141),(51,146,49),(53,140,44),(115,141,51),(51,66,50),(53,44,54),(45,4,3),(50,66,147),(9,12,19),(19,12,
   11),(14,19,15),(9,19,14),(18,17,16),(16,15,18),(113,49,114),(18,15,19),(4,13,5),(4,45,13),(7,6,13),(5,13,
   6),(13,8,7),(9,14,121),(13,45,119),(162,167,157),(54,39,164),(167,165,90),(88,38,149),(164,37,54),(88,89,38),(164,149,
   38),(89,90,165),(44,39,54),(81,75,86),(69,87,86),(79,81,80),(159,92,91),(82,86,85),(81,86,82),(85,83,82),(93,92,
   159),(118,112,111),(54,37,138),(40,43,41),(41,43,42),(102,163,166),(109,108,105),(107,106,108),(84,83,85),(51,49,113),(105,104,
   109),(102,166,103),(104,103,166),(106,105,108),(44,40,39),(43,40,44),(119,142,46),(116,51,117),(118,48,112),(120,12,9),(46,2,
   119),(13,119,120),(8,13,121),(20,22,122),(20,122,123),(124,126,129),(26,126,124),(134,28,128),(24,127,25),(131,34,33),(124,129,
   30),(131,130,34),(135,131,33),(62,132,27),(28,132,61),(30,129,133),(29,28,134),(127,32,135),(136,34,61),(136,57,60),(55,137,
   59),(137,55,138),(138,55,54),(45,3,139),(66,140,67),(141,66,51),(144,117,143),(47,2,143),(2,46,144),(112,48,145),(147,146,
   50),(66,65,147),(52,147,65),(155,156,169),(72,71,148),(87,93,149),(95,94,151),(110,152,101),(35,153,152),(100,153,154),(155,169,
   162),(168,156,150),(155,162,157),(157,90,158),(91,158,159),(60,160,136),(60,161,160),(149,163,102),(165,37,164),(149,164,163),(89,165,
   38),(104,166,109),(157,167,90),(156,168,170),(168,150,171),(151,171,150),(171,96,172),(97,172,96)),());
#410=COORDINATES_LIST('',59,((-315.132172,576.209717,-258.924286),(-315.309662,576.125488,-258.827576),(-315.742096,586.203064,-264.693726),(-315.75766,586.290955,-264.741791),(-315.801575,586.362671,-264.772766),(-315.873871,586.418152,-264.786652),(-315.974518,586.457397,-264.783417),(-316.103516,586.480408,-264.763123),(-317.28479,586.603577,-264.525085),(-317.305206,
   588.009583,-265.354034),(-312.794983,587.539307,-266.262878),(-312.774536,586.133301,-265.433929),(-313.955811,586.25647,-265.195892),(-314.071625,586.258972,-265.16687),(-314.161438,586.239563,-265.131714),(-314.225159,586.198303,-265.090424),(-314.262848,586.135132,-265.042999),(-314.274475,586.050049,-264.989471),(-314.072083,572.127319,-256.780975),(-315.360718,
   572.261658,-256.521301),(-322.245392,586.093628,-262.915924),(-322.067902,586.177856,-263.012634),(-321.613037,574.557129,-256.236694),(-321.598907,574.46936,-256.188324),(-321.559265,574.398132,-256.156494),(-321.494141,574.343384,-256.141174),(-321.403503,574.305176,-256.142365),(-321.287415,574.283508,-256.160065),(-320.10614,574.160339,-256.398102),(-320.085724,
   572.754333,-255.569168),(-324.595947,573.224609,-254.660324),(-324.616364,574.630554,-255.489258),(-323.43512,574.507446,-255.72728),(-323.306396,574.503601,-255.758911),(-323.206604,574.521912,-255.796097),(-323.135712,574.5625,-255.838821),(-323.093719,574.625244,-255.887115),(-323.080658,574.710144,-255.940948),(-323.259125,586.986877,-263.178986),(-323.274689,
   587.074768,-263.227051),(-323.318634,587.146423,-263.257996),(-323.39093,587.201904,-263.271881),(-323.491577,587.241211,-263.268677),(-323.620575,587.264221,-263.248352),(-324.622833,587.368713,-263.046387),(-324.64328,588.774719,-263.875336),(-321.278503,588.423889,-264.553375),(-315.525879,581.164307,-261.760651),(-314.173279,579.088684,-260.885223),(-314.223877,
   582.569336,-262.937347),(-318.80304,579.177612,-259.718628),(-317.081879,575.719666,-258.119965),(-322.049194,585.699402,-262.733673),(-321.831116,580.128296,-259.485199),(-323.169891,580.848511,-259.559967),(-318.205322,582.316772,-261.738831),(-316.668762,579.263245,-260.331543),(-315.33017,576.603149,-259.105621),(-319.741913,585.370361,-263.146118)));
#411=COMPLEX_TRIANGULATED_SURFACE_SET('',#410,59,((0.220909,0.49771,0.838739)),(),((31,33,32),(33,31,34),(35,34,31),(35,30,26),(52,2,58),(35,26,36),(27,26,30),(36,26,
   25),(37,25,24),(25,37,36),(37,24,38),(30,35,31),(46,42,47),(43,42,46),(46,45,44),(46,44,43),(47,42,41),(23,38,
   24),(40,39,22),(22,39,21),(41,40,47),(55,38,54),(22,47,40),(49,48,58),(28,30,29),(30,28,27),(53,56,59),(59,22,
   53),(4,3,17),(16,5,4),(20,19,2),(2,19,1),(2,52,20),(3,50,18),(18,17,3),(48,50,3),(48,49,50),(58,1,
   49),(16,4,17),(7,6,10),(10,9,8),(10,8,7),(6,11,10),(22,59,47),(15,14,11),(15,11,6),(13,12,11),(13,11,
   14),(6,5,15),(16,15,5),(1,19,49),(21,39,53),(39,55,53),(23,54,38),(53,55,54),(53,51,56),(56,51,57),(52,57,
   51),(52,58,57)),());
#412=COORDINATES_LIST('',69,((-307.649353,572.86145,-258.908264),(-307.048584,572.841309,-259.054504),(-306.477722,572.909119,-259.245148),(-305.936737,573.065002,-259.480133),(-305.425598,573.30896,-259.759491),(-304.944336,573.640869,-260.083221),(-304.425568,574.242859,-260.577057),(-304.027313,575.07373,-261.175018),(-303.749664,576.133667,-261.877106),(-303.592529,
   577.422546,-262.683289),(-303.556,578.940369,-263.593628),(-303.636322,580.433411,-264.458435),(-303.830994,581.730164,-265.176666),(-304.140076,582.830688,-265.748322),(-304.563538,583.734985,-266.173401),(-305.101379,584.442993,-266.451874),(-305.524139,584.807556,-266.556854),(-305.980194,585.104431,-266.612885),(-306.469604,585.333496,-266.619904),(-306.99234,
   585.494812,-266.577972),(-307.548431,585.58844,-266.487061),(-307.831787,585.608337,-266.424255),(-308.051849,585.602539,-266.362854),(-308.208649,585.570984,-266.302795),(-308.302185,585.513611,-266.244141),(-308.332428,585.430481,-266.186829),(-308.153961,573.153748,-258.948822),(-308.13266,573.065247,-258.901886),(-308.071564,572.99176,-258.87439),(-307.970612,
   572.933289,-258.866272),(-307.829895,572.889893,-258.877563),(-307.649353,572.86145,-258.908264),(-310.694916,585.676819,-265.710785),(-310.71051,585.764709,-265.75885),(-310.754425,585.836426,-265.789795),(-310.826721,585.891907,-265.80368),(-310.927368,585.931152,-265.800476),(-311.056366,585.954163,-265.780182),(-312.058655,586.058655,-265.578186),(-312.079071,
   587.464661,-266.407135),(-307.747833,587.013062,-267.279938),(-306.677216,586.8302,-267.4534),(-305.67041,586.511597,-267.52948),(-304.727386,586.057129,-267.508209),(-303.848145,585.466919,-267.389557),(-303.032715,584.740906,-267.173492),(-302.286438,583.855042,-266.844391),(-301.700958,582.821533,-266.385315),(-301.276367,581.640503,-265.796295),(-301.012573,
   580.311829,-265.077362),(-300.909607,578.835632,-264.228485),(-300.973724,577.148071,-263.210205),(-301.218292,575.679321,-262.274231),(-301.643311,574.429382,-261.420532),(-302.248779,573.398193,-260.64917),(-303.034729,572.585754,-259.960052),(-303.772278,572.083313,-259.467651),(-304.600464,571.719055,-259.033386),(-305.519287,571.492981,-258.657227),(-306.528778,
   571.405151,-258.339203),(-307.628906,571.455444,-258.079346),(-311.924347,571.903381,-257.213745),(-311.944794,573.309326,-258.042694),(-310.870941,573.197388,-258.259094),(-310.742218,573.193542,-258.29071),(-310.642395,573.211914,-258.327911),(-310.571503,573.252441,-258.370636),(-310.529541,573.315186,-258.418915),(-310.516479,573.400085,-258.472748)));
#413=COMPLEX_TRIANGULATED_SURFACE_SET('',#412,68,((0.220909,0.49771,0.838739)),(),((63,62,64),(65,64,62),(62,66,65),(61,67,66),(27,69,68),(67,28,68),(66,62,61),(1,31,
   61),(1,61,2),(31,30,61),(2,61,60),(29,28,61),(3,2,60),(29,61,30),(27,68,28),(60,59,3),(61,28,67),(40,36,
   41),(34,33,26),(35,34,25),(40,39,38),(38,37,40),(40,37,36),(36,35,41),(26,33,69),(25,24,41),(26,25,34),(23,22,
   41),(41,21,20),(21,41,22),(41,20,42),(23,41,24),(25,41,35),(27,26,69),(5,4,59),(59,4,3),(5,59,58),(6,58,
   57),(6,5,58),(56,8,7),(6,57,7),(7,57,56),(8,55,9),(9,55,54),(9,54,53),(9,53,10),(11,52,51),(52,11,
   10),(11,51,50),(53,52,10),(55,8,56),(18,17,43),(44,16,45),(17,16,44),(42,19,43),(42,20,19),(43,19,18),(17,44,
   43),(16,15,45),(13,12,49),(50,49,12),(12,11,50),(13,49,48),(46,15,14),(15,46,45),(14,47,46),(14,13,47),(13,48,
   47)),());
#414=COORDINATES_LIST('',118,((-21.648737,559.114929,-326.078461),(-24.09539,557.114258,-324.246857),(-24.63534,557.854431,-324.543854),(-25.179274,558.442993,-324.749878),(-25.727194,558.880066,-324.864899),(-26.2791,559.165527,-324.888947),(-26.834995,559.2995,-324.822021),(-27.088924,559.310913,-324.761932),(-27.323818,559.290344,-324.687836),(-27.53968,
   559.23761,-324.599701),(-27.736507,559.152893,-324.497589),(-27.914299,559.036072,-324.381439),(-28.065495,558.899109,-324.260315),(-28.182528,558.753784,-324.14328),(-28.265398,558.600159,-324.030304),(-28.314106,558.438232,-323.921387),(-28.328651,558.268005,-323.816528),(-28.313534,558.07959,-323.70874),(-28.273716,557.89502,-323.60968),(-28.209192,
   557.714172,-323.519348),(-28.119967,557.537048,-323.437744),(-28.006039,557.363708,-323.364899),(-27.766546,557.068054,-323.252533),(-27.395451,556.660522,-323.108429),(-26.892754,556.141113,-322.932617),(-26.258453,555.509827,-322.725067),(-25.492552,554.766724,-322.48584),(-24.769182,554.0755,-322.266174),(-24.168116,553.495178,-322.080139),(-23.689356,
   553.025757,-321.927673),(-23.332899,552.667236,-321.808807),(-23.098745,552.419617,-321.723541),(-22.712133,551.955872,-321.550171),(-22.370577,551.5047,-321.372437),(-22.074076,551.066162,-321.190277),(-21.822632,550.640259,-321.003754),(-21.616245,550.226929,-320.812866),(-21.450102,549.814636,-320.611969),(-21.319395,549.391785,-320.395477),(-21.224123,
   548.958435,-320.163422),(-21.164286,548.514465,-319.915741),(-21.139885,548.059998,-319.652466),(-21.188421,547.194397,-319.126038),(-21.360306,546.404968,-318.612335),(-21.655537,545.691772,-318.111328),(-22.074116,545.054688,-317.623077),(-22.616039,544.493835,-317.147522),(-23.255358,544.033386,-316.705872),(-23.966118,543.69751,-316.319366),(-24.74832,
   543.486206,-315.987946),(-25.601963,543.399475,-315.71167),(-26.527046,543.437378,-315.490509),(-27.267584,543.553345,-315.364288),(-27.97051,543.742981,-315.291687),(-28.635824,544.006287,-315.272705),(-29.263523,544.343201,-315.307312),(-29.853611,544.753784,-315.395538),(-30.409231,545.241516,-315.538605),(-30.933531,545.809875,-315.737762),(-31.426506,
   546.458862,-315.993042),(-31.888161,547.188477,-316.304413),(-32.318493,547.998718,-316.671875),(-29.516247,549.487427,-318.293335),(-28.975151,548.561951,-317.886658),(-28.402775,547.826294,-317.600891),(-27.799118,547.280579,-317.436035),(-27.164179,546.924683,-317.392059),(-26.497959,546.758606,-317.469025),(-26.1674,546.744751,-317.547852),(-25.857588,
   546.77417,-317.646912),(-25.56852,546.846924,-317.766205),(-25.300198,546.963013,-317.905762),(-25.05262,547.122437,-318.065552),(-24.839527,547.312317,-318.234375),(-24.674658,547.519897,-318.40097),(-24.558016,547.745178,-318.565399),(-24.489597,547.988159,-318.7276),(-24.469402,548.24884,-318.887604),(-24.4909,548.503601,-319.033081),(-24.548016,
   548.760437,-319.170471),(-24.640753,549.019409,-319.299744),(-24.76911,549.280579,-319.420868),(-24.933086,549.543823,-319.533905),(-25.159418,549.838867,-319.649414),(-25.474842,550.195496,-319.777924),(-25.87936,550.613647,-319.919525),(-26.372969,551.093323,-320.074158),(-26.955671,551.634521,-320.241821),(-28.049227,552.670654,-320.568634),(-28.977247,
   553.602417,-320.877136),(-29.739733,554.429932,-321.167358),(-30.336685,555.153076,-321.43924),(-30.768103,555.771851,-321.69281),(-31.082649,556.334167,-321.943665),(-31.328987,556.887817,-322.207275),(-31.507114,557.432739,-322.483734),(-31.617035,557.968933,-322.77298),(-31.658745,558.49646,-323.075043),(-31.612921,559.22937,-323.522003),(-31.453323,
   559.906128,-323.965607),(-31.179956,560.526611,-324.405823),(-30.792816,561.090942,-324.842682),(-30.291903,561.599121,-325.276154),(-29.7062,562.022461,-325.68161),(-29.064692,562.332336,-326.034454),(-28.367378,562.528748,-326.334656),(-27.614258,562.611633,-326.582245),(-26.805332,562.581116,-326.777191),(-26.282719,562.501343,-326.867462),(-25.768667,
   562.371765,-326.925964),(-25.263176,562.192383,-326.952667),(-24.766245,561.963257,-326.947601),(-24.277876,561.684387,-326.910736),(-23.785439,561.338623,-326.835236),(-23.276306,560.908752,-326.714264),(-22.750479,560.394897,-326.547821),(-22.207954,559.796936,-326.335876),(-21.648737,559.114929,-326.078461)));
#415=COMPLEX_TRIANGULATED_SURFACE_SET('',#414,117,((0.220909,0.49771,0.838739)),(),((61,63,62),(60,63,61),(58,64,59),(59,64,63),(60,59,63),(57,64,58),(95,100,96),(95,94,
   17),(92,18,93),(94,93,18),(91,20,92),(65,57,56),(55,54,66),(66,54,67),(55,66,65),(53,52,67),(68,67,52),(53,67,
   54),(64,57,65),(90,89,24),(26,89,88),(24,89,25),(26,25,89),(91,90,22),(68,52,69),(65,56,55),(90,24,23),(97,96,
   98),(98,96,99),(17,94,18),(96,100,99),(16,15,103),(100,95,17),(19,18,92),(102,17,16),(17,101,100),(17,102,101),(16,103,
   102),(103,15,104),(14,105,104),(105,12,106),(13,105,14),(21,91,22),(20,91,21),(92,20,19),(12,105,13),(10,106,11),(107,10,
   9),(107,106,10),(106,12,11),(8,108,107),(7,108,8),(109,108,7),(8,107,9),(14,104,15),(90,23,22),(87,27,88),(69,51,
   70),(51,69,52),(70,51,71),(71,50,72),(50,71,51),(73,72,50),(73,49,74),(30,84,83),(48,76,75),(32,82,81),(75,74,
   49),(31,83,82),(50,49,73),(76,48,47),(77,76,47),(77,46,45),(45,44,78),(47,46,77),(43,78,44),(77,45,78),(35,80,
   79),(79,78,38),(40,78,41),(39,78,40),(41,78,42),(43,42,78),(81,80,33),(48,75,49),(78,39,38),(26,88,27),(86,28,
   87),(28,86,85),(27,87,28),(4,3,114),(28,85,29),(84,29,85),(6,5,110),(110,109,6),(5,111,110),(6,109,7),(4,113,
   112),(114,113,4),(111,5,112),(112,5,4),(33,32,81),(31,82,32),(35,79,36),(80,35,34),(33,80,34),(30,83,31),(84,30,
   29),(115,3,2),(114,3,115),(116,2,117),(115,2,116),(117,2,1),(36,79,37),(79,38,37)),());
#416=COORDINATES_LIST('',88,((-1.686182,556.321106,-329.678406),(-4.015457,554.229065,-327.823456),(-5.028691,555.275024,-328.177277),(-6.085377,556.116516,-328.398315),(-7.18551,556.753601,-328.486633),(-8.329091,557.186279,-328.442169),(-9.516121,557.414551,-328.264984),(-10.505331,557.446472,-328.023376),(-11.427382,557.328918,-327.710754),(-12.282271,
   557.061829,-327.327118),(-13.07,556.645325,-326.872498),(-13.790567,556.079346,-326.346863),(-14.407334,555.398071,-325.780121),(-14.883662,554.635681,-325.202271),(-15.21955,553.792114,-324.61322),(-15.414999,552.867432,-324.013062),(-15.470008,551.861633,-323.401703),(-15.428655,551.145752,-322.987793),(-15.325798,550.456726,-322.606018),(-15.161439,
   549.794495,-322.256348),(-14.935575,549.159119,-321.938812),(-14.648209,548.550598,-321.653381),(-14.304877,547.977356,-321.403656),(-13.911121,547.447937,-321.193207),(-13.46694,546.962341,-321.022034),(-12.972334,546.520569,-320.890137),(-12.427302,546.12262,-320.797546),(-11.844347,545.776855,-320.745941),(-11.235969,545.491821,-320.73703),(-10.602167,
   545.267456,-320.770782),(-9.942945,545.103699,-320.84729),(-9.258298,545.000671,-320.966461),(-8.679813,544.962524,-321.096161),(-8.12212,544.970825,-321.248016),(-7.585219,545.025696,-321.421936),(-7.069107,545.127014,-321.618011),(-6.573788,545.27478,-321.836182),(-6.07932,545.481262,-322.088928),(-5.565766,545.758606,-322.388733),(-5.03313,
   546.106689,-322.735626),(-4.481404,546.525696,-323.129547),(-3.910595,547.015442,-323.570526),(-1.589665,544.359375,-322.605682),(-2.359886,543.696472,-322.00946),(-3.112915,543.128296,-321.473969),(-3.848755,542.654968,-320.999268),(-4.567404,542.276367,-320.585327),(-5.268864,541.992554,-320.232147),(-5.983873,541.789246,-319.923218),(-6.743172,
   541.652344,-319.641998),(-7.546762,541.581787,-319.388489),(-8.39464,541.577576,-319.162659),(-9.286808,541.639771,-318.964569),(-10.8861,541.914185,-318.706177),(-12.36765,542.391541,-318.599243),(-13.73146,543.072021,-318.643829),(-14.977529,543.955444,-318.839844),(-16.105856,545.04187,-319.187378),(-17.070833,546.28064,-319.668335),(-17.826851,
   547.621155,-320.264648),(-18.373909,549.063293,-320.976349),(-18.712008,550.607178,-321.803436),(-18.841146,552.252686,-322.74588),(-18.808445,553.302795,-323.377625),(-18.678993,554.296875,-324.001617),(-18.452793,555.234985,-324.617859),(-18.129843,556.117065,-325.226349),(-17.710146,556.943176,-325.827087),(-17.199749,557.703613,-326.412781),(-16.6047,
   558.388733,-326.976044),(-15.925,558.998535,-327.516937),(-15.160649,559.533081,-328.035431),(-14.311648,559.992249,-328.531555),(-13.405624,560.36084,-328.988861),(-12.470209,560.623413,-329.391083),(-11.505403,560.780029,-329.738129),(-10.511202,560.83075,-330.03006),(-9.48761,560.775452,-330.266846),(-8.610711,560.646057,-330.421021),(-7.746652,
   560.441956,-330.527496),(-6.895434,560.163269,-330.586304),(-6.057057,559.809875,-330.597443),(-5.231522,559.381897,-330.560883),(-4.434415,558.887207,-330.477264),(-3.681329,558.33374,-330.347229),(-2.972261,557.721619,-330.170715),(-2.307212,557.05072,-329.947784),(-1.686182,556.321106,-329.678406)));
#417=COMPLEX_TRIANGULATED_SURFACE_SET('',#416,87,((0.220909,0.49771,0.838739)),(),((21,20,61),(59,22,60),(21,61,60),(58,23,59),(63,18,17),(18,63,62),(19,18,62),(19,62,
   61),(61,20,19),(58,57,25),(56,27,26),(27,56,28),(55,29,28),(29,55,54),(55,28,56),(21,60,22),(22,59,23),(24,58,
   25),(25,57,26),(58,24,23),(57,56,26),(63,17,64),(65,16,15),(16,65,64),(65,15,66),(17,16,64),(15,67,66),(67,14,
   68),(14,69,68),(69,13,70),(70,12,71),(67,15,14),(12,70,13),(11,10,73),(12,11,72),(12,72,71),(10,74,73),(73,72,
   11),(75,9,76),(75,74,10),(76,9,8),(75,10,9),(13,69,14),(31,54,53),(33,32,52),(52,32,53),(34,52,51),(31,53,
   32),(31,30,54),(35,34,51),(50,36,35),(33,52,34),(35,51,50),(36,49,37),(47,38,48),(48,37,49),(39,47,46),(37,48,
   38),(38,47,39),(41,45,44),(46,45,40),(46,40,39),(42,44,43),(49,36,50),(8,7,77),(82,5,83),(6,5,81),(7,6,
   79),(7,79,78),(78,77,7),(6,81,80),(80,79,6),(5,82,81),(5,4,83),(77,76,8),(4,3,85),(42,41,44),(40,45,
   41),(3,2,87),(85,84,4),(83,4,84),(3,86,85),(3,87,86),(87,2,1),(29,54,30)),());
#418=COORDINATES_LIST('',12,((1.211549,559.224548,-332.16452),(4.659596,558.865051,-332.859314),(4.759849,551.968506,-328.793304),(10.726133,551.346436,-329.995575),(10.625881,558.24292,-334.061584),(14.035187,557.887451,-334.748596),(14.30022,539.655273,-323.99939),(10.890915,540.010742,-323.312378),(10.77453,548.01709,-328.032684),(4.808246,
   548.63916,-326.830414),(4.924631,540.632874,-322.110107),(1.476583,540.992371,-321.415314)));
#419=COMPLEX_TRIANGULATED_SURFACE_SET('',#418,12,((0.220909,0.49771,0.838739)),(),((12,11,10),(3,10,9),(12,10,1),(1,3,2),(3,1,10),(8,7,9),(9,7,6),(4,6,
   5),(6,4,9),(4,3,9)),());
#420=COORDINATES_LIST('',4,((16.904446,536.138611,-322.59848),(24.56555,557.303955,-337.175842),(26.928818,557.057556,-337.652069),(19.228971,535.89624,-323.066895)));
#421=COMPLEX_TRIANGULATED_SURFACE_SET('',#420,4,((0.220909,0.49771,0.838739)),(),((1,4,2),(3,2,4)),());
#422=COORDINATES_LIST('',88,((45.889126,551.360535,-339.265259),(43.559849,549.268494,-337.410339),(42.546616,550.314392,-337.76413),(41.489929,551.155945,-337.985199),(40.389797,551.79303,-338.073486),(39.246216,552.225708,-338.029022),(38.059185,552.453979,-337.851837),(37.069977,552.485901,-337.610229),(36.147926,552.368286,-337.297607),(35.293037,
   552.101257,-336.914001),(34.505306,551.684753,-336.459351),(33.78474,551.118774,-335.933716),(33.167973,550.4375,-335.367004),(32.691643,549.675049,-334.789124),(32.355755,548.831543,-334.200104),(32.160309,547.90686,-333.599915),(32.105297,546.901062,-332.988586),(32.146652,546.185181,-332.574677),(32.249508,545.496155,-332.192871),(32.413868,
   544.833923,-331.843201),(32.639732,544.198547,-331.525665),(32.927097,543.590027,-331.240234),(33.270428,543.016785,-330.990509),(33.664185,542.487366,-330.78006),(34.108368,542.00177,-330.608887),(34.602974,541.559998,-330.47702),(35.148003,541.161987,-330.384399),(35.730961,540.816284,-330.332794),(36.339336,540.53125,-330.323883),(36.973141,
   540.306824,-330.357666),(37.632362,540.143127,-330.434143),(38.317009,540.0401,-330.553314),(38.895493,540.001953,-330.683044),(39.453186,540.010254,-330.834869),(39.990089,540.065125,-331.00882),(40.506199,540.166443,-331.204865),(41.001518,540.314209,-331.423035),(41.495987,540.520691,-331.675781),(42.009541,540.797974,-331.975616),(42.542175,
   541.146118,-332.322479),(43.093903,541.565063,-332.7164),(43.664711,542.054871,-333.157379),(45.985641,539.398804,-332.192535),(45.21542,538.735901,-331.596313),(44.462391,538.167725,-331.060852),(43.726551,537.694397,-330.586151),(43.007904,537.315796,-330.172211),(42.306442,537.031921,-329.819031),(41.591434,536.828674,-329.510071),(40.832134,
   536.691772,-329.228851),(40.028545,536.621216,-328.975342),(39.180668,536.617004,-328.749542),(38.288498,536.679199,-328.551422),(36.689209,536.953552,-328.29303),(35.207657,537.430969,-328.186127),(33.843845,538.111389,-328.230682),(32.597778,538.994873,-328.426727),(31.46945,540.081299,-328.774231),(30.504475,541.320068,-329.255188),(29.748457,
   542.660583,-329.851501),(29.201397,544.102722,-330.563202),(28.863298,545.646606,-331.390289),(28.734159,547.292114,-332.332733),(28.766863,548.342224,-332.964478),(28.896315,549.336304,-333.58847),(29.122515,550.274353,-334.204712),(29.445463,551.156494,-334.813202),(29.865162,551.982605,-335.41394),(30.375559,552.743042,-335.999634),(30.970608,
   553.428162,-336.562927),(31.650307,554.037964,-337.103821),(32.414658,554.57251,-337.622314),(33.26366,555.031677,-338.118408),(34.169682,555.400208,-338.575745),(35.105099,555.662842,-338.977936),(36.069904,555.819458,-339.325012),(37.064106,555.870178,-339.616913),(38.087696,555.81488,-339.853729),(38.964596,555.685425,-340.007874),(39.828655,
   555.481384,-340.114349),(40.679874,555.202637,-340.173157),(41.51825,554.849304,-340.184296),(42.343784,554.421326,-340.147736),(43.140892,553.926575,-340.064148),(43.893978,553.373169,-339.934082),(44.603046,552.761047,-339.757599),(45.268093,552.090149,-339.534637),(45.889126,551.360535,-339.265259)));
#423=COMPLEX_TRIANGULATED_SURFACE_SET('',#422,87,((0.220909,0.49771,0.838739)),(),((21,20,61),(59,22,60),(21,61,60),(58,23,59),(63,18,17),(18,63,62),(19,18,62),(19,62,
   61),(61,20,19),(58,57,25),(56,27,26),(27,56,28),(55,29,28),(29,55,54),(55,28,56),(21,60,22),(22,59,23),(24,58,
   25),(25,57,26),(58,24,23),(57,56,26),(63,17,64),(65,16,15),(16,65,64),(65,15,66),(17,16,64),(15,67,66),(67,14,
   68),(14,69,68),(69,13,70),(70,12,71),(67,15,14),(12,70,13),(11,10,73),(12,11,72),(12,72,71),(10,74,73),(73,72,
   11),(75,9,76),(75,74,10),(76,9,8),(75,10,9),(13,69,14),(31,54,53),(33,32,52),(52,32,53),(34,52,51),(31,53,
   32),(31,30,54),(35,34,51),(50,36,35),(33,52,34),(35,51,50),(36,49,37),(47,38,48),(48,37,49),(39,47,46),(37,48,
   38),(38,47,39),(41,45,44),(46,45,40),(46,40,39),(42,44,43),(49,36,50),(8,7,77),(82,5,83),(6,5,81),(7,6,
   79),(7,79,78),(78,77,7),(6,81,80),(80,79,6),(5,82,81),(5,4,83),(77,76,8),(4,3,85),(42,41,44),(40,45,
   41),(3,2,87),(85,84,4),(83,4,84),(3,86,85),(3,87,86),(87,2,1),(29,54,30)),());
#424=COORDINATES_LIST('',6,((48.8256,554.259949,-341.759186),(52.196159,553.908508,-342.438385),(52.413376,538.966064,-333.628693),(57.372364,538.448975,-334.627991),(57.420185,535.159241,-332.688446),(49.090633,536.027771,-331.009979)));
#425=COMPLEX_TRIANGULATED_SURFACE_SET('',#424,6,((0.220909,0.49771,0.838739)),(),((6,3,1),(3,6,5),(1,3,2),(4,3,5)),());
#426=COORDINATES_LIST('',11,((65.174767,552.555237,-345.05368),(68.584076,552.199768,-345.740692),(75.706459,533.252563,-336.373291),(72.180931,533.620178,-335.662872),(70.731476,537.530945,-337.601776),(63.486702,538.286316,-336.141876),(62.069237,534.6745,-333.625275),(58.543705,535.042114,-332.914856),(66.988457,547.537964,-342.554108),(64.677475,
   541.526062,-338.37796),(69.404015,541.033264,-339.330414)));
#427=COMPLEX_TRIANGULATED_SURFACE_SET('',#426,11,((0.220909,0.49771,0.838739)),(),((8,7,6),(10,1,8),(10,6,11),(1,10,9),(10,8,6),(5,4,3),(5,11,6),(5,3,
   11),(9,11,2),(2,11,3),(9,2,1)),());
#428=COORDINATES_LIST('',118,((87.410294,547.74353,-348.054871),(84.963638,545.742859,-346.223267),(84.423691,546.483032,-346.520264),(83.879753,547.071655,-346.726257),(83.331833,547.508667,-346.841309),(82.77993,547.794189,-346.865356),(82.224037,547.928162,-346.798431),(81.970108,547.939575,-346.738342),(81.735214,547.918945,-346.664246),(81.519348,
   547.866272,-346.576111),(81.322525,547.781494,-346.473999),(81.14473,547.664734,-346.357849),(80.993538,547.52771,-346.236725),(80.876503,547.382385,-346.11969),(80.793633,547.228821,-346.006683),(80.744926,547.066833,-345.897766),(80.730377,546.896606,-345.792938),(80.745491,546.708252,-345.68512),(80.785316,546.523621,-345.58606),(80.849838,
   546.342773,-345.495728),(80.939064,546.16571,-345.414154),(81.052994,545.99231,-345.341278),(81.29248,545.696655,-345.228912),(81.663582,545.289124,-345.084839),(82.166275,544.769714,-344.908997),(82.800575,544.138489,-344.701477),(83.566475,543.395325,-344.462219),(84.289848,542.704102,-344.242584),(84.890915,542.123779,-344.056519),(85.369675,
   541.654358,-343.904083),(85.726128,541.295898,-343.785217),(85.960281,541.048279,-343.699951),(86.346893,540.584473,-343.526581),(86.688454,540.133362,-343.348816),(86.984955,539.694824,-343.166687),(87.236397,539.26886,-342.980164),(87.442787,538.855591,-342.789276),(87.608925,538.443298,-342.588379),(87.739632,538.020447,-342.371887),(87.834908,
   537.587036,-342.139801),(87.894745,537.143127,-341.89212),(87.919144,536.688599,-341.628876),(87.870605,535.823059,-341.102448),(87.698723,535.03363,-340.588715),(87.403496,534.320374,-340.087738),(86.984917,533.68335,-339.599457),(86.442993,533.122498,-339.123901),(85.803673,532.661987,-338.682281),(85.092911,532.326111,-338.295746),(84.310707,
   532.114807,-337.964355),(83.457069,532.028137,-337.68808),(82.531982,532.065979,-337.466888),(81.791443,532.182007,-337.340698),(81.088516,532.371643,-337.268097),(80.423203,532.634949,-337.249084),(79.795509,532.971863,-337.283691),(79.205421,533.382446,-337.371918),(78.649796,533.870178,-337.514984),(78.125496,534.438538,-337.714172),(77.632523,
   535.087524,-337.969421),(77.170868,535.817139,-338.280792),(76.74054,536.62738,-338.648254),(79.542786,538.116089,-340.269714),(80.083878,537.190552,-339.863037),(80.65625,536.454956,-339.577271),(81.259911,535.90918,-339.412415),(81.894852,535.553284,-339.368469),(82.561073,535.387268,-339.445404),(82.891632,535.373413,-339.524231),(83.201439,
   535.402832,-339.623291),(83.490509,535.475586,-339.742615),(83.758835,535.591675,-339.882172),(84.006409,535.751038,-340.041962),(84.219505,535.940979,-340.210754),(84.384369,536.14856,-340.37738),(84.501015,536.37384,-340.541779),(84.569435,536.616821,-340.703979),(84.58963,536.877502,-340.863983),(84.56813,537.132202,-341.009491),(84.511017,
   537.389099,-341.146881),(84.418274,537.648071,-341.276123),(84.289917,537.90918,-341.397278),(84.125946,538.172424,-341.510315),(83.899612,538.467529,-341.625793),(83.58419,538.824158,-341.754333),(83.179672,539.24231,-341.895905),(82.686058,539.721985,-342.050537),(82.103355,540.263184,-342.218231),(81.009804,541.299255,-342.545044),(80.081779,
   542.231079,-342.853546),(79.319298,543.058533,-343.143738),(78.722343,543.781677,-343.415649),(78.290924,544.400513,-343.66922),(77.976379,544.96283,-343.920044),(77.730042,545.516418,-344.183685),(77.55191,546.06134,-344.460114),(77.441994,546.597595,-344.74939),(77.400284,547.125122,-345.051422),(77.446106,547.858032,-345.498413),(77.605705,
   548.534729,-345.942017),(77.879074,549.155273,-346.382233),(78.266212,549.719604,-346.819061),(78.767128,550.227783,-347.252533),(79.352829,550.651062,-347.65802),(79.994339,550.960938,-348.010864),(80.69165,551.157349,-348.311066),(81.444771,551.240295,-348.558624),(82.2537,551.209778,-348.753571),(82.776314,551.129944,-348.843842),(83.290359,
   551.000366,-348.902344),(83.795853,550.821045,-348.929077),(84.292786,550.591919,-348.923981),(84.781151,550.313049,-348.887146),(85.27359,549.967285,-348.811646),(85.782722,549.537415,-348.690674),(86.308548,549.023499,-348.524231),(86.851074,548.425537,-348.312286),(87.410294,547.74353,-348.054871)));
#429=COMPLEX_TRIANGULATED_SURFACE_SET('',#428,117,((0.220909,0.49771,0.838739)),(),((61,63,62),(60,63,61),(58,64,59),(59,64,63),(60,59,63),(57,64,58),(95,100,96),(95,94,
   17),(92,18,93),(94,93,18),(91,20,92),(65,57,56),(55,54,66),(66,54,67),(55,66,65),(53,52,67),(68,67,52),(53,67,
   54),(64,57,65),(90,89,24),(26,89,88),(24,89,25),(26,25,89),(91,90,22),(68,52,69),(65,56,55),(90,24,23),(97,96,
   98),(98,96,99),(17,94,18),(96,100,99),(16,15,103),(100,95,17),(19,18,92),(102,17,16),(17,101,100),(17,102,101),(16,103,
   102),(103,15,104),(14,105,104),(105,12,106),(13,105,14),(21,91,22),(20,91,21),(92,20,19),(12,105,13),(10,106,11),(107,10,
   9),(107,106,10),(106,12,11),(8,108,107),(7,108,8),(109,108,7),(8,107,9),(14,104,15),(90,23,22),(87,27,88),(69,51,
   70),(51,69,52),(70,51,71),(71,50,72),(50,71,51),(73,72,50),(73,49,74),(30,84,83),(48,76,75),(32,82,81),(75,74,
   49),(31,83,82),(50,49,73),(76,48,47),(77,76,47),(77,46,45),(45,44,78),(47,46,77),(43,78,44),(77,45,78),(35,80,
   79),(79,78,38),(40,78,41),(39,78,40),(41,78,42),(43,42,78),(81,80,33),(48,75,49),(78,39,38),(26,88,27),(86,28,
   87),(28,86,85),(27,87,28),(4,3,114),(28,85,29),(84,29,85),(6,5,110),(110,109,6),(5,111,110),(6,109,7),(4,113,
   112),(114,113,4),(111,5,112),(112,5,4),(33,32,81),(31,82,32),(35,79,36),(80,35,34),(33,80,34),(30,83,31),(84,30,
   29),(115,3,2),(114,3,115),(116,2,117),(115,2,116),(117,2,1),(36,79,37),(79,38,37)),());
#430=COORDINATES_LIST('',118,((100.311417,546.398376,-350.654572),(97.864761,544.397705,-348.822937),(97.324814,545.137878,-349.119934),(96.780876,545.72644,-349.325958),(96.232956,546.163513,-349.44101),(95.681053,546.449036,-349.465057),(95.12516,546.582947,-349.398132),(94.871231,546.594421,-349.338043),(94.63633,546.573792,-349.263916),(94.420471,
   546.521118,-349.175812),(94.22364,546.43634,-349.073669),(94.045853,546.319519,-348.95755),(93.894653,546.182556,-348.836426),(93.777626,546.037231,-348.71936),(93.694756,545.883606,-348.606384),(93.646042,545.72168,-348.497467),(93.6315,545.551453,-348.392609),(93.646614,545.363098,-348.284821),(93.68644,545.178467,-348.18576),(93.750961,
   544.99762,-348.095428),(93.840187,544.820496,-348.013824),(93.954109,544.647156,-347.940979),(94.193604,544.351501,-347.828613),(94.564697,543.94397,-347.684509),(95.067398,543.424561,-347.508698),(95.701698,542.793274,-347.301178),(96.467598,542.050171,-347.06192),(97.190971,541.358948,-346.842285),(97.792038,540.778625,-346.656219),(98.270798,
   540.309204,-346.503754),(98.627251,539.950684,-346.384918),(98.861404,539.703064,-346.299652),(99.248016,539.239319,-346.126282),(99.589577,538.788147,-345.948517),(99.886078,538.349609,-345.766388),(100.13752,537.923706,-345.579865),(100.34391,537.510376,-345.388947),(100.510048,537.098083,-345.18808),(100.640755,536.675293,-344.971588),(100.736031,
   536.241882,-344.739502),(100.795868,535.797913,-344.491821),(100.820267,535.343445,-344.228546),(100.771729,534.477844,-343.702118),(100.599846,533.688477,-343.188416),(100.304611,532.97522,-342.687439),(99.88604,532.338196,-342.199158),(99.344109,531.777283,-341.723602),(98.704796,531.316833,-341.281982),(97.994034,530.980957,-340.895447),(97.21183,
   530.769653,-340.564056),(96.358192,530.682922,-340.28775),(95.433105,530.720825,-340.066589),(94.692566,530.836853,-339.940369),(93.989639,531.026489,-339.867767),(93.324326,531.289734,-339.848785),(92.696625,531.626709,-339.883392),(92.106537,532.037292,-339.971619),(91.550919,532.524963,-340.114685),(91.026619,533.093323,-340.313873),(90.533646,
   533.74231,-340.569122),(90.071991,534.471924,-340.880493),(89.641655,535.282166,-341.247955),(92.443901,536.770874,-342.869415),(92.985001,535.845398,-342.462738),(93.557373,535.109802,-342.176971),(94.161034,534.564026,-342.012115),(94.795975,534.20813,-341.96817),(95.462189,534.042114,-342.045105),(95.792747,534.028198,-342.123932),(96.102562,
   534.057617,-342.222992),(96.391632,534.130371,-342.342316),(96.65995,534.24646,-342.481842),(96.907532,534.405884,-342.641663),(97.120621,534.595764,-342.810455),(97.285492,534.803345,-342.977081),(97.402138,535.028687,-343.141479),(97.470558,535.271667,-343.30368),(97.490746,535.532288,-343.463684),(97.469254,535.787048,-343.609192),(97.412132,
   536.043884,-343.746552),(97.319397,536.302917,-343.875824),(97.19104,536.564026,-343.996979),(97.027069,536.827271,-344.109985),(96.800735,537.122375,-344.225494),(96.485306,537.478943,-344.354034),(96.080795,537.897095,-344.495605),(95.587181,538.37677,-344.650238),(95.004478,538.917969,-344.817932),(93.910927,539.954102,-345.144745),(92.982903,
   540.885925,-345.453247),(92.220421,541.713379,-345.743439),(91.623466,542.436523,-346.01532),(91.192047,543.055359,-346.268921),(90.877502,543.617676,-346.519745),(90.631165,544.171265,-346.783386),(90.453033,544.716187,-347.059814),(90.343117,545.252441,-347.34906),(90.301407,545.779968,-347.651123),(90.347229,546.512878,-348.098083),(90.506828,
   547.189575,-348.541687),(90.780197,547.81012,-348.981934),(91.167336,548.374451,-349.418762),(91.668251,548.882568,-349.852234),(92.253952,549.305908,-350.257721),(92.895462,549.615784,-350.610535),(93.592773,549.812195,-350.910736),(94.345894,549.895142,-351.158325),(95.154816,549.864624,-351.353271),(95.677429,549.78479,-351.443542),(96.191483,
   549.655212,-351.502045),(96.696976,549.47583,-351.528748),(97.193909,549.246765,-351.523682),(97.682274,548.967896,-351.486816),(98.174713,548.62207,-351.411346),(98.683846,548.192261,-351.290375),(99.209671,547.678345,-351.123901),(99.752197,547.080383,-350.911987),(100.311417,546.398376,-350.654572)));
#431=COMPLEX_TRIANGULATED_SURFACE_SET('',#430,117,((0.220909,0.49771,0.838739)),(),((61,63,62),(60,63,61),(58,64,59),(59,64,63),(60,59,63),(57,64,58),(95,100,96),(95,94,
   17),(92,18,93),(94,93,18),(91,20,92),(65,57,56),(55,54,66),(66,54,67),(55,66,65),(53,52,67),(68,67,52),(53,67,
   54),(64,57,65),(90,89,24),(26,89,88),(24,89,25),(26,25,89),(91,90,22),(68,52,69),(65,56,55),(90,24,23),(97,96,
   98),(98,96,99),(17,94,18),(96,100,99),(16,15,103),(100,95,17),(19,18,92),(102,17,16),(17,101,100),(17,102,101),(16,103,
   102),(103,15,104),(14,105,104),(105,12,106),(13,105,14),(21,91,22),(20,91,21),(92,20,19),(12,105,13),(10,106,11),(107,10,
   9),(107,106,10),(106,12,11),(8,108,107),(7,108,8),(109,108,7),(8,107,9),(14,104,15),(90,23,22),(87,27,88),(69,51,
   70),(51,69,52),(70,51,71),(71,50,72),(50,71,51),(73,72,50),(73,49,74),(30,84,83),(48,76,75),(32,82,81),(75,74,
   49),(31,83,82),(50,49,73),(76,48,47),(77,76,47),(77,46,45),(45,44,78),(47,46,77),(43,78,44),(77,45,78),(35,80,
   79),(79,78,38),(40,78,41),(39,78,40),(41,78,42),(43,42,78),(81,80,33),(48,75,49),(78,39,38),(26,88,27),(86,28,
   87),(28,86,85),(27,87,28),(4,3,114),(28,85,29),(84,29,85),(6,5,110),(110,109,6),(5,111,110),(6,109,7),(4,113,
   112),(114,113,4),(111,5,112),(112,5,4),(33,32,81),(31,82,32),(35,79,36),(80,35,34),(33,80,34),(30,83,31),(84,30,
   29),(115,3,2),(114,3,115),(116,2,117),(115,2,116),(117,2,1),(36,79,37),(79,38,37)),());
#432=COORDINATES_LIST('',244,((663.500366,477.148621,-457.895447),(662.793701,477.22229,-457.753052),(662.804688,476.467865,-457.308258),(662.54895,474.337372,-455.976654),(661.71521,472.527374,-454.683014),(660.303406,471.037903,-453.427307),(658.313538,469.868896,-452.209534),(655.745605,469.020416,-451.029694),(655.166138,469.1315,-450.942993),(654.826233,
   469.31897,-450.964691),(654.72583,469.582825,-451.094818),(654.86499,469.923035,-451.333374),(655.243652,470.339661,-451.680328),(657.21106,471.111053,-452.65625),(658.734802,472.156067,-453.677704),(659.81488,473.474701,-454.744659),(660.451294,475.066956,-455.857117),(660.643982,476.932831,-457.015076),(660.636536,477.447205,-457.318359),(660.562134,
   477.454987,-457.303375),(660.573608,476.66626,-456.838348),(659.805603,476.158752,-456.33493),(659.205688,475.937805,-456.045807),(658.773987,476.003357,-455.971008),(658.510376,476.355438,-456.110504),(658.414917,476.994049,-456.464325),(658.2948,485.258545,-461.336853),(660.319641,483.91748,-461.074371),(663.295105,483.607239,-461.67395),(665.231689,
   488.335938,-464.990051),(667.330994,486.987122,-464.742554),(668.118347,486.468109,-464.641968),(668.443359,486.082214,-464.498566),(668.305908,485.829468,-464.312378),(667.706055,485.709869,-464.083405),(666.643738,485.723389,-463.811646),(664.96875,483.432709,-462.0112),(666.158936,483.308624,-462.251038),(666.853149,484.092255,-462.898865),(668.580444,
   482.782196,-462.576447),(669.018738,482.366699,-462.445313),(669.221191,482.030579,-462.299194),(669.187805,481.773834,-462.138031),(668.918579,481.596466,-461.961884),(668.413452,481.498474,-461.770691),(668.489685,476.25174,-458.677338),(667.70813,475.757996,-458.178497),(667.097656,475.547729,-457.892944),(666.658386,475.620911,-457.820679),(666.390259,
   475.97757,-457.9617),(666.293335,476.617706,-458.31601),(666.289856,476.857758,-458.45755),(665.694763,476.9198,-458.337646),(665.784485,470.747162,-454.698395),(665.744263,470.755463,-454.692749),(665.71283,470.771057,-454.693726),(665.690247,470.793976,-454.701355),(665.676392,470.824158,-454.715637),(665.671387,470.861664,-454.736572),(668.088928,
   470.609589,-455.223724),(668.264343,470.600891,-455.264771),(668.403809,470.615112,-455.309937),(668.507202,470.652283,-455.359222),(668.574707,470.712341,-455.412628),(668.60614,470.795349,-455.470184),(669.160889,473.510986,-457.227753),(669.444824,473.697784,-457.413391),(669.709656,473.771515,-457.526886),(669.955322,473.732208,-457.568268),(670.181885,
   473.579865,-457.537506),(670.389221,473.314423,-457.434631),(670.429626,470.536743,-455.796997),(670.433472,470.473328,-455.760376),(670.443176,470.420288,-455.731445),(670.458679,470.377594,-455.710175),(670.479919,470.345245,-455.696594),(670.506958,470.323242,-455.690674),(670.944702,470.051605,-455.644775),(671.180664,469.759918,-455.533844),(671.214905,
   469.448181,-455.35788),(671.047424,469.116394,-455.116852),(670.678162,468.764557,-454.810822),(670.456848,468.664368,-454.693085),(670.145813,468.600922,-454.573517),(669.745117,468.574219,-454.452148),(669.254761,468.584259,-454.328949),(668.674744,468.631042,-454.203949),(665.21582,468.991699,-453.506927),(664.639221,469.110718,-453.42569),(664.188843,
   469.334351,-453.439789),(663.864685,469.662628,-453.549194),(663.666809,470.09552,-453.753937),(663.595093,470.633026,-454.054047),(660.488892,482.495972,-460.275391),(660.541687,478.860962,-458.132294),(666.269409,478.263733,-459.286499),(666.216553,481.898743,-461.429596),(651.964783,476.194244,-454.290863),(652.00769,473.245087,-452.552124),(654.016113,
   473.035675,-452.956848),(653.973206,475.984833,-454.695587),(652.028137,471.839111,-451.723175),(652.050049,470.330231,-450.833588),(651.268433,469.836487,-450.334747),(650.65802,469.626221,-450.049194),(650.21875,469.699402,-449.976929),(649.950623,470.056061,-450.11795),(649.853699,470.696198,-450.47229),(649.733521,478.960693,-455.344818),(651.795593,
   477.615753,-455.089813),(653.878418,477.39859,-455.509521),(654.572632,478.18222,-456.157379),(656.299927,476.872162,-455.83493),(656.73822,476.456665,-455.703827),(656.940674,476.120544,-455.557678),(656.907288,475.8638,-455.396545),(656.638,475.686432,-455.220367),(656.132874,475.58844,-455.029175),(656.203186,470.753204,-452.178436),(655.43512,
   470.247101,-451.675842),(654.835205,470.030243,-451.38913),(654.403381,470.102661,-451.318359),(654.139648,470.464355,-451.463531),(654.044006,471.115295,-451.824615),(654.03656,471.6297,-452.127899),(649.262329,480.721863,-456.265778),(653.837036,480.244843,-457.187622),(654.974548,481.187714,-458.046722),(656.627014,479.919708,-457.729492),(657.027832,
   479.527283,-457.602203),(657.207947,479.196259,-457.453186),(657.167297,478.926544,-457.282471),(656.905884,478.718231,-457.089996),(656.423767,478.571289,-456.875824),(649.282715,479.315857,-455.436829),(649.22644,483.190918,-457.721466),(653.689575,482.725555,-458.620819),(654.86377,483.698822,-459.507629),(656.516235,482.430817,-459.19043),(656.905334,
   482.027313,-459.053467),(657.07959,481.687256,-458.897583),(657.039063,481.410706,-458.722809),(656.783691,481.197662,-458.529114),(656.313477,481.048096,-458.316528),(649.246826,481.784912,-456.892517),(648.071716,485.982056,-459.073608),(654.878052,485.2724,-460.44516),(656.199036,486.36731,-461.44281),(658.039917,484.908478,-461.061981),(658.440735,
   484.516052,-460.934692),(658.62085,484.184998,-460.785675),(658.5802,483.915314,-460.614929),(658.318848,483.707001,-460.422485),(657.836731,483.560028,-460.208282),(648.092163,484.57608,-458.24469),(649.14917,488.506256,-460.855255),(653.87262,488.013733,-461.807068),(655.009644,488.990875,-462.686371),(656.69928,487.718994,-462.376678),(657.08844,
   487.315491,-462.239716),(657.262695,486.975464,-462.083832),(657.222168,486.698914,-461.909058),(656.966797,486.48584,-461.715363),(656.496582,486.336273,-461.502777),(649.169556,487.10025,-460.026306),(663.059448,484.487793,-462.13443),(663.021667,484.023346,-461.848846),(662.893066,483.672424,-461.60675),(662.673706,483.435089,-461.408112),(662.363525,
   483.311279,-461.25296),(661.962646,483.301025,-461.141296),(661.691223,483.371796,-461.111816),(661.442444,483.525116,-461.137238),(661.216187,483.760986,-461.217621),(661.012512,484.079437,-461.352966),(660.83136,484.480438,-461.543213),(660.504211,485.221283,-461.896667),(660.109558,485.903412,-462.197479),(659.647461,486.526825,-462.445709),(659.117859,
   487.091553,-462.641327),(658.520752,487.597565,-462.784332),(658.381104,488.007965,-462.991089),(658.391846,488.290344,-463.161499),(658.552979,488.444733,-463.295563),(658.864563,488.471161,-463.39328),(659.326538,488.369568,-463.454681),(660.661133,487.608612,-463.354614),(661.701721,486.839935,-463.172577),(662.448303,486.063599,-462.908539),(662.900879,
   485.279541,-462.562469),(663.059448,484.487793,-462.13443),(655.054321,470.131348,-451.506836),(656.227356,470.725342,-452.168274),(655.735474,470.532501,-451.924316),(660.547607,475.999878,-456.436096),(660.595825,476.46637,-456.725586),(660.567871,477.060608,-457.070862),(658.354858,481.126282,-458.900574),(658.324829,483.192413,-460.118713),(658.309814,
   484.225494,-460.727783),(658.302307,484.742004,-461.032318),(658.317322,483.708954,-460.423248),(658.321045,483.450684,-460.270996),(658.384888,479.060181,-457.682465),(659.307251,484.588013,-461.205627),(661.807373,483.76236,-461.374146),(662.55127,483.684814,-461.524048),(662.923157,483.646027,-461.598999),(662.737183,483.665405,-461.561523),(661.063477,
   483.839905,-461.224274),(661.435425,483.801147,-461.299225),(661.249451,483.820526,-461.261749),(664.263428,485.971588,-463.332001),(663.779236,484.789429,-462.502991),(665.806274,484.578064,-462.911438),(665.739624,473.833496,-456.518005),(665.762085,472.290314,-455.608215),(665.717163,475.376648,-457.427826),(665.782959,470.850037,-454.759064),(663.547729,
   473.890808,-455.974731),(663.524048,475.519714,-456.935089),(663.352722,482.197357,-460.852478),(656.16803,473.170837,-453.603821),(656.063293,470.661011,-452.086914),(655.749207,470.454071,-451.881378),(655.024658,470.098724,-451.479675),(652.853271,478.943573,-456.156311),(654.638489,478.757446,-456.516083),(651.067993,479.1297,-455.79657),(652.110657,
   481.486298,-457.469604),(653.542603,481.337006,-457.758179),(651.474854,485.627228,-459.759399),(657.119507,485.637878,-461.25238),(658.30365,484.650299,-460.978241),(658.317383,483.706543,-460.421844),(652.964478,484.068054,-459.226501),(655.400574,483.814026,-459.717377),(654.182495,483.94104,-459.471924),(654.791565,483.877533,-459.594666),(650.52832,
   484.322083,-458.735596),(652.684265,486.733765,-460.734558),(654.44165,486.550537,-461.088684),(662.873474,483.651215,-461.588989),(661.172974,483.828491,-461.246338)));
#433=COMPLEX_TRIANGULATED_SURFACE_SET('',#432,243,((0.220909,0.49771,0.838739)),(),((106,105,107),(234,150,201),(108,107,104),(104,107,105),(108,104,103),(205,201,150),(9,11,10),(123,122,
   121),(108,103,102),(123,13,124),(108,99,109),(109,99,98),(99,102,100),(110,109,98),(98,111,110),(99,108,102),(102,125,100),(124,13,
   194),(125,119,223),(112,111,113),(111,98,101),(101,113,111),(223,101,100),(126,229,127),(121,192,123),(120,226,8),(9,12,11),(121,226,
   192),(120,8,225),(194,125,124),(193,224,8),(113,101,118),(14,7,15),(125,223,100),(15,6,16),(6,15,7),(117,116,115),(117,115,
   114),(113,118,114),(114,118,117),(25,24,23),(25,23,22),(26,25,22),(26,20,204),(227,228,127),(22,21,197),(9,8,226),(130,134,
   133),(127,228,129),(128,127,129),(231,128,137),(145,230,136),(136,230,137),(137,128,139),(130,129,134),(140,143,141),(143,140,144),(128,144,
   139),(227,127,229),(140,139,144),(155,240,146),(232,236,147),(241,156,165),(232,240,236),(147,233,148),(237,147,239),(157,242,159),(159,158,
   157),(160,159,148),(148,164,160),(157,241,242),(137,139,138),(123,192,13),(141,143,142),(130,133,131),(200,149,154),(233,154,149),(204,95,
   198),(152,94,28),(152,153,203),(28,205,152),(205,151,152),(201,205,27),(202,200,154),(163,162,161),(163,161,160),(183,182,185),(163,160,
   164),(186,180,187),(181,180,186),(185,184,183),(182,186,185),(187,180,179),(182,181,186),(179,178,188),(133,132,131),(5,16,6),(91,90,
   56),(57,92,91),(93,92,57),(89,56,90),(88,54,55),(60,54,87),(88,55,56),(58,93,57),(57,91,56),(89,88,56),(93,58,
   59),(220,93,217),(59,217,93),(5,4,17),(4,3,195),(50,49,48),(5,17,16),(87,61,60),(87,62,61),(48,47,50),(63,62,
   86),(54,60,219),(50,47,51),(54,88,87),(63,86,85),(94,199,198),(63,85,76),(76,84,77),(95,94,198),(77,84,83),(84,76,
   85),(199,94,152),(64,63,76),(77,82,81),(18,196,3),(78,81,80),(81,78,77),(78,80,79),(195,3,196),(82,77,83),(20,26,
   197),(72,66,65),(71,67,66),(68,70,69),(67,70,68),(65,64,74),(74,73,65),(75,74,64),(67,71,70),(66,72,71),(72,65,
   73),(64,76,75),(86,62,87),(22,197,26),(19,18,2),(95,20,19),(20,95,204),(95,19,2),(94,171,172),(2,1,95),(222,171,
   94),(173,94,172),(222,169,170),(2,18,3),(173,174,210),(176,190,177),(210,174,244),(206,176,175),(188,187,179),(189,188,177),(188,178,
   177),(206,207,166),(176,206,166),(190,189,177),(176,166,190),(167,207,209),(210,94,173),(53,1,218),(51,47,52),(97,37,222),(96,53,
   52),(45,97,96),(96,1,53),(96,52,46),(222,29,169),(46,45,96),(45,44,41),(44,42,41),(42,44,43),(97,45,40),(40,45,
   41),(97,38,37),(29,222,37),(215,36,213),(30,36,31),(38,40,39),(29,37,214),(35,34,32),(35,32,31),(32,34,33),(194,224,
   125),(35,31,36),(40,38,97),(14,193,7),(4,195,17),(96,95,1),(46,52,47),(235,203,153),(8,7,193),(152,203,199),(151,205,
   150),(166,207,167),(168,167,209),(169,29,208),(208,243,169),(94,210,28),(206,175,211),(211,175,212),(36,30,213),(213,214,215),(37,215,
   214),(217,59,219),(217,216,220),(221,216,218),(216,221,220),(1,221,218),(170,171,222),(101,223,118),(125,224,119),(8,224,225),(12,9,
   226),(129,228,134),(135,229,126),(231,137,230),(156,241,157),(233,147,237),(149,200,234),(202,154,235),(147,238,239),(233,237,154),(147,236,
   238),(240,232,146),(159,242,148),(168,209,243),(212,175,244)),());
#434=COORDINATES_LIST('',107,((691.547791,473.950226,-463.384705),(686.340759,474.493164,-462.335449),(685.939697,472.347687,-460.956696),(684.937256,470.49231,-459.591644),(683.333435,468.926941,-458.240356),(681.128235,467.651672,-456.902802),(678.321655,466.666443,-455.578979),(677.7854,466.767548,-455.497742),(677.456177,466.9375,-455.511841),(677.333862,
   467.176239,-455.621307),(677.418518,467.483795,-455.826111),(677.710144,467.860138,-456.126251),(680.059692,469.01355,-457.429504),(681.880188,470.389221,-458.725311),(683.17157,471.987122,-460.013641),(683.933899,473.807312,-461.294525),(684.167114,475.849731,-462.567963),(684.020081,485.966034,-468.532257),(686.042969,484.762115,-468.350647),(691.324341,
   484.211456,-469.414886),(692.018555,484.995087,-470.062744),(693.74585,483.685028,-469.740295),(694.172607,483.247467,-469.593048),(694.369324,482.896881,-469.436798),(694.335999,482.63327,-469.271606),(694.072693,482.456635,-469.097443),(693.579346,482.367004,-468.914337),(693.794189,467.586945,-460.200378),(693.768494,467.107544,-459.909119),(693.676575,
   466.684326,-459.633789),(693.518555,466.317291,-459.374359),(693.294312,466.0065,-459.130859),(693.003845,465.751892,-458.90329),(692.750549,465.60025,-458.746613),(692.490906,465.476685,-458.604889),(692.224915,465.381134,-458.478119),(691.952576,465.31366,-458.366364),(691.673889,465.274231,-458.269562),(691.272339,465.307892,-458.183777),(690.958679,
   465.425507,-458.170959),(690.73291,465.627106,-458.23111),(690.595093,465.912659,-458.364258),(690.545166,466.282196,-458.570404),(690.538635,466.322601,-458.592651),(690.520203,466.361481,-458.61087),(690.48999,466.398865,-458.625092),(690.447876,466.434784,-458.635315),(690.39386,466.469147,-458.64151),(688.826782,466.974976,-458.5289),(688.325134,
   467.251892,-458.561096),(688.076233,467.513428,-458.650726),(688.080078,467.759552,-458.797821),(688.33667,467.990265,-459.002319),(688.846069,468.205627,-459.264252),(691.263611,467.953552,-459.751404),(691.397278,467.951935,-459.785645),(691.500916,467.978119,-459.828491),(691.574402,468.032074,-459.879852),(691.617737,468.113831,-459.939819),(691.631042,
   468.223389,-460.008301),(680.344666,483.33609,-466.003601),(676.77417,483.708374,-465.284119),(676.821045,480.484894,-463.383606),(680.391541,480.112579,-464.103119),(676.841431,479.078888,-462.554688),(676.894287,475.443878,-460.411591),(680.464783,475.071594,-461.131073),(680.411987,478.706604,-463.27417),(680.287048,484.745941,-466.825043),(680.981262,
   485.529572,-467.4729),(682.708557,484.219543,-467.150452),(683.146851,483.804047,-467.019348),(683.349304,483.467926,-466.873199),(683.315918,483.211182,-466.712036),(683.046631,483.033813,-466.535889),(682.541565,482.935822,-466.344696),(682.687622,472.888123,-460.420837),(681.906006,472.394379,-459.921997),(681.295532,472.184113,-459.636414),(680.856262,
   472.257294,-459.564178),(680.588196,472.613953,-459.7052),(680.491211,473.254089,-460.059509),(680.485229,473.665619,-460.302124),(676.914734,474.037903,-459.582642),(676.950134,471.603119,-458.147156),(676.168518,471.109375,-457.648315),(675.558105,470.899109,-457.362762),(675.118835,470.97229,-457.290497),(674.850708,471.328979,-457.431519),(674.753723,
   471.969116,-457.785858),(674.544861,486.337646,-466.257172),(676.567749,485.133759,-466.075562),(686.249329,483.336731,-467.559174),(686.29126,480.456177,-465.86087),(691.46106,479.917145,-466.902618),(691.419189,482.797699,-468.600952),(691.481506,478.511139,-466.0737),(686.311646,479.050171,-465.031921),(686.357544,475.895264,-463.171875),(691.527344,
   475.356232,-464.213654),(684.093628,480.907898,-465.55011),(684.056824,483.436951,-467.041199),(693.686768,474.97699,-464.557373),(693.633057,478.671997,-466.73584),(682.614624,477.911987,-463.382751),(682.578064,480.423889,-464.863739),(682.651123,475.400055,-461.901794)));
#435=COMPLEX_TRIANGULATED_SURFACE_SET('',#434,107,((0.220909,0.49771,0.838739)),(),((10,9,11),(11,9,8),(12,8,7),(8,12,11),(87,90,89),(87,89,88),(86,85,90),(86,90,
   87),(84,90,85),(12,7,13),(13,6,14),(6,13,7),(14,6,5),(15,5,4),(5,15,14),(15,4,3),(79,82,81),(79,81,
   80),(82,78,83),(83,78,77),(78,82,79),(3,16,15),(91,90,65),(91,65,63),(64,63,65),(67,84,83),(107,105,67),(67,66,
   84),(90,66,65),(64,65,68),(91,62,92),(62,91,63),(92,62,69),(62,61,69),(64,106,61),(69,61,71),(105,68,67),(66,90,
   84),(68,105,106),(76,75,72),(71,61,76),(16,2,17),(2,16,3),(98,101,17),(76,72,71),(70,69,71),(73,72,75),(73,75,
   74),(17,2,99),(77,67,83),(94,101,98),(55,46,45),(55,47,46),(43,42,39),(44,43,37),(56,45,44),(51,50,52),(52,50,
   53),(54,53,49),(49,53,50),(49,48,54),(55,48,47),(40,39,42),(39,38,43),(36,44,37),(43,38,37),(44,36,56),(34,57,
   35),(77,107,67),(34,33,57),(32,31,58),(68,106,64),(31,30,58),(97,103,104),(57,33,32),(36,35,56),(40,42,41),(58,30,
   29),(54,48,55),(55,45,56),(57,32,58),(58,29,59),(35,57,56),(2,1,99),(101,93,102),(93,101,94),(96,20,93),(20,96,
   22),(98,95,94),(99,98,17),(98,97,95),(97,100,103),(95,97,104),(1,60,28),(1,100,99),(28,60,59),(28,103,1),(20,22,
   21),(96,27,22),(22,27,23),(93,19,102),(26,25,24),(1,103,100),(24,23,26),(26,23,27),(95,104,27),(102,19,18),(27,96,
   95),(28,59,29),(20,19,93),(106,76,61)),());
#436=COORDINATES_LIST('',107,((-718.297546,570.246765,-149.19931),(-717.874634,570.560181,-149.496658),(-717.367493,570.785339,-149.763824),(-716.776184,570.922241,-150.000824),(-716.100708,570.971008,-150.207657),(-715.340942,570.931519,-150.384323),(-714.750366,570.823364,-150.475693),(-714.181335,570.624329,-150.507462),(-713.63385,570.334412,-150.479614),(-713.10791,
   569.953552,-150.392166),(-712.603577,569.481873,-150.245102),(-712.027344,568.787659,-149.984924),(-711.576172,568.043518,-149.662155),(-711.250122,567.249329,-149.276794),(-711.049133,566.405273,-148.828842),(-710.973206,565.51123,-148.318283),(-711.025879,564.607239,-147.768036),(-711.211243,563.788391,-147.233276),(-711.529419,563.054565,-146.714035),(-711.980286,
   562.405823,-146.210297),(-712.563965,561.842102,-145.722076),(-713.14978,561.422485,-145.318771),(-713.805847,561.116943,-144.964691),(-714.532166,560.925659,-144.659836),(-715.328796,560.84845,-144.404221),(-716.195679,560.885437,-144.197845),(-716.9151,561.002869,-144.078064),(-717.584167,561.200012,-144.018829),(-718.202942,561.476807,-144.020111),(-718.771362,
   561.833313,-144.081924),(-719.289551,562.26947,-144.204269),(-719.73407,562.754089,-144.374771),(-720.081604,563.255981,-144.58107),(-720.332214,563.775208,-144.823151),(-720.48584,564.311646,-145.101044),(-720.54248,564.865417,-145.414719),(-720.526855,565.166504,-145.597488),(-720.470764,565.43866,-145.773773),(-720.374207,565.682007,-145.943573),(-720.237244,
   565.896423,-146.106903),(-720.059814,566.08197,-146.263763),(-719.857544,566.233459,-146.406921),(-719.646179,566.345642,-146.52916),(-719.425598,566.418518,-146.630493),(-719.195923,566.452087,-146.710922),(-718.957092,566.446411,-146.770416),(-718.746399,566.407959,-146.803131),(-718.543762,566.337524,-146.814697),(-718.349304,566.235107,-146.80513),(-718.162903,
   566.100586,-146.774414),(-717.984619,565.934082,-146.722565),(-717.840576,565.75885,-146.656509),(-717.727722,565.567627,-146.572784),(-717.646057,565.360535,-146.471375),(-717.595642,565.137512,-146.35231),(-717.576416,564.89856,-146.215576),(-717.586975,564.638062,-146.058228),(-717.626465,564.405212,-145.909668),(-717.694946,564.200073,-145.769897),(-717.79248,
   564.022644,-145.638901),(-717.918945,563.872803,-145.516693),(-717.982178,563.798584,-145.455994),(-718.031189,563.725647,-145.399796),(-718.065857,563.653931,-145.348114),(-718.086304,563.583496,-145.300919),(-718.092407,563.514282,-145.258224),(-718.078125,563.415527,-145.203415),(-718.038025,563.31134,-145.152161),(-717.972107,563.201782,-145.104492),(-717.880371,
   563.086731,-145.060394),(-717.762817,562.966309,-145.019882),(-717.545898,562.795776,-144.975815),(-717.272156,562.652161,-144.962708),(-716.94165,562.535522,-144.980545),(-716.554321,562.445862,-145.029327),(-716.110229,562.383118,-145.10907),(-715.671021,562.361938,-145.212204),(-715.269775,562.394043,-145.336945),(-714.906433,562.479431,-145.483307),(-714.581055,
   562.618103,-145.651276),(-714.29364,562.809998,-145.840866),(-713.964233,563.164612,-146.138046),(-713.710693,563.6203,-146.475235),(-713.532898,564.177002,-146.852402),(-713.430969,564.834778,-147.269562),(-713.404846,565.593567,-147.726715),(-713.45282,566.336792,-148.155106),(-713.573975,567.002686,-148.518356),(-713.768433,567.59137,-148.816467),(-714.036011,
   568.102783,-149.049438),(-714.376892,568.536865,-149.217255),(-714.618896,568.759338,-149.285522),(-714.880249,568.939941,-149.323883),(-715.161072,569.078796,-149.332321),(-715.461243,569.175842,-149.310837),(-715.780884,569.231079,-149.25943),(-716.28949,569.207397,-149.111435),(-716.813049,569.031921,-148.869385),(-717.351563,568.70459,-148.53331),(-717.905029,
   568.225403,-148.103195),(-718.473389,567.59436,-147.579025),(-720.015625,567.960632,-147.390182),(-719.607788,576.786377,-152.734818),(-711.267456,575.916748,-154.415482),(-711.700867,573.770569,-153.027756),(-718.108276,574.43866,-151.736618),(-718.297546,570.246765,-149.19931)));
#437=COMPLEX_TRIANGULATED_SURFACE_SET('',#436,106,((0.220909,0.49771,0.838739)),(),((32,65,33),(31,66,32),(68,30,69),(69,30,29),(31,30,67),(30,68,67),(40,36,35),(34,41,
   35),(65,32,66),(33,42,34),(65,43,33),(31,67,66),(44,65,64),(69,29,70),(70,29,71),(28,73,72),(73,28,27),(72,71,
   29),(72,29,28),(50,62,61),(49,63,62),(60,59,57),(58,57,59),(61,60,51),(64,63,47),(60,57,52),(37,39,38),(37,36,
   39),(40,39,36),(35,41,40),(42,41,34),(1,103,102),(33,43,42),(64,45,44),(46,45,64),(64,47,46),(44,43,65),(60,52,
   51),(51,50,61),(56,55,53),(54,53,55),(56,53,52),(49,62,50),(48,63,49),(1,102,101),(2,1,99),(100,1,101),(99,1,
   100),(106,103,1),(48,47,63),(52,57,56),(103,106,104),(27,26,75),(75,26,76),(27,75,74),(25,77,26),(26,77,76),(78,25,
   24),(78,77,25),(80,79,24),(23,82,81),(81,80,23),(78,24,79),(23,80,24),(22,83,82),(83,22,21),(22,82,23),(84,21,
   20),(21,84,83),(85,20,19),(84,20,85),(18,17,86),(87,86,15),(16,86,17),(18,86,85),(19,18,85),(15,86,16),(98,97,
   4),(99,98,3),(93,92,7),(94,93,7),(97,5,4),(4,3,98),(96,95,6),(6,95,94),(94,7,6),(96,6,5),(96,5,
   97),(92,8,7),(99,3,2),(10,90,89),(9,91,90),(14,13,87),(14,87,15),(13,88,87),(89,88,12),(88,13,12),(90,10,
   9),(9,8,91),(11,10,89),(105,104,106),(11,89,12),(91,8,92),(74,73,27)),());
#438=COORDINATES_LIST('',31,((-545.577026,558.640564,-187.803619),(-545.384583,545.403687,-179.999481),(-545.331055,545.065247,-179.812775),(-545.181274,544.790771,-179.689362),(-544.935181,544.580261,-179.629227),(-544.592773,544.433594,-179.632401),(-544.154114,544.350891,-179.698853),(-542.793884,544.209045,-179.972946),(-542.773438,542.80304,-179.144012),(-550.218872,
   543.579407,-177.643677),(-550.239319,544.985352,-178.472626),(-548.986511,544.854736,-178.725082),(-548.536011,544.844727,-178.837799),(-548.186829,544.91925,-178.973999),(-547.938965,545.078308,-179.133667),(-547.792358,545.321899,-179.316803),(-547.747131,545.650024,-179.523422),(-547.894165,555.766296,-185.487717),(-547.913147,555.891541,-185.557037),(-547.966064,
   555.99292,-185.603271),(-548.052979,556.070435,-185.626389),(-548.173828,556.124146,-185.626419),(-548.328674,556.153992,-185.603348),(-550.404846,556.370483,-185.184982),(-550.425232,557.776489,-186.013916),(-549.172424,557.645813,-186.266373),(-548.500244,557.630554,-186.434326),(-547.915588,557.733948,-186.649673),(-547.418457,557.955994,-186.912399),(-547.00885,
   558.296814,-187.222519),(-546.686707,558.756287,-187.580017)));
#439=COMPLEX_TRIANGULATED_SURFACE_SET('',#438,31,((0.220909,0.49771,0.838739)),(),((11,10,12),(12,10,13),(14,13,10),(16,15,4),(15,14,5),(14,10,5),(25,24,26),(23,27,
   26),(26,24,23),(28,22,21),(23,22,27),(22,28,27),(28,21,20),(3,16,4),(17,3,2),(17,16,3),(15,5,4),(7,9,
   8),(9,7,6),(9,6,5),(10,9,5),(19,18,29),(29,28,19),(18,30,29),(19,28,20),(18,1,30),(1,18,2),(1,31,
   30),(18,17,2)),());
#440=COORDINATES_LIST('',35,((-339.52182,523.699036,-221.340515),(-339.481964,523.448364,-221.202255),(-339.370422,523.244995,-221.110947),(-339.187195,523.088928,-221.066589),(-338.932251,522.980164,-221.069199),(-338.605591,522.918701,-221.118774),(-337.336884,522.786438,-221.374435),(-337.316437,521.380432,-220.545502),(-344.240082,522.102356,-219.150314),(-344.260498,
   523.508362,-219.979248),(-342.774292,523.353394,-220.278748),(-342.461487,523.348145,-220.358032),(-342.219086,523.405029,-220.455643),(-342.047089,523.524048,-220.571579),(-341.945465,523.7052,-220.705826),(-341.914276,523.948486,-220.858414),(-341.946167,526.14325,-222.152359),(-347.999817,526.774414,-220.932495),(-348.014771,527.803223,-221.539032),(-341.348938,
   537.346069,-228.957458),(-339.717712,537.175964,-229.286179),(-339.574158,527.299744,-223.463394),(-337.109192,527.042725,-223.960114),(-337.088745,525.63678,-223.13118),(-339.553711,525.893738,-222.63446),(-341.59906,534.632935,-227.281586),(-345.881561,527.957397,-222.192398),(-341.966614,527.549194,-222.981293),(-341.672546,534.709045,-227.307419),(-344.972992,
   526.458862,-221.542419),(-339.645935,532.237854,-226.374786),(-343.740295,531.295166,-224.737),(-343.924072,527.753296,-222.586853),(-341.680939,534.50531,-227.184296),(-341.823761,531.027283,-225.082794)));
#441=COMPLEX_TRIANGULATED_SURFACE_SET('',#440,35,((0.220909,0.49771,0.838739)),(),((10,9,11),(11,9,12),(13,12,9),(15,14,2),(13,3,14),(9,8,13),(19,18,27),(27,32,
   19),(22,28,17),(17,16,25),(18,30,27),(32,20,19),(15,1,16),(17,33,30),(3,2,14),(3,13,4),(8,7,6),(6,5,
   8),(8,5,4),(13,8,4),(21,26,31),(22,31,35),(33,17,28),(21,20,26),(26,20,29),(22,17,25),(24,23,25),(25,23,
   22),(1,25,16),(26,34,31),(32,29,20),(1,15,2),(33,27,30),(29,32,34),(22,35,28),(34,35,31)),());
#442=COORDINATES_LIST('',102,((-327.642761,528.178589,-227.127426),(-327.721924,529.84137,-228.093262),(-327.907654,531.263245,-228.888077),(-328.19989,532.444153,-229.511887),(-328.598663,533.384216,-229.964691),(-329.103973,534.083374,-230.246475),(-329.310577,534.252808,-230.292618),(-329.519592,534.389648,-230.318771),(-329.731049,534.493896,-230.324921),(-329.944916,
   534.565491,-230.311081),(-330.161194,534.604492,-230.277252),(-330.37558,534.611755,-230.225113),(-330.58371,534.588257,-230.156357),(-330.785614,534.533997,-230.070969),(-330.981262,534.448914,-229.968964),(-331.170685,534.33313,-229.850327),(-331.695831,533.707153,-229.340576),(-332.098572,532.830139,-228.714066),(-332.378967,531.702026,-227.97081),(-332.537018,
   530.322876,-227.110779),(-332.572662,528.692627,-226.134003),(-332.489075,527.02533,-225.166626),(-332.290131,525.589722,-224.367157),(-331.97583,524.385925,-223.735596),(-331.546204,523.41394,-223.271957),(-331.00119,522.673645,-222.976227),(-330.807831,522.517883,-222.934723),(-330.6091,522.391724,-222.912186),(-330.404999,522.295105,-222.908615),(-330.195557,
   522.228088,-222.924011),(-329.980743,522.190613,-222.958359),(-329.764923,522.18457,-223.011597),(-329.55249,522.211731,-223.083664),(-329.343445,522.272095,-223.174545),(-329.137787,522.365662,-223.284256),(-328.935486,522.492493,-223.412796),(-328.449036,523.091003,-223.896057),(-328.076538,523.958862,-224.509155),(-327.817993,525.096069,-225.252075),(-327.673401,
   526.502625,-226.124832),(-327.642761,528.178589,-227.127426),(-324.960297,527.898926,-227.667969),(-324.982697,527.05072,-227.158737),(-325.074677,526.207031,-226.633881),(-325.236206,525.367859,-226.093369),(-325.467316,524.533203,-225.537216),(-325.767975,523.703064,-224.965408),(-326.03006,523.108582,-224.543625),(-326.313477,522.587524,-224.15979),(-326.618256,
   522.139954,-223.813919),(-326.944366,521.765808,-223.506012),(-327.291809,521.465088,-223.236053),(-327.787567,521.110046,-222.894775),(-328.302063,520.84729,-222.603363),(-328.835266,520.67688,-222.361816),(-329.387177,520.598877,-222.170135),(-329.957794,520.613159,-222.02832),(-330.529785,520.71936,-221.940704),(-331.085693,520.917053,-221.911575),(-331.62558,
   521.206177,-221.940948),(-332.149414,521.586731,-222.028824),(-332.657196,522.058777,-222.175201),(-333.040863,522.456299,-222.310013),(-333.399231,522.90863,-222.484055),(-333.732361,523.415894,-222.697327),(-334.040222,523.978027,-222.949814),(-334.322815,524.595032,-223.241531),(-334.648254,525.468567,-223.674164),(-334.904175,526.343079,-224.125671),(-335.090637,
   527.218506,-224.596054),(-335.207611,528.09491,-225.085327),(-335.255127,528.972351,-225.59346),(-335.233307,529.861694,-226.126953),(-335.141541,530.719055,-226.659912),(-334.979797,531.544556,-227.192337),(-334.748108,532.338013,-227.724228),(-334.446442,533.099609,-228.255585),(-334.180847,533.651245,-228.652893),(-333.888458,534.153564,-229.027969),(-333.569305,
   534.606506,-229.380798),(-333.223358,535.010071,-229.711411),(-332.850616,535.364258,-230.01976),(-332.354675,535.707031,-230.353775),(-331.840057,535.960144,-230.639526),(-331.306763,536.123657,-230.877029),(-330.754761,536.197632,-231.066284),(-330.184113,536.181946,-231.207275),(-329.612183,536.078491,-231.296524),(-329.056396,535.889038,-231.330505),(-328.516693,
   535.613647,-231.309204),(-327.993134,535.252258,-231.232666),(-327.485718,534.804871,-231.100845),(-327.104431,534.370667,-230.943604),(-326.754333,533.890442,-230.750839),(-326.435394,533.364075,-230.522507),(-326.147644,532.791748,-230.258652),(-325.891083,532.173279,-229.959244),(-325.565094,531.26001,-229.503159),(-325.309021,530.375916,-229.04599),(-325.122864,
   529.521057,-228.587738),(-325.006622,528.695374,-228.128403),(-324.960297,527.898926,-227.667969)));
#443=COMPLEX_TRIANGULATED_SURFACE_SET('',#442,100,((0.220909,0.49771,0.838739)),(),((68,67,23),(67,66,23),(64,24,65),(23,66,65),(63,24,64),(21,72,71),(22,21,71),(22,70,
   69),(68,22,69),(71,70,22),(72,21,73),(63,62,24),(60,26,61),(59,26,60),(58,30,29),(30,58,57),(59,58,28),(58,29,
   28),(22,68,23),(23,65,24),(28,27,59),(26,25,61),(27,26,59),(62,25,24),(61,25,62),(74,20,75),(20,74,73),(76,20,
   19),(20,76,75),(76,19,77),(73,21,20),(19,79,78),(78,77,19),(79,18,80),(80,18,81),(82,81,17),(19,18,79),(17,16,
   83),(17,83,82),(14,13,86),(15,14,85),(16,15,85),(16,85,84),(84,83,16),(12,11,87),(87,86,12),(11,10,87),(86,85,
   14),(86,13,12),(17,81,18),(31,57,32),(57,31,30),(32,57,56),(34,56,55),(56,33,32),(36,55,54),(34,33,56),(35,34,
   55),(53,37,36),(51,38,37),(35,55,36),(53,36,54),(37,52,51),(38,51,50),(49,48,38),(49,38,50),(39,38,48),(40,39,
   46),(47,39,48),(46,39,47),(44,40,45),(44,1,40),(45,40,46),(1,44,43),(52,37,53),(7,6,89),(8,7,89),(93,5,
   4),(91,5,92),(6,5,91),(10,9,88),(9,8,88),(10,88,87),(89,88,8),(6,90,89),(6,91,90),(4,3,95),(99,2,
   100),(100,2,1),(2,99,98),(1,101,100),(101,1,42),(1,43,42),(94,93,4),(92,5,93),(95,3,96),(95,94,4),(97,96,
   3),(98,97,3),(2,98,3)),());
#444=COORDINATES_LIST('',12,((-318.070343,534.473755,-233.384186),(-311.749695,527.925354,-231.163086),(-305.564301,533.169739,-235.904266),(-304.278107,531.837219,-235.452301),(-310.426758,526.554749,-230.698196),(-304.10614,520.006348,-228.477097),(-305.356415,518.869812,-227.473373),(-311.714294,525.49054,-229.7276),(-317.862946,520.208069,-224.973511),(-319.185883,
   521.578674,-225.438385),(-313.000488,526.823059,-230.179581),(-319.394104,533.41333,-232.406281)));
#445=COMPLEX_TRIANGULATED_SURFACE_SET('',#444,12,((0.220909,0.49771,0.838739)),(),((11,10,8),(2,11,5),(11,1,12),(1,11,2),(8,10,9),(8,7,6),(8,6,5),(4,3,
   2),(2,5,4),(5,11,8)),());
#446=COORDINATES_LIST('',96,((-294.059326,523.546997,-233.224289),(-293.043396,524.471008,-234.040192),(-292.255829,525.369568,-234.780807),(-291.696655,526.242615,-235.446152),(-291.365845,527.090149,-236.036209),(-291.263428,527.91217,-236.550995),(-291.302155,528.484619,-236.880478),(-291.400787,528.994812,-237.157257),(-291.559296,529.442749,-237.381317),(-291.77774,
   529.828491,-237.552673),(-292.056061,530.151978,-237.671326),(-292.311249,530.375793,-237.736938),(-292.606354,530.559998,-237.768494),(-292.941467,530.704468,-237.765991),(-293.316498,530.809326,-237.729431),(-293.731537,530.874512,-237.658798),(-294.150238,530.894897,-237.560608),(-294.536346,530.865295,-237.44136),(-294.889893,530.785767,-237.301025),(-295.210876,
   530.65625,-237.139633),(-295.499268,530.476746,-236.957169),(-295.640686,530.344971,-236.841721),(-295.749908,530.190613,-236.721359),(-295.826965,530.013733,-236.596115),(-295.871857,529.814331,-236.465973),(-295.884552,529.592407,-236.330933),(-295.873932,529.459839,-236.255051),(-295.846069,529.336426,-236.189148),(-295.800995,529.222168,-236.133209),(-295.738647,
   529.117004,-236.087265),(-295.659088,529.021057,-236.051285),(-295.5,528.833313,-235.98175),(-295.375488,528.635376,-235.89711),(-295.285614,528.427429,-235.797379),(-295.230316,528.209351,-235.682541),(-295.209625,527.981262,-235.552612),(-295.257904,527.517883,-235.264923),(-295.417908,527.170227,-235.016495),(-295.689606,526.938354,-234.807327),(-296.073029,
   526.822144,-234.637421),(-296.568176,526.821777,-234.50676),(-296.846771,526.865845,-234.459549),(-297.102631,526.937744,-234.434814),(-297.335724,527.037354,-234.432541),(-297.546051,527.164734,-234.452744),(-297.733643,527.319885,-234.495407),(-297.919342,527.546082,-234.580704),(-298.06488,527.798218,-234.691986),(-298.170288,528.076294,-234.829224),(-298.235504,
   528.38031,-234.992447),(-298.260559,528.710266,-235.181641),(-298.223785,529.366577,-235.580795),(-298.093475,529.963806,-235.969528),(-297.869659,530.502014,-236.347855),(-297.552307,530.981201,-236.715775),(-297.141449,531.401245,-237.073257),(-296.529327,531.818176,-237.481888),(-295.866333,532.122986,-237.837357),(-295.152466,532.315613,-238.139694),(-294.387756,
   532.396118,-238.388885),(-293.572205,532.364502,-238.584915),(-292.713135,532.228333,-238.730392),(-291.933929,532.007385,-238.80452),(-291.234558,531.70166,-238.807281),(-290.615021,531.311096,-238.738693),(-290.075317,530.835693,-238.598755),(-289.624512,530.301086,-238.400253),(-289.271698,529.73291,-238.156006),(-289.016815,529.131104,-237.866013),(-288.859924,
   528.495667,-237.530289),(-288.800964,527.826599,-237.148788),(-288.87677,526.966187,-236.61824),(-289.1297,526.140686,-236.061752),(-289.559784,525.350037,-235.479324),(-290.166992,524.594299,-234.870941),(-290.951355,523.873474,-234.236618),(-292.799713,522.348694,-232.844986),(-294.25293,521.127869,-231.737793),(-295.310944,520.210999,-230.915039),(-295.973816,
   519.598022,-230.376724),(-296.241486,519.289001,-230.122849),(-291.565338,518.801453,-231.06514),(-291.105621,518.849365,-231.214676),(-290.712524,519.096008,-231.464554),(-290.386017,519.541321,-231.814804),(-290.126068,520.185364,-232.265427),(-289.932739,521.028076,-232.816406),(-288.446533,520.873108,-233.115906),(-289.068451,516.349731,-230.267914),(-298.348297,
   517.317322,-228.397934),(-298.372742,518.99762,-229.388611),(-297.930115,519.721191,-229.93457),(-297.277435,520.537903,-230.59111),(-296.414764,521.447815,-231.358246),(-295.342072,522.450806,-232.235977),(-294.059326,523.546997,-233.224289)));
#447=COMPLEX_TRIANGULATED_SURFACE_SET('',#446,95,((0.220909,0.49771,0.838739)),(),((91,90,92),(81,93,92),(92,90,81),(50,49,48),(47,50,48),(51,46,45),(47,46,51),(44,52,
   45),(28,44,43),(80,93,81),(94,93,80),(79,95,94),(79,94,80),(29,42,41),(40,30,41),(39,31,40),(38,37,36),(39,38,
   32),(28,43,42),(95,79,78),(90,82,81),(36,33,38),(51,45,52),(51,50,47),(52,27,53),(28,27,52),(52,44,28),(54,27,
   26),(26,55,54),(54,53,27),(57,56,24),(25,56,55),(24,56,25),(25,55,26),(30,40,31),(31,39,32),(36,34,33),(33,32,
   38),(42,29,28),(57,23,22),(23,57,24),(22,21,58),(22,58,57),(58,21,20),(41,30,29),(35,34,36),(78,77,1),(2,1,
   77),(83,82,89),(2,77,76),(3,2,76),(4,3,76),(73,6,5),(70,7,6),(5,4,75),(76,75,4),(85,84,89),(86,85,
   89),(86,88,87),(88,86,89),(84,83,89),(74,73,5),(73,72,6),(71,70,6),(6,72,71),(74,5,75),(90,89,82),(7,70,
   69),(19,18,59),(20,19,59),(14,13,62),(18,17,60),(18,60,59),(60,17,16),(60,16,61),(61,15,62),(15,61,16),(62,15,
   14),(13,63,62),(20,59,58),(65,10,9),(64,11,10),(68,67,7),(68,7,69),(9,8,66),(7,67,8),(11,63,12),(11,64,
   63),(12,63,13),(65,64,10),(9,66,65),(8,67,66),(1,95,78)),());
#448=COORDINATES_LIST('',107,((-283.401642,524.901062,-236.834839),(-282.973328,525.213867,-237.13327),(-282.459717,525.438354,-237.401749),(-281.86087,525.574524,-237.640274),(-281.176758,525.622314,-237.848831),(-280.40741,525.581848,-238.027435),(-279.809326,525.4729,-238.120316),(-279.233124,525.273132,-238.153534),(-278.678741,524.982483,-238.12709),(-278.14621,
   524.600952,-238.04097),(-277.635498,524.128601,-237.895172),(-277.052063,523.433655,-237.636444),(-276.595337,522.688904,-237.314804),(-276.265289,521.894348,-236.930237),(-276.06189,521.049988,-236.482773),(-275.985199,520.155884,-235.972382),(-276.038666,519.252014,-235.421951),(-276.226532,518.433411,-234.886703),(-276.548889,517.700012,-234.366608),(-277.005646,
   517.05188,-233.86171),(-277.596832,516.488953,-233.371964),(-278.190125,516.070068,-232.967133),(-278.854584,515.765442,-232.611374),(-279.590179,515.575073,-232.304657),(-280.396912,515.498962,-232.046997),(-281.274841,515.537109,-231.838394),(-282.003326,515.655518,-231.716782),(-282.680878,515.853516,-231.655838),(-283.307465,516.131165,-231.655548),(-283.883087,
   516.488342,-231.715927),(-284.407745,516.925171,-231.83696),(-284.857819,517.4104,-232.006332),(-285.209686,517.912781,-232.211761),(-285.463348,518.432251,-232.453232),(-285.618835,518.968933,-232.730743),(-285.676117,519.522766,-233.044296),(-285.660217,519.823792,-233.227112),(-285.603363,520.095886,-233.403549),(-285.505554,520.339111,-233.573624),(-285.366791,
   520.553345,-233.737305),(-285.187073,520.738647,-233.894623),(-284.982239,520.889893,-234.0383),(-284.768127,521.00177,-234.161087),(-284.5448,521.074402,-234.262985),(-284.312164,521.107666,-234.343994),(-284.070313,521.101624,-234.404114),(-283.856934,521.062927,-234.437363),(-283.651764,520.992188,-234.449448),(-283.454803,520.889526,-234.440369),(-283.266083,
   520.754761,-234.410126),(-283.085602,520.588013,-234.358719),(-282.939728,520.412598,-234.29303),(-282.825439,520.221252,-234.209579),(-282.742798,520.014038,-234.108398),(-282.691803,519.790955,-233.989441),(-282.672394,519.552002,-233.852753),(-282.683075,519.291504,-233.695374),(-282.723145,519.058716,-233.546692),(-282.792542,518.853699,-233.406738),(-282.891296,
   518.676331,-233.275482),(-283.01944,518.526733,-233.152954),(-283.083496,518.452576,-233.092087),(-283.133118,518.3797,-233.035767),(-283.168274,518.308044,-232.983978),(-283.188965,518.23761,-232.936737),(-283.19519,518.168396,-232.894028),(-283.180725,518.069641,-232.839233),(-283.140137,517.965393,-232.788086),(-283.073395,517.855713,-232.740585),(-282.980499,
   517.740601,-232.696716),(-282.861481,517.619995,-232.656509),(-282.641815,517.449158,-232.612991),(-282.364655,517.305237,-232.600571),(-282.029968,517.188171,-232.619247),(-281.637756,517.097961,-232.669022),(-281.188019,517.034607,-232.749893),(-280.743225,517.012878,-232.854156),(-280.336884,517.044495,-232.979935),(-279.968933,517.129395,-233.127228),(-279.639374,
   517.267578,-233.296036),(-279.348267,517.459106,-233.486359),(-279.014648,517.813293,-233.784409),(-278.757751,518.268616,-234.122253),(-278.577637,518.825073,-234.499893),(-278.474274,519.482666,-234.917343),(-278.447662,520.241394,-235.374588),(-278.496094,520.98468,-235.802887),(-278.618713,521.650757,-236.165848),(-278.815491,522.239685,-236.463486),(-279.086426,
   522.751404,-236.695786),(-279.431519,523.185974,-236.862747),(-279.676544,523.408752,-236.93042),(-279.941223,523.589722,-236.968109),(-280.225555,523.728943,-236.97583),(-280.529572,523.826355,-236.953583),(-280.85321,523.882019,-236.901367),(-281.368286,523.85907,-236.75206),(-281.898529,523.684265,-236.508667),(-282.443939,523.357605,-236.171204),(-283.004517,
   522.87915,-235.739639),(-283.580261,522.248901,-235.214005),(-285.141968,522.617188,-235.021225),(-284.727356,531.442261,-240.367233),(-276.28125,530.561584,-242.069214),(-276.720581,528.416016,-240.680298),(-283.209229,529.09259,-239.372772),(-283.401642,524.901062,-236.834839)));
#449=COMPLEX_TRIANGULATED_SURFACE_SET('',#448,106,((0.220909,0.49771,0.838739)),(),((32,65,33),(31,66,32),(68,30,69),(69,30,29),(31,30,67),(30,68,67),(40,36,35),(34,41,
   35),(65,32,66),(33,42,34),(65,43,33),(31,67,66),(44,65,64),(69,29,70),(70,29,71),(28,73,72),(73,28,27),(72,71,
   29),(72,29,28),(50,62,61),(49,63,62),(60,59,57),(58,57,59),(61,60,51),(64,63,47),(60,57,52),(37,39,38),(37,36,
   39),(40,39,36),(35,41,40),(42,41,34),(1,103,102),(33,43,42),(64,45,44),(46,45,64),(64,47,46),(44,43,65),(60,52,
   51),(51,50,61),(56,55,53),(54,53,55),(56,53,52),(49,62,50),(48,63,49),(1,102,101),(2,1,99),(100,1,101),(99,1,
   100),(106,103,1),(48,47,63),(52,57,56),(103,106,104),(27,26,75),(75,26,76),(27,75,74),(25,77,26),(26,77,76),(78,25,
   24),(78,77,25),(80,79,24),(23,82,81),(81,80,23),(78,24,79),(23,80,24),(22,83,82),(83,22,21),(22,82,23),(84,21,
   20),(21,84,83),(85,20,19),(84,20,85),(18,17,86),(87,86,15),(16,86,17),(18,86,85),(19,18,85),(15,86,16),(98,97,
   4),(99,98,3),(93,92,7),(94,93,7),(97,5,4),(4,3,98),(96,95,6),(6,95,94),(94,7,6),(96,6,5),(96,5,
   97),(92,8,7),(99,3,2),(10,90,89),(9,91,90),(14,13,87),(14,87,15),(13,88,87),(89,88,12),(88,13,12),(90,10,
   9),(9,8,91),(11,10,89),(105,104,106),(11,89,12),(91,8,92),(74,73,27)),());
#450=COORDINATES_LIST('',8,((488.013428,437.091644,-387.905426),(487.782959,452.945709,-397.252563),(500.266235,451.644104,-399.768066),(500.496704,435.790039,-390.420929),(488.397766,437.447327,-388.217712),(500.10083,436.227081,-390.575989),(499.881897,451.288422,-399.45578),(488.178833,452.508698,-397.097504)));
#451=COMPLEX_TRIANGULATED_SURFACE_SET('',#450,8,((0.220909,0.49771,0.838739)),(),((1,5,2),(5,1,4),(2,8,7),(8,2,5),(6,4,7),(4,6,5),(7,3,2),(3,7,
   4)),());
#452=COORDINATES_LIST('',8,((506.738342,435.139252,-391.67868),(506.507874,450.993286,-401.025818),(518.99115,449.691681,-403.541321),(519.221619,433.837646,-394.194153),(507.122681,435.494904,-391.990967),(518.825745,434.274658,-394.349243),(518.606812,449.336029,-403.229004),(506.903748,450.556274,-400.870728)));
#453=COMPLEX_TRIANGULATED_SURFACE_SET('',#452,8,((0.220909,0.49771,0.838739)),(),((1,5,2),(5,1,4),(2,8,7),(8,2,5),(6,4,7),(4,6,5),(7,3,2),(3,7,
   4)),());
#454=COORDINATES_LIST('',8,((525.463257,433.186829,-395.451904),(525.232788,449.040894,-404.799042),(537.716064,447.739288,-407.314545),(537.946533,431.885223,-397.967407),(525.847595,433.542511,-395.764191),(537.550659,432.322266,-398.122467),(537.331726,447.383606,-407.002258),(525.628662,448.603851,-404.643982)));
#455=COMPLEX_TRIANGULATED_SURFACE_SET('',#454,8,((0.220909,0.49771,0.838739)),(),((1,5,2),(5,1,4),(2,8,7),(8,2,5),(6,4,7),(4,6,5),(7,3,2),(3,7,
   4)),());
#456=COORDINATES_LIST('',8,((544.188171,431.234436,-399.225159),(543.957703,447.08847,-408.572296),(556.440979,445.786865,-411.087799),(556.671448,429.932831,-401.740662),(544.57251,431.590088,-399.537445),(556.275574,430.369843,-401.895721),(556.056641,445.431213,-410.775513),(544.353577,446.651459,-408.417236)));
#457=COMPLEX_TRIANGULATED_SURFACE_SET('',#456,8,((0.220909,0.49771,0.838739)),(),((1,5,2),(5,1,4),(2,8,7),(8,2,5),(6,4,7),(4,6,5),(7,3,2),(3,7,
   4)),());
#458=COORDINATES_LIST('',8,((562.913086,429.282013,-402.998413),(562.682617,445.136078,-412.345551),(575.165894,443.834473,-414.861023),(575.396362,427.980408,-405.513885),(563.297424,429.637695,-403.310699),(575.000549,428.417419,-405.668976),(574.781555,443.47879,-414.548737),(563.078491,444.699036,-412.19046)));
#459=COMPLEX_TRIANGULATED_SURFACE_SET('',#458,8,((0.220909,0.49771,0.838739)),(),((1,5,2),(5,1,4),(2,8,7),(8,2,5),(6,4,7),(4,6,5),(7,3,2),(3,7,
   4)),());
#460=COORDINATES_LIST('',8,((581.638,427.32959,-406.771637),(581.407532,443.183655,-416.118774),(593.890869,441.88205,-418.634277),(594.121277,426.027985,-409.28714),(582.022339,427.685272,-407.083923),(593.725464,426.465027,-409.4422),(593.506531,441.526367,-418.321991),(581.803406,442.746643,-415.963715)));
#461=COMPLEX_TRIANGULATED_SURFACE_SET('',#460,8,((0.220909,0.49771,0.838739)),(),((1,5,2),(5,1,4),(2,8,7),(8,2,5),(6,4,7),(4,6,5),(7,3,2),(3,7,
   4)),());
#462=COORDINATES_LIST('',8,((600.362976,425.377197,-410.544891),(600.132507,441.231262,-419.892029),(612.615784,439.929657,-422.407532),(612.846252,424.075592,-413.060394),(600.747314,425.73288,-410.857178),(612.450378,424.512604,-413.215454),(612.231445,439.573975,-422.095245),(600.52832,440.79422,-419.736969)));
#463=COMPLEX_TRIANGULATED_SURFACE_SET('',#462,8,((0.220909,0.49771,0.838739)),(),((1,5,2),(5,1,4),(2,8,7),(8,2,5),(6,4,7),(4,6,5),(7,3,2),(3,7,
   4)),());
#464=COORDINATES_LIST('',8,((619.087891,423.424774,-414.318115),(618.857422,439.278839,-423.665283),(631.340698,437.977234,-426.180756),(631.571167,422.123169,-416.833618),(619.472229,423.780457,-414.630432),(631.175293,422.560211,-416.988708),(630.95636,437.621552,-425.868469),(619.253235,438.841827,-423.510193)));
#465=COMPLEX_TRIANGULATED_SURFACE_SET('',#464,8,((0.220909,0.49771,0.838739)),(),((1,5,2),(5,1,4),(2,8,7),(8,2,5),(6,4,7),(4,6,5),(7,3,2),(3,7,
   4)),());
#466=COORDINATES_LIST('',8,((637.812805,421.472382,-418.09137),(637.582336,437.326447,-427.438507),(650.065613,436.024841,-429.95401),(650.296082,420.170776,-420.606873),(638.197144,421.828064,-418.403656),(649.900208,420.607788,-420.761932),(649.681274,435.669159,-429.641724),(637.97821,436.889404,-427.283447)));
#467=COMPLEX_TRIANGULATED_SURFACE_SET('',#466,8,((0.220909,0.49771,0.838739)),(),((1,5,2),(5,1,4),(2,8,7),(8,2,5),(6,4,7),(4,6,5),(7,3,2),(3,7,
   4)),());
#468=COORDINATES_LIST('',118,((664.618164,434.388733,-432.81604),(662.154358,432.389862,-430.980957),(661.610718,433.130402,-431.277222),(661.063049,433.719391,-431.482483),(660.511414,434.15683,-431.596771),(659.955688,434.442719,-431.620056),(659.395935,434.577057,-431.552368),(659.140259,434.588684,-431.491913),(658.903748,434.568237,-431.41748),(658.686401,
   434.515717,-431.329071),(658.488159,434.431091,-431.226654),(658.309143,434.314423,-431.11026),(658.156921,434.177551,-430.988922),(658.039063,434.032318,-430.871704),(657.955566,433.878754,-430.758606),(657.906494,433.716888,-430.649628),(657.891846,433.546661,-430.544739),(657.907043,433.358276,-430.436951),(657.947144,433.173615,-430.337952),(658.012085,
   432.992737,-430.247711),(658.101929,432.815552,-430.166229),(658.216614,432.64212,-430.093536),(658.457703,432.346313,-429.981506),(658.83136,431.938507,-429.837921),(659.337463,431.418732,-429.662781),(659.976135,430.787018,-429.456146),(660.747253,430.043335,-429.217926),(661.475586,429.351624,-428.999298),(662.08075,428.770874,-428.814056),(662.562805,
   428.301117,-428.662262),(662.921692,427.942352,-428.543884),(663.15741,427.69455,-428.458954),(663.546692,427.23053,-428.286102),(663.890564,426.779114,-428.108826),(664.189026,426.340363,-427.927094),(664.4422,425.914276,-427.740906),(664.649963,425.500824,-427.550293),(664.8172,425.088409,-427.34964),(664.948792,424.665497,-427.133331),(665.044678,
   424.232056,-426.901367),(665.104919,423.788055,-426.653748),(665.129395,423.333557,-426.390503),(665.080444,422.468018,-425.864014),(664.907288,421.678741,-425.350037),(664.609924,420.965729,-424.848633),(664.188416,420.328979,-424.359741),(663.6427,419.768524,-423.883423),(662.998901,419.308502,-423.440887),(662.283142,418.973145,-423.053375),(661.495483,
   418.762421,-422.720886),(660.635925,418.676331,-422.44339),(659.704468,418.714874,-422.220947),(658.958801,418.831421,-422.093689),(658.251038,419.021545,-422.020111),(657.581116,419.285339,-422.000183),(656.949097,419.622711,-422.033936),(656.35498,420.033722,-422.121338),(655.795532,420.52182,-422.263641),(655.267639,421.090546,-422.462097),(654.771301,
   421.739899,-422.716705),(654.30658,422.469818,-423.027435),(653.873291,423.280396,-423.394318),(656.695129,424.767029,-425.019714),(657.239868,423.841156,-424.61377),(657.816162,423.105133,-424.328796),(658.42395,422.55896,-424.164764),(659.063232,422.202606,-424.121674),(659.73407,422.036102,-424.199554),(660.066895,422.021973,-424.278839),(660.378906,
   422.051178,-424.378326),(660.669983,422.123718,-424.498047),(660.940186,422.239594,-424.63797),(661.189453,422.398804,-424.798126),(661.404053,422.588562,-424.967255),(661.570068,422.796051,-425.134094),(661.687561,423.02124,-425.298676),(661.75647,423.26416,-425.460968),(661.776855,423.524811,-425.621002),(661.755249,423.779572,-425.766479),(661.697754,
   424.036469,-425.903778),(661.60437,424.295532,-426.032928),(661.475159,424.556732,-426.1539),(661.310059,424.820099,-426.266693),(661.082214,425.115356,-426.381866),(660.764648,425.472198,-426.509979),(660.357361,425.890625,-426.651001),(659.860352,426.370636,-426.804962),(659.273682,426.912262,-426.971832),(658.172668,427.949158,-427.29715),(657.238281,
   428.881622,-427.60437),(656.470581,429.709625,-427.893524),(655.869568,430.433197,-428.164581),(655.435242,431.052338,-428.417572),(655.118591,431.614868,-428.667999),(654.870605,432.16864,-428.931274),(654.691284,432.713684,-429.207489),(654.580627,433.25,-429.496582),(654.538696,433.777557,-429.798615),(654.5849,434.510406,-430.245667),(654.745667,
   435.187012,-430.689484),(655.020996,435.807312,-431.130096),(655.410889,436.371368,-431.567505),(655.915344,436.879181,-432.001678),(656.505127,437.302063,-432.40799),(657.151123,437.611481,-432.761719),(657.853271,437.807373,-433.062897),(658.611633,437.889771,-433.311523),(659.426147,437.858643,-433.507599),(659.952393,437.778442,-433.598633),(660.469971,
   437.648499,-433.657837),(660.978943,437.468781,-433.685242),(661.479309,437.239319,-433.680878),(661.971069,436.960114,-433.644684),(662.466858,436.613953,-433.569885),(662.979492,436.183746,-433.449615),(663.508911,435.669495,-433.283875),(664.055115,435.071136,-433.072693),(664.618164,434.388733,-432.81604)));
#469=COMPLEX_TRIANGULATED_SURFACE_SET('',#468,117,((0.220909,0.49771,0.838739)),(),((61,63,62),(60,63,61),(58,64,59),(59,64,63),(60,59,63),(57,64,58),(95,100,96),(95,94,
   17),(92,18,93),(94,93,18),(91,20,92),(65,57,56),(55,54,66),(66,54,67),(55,66,65),(53,52,67),(68,67,52),(53,67,
   54),(64,57,65),(90,89,24),(26,89,88),(24,89,25),(26,25,89),(91,90,22),(68,52,69),(65,56,55),(90,24,23),(97,96,
   98),(98,96,99),(17,94,18),(96,100,99),(16,15,103),(100,95,17),(19,18,92),(102,17,16),(17,101,100),(17,102,101),(16,103,
   102),(103,15,104),(14,105,104),(105,12,106),(13,105,14),(21,91,22),(20,91,21),(92,20,19),(12,105,13),(10,106,11),(107,10,
   9),(107,106,10),(106,12,11),(8,108,107),(7,108,8),(109,108,7),(8,107,9),(14,104,15),(90,23,22),(87,27,88),(69,51,
   70),(51,69,52),(70,51,71),(71,50,72),(50,71,51),(73,72,50),(73,49,74),(30,84,83),(48,76,75),(32,82,81),(75,74,
   49),(31,83,82),(50,49,73),(76,48,47),(77,76,47),(77,46,45),(45,44,78),(47,46,77),(43,78,44),(77,45,78),(35,80,
   79),(79,78,38),(40,78,41),(39,78,40),(41,78,42),(43,42,78),(81,80,33),(48,75,49),(78,39,38),(26,88,27),(86,28,
   87),(28,86,85),(27,87,28),(4,3,114),(28,85,29),(84,29,85),(6,5,110),(110,109,6),(5,111,110),(6,109,7),(4,113,
   112),(114,113,4),(111,5,112),(112,5,4),(33,32,81),(31,82,32),(35,79,36),(80,35,34),(33,80,34),(30,83,31),(84,30,
   29),(115,3,2),(114,3,115),(116,2,117),(115,2,116),(117,2,1),(36,79,37),(79,38,37)),());
#470=COORDINATES_LIST('',88,((684.718811,431.580536,-436.443787),(682.373169,429.490173,-434.585571),(681.353027,430.536865,-434.937988),(680.289063,431.37912,-435.157562),(679.181396,432.017029,-435.244354),(678.029907,432.4505,-435.198303),(676.834717,432.679626,-435.01944),(675.838623,432.71225,-434.776459),(674.910156,432.595337,-434.462555),(674.049316,
   432.328918,-434.077728),(673.256104,431.912994,-433.622009),(672.530457,431.347534,-433.095337),(671.909363,430.666687,-432.52774),(671.429688,429.904633,-431.949188),(671.09137,429.06134,-431.35968),(670.89447,428.13681,-430.759186),(670.838989,427.131073,-430.147766),(670.880554,426.415161,-429.733887),(670.98407,425.726074,-429.352234),(671.149475,
   425.063751,-429.002777),(671.376831,424.428192,-428.685547),(671.666138,423.819458,-428.400513),(672.01178,423.245972,-428.151245),(672.408203,422.716278,-427.941345),(672.855408,422.230377,-427.770782),(673.353455,421.788239,-427.639587),(673.902222,421.389893,-427.547729),(674.489136,421.043732,-427.496918),(675.101746,420.75824,-427.488861),(675.739868,
   420.533417,-427.523499),(676.403687,420.369232,-427.600922),(677.093079,420.265686,-427.721039),(677.675537,420.227112,-427.851563),(678.237122,420.235046,-428.004181),(678.77771,420.28949,-428.178864),(679.297424,420.390442,-428.375671),(679.796204,420.537872,-428.594513),(680.294128,420.743988,-428.847961),(680.811279,421.020935,-429.148499),(681.347595,
   421.368652,-429.496124),(681.903198,421.787201,-429.890839),(682.478027,422.276581,-430.332611),(684.814758,419.618866,-429.370972),(684.039185,418.956512,-428.773651),(683.280823,418.388916,-428.237122),(682.539856,417.916077,-427.761383),(681.816162,417.538025,-427.346405),(681.109863,417.2547,-426.992249),(680.389832,417.051941,-426.682312),(679.625305,
   416.915588,-426.400024),(678.816101,416.845612,-426.145386),(677.962341,416.842041,-425.918396),(677.064026,416.904816,-425.719055),(675.453674,417.180389,-425.458435),(673.961914,417.658844,-425.349457),(672.588684,418.340271,-425.39212),(671.334106,419.224579,-425.586426),(670.198059,420.311829,-425.932404),(669.226501,421.5513,-426.412018),(668.465393,
   422.892334,-427.007324),(667.914673,424.334869,-427.718292),(667.574402,425.878967,-428.544922),(667.444519,427.524567,-429.487244),(667.477539,428.574615,-430.119019),(667.607971,429.568604,-430.743225),(667.835876,430.506531,-431.359802),(668.161133,431.388367,-431.96875),(668.583801,432.214142,-432.570129),(669.097839,432.974213,-433.156525),(669.697083,
   433.658905,-433.720642),(670.381531,434.26825,-434.262512),(671.151245,434.802185,-434.782074),(672.006165,435.260773,-435.279388),(672.918518,435.628662,-435.737976),(673.860474,435.890594,-436.141479),(674.83197,436.046539,-436.489899),(675.833069,436.096497,-436.783234),(676.86377,436.040466,-437.021454),(677.746704,435.9104,-437.176819),(678.61676,
   435.705719,-437.284515),(679.473816,435.426392,-437.344513),(680.317993,435.072418,-437.356781),(681.14917,434.643829,-437.321381),(681.951782,434.14856,-437.238892),(682.710022,433.594604,-437.109863),(683.42395,432.981934,-436.934357),(684.093567,432.310577,-436.712311),(684.718811,431.580536,-436.443787)));
#471=COMPLEX_TRIANGULATED_SURFACE_SET('',#470,87,((0.220909,0.49771,0.838739)),(),((21,20,61),(59,22,60),(21,61,60),(58,23,59),(63,18,17),(18,63,62),(19,18,62),(19,62,
   61),(61,20,19),(58,57,25),(56,27,26),(27,56,28),(55,29,28),(29,55,54),(55,28,56),(21,60,22),(22,59,23),(24,58,
   25),(25,57,26),(58,24,23),(57,56,26),(63,17,64),(65,16,15),(16,65,64),(65,15,66),(17,16,64),(15,67,66),(67,14,
   68),(14,69,68),(69,13,70),(70,12,71),(67,15,14),(12,70,13),(11,10,73),(12,11,72),(12,72,71),(10,74,73),(73,72,
   11),(75,9,76),(75,74,10),(76,9,8),(75,10,9),(13,69,14),(31,54,53),(33,32,52),(52,32,53),(34,52,51),(31,53,
   32),(31,30,54),(35,34,51),(50,36,35),(33,52,34),(35,51,50),(36,49,37),(47,38,48),(48,37,49),(39,47,46),(37,48,
   38),(38,47,39),(41,45,44),(46,45,40),(46,40,39),(42,44,43),(49,36,50),(8,7,77),(82,5,83),(6,5,81),(7,6,
   79),(7,79,78),(78,77,7),(6,81,80),(80,79,6),(5,82,81),(5,4,83),(77,76,8),(4,3,85),(42,41,44),(40,45,
   41),(3,2,87),(85,84,4),(83,4,84),(3,86,85),(3,87,86),(87,2,1),(29,54,30)),());
#472=COORDINATES_LIST('',12,((687.636902,434.481842,-438.934021),(691.108826,434.119843,-439.633636),(691.209045,427.223328,-435.567627),(697.216675,426.596924,-436.778198),(697.116394,433.493439,-440.844208),(700.549316,433.135498,-441.53598),(700.814331,414.90332,-430.786774),(697.381409,415.261261,-430.095001),(697.265076,423.267578,-434.815308),(691.257446,
   423.893982,-433.604736),(691.37384,415.887665,-428.88443),(687.901917,416.249695,-428.184814)));
#473=COMPLEX_TRIANGULATED_SURFACE_SET('',#472,12,((0.220909,0.49771,0.838739)),(),((12,11,10),(3,10,9),(12,10,1),(1,3,2),(3,1,10),(8,7,9),(9,7,6),(9,4,
   3),(4,6,5),(6,4,9)),());
#474=COORDINATES_LIST('',183,((720.332031,422.722443,-440.567261),(720.812866,422.337524,-440.465485),(721.247375,421.92099,-440.332764),(721.63562,421.4729,-440.169098),(721.977539,420.993195,-439.974518),(722.273193,420.481934,-439.748993),(722.519348,419.9505,-439.498474),(722.712585,419.410339,-439.228851),(722.852966,418.86142,-438.940094),(722.940552,
   418.303802,-438.632263),(722.975281,417.737427,-438.305328),(722.953125,417.116821,-437.931213),(722.868286,416.523315,-437.556702),(722.720703,415.95697,-437.181732),(722.510437,415.417725,-436.806366),(722.237427,414.905579,-436.430573),(721.911621,414.43457,-436.065247),(721.542969,414.018677,-435.721375),(721.131409,413.657928,-435.398895),(720.677002,
   413.352295,-435.09787),(720.179749,413.101807,-434.818237),(719.631775,412.909607,-434.559875),(719.025269,412.778931,-434.322571),(718.360229,412.709778,-434.106354),(717.636597,412.702118,-433.911224),(716.854492,412.755951,-433.737183),(716.030212,412.868011,-433.586578),(715.273804,413.025238,-433.480682),(714.585327,413.227631,-433.419434),(713.964722,
   413.475189,-433.402863),(713.412048,413.767883,-433.431),(712.914001,414.10791,-433.501587),(712.457275,414.497467,-433.612457),(712.041931,414.936523,-433.763611),(711.667908,415.42511,-433.955017),(711.335205,415.963196,-434.186707),(711.053467,416.536316,-434.452576),(710.832153,417.130066,-434.746643),(710.671326,417.744415,-435.068817),(710.570923,
   418.379395,-435.419189),(710.531006,419.034943,-435.797668),(710.547058,419.593658,-436.133453),(710.611694,420.128296,-436.467743),(710.725037,420.638885,-436.800568),(710.887024,421.125397,-437.131927),(711.097656,421.58783,-437.461792),(711.358521,422.024445,-437.789612),(711.671143,422.433502,-438.114685),(712.035645,422.815002,-438.437073),(712.451965,
   423.168915,-438.756744),(712.920105,423.49527,-439.0737),(712.603882,423.864624,-439.209595),(712.320374,424.238495,-439.35675),(712.069458,424.616882,-439.515198),(711.851196,424.999786,-439.684937),(711.665649,425.387177,-439.865936),(711.512695,425.779083,-440.058228),(711.392395,426.175507,-440.26178),(711.30481,426.576416,-440.476624),(711.249817,
   426.981873,-440.702728),(711.227478,427.391815,-440.940125),(711.246643,427.949402,-441.276031),(711.32074,428.480713,-441.610809),(711.449707,428.985687,-441.944458),(711.633606,429.464355,-442.276947),(711.872437,429.916748,-442.608276),(712.160095,430.33316,-442.931122),(712.490479,430.703949,-443.23819),(712.863525,431.029144,-443.529419),(713.279358,
   431.308716,-443.80484),(713.737915,431.542694,-444.064453),(714.233826,431.726044,-444.303864),(714.761719,431.853851,-444.518738),(715.321594,431.926056,-444.709045),(715.913391,431.942719,-444.874817),(716.53717,431.903809,-445.015991),(717.16095,431.812653,-445.12619),(717.752686,431.672577,-445.198944),(718.312439,431.483612,-445.234253),(718.840149,
   431.245758,-445.232086),(719.335876,430.958984,-445.192505),(719.795654,430.627686,-445.117004),(720.215515,430.256256,-445.007141),(720.595398,429.844635,-444.862946),(720.935425,429.392853,-444.684418),(721.235474,428.900909,-444.471527),(721.488403,428.384583,-444.23175),(721.68689,427.859711,-443.972565),(721.830933,427.326263,-443.69397),(721.920654,
   426.78421,-443.395935),(721.955872,426.233612,-443.078491),(721.947327,425.858551,-442.853668),(721.910583,425.494324,-442.627869),(721.845581,425.140961,-442.401062),(721.75238,424.798462,-442.173279),(721.631042,424.466827,-441.944519),(721.470703,424.136078,-441.706024),(721.26062,423.796265,-441.449036),(721.000793,423.447388,-441.173584),(720.691284,
   423.089447,-440.879669),(720.332031,422.722443,-440.567261),(716.507568,428.582581,-443.037384),(716.177063,428.594086,-442.957184),(715.872253,428.557007,-442.854889),(715.593018,428.471344,-442.730499),(715.339478,428.337128,-442.584076),(715.111511,428.154297,-442.415558),(714.918457,427.933044,-442.233398),(714.769348,427.683411,-442.046021),(714.664368,
   427.405487,-441.853424),(714.603394,427.099182,-441.655609),(714.586426,426.764557,-441.452576),(714.614746,426.424438,-441.258209),(714.689514,426.101624,-441.086334),(714.810852,425.796112,-440.937012),(714.978638,425.507935,-440.810181),(715.192871,425.237061,-440.705872),(715.439453,424.99765,-440.628754),(715.703979,424.803833,-440.583435),(715.986572,
   424.65564,-440.569916),(716.287231,424.55307,-440.588226),(716.605896,424.496094,-440.638367),(716.937134,424.484497,-440.718719),(717.244324,424.521332,-440.821472),(717.527405,424.606598,-440.946625),(717.786438,424.740265,-441.094177),(718.021423,424.922333,-441.264099),(718.221497,425.146057,-441.449554),(718.375854,425.404602,-441.643646),(718.484558,
   425.697998,-441.846375),(718.547546,426.026245,-442.057739),(718.56488,426.389313,-442.277771),(718.537354,426.727783,-442.471344),(718.464966,427.045593,-442.6409),(718.347717,427.342773,-442.786346),(718.185547,427.619293,-442.907715),(717.978516,427.875153,-443.005005),(717.736084,428.099884,-443.074524),(717.467773,428.28302,-443.112518),(717.173584,
   428.4245,-443.118988),(716.853516,428.524353,-443.093933),(716.507568,428.582581,-443.037384),(716.730591,421.277527,-438.761292),(716.248108,421.296967,-438.645721),(715.799255,421.25116,-438.500336),(715.384094,421.140106,-438.325104),(715.002625,420.963806,-438.119995),(714.654785,420.722229,-437.88504),(714.357483,420.434265,-437.635864),(714.127563,
   420.118683,-437.388031),(713.965088,419.775482,-437.141602),(713.869995,419.404694,-436.896515),(713.842285,419.006287,-436.652802),(713.880493,418.57251,-436.405457),(713.982361,418.159027,-436.18692),(714.147766,417.765808,-435.997162),(714.37677,417.392883,-435.836182),(714.669373,417.040253,-435.703979),(715.012756,416.726624,-435.608337),(715.394348,
   416.470764,-435.556976),(715.813965,416.272644,-435.549957),(716.271729,416.132324,-435.58725),(716.767639,416.049744,-435.668854),(717.275146,416.02533,-435.788025),(717.736572,416.062683,-435.931732),(718.151855,416.161865,-436.099976),(718.521118,416.322815,-436.292755),(718.844299,416.545563,-436.51004),(719.11377,416.819824,-436.743744),(719.321838,
   417.135315,-436.985779),(719.468567,417.492004,-437.236084),(719.553955,417.889954,-437.49469),(719.577942,418.329102,-437.761627),(719.539673,418.762878,-438.008942),(719.437866,419.176361,-438.227509),(719.272461,419.56958,-438.417267),(719.043457,419.942505,-438.578247),(718.750854,420.295166,-438.710449),(718.410522,420.608459,-438.806732),(718.03833,
   420.863342,-438.859955),(717.634277,421.059814,-438.870117),(717.198364,421.197876,-438.837219),(716.730591,421.277527,-438.761292)));
#475=COMPLEX_TRIANGULATED_SURFACE_SET('',#474,180,((0.220909,0.49771,0.838739)),(),((40,39,154),(154,153,40),(41,40,153),(38,154,39),(34,155,35),(33,156,34),(36,155,37),(35,155,
   36),(38,37,154),(32,156,33),(44,43,153),(44,153,45),(152,46,45),(42,153,43),(48,47,152),(46,152,47),(49,48,151),(49,151,
   50),(51,50,150),(153,152,45),(42,41,153),(32,31,157),(30,29,159),(157,31,158),(159,158,30),(29,160,159),(157,156,32),(161,28,
   27),(26,162,27),(163,162,26),(161,160,28),(162,161,27),(28,160,29),(154,37,155),(155,34,156),(151,150,50),(152,151,48),(148,147,
   51),(149,148,51),(119,146,145),(118,147,146),(51,147,117),(150,149,51),(144,143,122),(158,31,30),(120,145,144),(112,59,58),(112,61,
   60),(59,112,60),(58,57,112),(54,113,55),(53,113,54),(56,55,112),(113,112,55),(56,112,57),(53,52,114),(61,112,62),(63,62,
   111),(111,64,63),(64,111,65),(111,66,65),(110,67,66),(110,68,67),(69,68,109),(109,70,69),(108,71,70),(71,107,72),(62,112,
   111),(114,51,115),(114,113,53),(114,52,51),(119,145,120),(120,144,121),(116,51,117),(117,147,118),(118,146,119),(51,116,115),(107,71,
   108),(108,70,109),(72,106,73),(72,107,106),(73,106,105),(68,110,109),(104,103,75),(105,104,74),(104,75,74),(75,103,102),(75,102,
   76),(105,74,73),(110,66,111),(144,122,121),(26,25,164),(165,164,25),(24,166,165),(165,25,24),(23,167,166),(168,167,22),(23,166,
   24),(21,169,168),(20,170,169),(170,18,171),(127,180,179),(124,182,181),(123,143,182),(181,180,125),(175,174,5),(1,177,176),(1,178,
   177),(175,3,176),(1,179,178),(167,23,22),(122,143,123),(169,21,20),(170,19,18),(20,19,170),(18,17,171),(172,171,16),(15,172,
   16),(172,14,13),(15,14,172),(16,171,17),(13,12,172),(6,5,174),(173,172,12),(5,4,175),(3,2,176),(175,4,3),(174,173,
   7),(173,10,9),(9,8,173),(6,174,7),(173,8,7),(10,173,11),(12,11,173),(21,168,22),(1,176,2),(123,182,124),(125,180,
   126),(126,180,127),(181,125,124),(129,128,1),(130,129,1),(84,135,134),(130,100,131),(127,1,128),(77,140,78),(76,141,77),(102,141,
   76),(77,141,140),(140,139,78),(81,137,136),(80,138,137),(79,78,139),(80,79,138),(79,139,138),(82,136,135),(134,133,86),(99,131,
   100),(98,97,131),(131,99,98),(131,97,132),(100,130,1),(96,95,132),(95,94,132),(93,92,132),(132,94,93),(96,132,97),(132,92,
   91),(85,84,134),(84,83,135),(82,81,136),(135,83,82),(80,137,81),(132,90,89),(88,133,89),(86,133,87),(88,87,133),(85,134,
   86),(132,91,90),(132,89,133),(179,1,127),(163,26,164)),());
#476=COORDINATES_LIST('',102,((730.463806,430.451691,-447.822357),(731.223511,430.33371,-447.952423),(731.942261,430.142426,-448.028198),(732.619934,429.877838,-448.049713),(733.256653,429.539948,-448.016907),(733.852356,429.128784,-447.92981),(734.402405,428.641663,-447.785614),(734.902161,428.075867,-447.581512),(735.351685,427.431396,-447.317474),(735.750916,
   426.708282,-446.99353),(736.099915,425.906525,-446.60968),(736.393433,425.006866,-446.153107),(736.626343,423.990021,-445.611084),(736.798645,422.856049,-444.983551),(736.910278,421.604919,-444.270538),(736.961365,420.236633,-443.472046),(736.949646,418.846375,-442.643982),(736.872009,417.592834,-441.879669),(736.728577,416.475922,-441.179108),(736.519226,
   415.495728,-440.542328),(736.244019,414.652191,-439.969269),(735.914185,413.921967,-439.449097),(735.541016,413.281769,-438.970917),(735.124451,412.731598,-438.534729),(734.66449,412.271393,-438.140503),(734.161194,411.901215,-437.788269),(733.607544,411.617035,-437.473816),(732.996582,411.414764,-437.192871),(732.328369,411.294495,-436.945496),(731.602905,
   411.256165,-436.731689),(730.820129,411.299774,-436.551392),(730.034668,411.420471,-436.416138),(729.301147,411.613312,-436.337372),(728.619568,411.878296,-436.315094),(727.989868,412.215424,-436.349304),(727.412109,412.624725,-436.440002),(726.883179,413.106506,-436.586578),(726.399902,413.661072,-436.788391),(725.962341,414.288452,-437.04541),(725.570435,
   414.988647,-437.357697),(725.224243,415.761627,-437.725189),(724.931091,416.632751,-438.164948),(724.698547,417.62738,-438.693909),(724.526489,418.745514,-439.312073),(724.414917,419.987152,-440.01947),(724.363953,421.352264,-440.816101),(724.397095,423.248383,-441.950043),(724.555237,424.909882,-442.977631),(724.838318,426.336731,-443.898865),(725.246338,
   427.528931,-444.713806),(725.779297,428.486481,-445.422363),(726.492065,429.295502,-446.090149),(727.316833,429.896515,-446.664063),(728.253784,430.289551,-447.144043),(729.302734,430.474609,-447.530151),(730.463806,430.451691,-447.822357),(730.589661,427.153839,-445.898529),(730.253723,427.166718,-445.817688),(729.932495,427.133728,-445.713501),(729.625916,
   427.054871,-445.585968),(729.334045,426.930176,-445.435089),(729.056824,426.759613,-445.260895),(728.80072,426.531464,-445.058044),(728.572144,426.233948,-444.821289),(728.371033,425.867065,-444.550629),(728.197388,425.430847,-444.246033),(728.05127,424.925293,-443.907562),(727.933716,424.332855,-443.525024),(727.845703,423.635986,-443.088318),(727.787231,
   422.834778,-442.597473),(727.758301,421.929138,-442.05246),(727.758972,420.919098,-441.453278),(727.810547,419.622009,-440.697144),(727.925171,418.489288,-440.055176),(728.102844,417.520966,-439.527374),(728.343567,416.71701,-439.113708),(728.647339,416.077484,-438.814209),(729.000549,415.570496,-438.606415),(729.389771,415.164246,-438.467834),(729.81488,
   414.858704,-438.398499),(730.27594,414.653931,-438.398407),(730.772888,414.549866,-438.46756),(731.251221,414.549072,-438.593079),(731.687561,414.650787,-438.768372),(732.081909,414.855042,-438.993408),(732.434204,415.161804,-439.26825),(732.744568,415.571106,-439.592865),(733.043579,416.223785,-440.058929),(733.271484,417.048523,-440.608368),(733.428406,
   418.045288,-441.24118),(733.514221,419.214081,-441.957336),(733.529053,420.554932,-442.756897),(733.478333,421.897064,-443.539978),(733.367798,423.069702,-444.206726),(733.197449,424.072906,-444.757141),(732.967163,424.906616,-445.191223),(732.677063,425.570862,-445.508972),(732.337585,426.097778,-445.732239),(731.959045,426.519531,-445.882813),(731.541565,
   426.836151,-445.960724),(731.085144,427.047577,-445.965973),(730.589661,427.153839,-445.898529)));
#477=COMPLEX_TRIANGULATED_SURFACE_SET('',#476,100,((0.220909,0.49771,0.838739)),(),((42,41,75),(41,40,75),(39,38,76),(76,40,39),(37,77,38),(73,45,44),(74,73,44),(73,72,
   45),(42,74,43),(43,74,44),(45,72,46),(37,36,77),(34,79,35),(33,79,34),(32,31,81),(33,32,80),(32,81,80),(74,42,
   75),(75,40,76),(80,79,33),(77,36,78),(79,78,35),(38,77,76),(78,36,35),(46,71,47),(71,46,72),(47,71,70),(48,70,
   69),(47,70,48),(48,69,68),(49,67,50),(49,48,68),(50,66,51),(65,52,51),(64,53,52),(49,68,67),(64,52,65),(65,51,
   66),(63,62,54),(63,54,53),(63,53,64),(54,61,55),(61,54,62),(55,61,60),(58,55,59),(1,55,58),(57,1,58),(59,55,
   60),(66,50,67),(82,81,31),(31,83,82),(83,31,30),(83,30,84),(85,84,29),(29,84,30),(85,29,28),(27,86,85),(26,87,
   86),(22,89,88),(20,90,89),(88,87,24),(27,85,28),(87,26,25),(87,25,24),(88,23,22),(88,24,23),(89,22,21),(92,91,
   17),(89,21,20),(90,20,19),(18,91,90),(17,91,18),(19,18,90),(92,17,16),(26,86,27),(99,98,5),(100,99,4),(8,97,
   96),(6,98,97),(5,98,6),(57,101,2),(2,101,3),(57,2,1),(100,3,101),(100,4,3),(99,5,4),(96,95,10),(13,94,
   14),(14,94,93),(94,13,12),(93,15,14),(93,92,15),(92,16,15),(8,7,97),(6,97,7),(10,95,11),(96,9,8),(9,96,
   10),(95,12,11),(94,12,95)),());
#478=COORDINATES_LIST('',4,((740.983765,414.15799,-440.924377),(743.381287,412.681183,-440.679504),(740.453552,407.762543,-436.989655),(738.764587,408.730133,-437.118988)));
#479=COMPLEX_TRIANGULATED_SURFACE_SET('',#478,4,((0.220909,0.49771,0.838739)),(),((4,3,1),(2,1,3)),());
#480=COORDINATES_LIST('',44,((750.989563,427.87619,-451.700165),(754.422485,427.51825,-452.391907),(754.598206,415.429535,-445.264709),(754.596069,414.343018,-444.619415),(754.55603,413.398193,-444.048218),(754.478149,412.595032,-443.551086),(754.362305,411.933533,-443.128052),(754.208618,411.413696,-442.779114),(754.011536,410.986267,-442.473541),(753.765503,
   410.601929,-442.180695),(753.47052,410.260681,-441.900482),(753.126648,409.962524,-441.632996),(752.733826,409.707458,-441.378174),(752.300537,409.503296,-441.142914),(751.835205,409.35791,-440.934082),(751.337891,409.27124,-440.751678),(750.808594,409.243347,-440.595703),(750.247253,409.27417,-440.466156),(749.095642,409.500305,-440.297028),(748.012817,
   409.931396,-440.267639),(746.998596,410.567444,-440.37796),(746.053101,411.408447,-440.627991),(745.176331,412.454437,-441.017731),(747.599976,414.536652,-442.891663),(747.922668,414.148407,-442.746277),(748.224365,413.813019,-442.626709),(748.505005,413.530457,-442.53299),(748.764648,413.300781,-442.465057),(749.003235,413.123932,-442.422974),(749.230408,
   412.986267,-442.401093),(749.455627,412.874146,-442.39389),(749.678894,412.787537,-442.401306),(749.900269,412.726471,-442.42334),(750.11969,412.690918,-442.460052),(750.326904,412.688293,-442.513092),(750.51178,412.726013,-442.584167),(750.674255,412.804047,-442.673248),(750.814331,412.922424,-442.780396),(750.931946,413.081116,-442.905548),(751.026855,
   413.305511,-443.06369),(751.098633,413.620972,-443.269775),(751.147217,414.027466,-443.523804),(751.172729,414.525055,-443.825775),(751.175049,415.113678,-444.17569)));
#481=COMPLEX_TRIANGULATED_SURFACE_SET('',#480,44,((0.220909,0.49771,0.838739)),(),((20,26,21),(22,24,23),(22,21,24),(29,20,19),(35,34,18),(18,34,33),(35,18,17),(33,32,
   18),(17,36,35),(18,32,19),(31,19,32),(28,27,20),(25,24,21),(26,25,21),(27,26,20),(37,36,17),(30,29,19),(38,37,
   16),(31,30,19),(28,20,29),(37,17,16),(39,38,15),(13,40,14),(39,15,14),(41,13,12),(10,42,11),(9,42,10),(9,7,
   42),(7,9,8),(12,11,41),(6,42,7),(39,14,40),(41,11,42),(42,6,43),(13,41,40),(43,4,44),(4,43,5),(44,4,
   3),(1,3,2),(3,1,44),(6,5,43),(15,38,16)),());
#482=COORDINATES_LIST('',4,((758.245483,427.119629,-453.162292),(761.639343,426.765747,-453.846191),(761.904358,408.5336,-443.096985),(758.510498,408.887482,-442.413086)));
#483=COMPLEX_TRIANGULATED_SURFACE_SET('',#482,4,((0.220909,0.49771,0.838739)),(),((1,4,3),(3,2,1)),());
#484=COORDINATES_LIST('',118,((774.900146,422.889862,-455.038879),(772.43634,420.890991,-453.203796),(771.8927,421.631531,-453.500061),(771.345032,422.22052,-453.705322),(770.793396,422.657959,-453.819611),(770.237671,422.943848,-453.842896),(769.677917,423.078186,-453.775177),(769.422241,423.089813,-453.714752),(769.18573,423.069366,-453.64032),(768.968384,
   423.016846,-453.55188),(768.770142,422.93222,-453.449493),(768.591125,422.815552,-453.333099),(768.438843,422.67865,-453.211761),(768.320984,422.533447,-453.094543),(768.237549,422.379883,-452.981445),(768.188477,422.217987,-452.872467),(768.173828,422.04776,-452.767578),(768.189026,421.859406,-452.65979),(768.229126,421.674744,-452.560791),(768.294067,
   421.493835,-452.470551),(768.38385,421.316681,-452.389069),(768.498596,421.14325,-452.316376),(768.739685,420.847412,-452.204346),(769.113342,420.439636,-452.06076),(769.619446,419.919861,-451.88562),(770.258118,419.288147,-451.678955),(771.029236,418.544464,-451.440765),(771.757568,417.852722,-451.222107),(772.362732,417.272003,-451.036896),(772.844727,
   416.802246,-450.885101),(773.203613,416.443451,-450.766724),(773.439392,416.195679,-450.681793),(773.828613,415.731628,-450.508942),(774.172546,415.280243,-450.331665),(774.471008,414.841492,-450.149933),(774.724182,414.415405,-449.963745),(774.931946,414.001953,-449.773132),(775.099182,413.589539,-449.572449),(775.230774,413.166626,-449.35614),(775.32666,
   412.733154,-449.124207),(775.386841,412.289185,-448.876587),(775.411377,411.834686,-448.613342),(775.362427,410.969147,-448.086823),(775.18927,410.179871,-447.572876),(774.891907,409.466858,-447.071442),(774.470398,408.830109,-446.582581),(773.924622,408.269653,-446.106262),(773.280823,407.809631,-445.663727),(772.565125,407.474274,-445.276215),(771.777466,
   407.263519,-444.943695),(770.917908,407.177429,-444.666229),(769.98645,407.216003,-444.443756),(769.240784,407.33252,-444.316528),(768.532959,407.522675,-444.24295),(767.863098,407.786438,-444.223022),(767.231079,408.12384,-444.256775),(766.636902,408.534821,-444.344177),(766.077515,409.022949,-444.486481),(765.549622,409.591675,-444.684937),(765.053284,
   410.240997,-444.939514),(764.588501,410.970947,-445.250244),(764.155273,411.781494,-445.617126),(766.977112,413.268158,-447.242554),(767.521851,412.342285,-446.836609),(768.098145,411.606262,-446.551636),(768.705933,411.060059,-446.387604),(769.345215,410.703735,-446.344513),(770.016052,410.537201,-446.422394),(770.348877,410.523102,-446.501678),(770.660828,
   410.552307,-446.601166),(770.951965,410.624847,-446.720886),(771.222107,410.740723,-446.860809),(771.471436,410.899933,-447.020966),(771.686035,411.089691,-447.190063),(771.852051,411.29715,-447.356934),(771.969543,411.522369,-447.521484),(772.038452,411.765289,-447.683807),(772.058838,412.02594,-447.843842),(772.03717,412.280701,-447.989319),(771.979736,
   412.537598,-448.126617),(771.886353,412.796661,-448.255737),(771.757141,413.057861,-448.376709),(771.592041,413.321228,-448.489532),(771.364197,413.616486,-448.604706),(771.046631,413.973328,-448.732819),(770.639343,414.391754,-448.87384),(770.142334,414.871765,-449.027802),(769.555664,415.413391,-449.194672),(768.454651,416.450287,-449.519958),(767.520264,
   417.382751,-449.827209),(766.752563,418.210754,-450.116364),(766.15155,418.934326,-450.387421),(765.717224,419.553436,-450.640411),(765.400513,420.115967,-450.890808),(765.152527,420.669769,-451.154114),(764.973267,421.214813,-451.430328),(764.86261,421.751129,-451.719421),(764.820679,422.278656,-452.021423),(764.866882,423.011536,-452.468475),(765.027649,
   423.68811,-452.912323),(765.302979,424.308441,-453.352936),(765.692871,424.872498,-453.790344),(766.197327,425.38028,-454.224518),(766.787109,425.803192,-454.630829),(767.433105,426.112579,-454.984558),(768.135254,426.308472,-455.285736),(768.893616,426.390869,-455.534363),(769.70813,426.359772,-455.730438),(770.234375,426.279572,-455.821442),(770.751953,
   426.149628,-455.880676),(771.260925,425.96991,-455.908081),(771.761292,425.740448,-455.903687),(772.253052,425.461212,-455.867523),(772.74884,425.115082,-455.792694),(773.261475,424.684875,-455.672424),(773.790894,424.170593,-455.506714),(774.337097,423.572266,-455.295532),(774.900146,422.889862,-455.038879)));
#485=COMPLEX_TRIANGULATED_SURFACE_SET('',#484,117,((0.220909,0.49771,0.838739)),(),((61,63,62),(60,63,61),(58,64,59),(59,64,63),(60,59,63),(57,64,58),(95,100,96),(95,94,
   17),(92,18,93),(94,93,18),(91,20,92),(65,57,56),(55,54,66),(66,54,67),(55,66,65),(53,52,67),(68,67,52),(53,67,
   54),(64,57,65),(90,89,24),(26,89,88),(24,89,25),(26,25,89),(91,90,22),(68,52,69),(65,56,55),(90,24,23),(97,96,
   98),(98,96,99),(17,94,18),(96,100,99),(16,15,103),(100,95,17),(19,18,92),(102,17,16),(17,101,100),(17,102,101),(16,103,
   102),(103,15,104),(14,105,104),(105,12,106),(13,105,14),(21,91,22),(20,91,21),(92,20,19),(12,105,13),(10,106,11),(107,10,
   9),(107,106,10),(106,12,11),(8,108,107),(7,108,8),(109,108,7),(8,107,9),(14,104,15),(90,23,22),(87,27,88),(69,51,
   70),(51,69,52),(70,51,71),(71,50,72),(50,71,51),(73,72,50),(73,49,74),(30,84,83),(48,76,75),(32,82,81),(75,74,
   49),(31,83,82),(50,49,73),(76,48,47),(77,76,47),(77,46,45),(45,44,78),(47,46,77),(43,78,44),(77,45,78),(35,80,
   79),(79,78,38),(40,78,41),(39,78,40),(41,78,42),(43,42,78),(81,80,33),(48,75,49),(78,39,38),(26,88,27),(86,28,
   87),(28,86,85),(27,87,28),(4,3,114),(28,85,29),(84,29,85),(6,5,110),(110,109,6),(5,111,110),(6,109,7),(4,113,
   112),(114,113,4),(111,5,112),(112,5,4),(33,32,81),(31,82,32),(35,79,36),(80,35,34),(33,80,34),(30,83,31),(84,30,
   29),(115,3,2),(114,3,115),(116,2,117),(115,2,116),(117,2,1),(36,79,37),(79,38,37)),());
#486=COORDINATES_LIST('',99,((785.739624,406.04834,-447.899994),(785.474609,424.280518,-458.6492),(788.283325,423.98764,-459.21521),(789.213562,423.877991,-459.395111),(790.037964,423.754028,-459.538727),(790.756714,423.615784,-459.645966),(791.36969,423.463226,-459.716888),(791.876892,423.296356,-459.751465),(792.493896,423.027802,-459.754608),(793.060303,
   422.704407,-459.711884),(793.57605,422.326111,-459.62323),(794.041199,421.892944,-459.488708),(794.455688,421.404877,-459.308258),(794.806885,420.877533,-459.08783),(795.082153,420.326447,-458.833313),(795.281372,419.751617,-458.544678),(795.404541,419.153076,-458.221954),(795.451782,418.530762,-457.865112),(795.439697,418.127563,-457.622681),(795.391602,
   417.742401,-457.381409),(795.307312,417.375214,-457.141357),(795.186951,417.026031,-456.902466),(795.030518,416.694885,-456.664734),(794.8349,416.378906,-456.42572),(794.597046,416.075226,-456.182861),(794.316956,415.783875,-455.936188),(793.994568,415.504822,-455.685699),(793.630005,415.238129,-455.431427),(794.255066,414.841309,-455.360596),(794.810364,
   414.421692,-455.257843),(795.295898,413.979279,-455.123199),(795.71167,413.514038,-454.956635),(796.057617,413.026031,-454.758148),(796.338562,412.513123,-454.527771),(796.559082,411.973297,-454.265503),(796.719177,411.406494,-453.971375),(796.81897,410.812775,-453.645325),(796.858398,410.192078,-453.287384),(796.835999,409.588898,-452.923553),(796.750854,
   409.016022,-452.561188),(796.602905,408.47345,-452.200256),(796.392212,407.961151,-451.840759),(796.118774,407.479156,-451.482727),(795.795654,407.038727,-451.136261),(795.435974,406.651215,-450.811554),(795.039612,406.316559,-450.508606),(794.606689,406.034821,-450.227386),(794.137146,405.805939,-449.967926),(793.610718,405.632904,-449.726563),(793.00708,
   405.518524,-449.499725),(792.326233,405.462891,-449.287384),(791.568176,405.465942,-449.089539),(790.732971,405.52771,-448.906189),(788.916931,420.59729,-457.370209),(788.972778,416.752686,-455.103516),(789.713989,416.675385,-455.252899),(790.187256,416.6474,-455.360931),(790.608398,416.667603,-455.483856),(790.977478,416.735992,-455.621613),(791.294373,
   416.852539,-455.774261),(791.559204,417.017242,-455.941742),(791.77356,417.223663,-456.120667),(791.939087,417.46521,-456.307617),(792.055786,417.741943,-456.502563),(792.123718,418.053833,-456.705536),(792.142822,418.400879,-456.916504),(792.115356,418.736969,-457.108704),(792.04303,419.047668,-457.274048),(791.925964,419.332947,-457.412476),(791.764038,
   419.592804,-457.524048),(791.557312,419.827271,-457.608734),(791.30426,420.031769,-457.663422),(791.003418,420.20163,-457.684998),(790.654785,420.336914,-457.673431),(790.258362,420.437622,-457.628784),(789.814148,420.503723,-457.551025),(789.017761,413.661133,-453.280823),(789.085693,408.984192,-450.523438),(789.94397,408.894684,-450.696381),(790.731628,
   408.834717,-450.868256),(791.409424,408.830536,-451.044281),(791.977356,408.882141,-451.224487),(792.435425,408.989502,-451.408844),(792.78363,409.152649,-451.597382),(793.046936,409.365814,-451.793213),(793.250427,409.623199,-451.999542),(793.394043,409.924835,-452.21637),(793.477844,410.270691,-452.443665),(793.50177,410.660797,-452.681427),(793.460815,
   411.119385,-452.94278),(793.351807,411.543915,-453.165985),(793.174744,411.934357,-453.351074),(792.929626,412.290771,-453.497986),(792.616455,412.613129,-453.606781),(792.222839,412.896362,-453.671204),(791.736389,413.135468,-453.684937),(791.157043,413.330414,-453.648041),(790.484924,413.481232,-453.560516),(789.71991,413.587921,-453.422333)));
#487=COMPLEX_TRIANGULATED_SURFACE_SET('',#486,99,((0.220909,0.49771,0.838739)),(),((78,53,79),(53,78,1),(77,1,78),(80,79,53),(80,53,52),(58,98,97),(77,99,55),(55,99,
   56),(1,77,2),(57,56,99),(57,99,98),(98,58,57),(2,77,55),(81,52,82),(82,52,51),(83,50,84),(50,83,51),(51,83,
   82),(59,97,60),(59,58,97),(60,97,96),(61,96,95),(60,96,61),(95,28,61),(94,28,95),(80,52,81),(76,75,5),(54,76,
   4),(73,72,7),(74,73,6),(75,74,6),(54,4,3),(3,2,54),(75,6,5),(5,4,76),(73,7,6),(72,8,7),(2,55,
   54),(28,62,61),(28,63,62),(28,65,64),(66,65,26),(64,63,28),(9,70,10),(71,70,9),(11,69,68),(8,71,9),(13,68,
   67),(69,10,70),(71,8,72),(67,66,21),(86,85,47),(85,84,49),(87,86,46),(48,85,49),(88,87,44),(30,92,91),(29,93,
   92),(41,89,88),(89,34,90),(31,91,90),(47,85,48),(84,50,49),(87,46,45),(87,45,44),(43,42,88),(43,88,44),(42,41,
   88),(38,37,89),(40,39,89),(41,40,89),(89,37,36),(35,89,36),(89,39,38),(46,86,47),(34,89,35),(29,92,30),(26,65,
   27),(66,26,25),(28,93,29),(25,24,66),(12,11,68),(10,69,11),(14,13,67),(12,68,13),(67,15,14),(66,24,23),(28,27,
   65),(22,21,66),(90,33,32),(32,31,90),(30,91,31),(16,15,67),(18,67,21),(17,16,67),(19,18,21),(18,17,67),(21,20,
   19),(23,22,66),(34,33,90),(28,94,93)),());
#488=COORDINATES_LIST('',74,((809.317139,415.937378,-459.978058),(805.962219,416.287201,-459.302032),(806.069214,417.397614,-459.989105),(806.299316,418.395447,-460.641846),(806.652588,419.280701,-461.260193),(807.129028,420.053406,-461.844208),(807.728577,420.713501,-462.39386),(808.429749,421.245911,-462.89444),(809.210938,421.635406,-463.331329),(810.072083,
   421.881989,-463.704468),(811.013184,421.985718,-464.013855),(812.034241,421.946503,-464.259552),(812.674438,421.852051,-464.372101),(813.28418,421.705383,-464.445679),(813.863586,421.506439,-464.480225),(814.412537,421.25528,-464.475769),(814.931091,420.951904,-464.432312),(815.414551,420.599152,-464.350311),(815.858154,420.19989,-464.230225),(816.261963,
   419.75412,-464.072052),(816.625916,419.261841,-463.875793),(816.950012,418.723053,-463.641449),(817.224548,418.16333,-463.381622),(817.43988,417.608215,-463.108917),(817.595886,417.057678,-462.823334),(817.692627,416.511749,-462.524841),(817.730103,415.970398,-462.213501),(817.703796,415.314636,-461.817413),(817.605957,414.647308,-461.39566),(817.436707,
   413.968414,-460.948242),(817.195862,413.278015,-460.475128),(816.883545,412.57608,-459.976318),(816.475037,411.846161,-459.435608),(815.945679,411.071869,-458.8367),(815.29541,410.253174,-458.179626),(814.524231,409.390137,-457.464355),(813.632202,408.482666,-456.690948),(811.634766,406.553894,-455.020294),(818.032471,405.88681,-456.309509),(818.079163,
   402.676361,-454.416718),(805.673889,403.969849,-451.916931),(805.649658,405.634521,-452.898376),(811.105591,410.804016,-457.402985),(811.850891,411.517822,-458.022827),(812.487854,412.179596,-458.583282),(813.016479,412.789307,-459.084351),(813.43689,413.347046,-459.526001),(813.748901,413.852722,-459.908264),(813.980469,414.324066,-460.248962),(814.159241,
   414.778717,-460.565857),(814.285278,415.216736,-460.858978),(814.358643,415.638092,-461.128296),(814.379272,416.042786,-461.373871),(814.345154,416.457916,-461.611237),(814.255371,416.847198,-461.818604),(814.109863,417.210632,-461.995941),(813.90863,417.548187,-462.14325),(813.651733,417.859924,-462.260559),(813.351685,418.133423,-462.343842),(813.021301,
   418.356232,-462.389038),(812.6604,418.528412,-462.396149),(812.269165,418.649963,-462.365234),(811.847412,418.720825,-462.296204),(811.425842,418.732361,-462.191986),(811.03479,418.675751,-462.05542),(810.674377,418.551086,-461.886505),(810.344543,418.358307,-461.685242),(810.045288,418.097443,-461.45163),(809.789001,417.775116,-461.192871),(809.588013,
   417.397949,-460.916138),(809.442383,416.965942,-460.621399),(809.352112,416.479095,-460.308716),(809.317139,415.937378,-459.978058),(814.833618,406.220337,-455.664917)));
#489=COMPLEX_TRIANGULATED_SURFACE_SET('',#488,73,((0.220909,0.49771,0.838739)),(),((38,40,74),(2,1,3),(42,41,38),(39,74,40),(4,3,72),(5,72,71),(4,72,5),(3,1,
   72),(70,6,71),(44,43,37),(37,45,44),(45,36,46),(7,70,69),(35,47,46),(8,69,68),(43,38,37),(43,42,38),(41,40,
   38),(9,68,67),(5,71,6),(70,7,6),(66,10,67),(10,66,65),(69,8,7),(8,68,9),(10,9,67),(65,11,10),(65,64,
   11),(14,60,15),(61,60,14),(12,11,63),(12,63,62),(61,13,62),(13,61,14),(62,13,12),(60,59,15),(63,11,64),(36,35,
   46),(35,48,47),(49,48,34),(33,50,49),(31,52,51),(29,53,52),(51,50,32),(34,48,35),(32,50,33),(30,52,31),(29,28,
   53),(52,30,29),(51,32,31),(33,49,34),(53,28,27),(57,56,18),(20,56,55),(18,56,19),(16,59,58),(59,16,15),(58,17,
   16),(58,57,17),(57,18,17),(55,54,22),(24,54,25),(26,25,54),(23,54,24),(56,20,19),(21,20,55),(22,21,55),(22,54,
   23),(54,53,26),(53,27,26),(45,37,36)),());
#490=COORDINATES_LIST('',129,((823.65332,415.788147,-463.665405),(820.376465,416.129791,-463.005066),(820.496216,416.892975,-463.489502),(820.691833,417.584961,-463.95163),(820.963257,418.205688,-464.391449),(821.310486,418.755188,-464.80899),(821.733582,419.233459,-465.204224),(822.412781,419.775269,-465.704651),(823.159546,420.173889,-466.137848),(823.973816,
   420.429321,-466.503906),(824.855591,420.541595,-466.802765),(825.804871,420.510681,-467.034454),(826.66626,420.363861,-467.174225),(827.471619,420.108948,-467.235046),(828.220825,419.74588,-467.216949),(828.914001,419.274689,-467.119904),(829.551086,418.695374,-466.943939),(830.100403,418.047638,-466.704224),(830.53009,417.371216,-466.416016),(830.840271,
   416.666077,-466.079285),(831.030884,415.932281,-465.694061),(831.10199,415.169769,-465.260315),(831.082458,414.690582,-464.970795),(831.009583,414.235931,-464.681824),(830.883423,413.805847,-464.393402),(830.703918,413.40033,-464.105469),(830.471069,413.019348,-463.818085),(830.187927,412.667389,-463.534637),(829.857605,412.348816,-463.258575),(829.47998,
   412.06366,-462.989929),(829.055176,411.811951,-462.728668),(828.583191,411.593628,-462.474792),(829.212891,411.307129,-462.470642),(829.785767,410.964844,-462.418427),(830.301819,410.566742,-462.318115),(830.761047,410.112793,-462.169678),(831.163391,409.603088,-461.973206),(831.500916,409.052612,-461.735443),(831.765625,408.476501,-461.463287),(831.957458,
   407.874756,-461.156738),(832.076416,407.247345,-460.815765),(832.122498,406.594299,-460.440399),(832.065369,405.648865,-459.864319),(831.865356,404.778503,-459.295166),(831.522461,403.983185,-458.73288),(831.036682,403.262909,-458.177551),(830.40802,402.617676,-457.629089),(829.667175,402.082306,-457.116272),(828.844727,401.691589,-456.667786),(827.940796,
   401.445496,-456.283661),(826.9552,401.344055,-455.963898),(825.888123,401.387238,-455.708466),(824.893982,401.555023,-455.546204),(823.971313,401.843536,-455.474396),(823.120117,402.252869,-455.493103),(822.340393,402.782928,-455.602295),(821.632141,403.433777,-455.801971),(821.019043,404.185547,-456.086578),(820.524719,405.01828,-456.450531),(820.149231,
   405.932037,-456.89386),(819.892456,406.926819,-457.416534),(819.754517,408.002625,-458.018585),(823.148438,407.648743,-458.702484),(823.256897,407.097626,-458.404022),(823.40979,406.60202,-458.150208),(823.607056,406.161957,-457.94101),(823.848694,405.777435,-457.776489),(824.134705,405.448425,-457.656586),(824.457336,405.172577,-457.57785),(824.808838,
   404.947571,-457.536896),(825.189209,404.773346,-457.533722),(825.598389,404.649933,-457.568268),(826.036499,404.577362,-457.640564),(826.502625,404.559631,-457.752808),(826.933472,404.6073,-457.894592),(827.329163,404.720398,-458.065918),(827.689575,404.898895,-458.266754),(828.014771,405.142792,-458.497162),(828.290955,405.437714,-458.744904),(828.504272,
   405.769287,-458.997833),(828.654724,406.137482,-459.255951),(828.74231,406.542297,-459.519226),(828.767029,406.983734,-459.78772),(828.717957,407.464569,-460.06012),(828.585083,407.924011,-460.29776),(828.368408,408.362152,-460.500671),(828.067871,408.778961,-460.668854),(827.683533,409.174408,-460.802277),(827.218689,409.530762,-460.891327),(826.676819,
   409.830261,-460.926331),(826.057861,410.072876,-460.907288),(825.361877,410.258636,-460.834198),(824.588745,410.387543,-460.707031),(824.545532,413.360168,-462.459625),(825.018555,413.351227,-462.578888),(825.439758,413.365082,-462.69809),(825.809265,413.401733,-462.817139),(826.127014,413.461212,-462.936127),(826.393066,413.543488,-463.055023),(826.622131,
   413.646271,-463.176331),(826.829163,413.767151,-463.302582),(827.014099,413.906158,-463.433807),(827.177002,414.063293,-463.569946),(827.317749,414.238586,-463.711029),(827.434204,414.428284,-463.854279),(827.523987,414.628662,-463.996826),(827.587158,414.839752,-464.138733),(827.623657,415.061523,-464.279938),(827.633484,415.293976,-464.420471),(827.609009,
   415.586212,-464.587433),(827.54425,415.860504,-464.733154),(827.43927,416.116821,-464.857574),(827.294006,416.355164,-464.960754),(827.108521,416.575531,-465.042694),(826.890686,416.769226,-465.10025),(826.648438,416.92746,-465.130341),(826.381775,417.050232,-465.132965),(826.090759,417.137573,-465.108124),(825.775269,417.189453,-465.055817),(825.484497,
   417.201569,-464.98645),(825.2052,417.176086,-464.897766),(824.937378,417.112976,-464.789764),(824.680969,417.012299,-464.662476),(824.436035,416.873993,-464.5159),(824.213318,416.704865,-464.356903),(824.023743,416.511719,-464.192352),(823.867188,416.294556,-464.022247),(823.743713,416.053375,-463.846588),(823.65332,415.788147,-463.665405)));
#491=COMPLEX_TRIANGULATED_SURFACE_SET('',#490,128,((0.220909,0.49771,0.838739)),(),((57,65,58),(58,64,59),(66,57,56),(55,54,68),(69,68,54),(54,70,69),(56,55,67),(67,55,
   68),(61,60,63),(63,62,61),(60,64,63),(65,57,66),(64,60,59),(64,58,65),(56,67,66),(53,52,72),(72,71,53),(52,73,
   72),(53,71,70),(52,74,73),(74,52,51),(75,74,51),(95,93,92),(95,94,93),(97,92,91),(92,96,95),(97,96,92),(91,90,
   98),(100,90,32),(70,54,53),(2,1,3),(128,6,1),(1,4,3),(7,128,127),(9,126,125),(8,127,126),(9,125,124),(5,1,
   6),(7,6,128),(5,4,1),(126,9,8),(8,7,127),(9,124,10),(123,122,10),(10,124,123),(98,97,91),(98,90,99),(32,101,
   100),(13,116,14),(99,90,100),(121,120,11),(12,120,119),(120,12,11),(121,11,122),(118,117,13),(13,12,118),(117,116,13),(118,12,
   119),(116,115,14),(122,11,10),(75,51,50),(76,50,77),(50,76,75),(49,78,77),(77,50,49),(80,79,48),(78,48,79),(47,81,
   80),(81,46,82),(87,86,33),(32,89,88),(88,87,32),(43,83,82),(85,84,36),(83,39,84),(86,85,34),(48,78,49),(32,90,
   89),(46,81,47),(45,82,46),(82,45,44),(43,42,83),(83,42,41),(82,44,43),(40,83,41),(35,85,36),(34,85,35),(33,86,
   34),(38,84,39),(84,38,37),(36,84,37),(83,40,39),(47,80,48),(33,32,87),(103,102,32),(105,104,32),(103,32,104),(107,106,
   31),(105,31,106),(29,108,107),(108,28,109),(101,32,102),(15,114,113),(114,14,115),(15,14,114),(15,113,16),(18,111,110),(113,112,
   16),(111,17,112),(20,110,109),(31,105,32),(107,30,29),(28,108,29),(109,28,27),(25,109,26),(109,25,24),(109,27,26),(23,109,
   24),(18,110,19),(17,111,18),(16,112,17),(21,109,22),(109,21,20),(19,110,20),(109,23,22),(107,31,30)),());
#492=COORDINATES_LIST('',6,((836.890137,418.919525,-469.009918),(842.000488,418.386658,-470.039703),(842.265503,400.15451,-459.290466),(838.871582,400.508392,-458.606567),(838.653809,415.490479,-467.439636),(834.986877,415.872803,-466.700684)));
#493=COMPLEX_TRIANGULATED_SURFACE_SET('',#492,6,((0.220909,0.49771,0.838739)),(),((1,6,5),(5,3,2),(3,5,4),(5,2,1)),());
#494=COORDINATES_LIST('',85,((854.009277,417.569855,-472.717896),(856.917358,415.802368,-472.434998),(853.886414,409.944672,-468.160736),(854.76593,409.786499,-468.298523),(855.594238,409.500671,-468.347076),(856.371521,409.087189,-468.306427),(857.097656,408.546082,-468.176575),(857.772644,407.877319,-467.95752),(858.358582,407.11972,-467.662262),(858.817444,
   406.312012,-467.303864),(859.149353,405.454254,-466.882263),(859.354187,404.546417,-466.397491),(859.432007,403.588501,-465.849548),(859.379883,402.672638,-465.292358),(859.195801,401.827484,-464.742371),(858.879883,401.053101,-464.199646),(858.432068,400.349457,-463.664154),(857.852295,399.716553,-463.135895),(857.179138,399.188354,-462.645142),(856.450928,
   398.798889,-462.22226),(855.667786,398.548126,-461.867157),(854.829651,398.436066,-461.579895),(853.936462,398.462708,-461.360474),(852.986755,398.630585,-461.209961),(852.103699,398.92923,-461.154602),(851.287231,399.358673,-461.194397),(850.537476,399.918884,-461.329346),(849.85437,400.609833,-461.559448),(849.26825,401.379364,-461.861694),(848.809509,
   402.17514,-462.213104),(848.478149,402.997253,-462.613678),(848.27417,403.845642,-463.063385),(848.197632,404.720306,-463.562256),(848.202087,405.05307,-463.760895),(848.225342,405.385437,-463.964233),(848.267212,405.717468,-464.172302),(848.327881,406.049103,-464.385071),(848.407166,406.380402,-464.602539),(848.523376,406.745819,-464.850006),(848.694702,
   407.179901,-465.15271),(848.921082,407.682648,-465.510681),(849.202576,408.254059,-465.923889),(849.539185,408.894104,-466.392334),(853.739197,406.675293,-466.181915),(853.362732,406.686859,-466.0896),(853.013672,406.640137,-465.96994),(852.691895,406.535187,-465.822906),(852.397461,406.371979,-465.648499),(852.130371,406.150482,-465.446747),(851.902893,
   405.882141,-465.2276),(851.727356,405.578308,-465.001068),(851.60376,405.238983,-464.767151),(851.532043,404.864166,-464.525848),(851.512329,404.453857,-464.277161),(851.545471,404.05069,-464.046661),(851.632813,403.665619,-463.841156),(851.774475,403.298615,-463.660706),(851.970459,402.949707,-463.50528),(852.220642,402.618896,-463.374847),(852.506104,
   402.325562,-463.27597),(852.807922,402.089081,-463.215149),(853.126038,401.909485,-463.192352),(853.460449,401.786774,-463.207611),(853.811218,401.720917,-463.260925),(854.175171,401.711456,-463.351166),(854.518005,401.7612,-463.470978),(854.839661,401.870117,-463.620331),(855.140259,402.038239,-463.799286),(855.419739,402.265533,-464.007782),(855.661194,
   402.539551,-464.233948),(855.847534,402.847809,-464.465973),(855.978882,403.190277,-464.703796),(856.055237,403.566986,-464.947418),(856.076538,403.977936,-465.196899),(856.044006,404.393707,-465.435028),(855.958862,404.784882,-465.644745),(855.821106,405.151459,-465.825989),(855.630676,405.493439,-465.97879),(855.387695,405.810852,-466.103119),(855.106323,
   406.089508,-466.194366),(854.800781,406.315308,-466.247864),(854.471069,406.48819,-466.263641),(854.117188,406.608185,-466.241638),(853.739197,406.675293,-466.181915),(855.401855,412.873535,-470.297852)));
#495=COMPLEX_TRIANGULATED_SURFACE_SET('',#494,84,((0.220909,0.49771,0.838739)),(),((55,30,29),(57,56,28),(29,28,56),(27,57,28),(54,33,32),(30,55,31),(55,29,56),(32,31,
   54),(55,54,31),(27,26,58),(61,25,24),(63,62,24),(23,64,63),(63,24,23),(61,24,62),(57,27,58),(59,26,60),(61,60,
   25),(26,59,58),(25,60,26),(36,35,54),(36,54,37),(39,38,54),(54,38,37),(40,39,53),(53,41,40),(41,52,42),(42,51,
   43),(35,34,54),(54,53,39),(51,50,43),(52,51,42),(53,52,41),(43,48,3),(49,48,43),(3,46,45),(3,47,46),(3,48,
   47),(50,49,43),(34,33,54),(3,45,44),(3,85,1),(65,23,22),(67,66,22),(22,66,65),(67,22,21),(68,67,21),(20,70,
   69),(19,71,70),(69,68,20),(21,20,68),(19,18,71),(72,18,17),(18,72,71),(17,16,73),(72,17,73),(74,73,15),(14,13,
   74),(14,74,15),(16,15,73),(74,13,12),(19,70,20),(82,81,4),(5,79,6),(80,79,5),(81,80,5),(3,83,4),(3,44,
   83),(2,1,85),(4,83,82),(81,5,4),(3,1,43),(79,78,6),(8,77,76),(74,11,75),(11,74,12),(76,75,9),(11,10,
   75),(78,7,6),(76,9,8),(8,7,77),(9,75,10),(78,77,7),(64,23,65)),());
#304=TESSELLATED_GEOMETRIC_SET('note',(#308,#310,#312,#314,#316,#318,#320,#322,#324,#326,#328,#330,#332,#334,#336,#338,#340,#342,#344,#346,#348,#350,#352,#354,#356,#358,
#360,#362,#364,#366,#368,#370,#372,#374,#376,#378,#380,#382,#384,#386,#388,#390,#392,#394,#397,#399,#401,#403,#405,#407,#409,
#411,#413,#415,#417,#419,#421,#423,#425,#427,#429,#431,#433,#435,#437,#439,#441,#443,#445,#447,#449,#451,#453,#455,#457,#459,
#461,#463,#465,#467,#469,#471,#473,#475,#477,#479,#481,#483,#485,#487,#489,#491,#493,#495));
#303=TESSELLATED_ANNOTATION_OCCURRENCE('\X2\8A737D30FF71FF72FF83FF91\X0\1',(#307),#304);
#496=DRAUGHTING_CALLOUT('\X2\8A737D30FF71FF72FF83FF91\X0\1',(#303));
#498=CARTESIAN_POINT('',(0.,0.,0.));
#499=DIRECTION('',(0.,0.,1.));
#500=DIRECTION('',(1.,0.,0.));
#501=AXIS2_PLACEMENT_3D('',#498,#499,#500);
#502=PLANE('',#501);
#497=ANNOTATION_PLANE('\X2\672A63075B9AFF71FF72FF83FF91\X0\',(#128),#502,(#496));
#504=CARTESIAN_POINT('',(17.5,19.,0.));
#505=DIRECTION('',(0.,-1.,0.));
#506=DIRECTION('',(0.,0.,-1.));
#507=AXIS2_PLACEMENT_3D('',#504,#505,#506);
#508=PLANE('',#507);
#509=CARTESIAN_POINT('',(-0.,19.,17.5));
#510=VERTEX_POINT('',#509);
#511=CARTESIAN_POINT('',(0.,19.,0.));
#512=DIRECTION('',(0.,1.,0.));
#513=DIRECTION('',(0.,-0.,1.));
#514=AXIS2_PLACEMENT_3D('',#511,#512,#513);
#515=CIRCLE('',#514,17.5);
#516=EDGE_CURVE('',#510,#510,#515,.T.);
#517=ORIENTED_EDGE('',*,*,#516,.F.);
#518=EDGE_LOOP('',(#517));
#519=FACE_BOUND('',#518,.T.);
#520=CARTESIAN_POINT('',(-0.,19.,30.));
#521=VERTEX_POINT('',#520);
#522=CARTESIAN_POINT('',(0.,19.,0.));
#523=DIRECTION('',(0.,1.,0.));
#524=DIRECTION('',(0.,-0.,1.));
#525=AXIS2_PLACEMENT_3D('',#522,#523,#524);
#526=CIRCLE('',#525,30.);
#527=EDGE_CURVE('',#521,#521,#526,.T.);
#528=ORIENTED_EDGE('',*,*,#527,.T.);
#529=EDGE_LOOP('',(#528));
#530=FACE_BOUND('',#529,.T.);
#531=ADVANCED_FACE('',(#519,#530),#508,.F.);
#532=CARTESIAN_POINT('',(0.,31.046567455,0.));
#533=DIRECTION('',(0.,1.,0.));
#534=DIRECTION('',(0.,-0.,1.));
#535=AXIS2_PLACEMENT_3D('',#532,#533,#534);
#536=CYLINDRICAL_SURFACE('',#535,24.5);
#537=CARTESIAN_POINT('',(-0.,-6.5,24.5));
#538=VERTEX_POINT('',#537);
#539=CARTESIAN_POINT('',(-0.,-19.,24.5));
#540=VERTEX_POINT('',#539);
#541=CARTESIAN_POINT('',(0.,-6.5,24.5));
#542=DIRECTION('',(-0.,-1.,-0.));
#543=VECTOR('',#542,12.5);
#544=LINE('',#541,#543);
#545=EDGE_CURVE('',#538,#540,#544,.T.);
#546=ORIENTED_EDGE('',*,*,#545,.F.);
#547=CARTESIAN_POINT('',(0.,-6.5,0.));
#548=DIRECTION('',(0.,1.,0.));
#549=DIRECTION('',(0.,-0.,1.));
#550=AXIS2_PLACEMENT_3D('',#547,#548,#549);
#551=CIRCLE('',#550,24.5);
#552=EDGE_CURVE('',#538,#538,#551,.T.);
#553=ORIENTED_EDGE('',*,*,#552,.T.);
#554=ORIENTED_EDGE('',*,*,#545,.T.);
#555=CARTESIAN_POINT('',(0.,-19.,0.));
#556=DIRECTION('',(0.,1.,0.));
#557=DIRECTION('',(0.,-0.,1.));
#558=AXIS2_PLACEMENT_3D('',#555,#556,#557);
#559=CIRCLE('',#558,24.5);
#560=EDGE_CURVE('',#540,#540,#559,.T.);
#561=ORIENTED_EDGE('',*,*,#560,.F.);
#562=EDGE_LOOP('',(#546,#553,#554,#561));
#563=FACE_BOUND('',#562,.T.);
#564=ADVANCED_FACE('',(#563),#536,.F.);
#565=CARTESIAN_POINT('',(24.5,-6.5,0.));
#566=DIRECTION('',(0.,1.,0.));
#567=DIRECTION('',(0.,0.,1.));
#568=AXIS2_PLACEMENT_3D('',#565,#566,#567);
#569=PLANE('',#568);
#570=ORIENTED_EDGE('',*,*,#552,.F.);
#571=EDGE_LOOP('',(#570));
#572=FACE_BOUND('',#571,.T.);
#573=CARTESIAN_POINT('',(-0.,-6.5,13.5));
#574=VERTEX_POINT('',#573);
#575=CARTESIAN_POINT('',(0.,-6.5,0.));
#576=DIRECTION('',(0.,1.,0.));
#577=DIRECTION('',(0.,-0.,1.));
#578=AXIS2_PLACEMENT_3D('',#575,#576,#577);
#579=CIRCLE('',#578,13.5);
#580=EDGE_CURVE('',#574,#574,#579,.T.);
#581=ORIENTED_EDGE('',*,*,#580,.T.);
#582=EDGE_LOOP('',(#581));
#583=FACE_BOUND('',#582,.T.);
#584=ADVANCED_FACE('',(#572,#583),#569,.F.);
#585=CARTESIAN_POINT('',(0.,31.046567455,0.));
#586=DIRECTION('',(0.,1.,0.));
#587=DIRECTION('',(0.,-0.,1.));
#588=AXIS2_PLACEMENT_3D('',#585,#586,#587);
#589=CYLINDRICAL_SURFACE('',#588,13.5);
#590=CARTESIAN_POINT('',(-0.,6.5,13.5));
#591=VERTEX_POINT('',#590);
#592=CARTESIAN_POINT('',(0.,6.5,13.5));
#593=DIRECTION('',(-0.,-1.,-0.));
#594=VECTOR('',#593,13.);
#595=LINE('',#592,#594);
#596=EDGE_CURVE('',#591,#574,#595,.T.);
#597=ORIENTED_EDGE('',*,*,#596,.F.);
#598=CARTESIAN_POINT('',(0.,6.5,0.));
#599=DIRECTION('',(0.,1.,0.));
#600=DIRECTION('',(0.,-0.,1.));
#601=AXIS2_PLACEMENT_3D('',#598,#599,#600);
#602=CIRCLE('',#601,13.5);
#603=EDGE_CURVE('',#591,#591,#602,.T.);
#604=ORIENTED_EDGE('',*,*,#603,.T.);
#605=ORIENTED_EDGE('',*,*,#596,.T.);
#606=ORIENTED_EDGE('',*,*,#580,.F.);
#607=EDGE_LOOP('',(#597,#604,#605,#606));
#608=FACE_BOUND('',#607,.T.);
#609=ADVANCED_FACE('',(#608),#589,.F.);
#610=CARTESIAN_POINT('',(0.,31.046567455,0.));
#611=DIRECTION('',(0.,1.,0.));
#612=DIRECTION('',(0.,-0.,1.));
#613=AXIS2_PLACEMENT_3D('',#610,#611,#612);
#614=CYLINDRICAL_SURFACE('',#613,30.);
#615=CARTESIAN_POINT('',(-0.,-19.,30.));
#616=VERTEX_POINT('',#615);
#617=CARTESIAN_POINT('',(0.,19.,30.));
#618=DIRECTION('',(-0.,-1.,-0.));
#619=VECTOR('',#618,38.);
#620=LINE('',#617,#619);
#621=EDGE_CURVE('',#521,#616,#620,.T.);
#622=ORIENTED_EDGE('',*,*,#621,.T.);
#623=CARTESIAN_POINT('',(0.,-19.,0.));
#624=DIRECTION('',(0.,1.,0.));
#625=DIRECTION('',(0.,-0.,1.));
#626=AXIS2_PLACEMENT_3D('',#623,#624,#625);
#627=CIRCLE('',#626,30.);
#628=EDGE_CURVE('',#616,#616,#627,.T.);
#629=ORIENTED_EDGE('',*,*,#628,.T.);
#630=ORIENTED_EDGE('',*,*,#621,.F.);
#631=ORIENTED_EDGE('',*,*,#527,.F.);
#632=EDGE_LOOP('',(#622,#629,#630,#631));
#633=FACE_BOUND('',#632,.T.);
#634=ADVANCED_FACE('',(#633),#614,.T.);
#635=CARTESIAN_POINT('',(0.,31.046567455,0.));
#636=DIRECTION('',(0.,1.,0.));
#637=DIRECTION('',(0.,-0.,1.));
#638=AXIS2_PLACEMENT_3D('',#635,#636,#637);
#639=CYLINDRICAL_SURFACE('',#638,17.5);
#640=CARTESIAN_POINT('',(-0.,6.5,17.5));
#641=VERTEX_POINT('',#640);
#642=CARTESIAN_POINT('',(0.,19.,17.5));
#643=DIRECTION('',(-0.,-1.,-0.));
#644=VECTOR('',#643,12.5);
#645=LINE('',#642,#644);
#646=EDGE_CURVE('',#510,#641,#645,.T.);
#647=ORIENTED_EDGE('',*,*,#646,.F.);
#648=ORIENTED_EDGE('',*,*,#516,.T.);
#649=ORIENTED_EDGE('',*,*,#646,.T.);
#650=CARTESIAN_POINT('',(0.,6.5,0.));
#651=DIRECTION('',(0.,1.,0.));
#652=DIRECTION('',(0.,-0.,1.));
#653=AXIS2_PLACEMENT_3D('',#650,#651,#652);
#654=CIRCLE('',#653,17.5);
#655=EDGE_CURVE('',#641,#641,#654,.T.);
#656=ORIENTED_EDGE('',*,*,#655,.F.);
#657=EDGE_LOOP('',(#647,#648,#649,#656));
#658=FACE_BOUND('',#657,.T.);
#659=ADVANCED_FACE('',(#658),#639,.F.);
#660=CARTESIAN_POINT('',(13.5,6.5,0.));
#661=DIRECTION('',(0.,-1.,0.));
#662=DIRECTION('',(0.,0.,-1.));
#663=AXIS2_PLACEMENT_3D('',#660,#661,#662);
#664=PLANE('',#663);
#665=ORIENTED_EDGE('',*,*,#603,.F.);
#666=EDGE_LOOP('',(#665));
#667=FACE_BOUND('',#666,.T.);
#668=ORIENTED_EDGE('',*,*,#655,.T.);
#669=EDGE_LOOP('',(#668));
#670=FACE_BOUND('',#669,.T.);
#671=ADVANCED_FACE('',(#667,#670),#664,.F.);
#672=CARTESIAN_POINT('',(24.5,-19.,0.));
#673=DIRECTION('',(0.,1.,0.));
#674=DIRECTION('',(0.,0.,1.));
#675=AXIS2_PLACEMENT_3D('',#672,#673,#674);
#676=PLANE('',#675);
#677=ORIENTED_EDGE('',*,*,#628,.F.);
#678=EDGE_LOOP('',(#677));
#679=FACE_BOUND('',#678,.T.);
#680=ORIENTED_EDGE('',*,*,#560,.T.);
#681=EDGE_LOOP('',(#680));
#682=FACE_BOUND('',#681,.T.);
#683=ADVANCED_FACE('',(#679,#682),#676,.F.);
#684=CLOSED_SHELL('',(#531,#564,#584,#609,#634,#659,#671,#683));
#685=MANIFOLD_SOLID_BREP('\X2\56DE8EE2\X0\1',#684);
#686=COLOUR_RGB('',0.039215688,0.490196079,0.709803939);
#687=FILL_AREA_STYLE_COLOUR('',#686);
#688=FILL_AREA_STYLE('',(#687));
#689=SURFACE_STYLE_FILL_AREA(#688);
#690=SURFACE_SIDE_STYLE('',(#689));
#691=SURFACE_STYLE_USAGE(.BOTH.,#690);
#692=PRESENTATION_STYLE_ASSIGNMENT((#691));
#503=STYLED_ITEM('',(#692),#685);
#16=SHAPE_REPRESENTATION('\X2\FF83FF9EFF8CFF6BFF99FF84\X0\',(#15),#10);
#17=ADVANCED_BREP_SHAPE_REPRESENTATION('\X2\FF83FF9EFF8CFF6BFF99FF84\X0\',(#685),#10);
#700=SHAPE_REPRESENTATION_RELATIONSHIP('','',#16,#17);
#701=CARTESIAN_POINT('',(0.,0.,0.));
#702=DIRECTION('',(0.,0.,1.));
#703=DIRECTION('',(1.,0.,0.));
#704=AXIS2_PLACEMENT_3D('',#701,#702,#703);
#706=MAPPED_ITEM('',#705,#704);
#705=REPRESENTATION_MAP(#704,#16);
#707=APPLICATION_CONTEXT('Managed model based 3d engineering');
#708=APPLICATION_PROTOCOL_DEFINITION('international standard','ap242_managed_model_based_3d_engineering',2022,#707);
#709=PRODUCT_CONTEXT('',#707,'mechanical');
#710=PRODUCT_DEFINITION_CONTEXT('part definition',#707,'design');
#24=PRODUCT('\X2\FF83FF9EFF8CFF6BFF99FF84\X0\','\X2\FF83FF9EFF8CFF6BFF99FF84\X0\','',(#709));
#711=PRODUCT_RELATED_PRODUCT_CATEGORY('part','',(#24));
#712=PRODUCT_DEFINITION_FORMATION_WITH_SPECIFIED_SOURCE('','',#24,.NOT_KNOWN.);
#25=PRODUCT_DEFINITION('design','',#712,#710);
#23=PRODUCT_DEFINITION_SHAPE('','',#25);
#713=SHAPE_DEFINITION_REPRESENTATION(#23,#16);
#11=DRAUGHTING_MODEL('',(#127,#192,#297,#497,#706),#10);
#714=ID_ATTRIBUTE('SA #715',#715);
#715=SHAPE_ASPECT('\X2\76F45F84\X0\2@\X2\FF8EFF9EFF7D\X0\1(60)','',#23,.T.);
#716=GEOMETRIC_ITEM_SPECIFIC_USAGE('','\X2\76F45F84\X0\2@\X2\FF8EFF9EFF7D\X0\1(60)',#715,#17,#634);
#717=DRAUGHTING_MODEL_ITEM_ASSOCIATION('','',#715,#11,#54);
#718=DRAUGHTING_MODEL_ITEM_ASSOCIATION('','',#715,#11,#101);
#719=ID_ATTRIBUTE('SA #720',#720);
#720=SHAPE_ASPECT('\X2\8DDD96E295939694\X0\1@\X2\53584E007A74\X0\1(5.5)','',#23,.T.);
#721=GEOMETRIC_ITEM_SPECIFIC_USAGE('','\X2\8DDD96E295939694\X0\1@\X2\53584E007A74\X0\1(5.5)',#720,#17,#564);
#722=DRAUGHTING_MODEL_ITEM_ASSOCIATION('','',#720,#11,#101);
#723=ID_ATTRIBUTE('SA #724',#724);
#724=SHAPE_ASPECT('\X2\8DDD96E295939694\X0\1@\X2\53584E007A74\X0\1(5.5)','',#23,.T.);
#725=GEOMETRIC_ITEM_SPECIFIC_USAGE('','\X2\8DDD96E295939694\X0\1@\X2\53584E007A74\X0\1(5.5)',#724,#17,#584);
#726=DRAUGHTING_MODEL_ITEM_ASSOCIATION('','',#724,#11,#101);
#727=ID_ATTRIBUTE('SA #728',#728);
#728=SHAPE_ASPECT('\X2\76F45F84\X0\5@\X2\51867B525F62\X0\1(35)','',#23,.T.);
#729=GEOMETRIC_ITEM_SPECIFIC_USAGE('','\X2\76F45F84\X0\5@\X2\51867B525F62\X0\1(35)',#728,#17,#659);
#730=DRAUGHTING_MODEL_ITEM_ASSOCIATION('','',#728,#11,#126);
#731=DRAUGHTING_MODEL_ITEM_ASSOCIATION('','',#720,#11,#162);
#732=DRAUGHTING_MODEL_ITEM_ASSOCIATION('','',#724,#11,#162);
#733=DRAUGHTING_MODEL_ITEM_ASSOCIATION('','',#720,#11,#191);
#734=DRAUGHTING_MODEL_ITEM_ASSOCIATION('','',#724,#11,#191);
#735=ID_ATTRIBUTE('SA #736',#736);
#736=SHAPE_ASPECT('\X2\8DDD96E295939694\X0\1@\X2\5E739762\X0\5(12.5)','',#23,.T.);
#737=GEOMETRIC_ITEM_SPECIFIC_USAGE('','\X2\8DDD96E295939694\X0\1@\X2\5E739762\X0\5(12.5)',#736,#17,#531);
#738=DRAUGHTING_MODEL_ITEM_ASSOCIATION('','',#736,#11,#230);
#739=ID_ATTRIBUTE('SA #740',#740);
#740=SHAPE_ASPECT('\X2\8DDD96E295939694\X0\1@\X2\5E739762\X0\5(12.5)','',#23,.T.);
#741=GEOMETRIC_ITEM_SPECIFIC_USAGE('','\X2\8DDD96E295939694\X0\1@\X2\5E739762\X0\5(12.5)',#740,#17,#671);
#742=DRAUGHTING_MODEL_ITEM_ASSOCIATION('','',#740,#11,#230);
#743=DRAUGHTING_MODEL_ITEM_ASSOCIATION('','',#740,#11,#263);
#744=DRAUGHTING_MODEL_ITEM_ASSOCIATION('','',#724,#11,#263);
#745=DRAUGHTING_MODEL_ITEM_ASSOCIATION('','',#724,#11,#296);
#746=ID_ATTRIBUTE('SA #747',#747);
#747=SHAPE_ASPECT('\X2\8DDD96E295939694\X0\3@\X2\5E739762\X0\9(12.5)','',#23,.T.);
#748=GEOMETRIC_ITEM_SPECIFIC_USAGE('','\X2\8DDD96E295939694\X0\3@\X2\5E739762\X0\9(12.5)',#747,#17,#683);
#749=DRAUGHTING_MODEL_ITEM_ASSOCIATION('','',#747,#11,#296);
#750=DIMENSIONAL_SIZE(#715,'diameter');
#751=(LENGTH_UNIT()NAMED_UNIT(*)SI_UNIT(.MILLI.,.METRE.));
#752=VALUE_FORMAT_TYPE_QUALIFIER('NR2 2.1');
#753=(LENGTH_MEASURE_WITH_UNIT()MEASURE_REPRESENTATION_ITEM()MEASURE_WITH_UNIT(POSITIVE_LENGTH_MEASURE(60.),#751)QUALIFIED_REPRESENTATION_ITEM((#752))REPRESENTATION_ITEM('nominal value'));
#755=DIMENSIONAL_CHARACTERISTIC_REPRESENTATION(#750,#754);
#754=SHAPE_DIMENSION_REPRESENTATION('',(#753),#10);
#756=DRAUGHTING_MODEL_ITEM_ASSOCIATION('PMI representation to presentation link','',#750,#11,#54);
#757=COMPOSITE_SHAPE_ASPECT('','multiple elements',#23,.T.);
#758=SHAPE_ASPECT_RELATIONSHIP('','',#757,#715);
#759=SHAPE_ASPECT_RELATIONSHIP('','',#757,#720);
#760=SHAPE_ASPECT_RELATIONSHIP('','',#757,#724);
#761=DIMENSIONAL_SIZE(#757,'curve length');
#762=(LENGTH_MEASURE_WITH_UNIT()MEASURE_REPRESENTATION_ITEM()MEASURE_WITH_UNIT(POSITIVE_LENGTH_MEASURE(5.5),#751)QUALIFIED_REPRESENTATION_ITEM((#752))REPRESENTATION_ITEM('nominal value'));
#764=DIMENSIONAL_CHARACTERISTIC_REPRESENTATION(#761,#763);
#763=SHAPE_DIMENSION_REPRESENTATION('',(#762),#10);
#765=DRAUGHTING_MODEL_ITEM_ASSOCIATION('PMI representation to presentation link','',#761,#11,#101);
#766=DIMENSIONAL_SIZE(#728,'diameter');
#767=(LENGTH_MEASURE_WITH_UNIT()MEASURE_REPRESENTATION_ITEM()MEASURE_WITH_UNIT(POSITIVE_LENGTH_MEASURE(35.),#751)QUALIFIED_REPRESENTATION_ITEM((#752))REPRESENTATION_ITEM('nominal value'));
#769=DIMENSIONAL_CHARACTERISTIC_REPRESENTATION(#766,#768);
#768=SHAPE_DIMENSION_REPRESENTATION('',(#767),#10);
#770=DRAUGHTING_MODEL_ITEM_ASSOCIATION('PMI representation to presentation link','',#766,#11,#126);
#771=COMPOSITE_SHAPE_ASPECT('','multiple elements',#23,.T.);
#772=SHAPE_ASPECT_RELATIONSHIP('','',#771,#720);
#773=SHAPE_ASPECT_RELATIONSHIP('','',#771,#724);
#774=DIMENSIONAL_SIZE(#771,'diameter');
#775=(LENGTH_MEASURE_WITH_UNIT()MEASURE_REPRESENTATION_ITEM()MEASURE_WITH_UNIT(POSITIVE_LENGTH_MEASURE(49.),#751)QUALIFIED_REPRESENTATION_ITEM((#752))REPRESENTATION_ITEM('nominal value'));
#777=DIMENSIONAL_CHARACTERISTIC_REPRESENTATION(#774,#776);
#776=SHAPE_DIMENSION_REPRESENTATION('',(#775),#10);
#778=DRAUGHTING_MODEL_ITEM_ASSOCIATION('PMI representation to presentation link','',#774,#11,#162);
#779=COMPOSITE_SHAPE_ASPECT('','multiple elements',#23,.T.);
#780=SHAPE_ASPECT_RELATIONSHIP('','',#779,#720);
#781=SHAPE_ASPECT_RELATIONSHIP('','',#779,#724);
#782=DIMENSIONAL_SIZE(#779,'curve length');
#783=(LENGTH_MEASURE_WITH_UNIT()MEASURE_REPRESENTATION_ITEM()MEASURE_WITH_UNIT(POSITIVE_LENGTH_MEASURE(12.5),#751)QUALIFIED_REPRESENTATION_ITEM((#752))REPRESENTATION_ITEM('nominal value'));
#785=DIMENSIONAL_CHARACTERISTIC_REPRESENTATION(#782,#784);
#784=SHAPE_DIMENSION_REPRESENTATION('',(#783),#10);
#786=LENGTH_MEASURE_WITH_UNIT(LENGTH_MEASURE(0.5),#751);
#787=LENGTH_MEASURE_WITH_UNIT(LENGTH_MEASURE(-0.5),#751);
#788=TOLERANCE_VALUE(#787,#786);
#789=PLUS_MINUS_TOLERANCE(#788,#782);
#790=DRAUGHTING_MODEL_ITEM_ASSOCIATION('PMI representation to presentation link','',#782,#11,#191);
#791=DIMENSIONAL_LOCATION('linear distance','',#736,#740);
#792=(LENGTH_MEASURE_WITH_UNIT()MEASURE_REPRESENTATION_ITEM()MEASURE_WITH_UNIT(POSITIVE_LENGTH_MEASURE(12.5),#751)QUALIFIED_REPRESENTATION_ITEM((#752))REPRESENTATION_ITEM('nominal value'));
#794=DIMENSIONAL_CHARACTERISTIC_REPRESENTATION(#791,#793);
#793=SHAPE_DIMENSION_REPRESENTATION('',(#792),#10);
#795=DRAUGHTING_MODEL_ITEM_ASSOCIATION('PMI representation to presentation link','',#791,#11,#230);
#796=DIMENSIONAL_LOCATION('linear distance','',#740,#724);
#797=(LENGTH_MEASURE_WITH_UNIT()MEASURE_REPRESENTATION_ITEM()MEASURE_WITH_UNIT(POSITIVE_LENGTH_MEASURE(13.),#751)QUALIFIED_REPRESENTATION_ITEM((#752))REPRESENTATION_ITEM('nominal value'));
#799=DIMENSIONAL_CHARACTERISTIC_REPRESENTATION(#796,#798);
#798=SHAPE_DIMENSION_REPRESENTATION('',(#797),#10);
#800=DRAUGHTING_MODEL_ITEM_ASSOCIATION('PMI representation to presentation link','',#796,#11,#263);
#801=DIMENSIONAL_LOCATION('linear distance','',#724,#747);
#802=(LENGTH_MEASURE_WITH_UNIT()MEASURE_REPRESENTATION_ITEM()MEASURE_WITH_UNIT(POSITIVE_LENGTH_MEASURE(12.5),#751)QUALIFIED_REPRESENTATION_ITEM((#752))REPRESENTATION_ITEM('nominal value'));
#804=DIMENSIONAL_CHARACTERISTIC_REPRESENTATION(#801,#803);
#803=SHAPE_DIMENSION_REPRESENTATION('',(#802),#10);
#805=DRAUGHTING_MODEL_ITEM_ASSOCIATION('PMI representation to presentation link','',#801,#11,#296);
#806=INVISIBILITY((#54,#101,#126,#162,#191,#230,#263,#296,#496));
#808=CARTESIAN_POINT('',(155.897613525,349.122424126,-258.485080719));
#809=DIRECTION('',(-0.028245805,0.967839668,-0.249977102));
#810=DIRECTION('',(0.995856244,0.048872073,0.076693303));
#811=AXIS2_PLACEMENT_3D('\X2\73FE5728306EFF93FF83FF9EFF99\X0\ \X2\FF8BFF9EFF6DFF70\X0\',#808,#809,#810);
#812=CARTESIAN_POINT('',(-398.858293939,-318.17197051,964.255615647));
#813=DIRECTION('',(-0.028245805,0.967839668,-0.249977102));
#814=DIRECTION('',(0.995856244,0.048872073,0.076693303));
#815=AXIS2_PLACEMENT_3D('\X2\73FE5728306EFF93FF83FF9EFF99\X0\ \X2\FF8BFF9EFF6DFF70\X0\',#812,#813,#814);
#817=CARTESIAN_POINT('\X2\73FE5728306EFF93FF83FF9EFF99\X0\ \X2\FF8BFF9EFF6DFF70\X0\',(-89.422280197,925.979826106,-262.143226418));
#818=PLANAR_BOX('',669.912963867,669.912963867,#815);
#816=VIEW_VOLUME(.PARALLEL.,#817,964.255615234,0.,.F.,0.,.F.,.F.,#818);
#807=CAMERA_MODEL_D3('\X2\73FE5728306EFF93FF83FF9EFF99\X0\ \X2\FF8BFF9EFF6DFF70\X0\',#811,#816);
#819=DRAUGHTING_MODEL('\X2\73FE5728306EFF93FF83FF9EFF99\X0\ \X2\FF8BFF9EFF6DFF70\X0\',(#807,#496,#230,#263,#296,#54,#101,#126,#162,#191),#10);
#820=MECHANICAL_DESIGN_AND_DRAUGHTING_RELATIONSHIP('\X2\73FE5728306EFF93FF83FF9EFF99\X0\ \X2\FF8BFF9EFF6DFF70\X0\','',#819,#11);
#1=MECHANICAL_DESIGN_GEOMETRIC_PRESENTATION_REPRESENTATION('',(#503),#10);
ENDSEC;
END-ISO-10303-21;
