ISO-10303-21;
HEADER;

/* File generated by SOLIDWORKS MBD Version 2026 */

FILE_DESCRIPTION(('HOOPS Exchange Step'),'2;1');

FILE_NAME('C:\\Users\\yu061\\OneDrive - \X2\5B6668216CD54EBA95A267715B669662\X0\\\\X2\30C730B930AF30C830C330D7\X0\\\\X2\30C730B930AF30C830C330D7\X0\\\\X2\5352781495A24FC2\X0\\\\X2\53527814\X0\\\2026\X2\5E745EA630004E0951716280781430C730FC30BF\X0\\\2026\X2\5E745EA6\X0\CAD\X2\30C730FC30BF\X0\\\STEP\X2\30D530A130A430EB\X0\\\\X2\30D730E930F330C88A2D50993000\X0\STEP\X2\30D530A130A430EB\X0\\\40A-\X2\96D175286C347BA1\X0\-6.STP',
'2026-09-30T17:33:23+09:00',
('yu061'),
('None'),
'HOOPS Exchange 2025.5',
'SOLIDWORKS MBD',
'None');

FILE_SCHEMA( ('AP242_MANAGED_MODEL_BASED_3D_ENGINEERING_MIM_LF {1 0 10303 442 4 1 4}') );

ENDSEC;

DATA;
#3=(NAMED_UNIT(*)PLANE_ANGLE_UNIT()SI_UNIT($,.RADIAN.));
#4=PLANE_ANGLE_MEASURE_WITH_UNIT(PLANE_ANGLE_MEASURE(0.0174532925),#3);
#5=(CONVERSION_BASED_UNIT('DEGREE',#4)NAMED_UNIT(#6)PLANE_ANGLE_UNIT());
#6=DIMENSIONAL_EXPONENTS(0.,0.,0.,0.,0.,0.,0.);
#7=(NAMED_UNIT(*)SI_UNIT($,.STERADIAN.)SOLID_ANGLE_UNIT());
#8=(LENGTH_UNIT()NAMED_UNIT(*)SI_UNIT(.MILLI.,.METRE.));
#9=UNCERTAINTY_MEASURE_WITH_UNIT(LENGTH_MEASURE(1.000000E-03),#8,'DISTANCE_ACCURACY_VALUE','Maximum Tolerance applied to model');
#10=(GEOMETRIC_REPRESENTATION_CONTEXT(3)GLOBAL_UNCERTAINTY_ASSIGNED_CONTEXT((#9))GLOBAL_UNIT_ASSIGNED_CONTEXT((#8,#5,#7))REPRESENTATION_CONTEXT('','\X2\FF83FF9EFF8CFF6BFF99FF84\X0\'));
#12=CARTESIAN_POINT('',(0.,0.,0.));
#13=DIRECTION('',(0.,0.,1.));
#14=DIRECTION('',(1.,0.,0.));
#15=AXIS2_PLACEMENT_3D('',#12,#13,#14);
#28=COLOUR_RGB('',1.,0.501960814,0.250980407);
#29=DRAUGHTING_PRE_DEFINED_CURVE_FONT('continuous');
#30=CURVE_STYLE('',#29,POSITIVE_LENGTH_MEASURE(0.100000),#28);
#31=PRESENTATION_STYLE_ASSIGNMENT((#30));
#32=COORDINATES_LIST('',3,((-76.21431,0.1,0.),(-75.706314,0.1,-3.302),(-76.722313,0.1,-3.302)));
#33=COMPLEX_TRIANGULATED_SURFACE_SET('',#32,3,((-0.,-1.,0.)),(),((2,1,3)),());
#34=COORDINATES_LIST('',3,((-76.21431,0.1,-30.299999),(-76.722313,0.1,-26.997999),(-75.706314,0.1,-26.997999)));
#35=COMPLEX_TRIANGULATED_SURFACE_SET('',#34,3,((-0.,-1.,0.)),(),((3,2,1)),());
#37=COORDINATES_LIST('',2,((-34.165001,0.1,0.),(-77.21431,0.1,0.)));
#36=TESSELLATED_CURVE_SET('',#37,((1,2)));
#39=COORDINATES_LIST('',2,((-25.549999,0.1,-30.299999),(-77.21431,0.1,-30.299999)));
#38=TESSELLATED_CURVE_SET('',#39,((1,2)));
#41=COORDINATES_LIST('',2,((0.,0.,0.),(0.,0.,0.)));
#40=TESSELLATED_CURVE_SET('',#41,((1,2)));
#43=COORDINATES_LIST('',2,((0.,0.,0.),(0.,0.,0.)));
#42=TESSELLATED_CURVE_SET('',#43,((1,2)));
#45=COORDINATES_LIST('',2,((0.,0.,0.),(0.,0.,0.)));
#44=TESSELLATED_CURVE_SET('',#45,((1,2)));
#47=COORDINATES_LIST('',2,((0.,0.,0.),(0.,0.,0.)));
#46=TESSELLATED_CURVE_SET('',#47,((1,2)));
#49=COORDINATES_LIST('',2,((0.,0.,0.),(0.,0.,0.)));
#48=TESSELLATED_CURVE_SET('',#49,((1,2)));
#51=COORDINATES_LIST('',2,((0.,0.,0.),(0.,0.,0.)));
#50=TESSELLATED_CURVE_SET('',#51,((1,2)));
#53=COORDINATES_LIST('',2,((0.,0.,0.),(0.,0.,0.)));
#52=TESSELLATED_CURVE_SET('',#53,((1,2)));
#55=COORDINATES_LIST('',2,((0.,0.,0.),(0.,0.,0.)));
#54=TESSELLATED_CURVE_SET('',#55,((1,2)));
#57=COORDINATES_LIST('',2,((0.,0.,0.),(0.,0.,0.)));
#56=TESSELLATED_CURVE_SET('',#57,((1,2)));
#59=COORDINATES_LIST('',2,((0.,0.,0.),(0.,0.,0.)));
#58=TESSELLATED_CURVE_SET('',#59,((1,2)));
#61=COORDINATES_LIST('',2,((-25.549999,0.1,-30.299999),(-24.549999,0.1,-30.299999)));
#60=TESSELLATED_CURVE_SET('',#61,((1,2)));
#63=COORDINATES_LIST('',2,((-24.549999,0.1,-30.299999),(-24.549999,0.,-30.299999)));
#62=TESSELLATED_CURVE_SET('',#63,((1,2)));
#65=COORDINATES_LIST('',2,((-76.21431,0.1,0.),(-76.21431,0.1,-30.299999)));
#64=TESSELLATED_CURVE_SET('',#65,((1,2)));
#66=COORDINATES_LIST('',129,((-80.11013,0.1,-11.505607),(-80.11013,0.1,-10.898809),(-80.275833,0.1,-10.923081),(-80.428009,0.1,-10.961223),(-80.566658,0.1,-11.013234),(-80.691772,0.1,-11.079115),(-80.803368,0.1,-11.158865),(-80.934242,0.1,-11.286292),(-81.036026,0.1,-11.425856),(-81.108734,
   0.1,-11.577555),(-81.152359,0.1,-11.74139),(-81.166893,0.1,-11.917361),(-81.154724,0.1,-12.076717),(-81.118202,0.1,-12.225383),(-81.057335,0.1,-12.363358),(-80.972115,0.1,-12.49064),(-80.862549,0.1,-12.607232),(-80.736412,0.1,-12.707354),(-80.601486,0.1,-12.785226),(-80.457764,
   0.1,-12.840849),(-80.305252,0.1,-12.874223),(-80.143951,0.1,-12.885347),(-80.041145,0.1,-12.880435),(-79.942406,0.1,-12.865699),(-79.847717,0.1,-12.841138),(-79.757088,0.1,-12.806752),(-79.670517,0.1,-12.762543),(-79.58902,0.1,-12.709087),(-79.513611,0.1,-12.646963),(-79.44429,
   0.1,-12.57617),(-79.38105,0.1,-12.496708),(-79.323898,0.1,-12.408578),(-79.276726,0.1,-12.524591),(-79.216362,0.1,-12.629914),(-79.142815,0.1,-12.724545),(-79.056076,0.1,-12.808486),(-78.956146,0.1,-12.881735),(-78.846077,0.1,-12.942848),(-78.728905,0.1,-12.990381),(-78.60463,
   0.1,-13.024332),(-78.473251,0.1,-13.044703),(-78.33477,0.1,-13.051494),(-78.131531,0.1,-13.038347),(-77.941147,0.1,-12.998905),(-77.763611,0.1,-12.933168),(-77.598923,0.1,-12.841138),(-77.44709,0.1,-12.722813),(-77.316223,0.1,-12.583971),(-77.214432,0.1,-12.430394),(-77.141731,
   0.1,-12.26208),(-77.098106,0.1,-12.079029),(-77.083565,0.1,-11.881243),(-77.09726,0.1,-11.697325),(-77.138344,0.1,-11.526989),(-77.206825,0.1,-11.370233),(-77.302696,0.1,-11.227057),(-77.425957,0.1,-11.097463),(-77.572884,0.1,-10.985784),(-77.739769,0.1,-10.896353),(-77.926605,
   0.1,-10.829172),(-78.133392,0.1,-10.78424),(-78.36013,0.1,-10.761558),(-78.36013,0.1,-11.390026),(-78.24482,0.1,-11.408663),(-78.142357,0.1,-11.43568),(-78.052742,0.1,-11.471077),(-77.975983,0.1,-11.514853),(-77.912064,0.1,-11.567008),(-77.860329,0.1,-11.626099),(-77.820084,
   0.1,-11.69068),(-77.791344,0.1,-11.76075),(-77.774094,0.1,-11.83631),(-77.768349,0.1,-11.917361),(-77.77494,0.1,-12.003757),(-77.794724,0.1,-12.083797),(-77.827698,0.1,-12.15748),(-77.873856,0.1,-12.224805),(-77.933205,0.1,-12.285774),(-78.002357,0.1,-12.337785),(-78.077934,
   0.1,-12.378238),(-78.159943,0.1,-12.407133),(-78.248367,0.1,-12.42447),(-78.343224,0.1,-12.430249),(-78.444847,0.1,-12.422447),(-78.540039,0.1,-12.399043),(-78.628807,0.1,-12.360034),(-78.711151,0.1,-12.305423),(-78.787064,0.1,-12.235208),(-78.852837,0.1,-12.149967),(-78.904747,
   0.1,-12.050279),(-78.942787,0.1,-11.936143),(-78.966972,0.1,-11.80756),(-78.97728,0.1,-11.664529),(-79.611343,0.1,-11.664529),(-79.619965,0.1,-11.752226),(-79.632309,0.1,-11.830387),(-79.648369,0.1,-11.899013),(-79.668152,0.1,-11.958103),(-79.691658,0.1,-12.007659),(-79.718712,
   0.1,-12.050424),(-79.749146,0.1,-12.089143),(-79.782959,0.1,-12.123816),(-79.82016,0.1,-12.154446),(-79.860741,0.1,-12.181029),(-79.903854,0.1,-12.203134),(-79.948662,0.1,-12.220326),(-79.995155,0.1,-12.232607),(-80.043343,0.1,-12.239975),(-80.093224,0.1,-12.242432),(-80.155106,
   0.1,-12.238675),(-80.212257,0.1,-12.227406),(-80.264671,0.1,-12.208624),(-80.312355,0.1,-12.182329),(-80.355301,0.1,-12.148522),(-80.391823,0.1,-12.108647),(-80.420227,0.1,-12.064149),(-80.440521,0.1,-12.015027),(-80.452698,0.1,-11.961282),(-80.456749,0.1,-11.902914),(-80.452866,
   0.1,-11.849025),(-80.4412,0.1,-11.797158),(-80.421753,0.1,-11.747313),(-80.394531,0.1,-11.699492),(-80.359528,0.1,-11.653693),(-80.318443,0.1,-11.61194),(-80.272957,0.1,-11.576255),(-80.223083,0.1,-11.546638),(-80.168808,0.1,-11.523088),(-80.11013,0.1,-11.505607)));
#67=COMPLEX_TRIANGULATED_SURFACE_SET('',#66,128,((0.,1.,0.)),(),((57,65,58),(58,64,59),(66,57,56),(55,54,68),(69,68,54),(54,70,69),(56,55,67),(67,55,
   68),(61,60,63),(63,62,61),(60,64,63),(65,57,66),(64,60,59),(64,58,65),(56,67,66),(53,52,72),(72,71,53),(52,73,
   72),(53,71,70),(52,74,73),(74,52,51),(75,74,51),(95,93,92),(95,94,93),(97,92,91),(92,96,95),(97,96,92),(91,90,
   98),(100,90,32),(70,54,53),(2,1,3),(128,6,1),(1,4,3),(7,128,127),(9,126,125),(8,127,126),(9,125,124),(5,1,
   6),(7,6,128),(5,4,1),(126,9,8),(8,7,127),(9,124,10),(123,122,10),(10,124,123),(98,97,91),(98,90,99),(32,101,
   100),(13,116,14),(99,90,100),(121,120,11),(12,120,119),(120,12,11),(121,11,122),(118,117,13),(13,12,118),(117,116,13),(118,12,
   119),(116,115,14),(122,11,10),(75,51,50),(76,50,77),(50,76,75),(49,78,77),(77,50,49),(80,79,48),(78,48,79),(47,81,
   80),(81,46,82),(87,86,33),(32,89,88),(88,87,32),(43,83,82),(85,84,36),(83,39,84),(86,85,34),(48,78,49),(32,90,
   89),(46,81,47),(45,82,46),(82,45,44),(43,42,83),(83,42,41),(82,44,43),(40,83,41),(35,85,36),(34,85,35),(33,86,
   34),(38,84,39),(84,38,37),(36,84,37),(83,40,39),(47,80,48),(33,32,87),(103,102,32),(105,104,32),(103,32,104),(107,106,
   31),(105,31,106),(29,108,107),(108,28,109),(101,32,102),(15,114,113),(114,14,115),(15,14,114),(15,113,16),(18,111,110),(113,112,
   16),(111,17,112),(20,110,109),(31,105,32),(107,30,29),(28,108,29),(109,28,27),(25,109,26),(109,25,24),(109,27,26),(23,109,
   24),(18,110,19),(17,111,18),(16,112,17),(21,109,22),(109,21,20),(19,110,20),(109,23,22),(107,31,30)),());
#68=COORDINATES_LIST('',102,((-81.166893,0.1,-14.496249),(-81.158615,0.1,-14.636824),(-81.133759,0.1,-14.769596),(-81.092331,0.1,-14.894567),(-81.03434,0.1,-15.011738),(-80.95977,0.1,-15.121105),(-80.867958,0.1,-15.221805),(-80.758224,0.1,-15.312968),(-80.630569,0.1,-15.394597),(-80.484985,
   0.1,-15.466691),(-80.321487,0.1,-15.529248),(-80.135834,0.1,-15.58126),(-79.923805,0.1,-15.621713),(-79.685402,0.1,-15.650608),(-79.420616,0.1,-15.667945),(-79.129456,0.1,-15.673724),(-78.832214,0.1,-15.667801),(-78.562691,0.1,-15.65003),(-78.320908,0.1,-15.620413),(-78.10685,
   0.1,-15.578948),(-77.920517,0.1,-15.525637),(-77.757187,0.1,-15.462501),(-77.612114,0.1,-15.391563),(-77.485306,0.1,-15.312824),(-77.376755,0.1,-15.226283),(-77.286461,0.1,-15.131941),(-77.213417,0.1,-15.028497),(-77.156609,0.1,-14.91465),(-77.116028,0.1,-14.790401),(-77.091682,
   0.1,-14.655749),(-77.083565,0.1,-14.510696),(-77.09185,0.1,-14.365354),(-77.116707,0.1,-14.229836),(-77.158127,0.1,-14.104142),(-77.216125,0.1,-13.988273),(-77.290688,0.1,-13.882228),(-77.381821,0.1,-13.785429),(-77.489532,0.1,-13.697299),(-77.613808,0.1,-13.617838),(-77.754654,
   0.1,-13.547045),(-77.912064,0.1,-13.484921),(-78.091629,0.1,-13.432909),(-78.298927,0.1,-13.392456),(-78.533951,0.1,-13.363561),(-78.796707,0.1,-13.346224),(-79.087189,0.1,-13.340445),(-79.492981,0.1,-13.351714),(-79.85144,0.1,-13.385521),(-80.162552,0.1,-13.441867),(-80.426315,
   0.1,-13.52075),(-80.642738,0.1,-13.622172),(-80.831436,0.1,-13.756535),(-80.978203,0.1,-13.911123),(-81.083031,0.1,-14.085938),(-81.145927,0.1,-14.28098),(-81.166893,0.1,-14.496249),(-80.465202,0.1,-14.510696),(-80.460472,0.1,-14.448427),(-80.446266,0.1,-14.388759),(-80.4226,
   0.1,-14.331691),(-80.389458,0.1,-14.277224),(-80.346848,0.1,-14.225357),(-80.292404,0.1,-14.177247),(-80.223755,0.1,-14.134048),(-80.140907,0.1,-14.095762),(-80.043854,0.1,-14.062388),(-79.932594,0.1,-14.033927),(-79.803421,0.1,-14.010522),(-79.652596,0.1,-13.992318),(-79.480133,
   0.1,-13.979316),(-79.286026,0.1,-13.971514),(-79.070282,0.1,-13.968913),(-78.794334,0.1,-13.974981),(-78.554916,0.1,-13.993185),(-78.35202,0.1,-14.023525),(-78.185638,0.1,-14.066001),(-78.055786,0.1,-14.120612),(-77.955353,0.1,-14.18476),(-77.877235,0.1,-14.255841),(-77.821442,
   0.1,-14.333858),(-77.787956,0.1,-14.41881),(-77.776802,0.1,-14.510696),(-77.787285,0.1,-14.599404),(-77.818733,0.1,-14.680599),(-77.871147,0.1,-14.754282),(-77.944527,0.1,-14.820452),(-78.038879,0.1,-14.879108),(-78.184967,0.1,-14.936321),(-78.366219,0.1,-14.98082),(-78.582649,
   0.1,-15.012604),(-78.834236,0.1,-15.031675),(-79.121002,0.1,-15.038032),(-79.406586,0.1,-15.032253),(-79.654625,0.1,-15.014915),(-79.865135,0.1,-14.986021),(-80.038101,0.1,-14.945567),(-80.173538,0.1,-14.893557),(-80.278542,0.1,-14.83201),(-80.360207,0.1,-14.762951),(-80.418541,
   0.1,-14.686378),(-80.453537,0.1,-14.602294),(-80.465202,0.1,-14.510696)));
#69=COMPLEX_TRIANGULATED_SURFACE_SET('',#68,100,((0.,1.,0.)),(),((42,41,75),(41,40,75),(39,38,76),(76,40,39),(37,77,38),(72,46,45),(73,72,45),(74,44,
   43),(42,74,43),(45,44,73),(46,72,71),(37,36,77),(34,79,35),(33,79,34),(80,32,81),(32,80,33),(81,32,31),(80,79,
   33),(73,44,74),(74,42,75),(79,78,35),(76,38,77),(77,36,78),(40,76,75),(36,35,78),(48,47,70),(71,47,46),(70,47,
   71),(69,68,48),(70,69,48),(48,68,49),(51,50,66),(67,50,49),(53,52,64),(51,65,52),(50,67,66),(49,68,67),(63,53,
   64),(64,52,65),(62,61,54),(63,62,54),(63,54,53),(61,55,54),(55,61,60),(55,60,59),(58,1,55),(1,57,2),(57,1,
   58),(58,55,59),(65,51,66),(31,83,82),(83,31,30),(31,82,81),(84,30,29),(30,84,83),(85,29,28),(85,84,29),(27,86,
   85),(24,88,87),(22,89,88),(87,86,26),(85,28,27),(87,26,25),(87,25,24),(88,23,22),(88,24,23),(89,22,21),(91,90,
   18),(89,21,20),(90,89,20),(19,18,90),(17,91,18),(90,20,19),(91,17,92),(26,86,27),(5,98,6),(99,98,5),(10,96,
   95),(8,97,96),(6,98,97),(2,101,3),(3,101,100),(101,2,57),(100,4,3),(100,99,4),(99,5,4),(95,94,12),(94,14,
   13),(15,93,92),(13,12,94),(93,15,14),(15,92,16),(92,17,16),(8,7,97),(6,97,7),(10,95,11),(96,9,8),(9,96,
   10),(95,12,11),(94,93,14)),());
#70=COORDINATES_LIST('',41,((-77.937431,0.1,-16.446669),(-77.932693,0.1,-16.502869),(-77.918488,0.1,-16.555891),(-77.894821,0.1,-16.605736),(-77.861679,0.1,-16.652401),(-77.819069,0.1,-16.695889),(-77.769363,0.1,-16.733597),(-77.714912,0.1,-16.762924),(-77.655739,0.1,-16.783873),(-77.591827,
   0.1,-16.796442),(-77.523178,0.1,-16.800632),(-77.457405,0.1,-16.796444),(-77.395348,0.1,-16.783873),(-77.337021,0.1,-16.762924),(-77.282402,0.1,-16.733597),(-77.231514,0.1,-16.695889),(-77.187378,0.1,-16.652401),(-77.153053,0.1,-16.605736),(-77.12854,0.1,-16.555891),(-77.113831,
   0.1,-16.502869),(-77.108925,0.1,-16.446669),(-77.113831,0.1,-16.38801),(-77.12854,0.1,-16.333399),(-77.153053,0.1,-16.282833),(-77.187378,0.1,-16.236311),(-77.231514,0.1,-16.193836),(-77.282402,0.1,-16.157429),(-77.337021,0.1,-16.12911),(-77.395348,0.1,-16.108885),(-77.457405,
   0.1,-16.096748),(-77.523178,0.1,-16.092703),(-77.591827,0.1,-16.096748),(-77.655739,0.1,-16.108885),(-77.714912,0.1,-16.12911),(-77.769363,0.1,-16.157429),(-77.819069,0.1,-16.193836),(-77.861679,0.1,-16.236311),(-77.894821,0.1,-16.282833),(-77.918488,0.1,-16.333399),(-77.932693,
   0.1,-16.38801),(-77.937431,0.1,-16.446669)));
#71=COMPLEX_TRIANGULATED_SURFACE_SET('',#70,40,((0.,1.,0.)),(),((31,30,27),(30,29,28),(30,28,27),(27,26,21),(21,26,22),(25,24,23),(25,23,22),(26,25,
   22),(31,27,21),(35,32,36),(33,35,34),(35,33,32),(32,31,40),(37,36,39),(37,39,38),(39,36,40),(36,32,40),(40,31,
   1),(31,21,16),(20,19,18),(16,21,17),(17,20,18),(31,16,1),(15,14,12),(12,11,15),(12,14,13),(15,11,16),(1,16,
   11),(5,4,2),(5,2,1),(2,4,3),(1,11,5),(10,9,7),(10,7,6),(7,9,8),(5,11,6),(11,10,6),(21,20,
   17)),());
#72=COORDINATES_LIST('',129,((-80.11013,0.1,-17.970884),(-80.11013,0.1,-17.364088),(-80.275833,0.1,-17.388359),(-80.428009,0.1,-17.4265),(-80.566658,0.1,-17.478512),(-80.691772,0.1,-17.544392),(-80.803368,0.1,-17.624144),(-80.934242,0.1,-17.75157),(-81.036026,0.1,-17.891134),(-81.108734,
   0.1,-18.042833),(-81.152359,0.1,-18.206669),(-81.166893,0.1,-18.382639),(-81.154724,0.1,-18.541996),(-81.118202,0.1,-18.69066),(-81.057335,0.1,-18.828634),(-80.972115,0.1,-18.955917),(-80.862549,0.1,-19.07251),(-80.736412,0.1,-19.172632),(-80.601486,0.1,-19.250504),(-80.457764,
   0.1,-19.306126),(-80.305252,0.1,-19.3395),(-80.143951,0.1,-19.350624),(-80.041145,0.1,-19.345713),(-79.942406,0.1,-19.330976),(-79.847717,0.1,-19.306416),(-79.757088,0.1,-19.27203),(-79.670517,0.1,-19.227821),(-79.58902,0.1,-19.174364),(-79.513611,0.1,-19.11224),(-79.44429,
   0.1,-19.041447),(-79.38105,0.1,-18.961987),(-79.323898,0.1,-18.873856),(-79.276726,0.1,-18.98987),(-79.216362,0.1,-19.095192),(-79.142815,0.1,-19.189823),(-79.056076,0.1,-19.273764),(-78.956146,0.1,-19.347013),(-78.846077,0.1,-19.408127),(-78.728905,0.1,-19.45566),(-78.60463,
   0.1,-19.489611),(-78.473251,0.1,-19.509981),(-78.33477,0.1,-19.516771),(-78.131531,0.1,-19.503624),(-77.941147,0.1,-19.464184),(-77.763611,0.1,-19.398447),(-77.598923,0.1,-19.306416),(-77.44709,0.1,-19.188089),(-77.316223,0.1,-19.04925),(-77.214432,0.1,-18.895672),(-77.141731,
   0.1,-18.727358),(-77.098106,0.1,-18.544308),(-77.083565,0.1,-18.346519),(-77.09726,0.1,-18.162603),(-77.138344,0.1,-17.992266),(-77.206825,0.1,-17.83551),(-77.302696,0.1,-17.692335),(-77.425957,0.1,-17.56274),(-77.572884,0.1,-17.451061),(-77.739769,0.1,-17.361631),(-77.926605,
   0.1,-17.294451),(-78.133392,0.1,-17.249517),(-78.36013,0.1,-17.226835),(-78.36013,0.1,-17.855303),(-78.24482,0.1,-17.873941),(-78.142357,0.1,-17.900959),(-78.052742,0.1,-17.936354),(-77.975983,0.1,-17.980131),(-77.912064,0.1,-18.032286),(-77.860329,0.1,-18.091377),(-77.820084,
   0.1,-18.155958),(-77.791344,0.1,-18.226028),(-77.774094,0.1,-18.301588),(-77.768349,0.1,-18.382639),(-77.77494,0.1,-18.469036),(-77.794724,0.1,-18.549074),(-77.827698,0.1,-18.622757),(-77.873856,0.1,-18.690083),(-77.933205,0.1,-18.751051),(-78.002357,0.1,-18.803062),(-78.077934,
   0.1,-18.843515),(-78.159943,0.1,-18.872412),(-78.248367,0.1,-18.889748),(-78.343224,0.1,-18.895527),(-78.444847,0.1,-18.887726),(-78.540039,0.1,-18.864321),(-78.628807,0.1,-18.825312),(-78.711151,0.1,-18.7707),(-78.787064,0.1,-18.700485),(-78.852837,0.1,-18.615246),(-78.904747,
   0.1,-18.515556),(-78.942787,0.1,-18.401421),(-78.966972,0.1,-18.272839),(-78.97728,0.1,-18.129807),(-79.611343,0.1,-18.129807),(-79.619965,0.1,-18.217505),(-79.632309,0.1,-18.295666),(-79.648369,0.1,-18.36429),(-79.668152,0.1,-18.423382),(-79.691658,0.1,-18.472937),(-79.718712,
   0.1,-18.515701),(-79.749146,0.1,-18.55442),(-79.782959,0.1,-18.589094),(-79.82016,0.1,-18.619724),(-79.860741,0.1,-18.646307),(-79.903854,0.1,-18.668411),(-79.948662,0.1,-18.685604),(-79.995155,0.1,-18.697886),(-80.043343,0.1,-18.705254),(-80.093224,0.1,-18.707708),(-80.155106,
   0.1,-18.703953),(-80.212257,0.1,-18.692684),(-80.264671,0.1,-18.673903),(-80.312355,0.1,-18.647608),(-80.355301,0.1,-18.6138),(-80.391823,0.1,-18.573925),(-80.420227,0.1,-18.529427),(-80.440521,0.1,-18.480305),(-80.452698,0.1,-18.426559),(-80.456749,0.1,-18.368193),(-80.452866,
   0.1,-18.314302),(-80.4412,0.1,-18.262436),(-80.421753,0.1,-18.212591),(-80.394531,0.1,-18.16477),(-80.359528,0.1,-18.118971),(-80.318443,0.1,-18.077219),(-80.272957,0.1,-18.041533),(-80.223083,0.1,-18.011915),(-80.168808,0.1,-17.988365),(-80.11013,0.1,-17.970884)));
#73=COMPLEX_TRIANGULATED_SURFACE_SET('',#72,128,((0.,1.,0.)),(),((57,65,58),(58,64,59),(66,57,56),(55,54,68),(69,68,54),(54,70,69),(56,55,67),(67,55,
   68),(61,60,63),(63,62,61),(60,64,63),(65,57,66),(64,60,59),(64,58,65),(56,67,66),(53,52,72),(72,71,53),(52,73,
   72),(53,71,70),(52,74,73),(74,52,51),(75,74,51),(95,93,92),(95,94,93),(97,92,91),(92,96,95),(97,96,92),(91,90,
   98),(100,90,32),(70,54,53),(2,1,3),(128,6,1),(1,4,3),(7,128,127),(9,126,125),(8,127,126),(9,125,124),(5,1,
   6),(7,6,128),(5,4,1),(126,9,8),(8,7,127),(9,124,10),(123,122,10),(10,124,123),(98,97,91),(98,90,99),(32,101,
   100),(13,116,14),(99,90,100),(121,120,11),(12,120,119),(120,12,11),(121,11,122),(118,117,13),(13,12,118),(117,116,13),(118,12,
   119),(116,115,14),(122,11,10),(75,51,50),(76,50,77),(50,76,75),(49,78,77),(77,50,49),(80,79,48),(78,48,79),(47,81,
   80),(81,46,82),(87,86,33),(32,89,88),(88,87,32),(43,83,82),(85,84,36),(83,39,84),(86,85,34),(48,78,49),(32,90,
   89),(46,81,47),(45,82,46),(82,45,44),(43,42,83),(83,42,41),(82,44,43),(40,83,41),(35,85,36),(34,85,35),(33,86,
   34),(38,84,39),(84,38,37),(36,84,37),(83,40,39),(47,80,48),(33,32,87),(103,102,32),(105,104,32),(103,32,104),(107,106,
   31),(105,31,106),(29,108,107),(108,28,109),(101,32,102),(15,114,113),(114,14,115),(15,14,114),(15,113,16),(18,111,110),(113,112,
   16),(111,17,112),(20,110,109),(31,105,32),(107,30,29),(28,108,29),(109,28,27),(25,109,26),(109,25,24),(109,27,26),(23,109,
   24),(18,110,19),(17,111,18),(16,112,17),(21,109,22),(109,21,20),(19,110,20),(109,23,22),(107,31,30)),());
#27=TESSELLATED_GEOMETRIC_SET('general dimension',(#33,#35,#36,#38,#40,#42,#44,#46,#48,#50,#52,#54,#56,#58,#60,#62,#64,#67,#69,#71,#73));
#26=TESSELLATED_ANNOTATION_OCCURRENCE('\X2\8DDD96E295939694\X0\2@\X2\5E739762\X0\6(30.3)',(#31),#27);
#74=DRAUGHTING_CALLOUT('\X2\8DDD96E295939694\X0\2@\X2\5E739762\X0\6(30.3)',(#26));
#77=COORDINATES_LIST('',3,((-76.469933,0.1,0.),(-75.961937,0.1,3.302),(-76.977936,0.1,3.302)));
#78=COMPLEX_TRIANGULATED_SURFACE_SET('',#77,3,((-0.,-1.,0.)),(),((2,3,1)),());
#79=COORDINATES_LIST('',3,((-76.469933,0.1,30.299999),(-76.977936,0.1,26.997999),(-75.961937,0.1,26.997999)));
#80=COMPLEX_TRIANGULATED_SURFACE_SET('',#79,3,((0.,-1.,0.)),(),((3,1,2)),());
#82=COORDINATES_LIST('',2,((-20.686964,0.1,0.),(-77.469933,0.1,0.)));
#81=TESSELLATED_CURVE_SET('',#82,((1,2)));
#84=COORDINATES_LIST('',2,((-25.549999,0.1,30.299999),(-77.469933,0.1,30.299999)));
#83=TESSELLATED_CURVE_SET('',#84,((1,2)));
#86=COORDINATES_LIST('',2,((0.,0.,0.),(0.,0.,0.)));
#85=TESSELLATED_CURVE_SET('',#86,((1,2)));
#88=COORDINATES_LIST('',2,((0.,0.,0.),(0.,0.,0.)));
#87=TESSELLATED_CURVE_SET('',#88,((1,2)));
#90=COORDINATES_LIST('',2,((0.,0.,0.),(0.,0.,0.)));
#89=TESSELLATED_CURVE_SET('',#90,((1,2)));
#92=COORDINATES_LIST('',2,((0.,0.,0.),(0.,0.,0.)));
#91=TESSELLATED_CURVE_SET('',#92,((1,2)));
#94=COORDINATES_LIST('',2,((0.,0.,0.),(0.,0.,0.)));
#93=TESSELLATED_CURVE_SET('',#94,((1,2)));
#96=COORDINATES_LIST('',2,((0.,0.,0.),(0.,0.,0.)));
#95=TESSELLATED_CURVE_SET('',#96,((1,2)));
#98=COORDINATES_LIST('',2,((0.,0.,0.),(0.,0.,0.)));
#97=TESSELLATED_CURVE_SET('',#98,((1,2)));
#100=COORDINATES_LIST('',2,((0.,0.,0.),(0.,0.,0.)));
#99=TESSELLATED_CURVE_SET('',#100,((1,2)));
#102=COORDINATES_LIST('',2,((0.,0.,0.),(0.,0.,0.)));
#101=TESSELLATED_CURVE_SET('',#102,((1,2)));
#104=COORDINATES_LIST('',2,((0.,0.,0.),(0.,0.,0.)));
#103=TESSELLATED_CURVE_SET('',#104,((1,2)));
#106=COORDINATES_LIST('',2,((-25.549999,0.1,30.299999),(-24.549999,0.1,30.299999)));
#105=TESSELLATED_CURVE_SET('',#106,((1,2)));
#108=COORDINATES_LIST('',2,((-24.549999,0.1,30.299999),(-24.549999,0.,30.299999)));
#107=TESSELLATED_CURVE_SET('',#108,((1,2)));
#110=COORDINATES_LIST('',2,((-76.469933,0.1,0.),(-76.469933,0.1,30.299999)));
#109=TESSELLATED_CURVE_SET('',#110,((1,2)));
#111=COORDINATES_LIST('',129,((-80.365753,0.1,18.794394),(-80.365753,0.1,19.401192),(-80.531456,0.1,19.376919),(-80.683632,0.1,19.338778),(-80.822281,0.1,19.286766),(-80.947395,0.1,19.220886),(-81.05899,0.1,19.141134),(-81.189865,0.1,19.013708),(-81.291649,0.1,18.874144),(-81.364357,
   0.1,18.722445),(-81.407982,0.1,18.558611),(-81.422516,0.1,18.382639),(-81.410347,0.1,18.223282),(-81.373825,0.1,18.074617),(-81.312958,0.1,17.936644),(-81.227737,0.1,17.809361),(-81.118172,0.1,17.692768),(-80.992035,0.1,17.592648),(-80.857109,0.1,17.514774),(-80.713387,
   0.1,17.459152),(-80.560875,0.1,17.425777),(-80.399574,0.1,17.414654),(-80.296768,0.1,17.419565),(-80.198029,0.1,17.434301),(-80.10334,0.1,17.458862),(-80.012711,0.1,17.493248),(-79.92614,0.1,17.537457),(-79.844643,0.1,17.590914),(-79.769234,0.1,17.653038),(-79.699913,
   0.1,17.723831),(-79.636673,0.1,17.803291),(-79.579521,0.1,17.891422),(-79.532349,0.1,17.775408),(-79.471985,0.1,17.670086),(-79.398438,0.1,17.575455),(-79.311699,0.1,17.491514),(-79.211769,0.1,17.418264),(-79.1017,0.1,17.357151),(-78.984528,0.1,17.30962),(-78.860252,
   0.1,17.275667),(-78.728874,0.1,17.255297),(-78.590393,0.1,17.248507),(-78.387154,0.1,17.261654),(-78.19677,0.1,17.301096),(-78.019234,0.1,17.366831),(-77.854546,0.1,17.458862),(-77.702713,0.1,17.577188),(-77.571846,0.1,17.716028),(-77.470055,0.1,17.869606),(-77.397354,
   0.1,18.03792),(-77.353729,0.1,18.22097),(-77.339188,0.1,18.418758),(-77.352882,0.1,18.602674),(-77.393967,0.1,18.773012),(-77.462448,0.1,18.929768),(-77.558319,0.1,19.072943),(-77.68158,0.1,19.202538),(-77.828506,0.1,19.314217),(-77.995392,0.1,19.403646),(-78.182228,
   0.1,19.470829),(-78.389015,0.1,19.51576),(-78.615753,0.1,19.538443),(-78.615753,0.1,18.909975),(-78.500443,0.1,18.891336),(-78.39798,0.1,18.864321),(-78.308365,0.1,18.828924),(-78.231606,0.1,18.785147),(-78.167686,0.1,18.732992),(-78.115952,0.1,18.673901),(-78.075706,
   0.1,18.609322),(-78.046967,0.1,18.539249),(-78.029716,0.1,18.46369),(-78.023972,0.1,18.382639),(-78.030563,0.1,18.296242),(-78.050346,0.1,18.216204),(-78.083321,0.1,18.142521),(-78.129478,0.1,18.075195),(-78.188828,0.1,18.014227),(-78.25798,0.1,17.962215),(-78.333557,
   0.1,17.921762),(-78.415565,0.1,17.892866),(-78.50399,0.1,17.87553),(-78.598846,0.1,17.869751),(-78.70047,0.1,17.877552),(-78.795662,0.1,17.900957),(-78.88443,0.1,17.939966),(-78.966774,0.1,17.994577),(-79.042686,0.1,18.064793),(-79.108459,0.1,18.150034),(-79.16037,
   0.1,18.249722),(-79.19841,0.1,18.363857),(-79.222595,0.1,18.492441),(-79.232903,0.1,18.635471),(-79.866966,0.1,18.635471),(-79.875587,0.1,18.547773),(-79.887932,0.1,18.469612),(-79.903992,0.1,18.400988),(-79.923775,0.1,18.341896),(-79.947281,0.1,18.292341),(-79.974335,
   0.1,18.249577),(-80.004768,0.1,18.210857),(-80.038582,0.1,18.176184),(-80.075783,0.1,18.145554),(-80.116364,0.1,18.118971),(-80.159477,0.1,18.096867),(-80.204285,0.1,18.079674),(-80.250778,0.1,18.067392),(-80.298965,0.1,18.060024),(-80.348846,0.1,18.05757),(-80.410728,
   0.1,18.061325),(-80.46788,0.1,18.072594),(-80.520294,0.1,18.091377),(-80.567978,0.1,18.11767),(-80.610924,0.1,18.151478),(-80.647446,0.1,18.191353),(-80.67585,0.1,18.235851),(-80.696144,0.1,18.284973),(-80.708321,0.1,18.338718),(-80.712372,0.1,18.397087),(-80.708488,
   0.1,18.450975),(-80.696823,0.1,18.502842),(-80.677376,0.1,18.552687),(-80.650154,0.1,18.600508),(-80.61515,0.1,18.646307),(-80.574066,0.1,18.688061),(-80.52858,0.1,18.723745),(-80.478706,0.1,18.753363),(-80.424431,0.1,18.776913),(-80.365753,0.1,18.794394)));
#112=COMPLEX_TRIANGULATED_SURFACE_SET('',#111,128,((0.,1.,0.)),(),((57,65,58),(58,64,59),(66,57,56),(55,54,68),(69,68,54),(54,70,69),(56,55,67),(67,55,
   68),(61,60,63),(63,62,61),(60,64,63),(65,57,66),(64,60,59),(64,58,65),(56,67,66),(53,52,72),(72,71,53),(52,73,
   72),(53,71,70),(52,74,73),(74,52,51),(75,74,51),(95,93,92),(95,94,93),(97,92,91),(92,96,95),(97,96,92),(91,90,
   98),(100,90,32),(70,54,53),(2,1,3),(128,6,1),(1,4,3),(7,128,127),(9,126,125),(8,127,126),(9,125,124),(5,1,
   6),(7,6,128),(5,4,1),(126,9,8),(8,7,127),(9,124,10),(123,122,10),(10,124,123),(98,97,91),(98,90,99),(32,101,
   100),(13,116,14),(99,90,100),(121,120,11),(12,120,119),(120,12,11),(121,11,122),(118,117,13),(13,12,118),(117,116,13),(118,12,
   119),(116,115,14),(122,11,10),(75,51,50),(76,50,77),(50,76,75),(49,78,77),(77,50,49),(80,79,48),(78,48,79),(47,81,
   80),(81,46,82),(87,86,33),(32,89,88),(88,87,32),(43,83,82),(85,84,36),(83,39,84),(86,85,34),(48,78,49),(32,90,
   89),(46,81,47),(45,82,46),(82,45,44),(43,42,83),(83,42,41),(82,44,43),(40,83,41),(35,85,36),(34,85,35),(33,86,
   34),(38,84,39),(84,38,37),(36,84,37),(83,40,39),(47,80,48),(33,32,87),(103,102,32),(105,104,32),(103,32,104),(107,106,
   31),(105,31,106),(29,108,107),(108,28,109),(101,32,102),(15,114,113),(114,14,115),(15,14,114),(15,113,16),(18,111,110),(113,112,
   16),(111,17,112),(20,110,109),(31,105,32),(107,30,29),(28,108,29),(109,28,27),(25,109,26),(109,25,24),(109,27,26),(23,109,
   24),(18,110,19),(17,111,18),(16,112,17),(21,109,22),(109,21,20),(19,110,20),(109,23,22),(107,31,30)),());
#113=COORDINATES_LIST('',102,((-81.422516,0.1,15.803751),(-81.414238,0.1,15.663177),(-81.389381,0.1,15.530404),(-81.347954,0.1,15.405433),(-81.289963,0.1,15.288262),(-81.215393,0.1,15.178895),(-81.123581,0.1,15.078196),(-81.013847,0.1,14.987032),(-80.886192,0.1,14.905403),(-80.740608,
   0.1,14.833309),(-80.57711,0.1,14.770752),(-80.391457,0.1,14.71874),(-80.179428,0.1,14.678288),(-79.941025,0.1,14.649392),(-79.676239,0.1,14.632055),(-79.385078,0.1,14.626276),(-79.087837,0.1,14.632199),(-78.818314,0.1,14.64997),(-78.57653,0.1,14.679587),(-78.362473,
   0.1,14.721052),(-78.17614,0.1,14.774364),(-78.01281,0.1,14.8375),(-77.867737,0.1,14.908437),(-77.740929,0.1,14.987176),(-77.632378,0.1,15.073717),(-77.542084,0.1,15.168059),(-77.46904,0.1,15.271503),(-77.412231,0.1,15.38535),(-77.371651,0.1,15.5096),(-77.347305,
   0.1,15.644251),(-77.339188,0.1,15.789304),(-77.347473,0.1,15.934647),(-77.37233,0.1,16.070164),(-77.41375,0.1,16.195858),(-77.471748,0.1,16.311728),(-77.54631,0.1,16.417772),(-77.637444,0.1,16.51457),(-77.745155,0.1,16.602701),(-77.869431,0.1,16.682163),(-78.010277,
   0.1,16.752954),(-78.167686,0.1,16.815081),(-78.347252,0.1,16.86709),(-78.55455,0.1,16.907543),(-78.789574,0.1,16.93644),(-79.05233,0.1,16.953775),(-79.342812,0.1,16.959555),(-79.748604,0.1,16.948286),(-80.107063,0.1,16.914478),(-80.418175,0.1,16.858133),(-80.681938,
   0.1,16.779249),(-80.898361,0.1,16.677828),(-81.087059,0.1,16.543467),(-81.233826,0.1,16.388878),(-81.338654,0.1,16.214062),(-81.40155,0.1,16.01902),(-81.422516,0.1,15.803751),(-80.720825,0.1,15.789304),(-80.716095,0.1,15.851573),(-80.701889,0.1,15.911242),(-80.678223,
   0.1,15.968309),(-80.645081,0.1,16.022776),(-80.60247,0.1,16.074642),(-80.548027,0.1,16.122753),(-80.479378,0.1,16.165951),(-80.39653,0.1,16.204237),(-80.299477,0.1,16.237612),(-80.188217,0.1,16.266073),(-80.059044,0.1,16.289478),(-79.908218,0.1,16.307682),(-79.735756,
   0.1,16.320684),(-79.541649,0.1,16.328485),(-79.325905,0.1,16.331087),(-79.049957,0.1,16.32502),(-78.810539,0.1,16.306814),(-78.607643,0.1,16.276476),(-78.441261,0.1,16.233999),(-78.311409,0.1,16.179388),(-78.210976,0.1,16.11524),(-78.132858,0.1,16.044159),(-78.077065,
   0.1,15.966142),(-78.043579,0.1,15.88119),(-78.032425,0.1,15.789304),(-78.042908,0.1,15.700596),(-78.074356,0.1,15.619401),(-78.12677,0.1,15.545718),(-78.20015,0.1,15.479548),(-78.294502,0.1,15.420892),(-78.44059,0.1,15.363679),(-78.621841,0.1,15.31918),(-78.838272,
   0.1,15.287396),(-79.089859,0.1,15.268325),(-79.376625,0.1,15.261969),(-79.662209,0.1,15.267747),(-79.910248,0.1,15.285085),(-80.120758,0.1,15.313979),(-80.293724,0.1,15.354433),(-80.429161,0.1,15.406444),(-80.534164,0.1,15.46799),(-80.615829,0.1,15.537049),(-80.674164,
   0.1,15.613622),(-80.70916,0.1,15.697706),(-80.720825,0.1,15.789304)));
#114=COMPLEX_TRIANGULATED_SURFACE_SET('',#113,100,((0.,1.,0.)),(),((42,41,75),(41,40,75),(39,38,76),(76,40,39),(37,77,38),(73,45,44),(74,73,44),(73,72,
   45),(42,74,43),(43,74,44),(45,72,46),(37,36,77),(34,79,35),(33,79,34),(32,31,81),(33,32,80),(32,81,80),(74,42,
   75),(75,40,76),(80,79,33),(77,36,78),(79,78,35),(38,77,76),(78,36,35),(46,71,47),(71,46,72),(47,71,70),(48,70,
   69),(47,70,48),(48,69,68),(49,67,50),(49,48,68),(50,66,51),(65,52,51),(64,53,52),(49,68,67),(64,52,65),(65,51,
   66),(63,62,54),(63,54,53),(63,53,64),(54,61,55),(61,54,62),(55,61,60),(58,55,59),(1,55,58),(57,1,58),(59,55,
   60),(66,50,67),(82,81,31),(31,83,82),(83,31,30),(83,30,84),(85,84,29),(29,84,30),(85,29,28),(27,86,85),(26,87,
   86),(22,89,88),(20,90,89),(88,87,24),(27,85,28),(87,26,25),(87,25,24),(88,23,22),(88,24,23),(89,22,21),(92,91,
   17),(89,21,20),(90,20,19),(18,91,90),(17,91,18),(19,18,90),(92,17,16),(26,86,27),(99,98,5),(100,99,4),(8,97,
   96),(6,98,97),(5,98,6),(57,101,2),(2,101,3),(57,2,1),(100,3,101),(100,4,3),(99,5,4),(96,95,10),(13,94,
   14),(14,94,93),(94,13,12),(93,15,14),(93,92,15),(92,16,15),(8,7,97),(6,97,7),(10,95,11),(96,9,8),(9,96,
   10),(95,12,11),(94,12,95)),());
#115=COORDINATES_LIST('',41,((-78.193054,0.1,13.853333),(-78.188316,0.1,13.797132),(-78.17411,0.1,13.744109),(-78.150444,0.1,13.694264),(-78.117302,0.1,13.647599),(-78.074692,0.1,13.604113),(-78.024986,0.1,13.566404),(-77.970535,0.1,13.537075),(-77.911362,0.1,13.516127),(-77.84745,
   0.1,13.503557),(-77.778801,0.1,13.499368),(-77.713028,0.1,13.503557),(-77.65097,0.1,13.516127),(-77.592644,0.1,13.537076),(-77.538025,0.1,13.566404),(-77.487137,0.1,13.604113),(-77.443001,0.1,13.647599),(-77.408676,0.1,13.694264),(-77.384163,0.1,13.744109),(-77.369453,
   0.1,13.797132),(-77.364548,0.1,13.853333),(-77.369453,0.1,13.911989),(-77.384163,0.1,13.966601),(-77.408676,0.1,14.017168),(-77.443001,0.1,14.063688),(-77.487137,0.1,14.106165),(-77.538025,0.1,14.142572),(-77.592644,0.1,14.17089),(-77.65097,0.1,14.191116),(-77.713028,
   0.1,14.203252),(-77.778801,0.1,14.207297),(-77.84745,0.1,14.203252),(-77.911362,0.1,14.191116),(-77.970535,0.1,14.17089),(-78.024986,0.1,14.142572),(-78.074692,0.1,14.106165),(-78.117302,0.1,14.063688),(-78.150444,0.1,14.017168),(-78.17411,0.1,13.966601),(-78.188316,
   0.1,13.911989),(-78.193054,0.1,13.853333)));
#116=COMPLEX_TRIANGULATED_SURFACE_SET('',#115,40,((0.,1.,0.)),(),((31,30,27),(30,29,28),(30,28,27),(27,26,21),(21,26,22),(25,24,23),(25,23,22),(26,25,
   22),(31,27,21),(35,32,36),(33,35,34),(35,33,32),(32,31,40),(37,36,39),(37,39,38),(39,36,40),(36,32,40),(40,31,
   1),(31,21,16),(20,19,18),(16,21,17),(17,20,18),(31,16,1),(15,14,12),(12,11,15),(12,14,13),(15,11,16),(1,16,
   11),(5,4,2),(5,2,1),(2,4,3),(1,11,5),(10,9,7),(10,7,6),(7,9,8),(5,11,6),(11,10,6),(21,20,
   17)),());
#117=COORDINATES_LIST('',129,((-80.365753,0.1,12.329116),(-80.365753,0.1,12.935913),(-80.531456,0.1,12.911641),(-80.683632,0.1,12.8735),(-80.822281,0.1,12.821488),(-80.947395,0.1,12.755608),(-81.05899,0.1,12.675858),(-81.189865,0.1,12.548429),(-81.291649,0.1,12.408867),(-81.364357,
   0.1,12.257167),(-81.407982,0.1,12.093332),(-81.422516,0.1,11.917361),(-81.410347,0.1,11.758004),(-81.373825,0.1,11.609339),(-81.312958,0.1,11.471365),(-81.227737,0.1,11.344082),(-81.118172,0.1,11.22749),(-80.992035,0.1,11.127369),(-80.857109,0.1,11.049497),(-80.713387,
   0.1,10.993874),(-80.560875,0.1,10.9605),(-80.399574,0.1,10.949375),(-80.296768,0.1,10.954288),(-80.198029,0.1,10.969024),(-80.10334,0.1,10.993585),(-80.012711,0.1,11.02797),(-79.92614,0.1,11.07218),(-79.844643,0.1,11.125635),(-79.769234,0.1,11.187759),(-79.699913,
   0.1,11.258553),(-79.636673,0.1,11.338015),(-79.579521,0.1,11.426145),(-79.532349,0.1,11.31013),(-79.471985,0.1,11.204807),(-79.398438,0.1,11.110176),(-79.311699,0.1,11.026237),(-79.211769,0.1,10.952987),(-79.1017,0.1,10.891873),(-78.984528,0.1,10.844341),(-78.860252,
   0.1,10.81039),(-78.728874,0.1,10.790018),(-78.590393,0.1,10.783228),(-78.387154,0.1,10.796375),(-78.19677,0.1,10.835817),(-78.019234,0.1,10.901554),(-77.854546,0.1,10.993585),(-77.702713,0.1,11.11191),(-77.571846,0.1,11.250751),(-77.470055,0.1,11.404328),(-77.397354,
   0.1,11.572642),(-77.353729,0.1,11.755692),(-77.339188,0.1,11.95348),(-77.352882,0.1,12.137397),(-77.393967,0.1,12.307734),(-77.462448,0.1,12.46449),(-77.558319,0.1,12.607665),(-77.68158,0.1,12.737259),(-77.828506,0.1,12.848939),(-77.995392,0.1,12.938369),(-78.182228,
   0.1,13.00555),(-78.389015,0.1,13.050482),(-78.615753,0.1,13.073165),(-78.615753,0.1,12.444696),(-78.500443,0.1,12.426059),(-78.39798,0.1,12.399042),(-78.308365,0.1,12.363646),(-78.231606,0.1,12.31987),(-78.167686,0.1,12.267714),(-78.115952,0.1,12.208624),(-78.075706,
   0.1,12.144043),(-78.046967,0.1,12.073973),(-78.029716,0.1,11.998412),(-78.023972,0.1,11.917361),(-78.030563,0.1,11.830964),(-78.050346,0.1,11.750925),(-78.083321,0.1,11.677242),(-78.129478,0.1,11.609917),(-78.188828,0.1,11.548948),(-78.25798,0.1,11.496937),(-78.333557,
   0.1,11.456484),(-78.415565,0.1,11.427589),(-78.50399,0.1,11.410252),(-78.598846,0.1,11.404473),(-78.70047,0.1,11.412274),(-78.795662,0.1,11.435679),(-78.88443,0.1,11.474688),(-78.966774,0.1,11.5293),(-79.042686,0.1,11.599515),(-79.108459,0.1,11.684755),(-79.16037,
   0.1,11.784443),(-79.19841,0.1,11.89858),(-79.222595,0.1,12.027163),(-79.232903,0.1,12.170193),(-79.866966,0.1,12.170193),(-79.875587,0.1,12.082497),(-79.887932,0.1,12.004335),(-79.903992,0.1,11.935709),(-79.923775,0.1,11.876618),(-79.947281,0.1,11.827064),(-79.974335,
   0.1,11.784299),(-80.004768,0.1,11.74558),(-80.038582,0.1,11.710905),(-80.075783,0.1,11.680277),(-80.116364,0.1,11.653693),(-80.159477,0.1,11.631588),(-80.204285,0.1,11.614396),(-80.250778,0.1,11.602116),(-80.298965,0.1,11.594748),(-80.348846,0.1,11.592291),(-80.410728,
   0.1,11.596047),(-80.46788,0.1,11.607316),(-80.520294,0.1,11.626099),(-80.567978,0.1,11.652393),(-80.610924,0.1,11.6862),(-80.647446,0.1,11.726075),(-80.67585,0.1,11.770574),(-80.696144,0.1,11.819695),(-80.708321,0.1,11.873441),(-80.712372,0.1,11.931808),(-80.708488,
   0.1,11.985698),(-80.696823,0.1,12.037564),(-80.677376,0.1,12.087409),(-80.650154,0.1,12.13523),(-80.61515,0.1,12.181028),(-80.574066,0.1,12.222782),(-80.52858,0.1,12.258468),(-80.478706,0.1,12.288085),(-80.424431,0.1,12.311634),(-80.365753,0.1,12.329116)));
#118=COMPLEX_TRIANGULATED_SURFACE_SET('',#117,128,((0.,1.,0.)),(),((57,65,58),(58,64,59),(66,57,56),(55,54,68),(69,68,54),(54,70,69),(56,55,67),(67,55,
   68),(61,60,63),(63,62,61),(60,64,63),(65,57,66),(64,60,59),(64,58,65),(56,67,66),(53,52,72),(72,71,53),(52,73,
   72),(53,71,70),(52,74,73),(74,52,51),(75,74,51),(95,93,92),(95,94,93),(97,92,91),(92,96,95),(97,96,92),(91,90,
   98),(100,90,32),(70,54,53),(2,1,3),(128,6,1),(1,4,3),(7,128,127),(9,126,125),(8,127,126),(9,125,124),(5,1,
   6),(7,6,128),(5,4,1),(126,9,8),(8,7,127),(9,124,10),(123,122,10),(10,124,123),(98,97,91),(98,90,99),(32,101,
   100),(13,116,14),(99,90,100),(121,120,11),(12,120,119),(120,12,11),(121,11,122),(118,117,13),(13,12,118),(117,116,13),(118,12,
   119),(116,115,14),(122,11,10),(75,51,50),(76,50,77),(50,76,75),(49,78,77),(77,50,49),(80,79,48),(78,48,79),(47,81,
   80),(81,46,82),(87,86,33),(32,89,88),(88,87,32),(43,83,82),(85,84,36),(83,39,84),(86,85,34),(48,78,49),(32,90,
   89),(46,81,47),(45,82,46),(82,45,44),(43,42,83),(83,42,41),(82,44,43),(40,83,41),(35,85,36),(34,85,35),(33,86,
   34),(38,84,39),(84,38,37),(36,84,37),(83,40,39),(47,80,48),(33,32,87),(103,102,32),(105,104,32),(103,32,104),(107,106,
   31),(105,31,106),(29,108,107),(108,28,109),(101,32,102),(15,114,113),(114,14,115),(15,14,114),(15,113,16),(18,111,110),(113,112,
   16),(111,17,112),(20,110,109),(31,105,32),(107,30,29),(28,108,29),(109,28,27),(25,109,26),(109,25,24),(109,27,26),(23,109,
   24),(18,110,19),(17,111,18),(16,112,17),(21,109,22),(109,21,20),(19,110,20),(109,23,22),(107,31,30)),());
#76=TESSELLATED_GEOMETRIC_SET('general dimension',(#78,#80,#81,#83,#85,#87,#89,#91,#93,#95,#97,#99,#101,#103,#105,#107,#109,#112,#114,#116,#118));
#75=TESSELLATED_ANNOTATION_OCCURRENCE('\X2\8DDD96E295939694\X0\4@\X2\5E739762\X0\9(30.3)',(#31),#76);
#119=DRAUGHTING_CALLOUT('\X2\8DDD96E295939694\X0\4@\X2\5E739762\X0\9(30.3)',(#75));
#122=COORDINATES_LIST('',3,((-76.486084,0.1,30.299999),(-75.978081,0.1,33.602001),(-76.99408,0.1,33.602001)));
#123=COMPLEX_TRIANGULATED_SURFACE_SET('',#122,3,((0.,-1.,0.)),(),((2,3,1)),());
#124=COORDINATES_LIST('',3,((-76.486084,0.1,44.5),(-76.99408,0.1,41.198002),(-75.978081,0.1,41.198002)));
#125=COMPLEX_TRIANGULATED_SURFACE_SET('',#124,3,((0.,-1.,0.)),(),((3,1,2)),());
#127=COORDINATES_LIST('',2,((-25.549999,0.1,30.299999),(-77.486084,0.1,30.299999)));
#126=TESSELLATED_CURVE_SET('',#127,((1,2)));
#129=COORDINATES_LIST('',2,((-31.15,0.1,44.5),(-77.486084,0.1,44.5)));
#128=TESSELLATED_CURVE_SET('',#129,((1,2)));
#131=COORDINATES_LIST('',2,((-25.549999,0.1,30.299999),(-24.549999,0.1,30.299999)));
#130=TESSELLATED_CURVE_SET('',#131,((1,2)));
#133=COORDINATES_LIST('',2,((-24.549999,0.1,30.299999),(-24.549999,0.,30.299999)));
#132=TESSELLATED_CURVE_SET('',#133,((1,2)));
#135=COORDINATES_LIST('',2,((-25.549999,0.1,30.299999),(-24.549999,0.1,30.299999)));
#134=TESSELLATED_CURVE_SET('',#135,((1,2)));
#137=COORDINATES_LIST('',2,((-24.549999,0.1,30.299999),(-24.549999,0.,30.299999)));
#136=TESSELLATED_CURVE_SET('',#137,((1,2)));
#139=COORDINATES_LIST('',2,((-31.15,0.1,44.5),(-30.15,0.1,44.5)));
#138=TESSELLATED_CURVE_SET('',#139,((1,2)));
#141=COORDINATES_LIST('',2,((-30.15,0.1,44.5),(-30.15,0.,44.5)));
#140=TESSELLATED_CURVE_SET('',#141,((1,2)));
#143=COORDINATES_LIST('',2,((-76.486084,0.1,30.299999),(-76.486084,0.1,44.5)));
#142=TESSELLATED_CURVE_SET('',#143,((1,2)));
#144=COORDINATES_LIST('',6,((-81.345673,0.1,41.167198),(-81.345673,0.1,40.220882),(-77.456787,0.1,40.220882),(-77.456787,0.1,40.849354),(-80.652435,0.1,40.849354),(-80.652435,0.1,41.528385)));
#145=COMPLEX_TRIANGULATED_SURFACE_SET('',#144,6,((0.,1.,0.)),(),((1,6,5),(5,3,2),(3,5,4),(5,2,1)),());
#146=COORDINATES_LIST('',15,((-81.438667,0.1,37.808144),(-81.438667,0.1,37.179676),(-78.936256,0.1,37.179676),(-78.936256,0.1,36.883499),(-78.251472,0.1,36.883499),(-78.251472,0.1,37.179676),(-77.456787,0.1,37.179676),(-77.456787,0.1,37.793697),(-78.251472,0.1,37.793697),(-78.251472,
   0.1,39.245674),(-78.936256,0.1,39.245674),(-78.936256,0.1,37.793697),(-80.23819,0.1,37.793697),(-78.936256,0.1,38.552193),(-78.251472,0.1,38.519684)));
#147=COMPLEX_TRIANGULATED_SURFACE_SET('',#146,15,((0.,1.,0.)),(),((9,8,6),(9,12,15),(1,11,13),(14,11,10),(11,14,13),(15,12,14),(9,3,12),(14,10,
   15),(6,5,4),(3,9,6),(13,3,2),(13,12,3),(3,6,4),(13,2,1),(6,8,7)),());
#148=COORDINATES_LIST('',41,((-78.209206,0.1,36.103333),(-78.204468,0.1,36.047131),(-78.190262,0.1,35.99411),(-78.166595,0.1,35.944263),(-78.133453,0.1,35.897598),(-78.090843,0.1,35.854111),(-78.041138,0.1,35.816402),(-77.986687,0.1,35.787075),(-77.927513,0.1,35.766129),(-77.863602,
   0.1,35.753559),(-77.794952,0.1,35.749367),(-77.729179,0.1,35.753555),(-77.667122,0.1,35.766129),(-77.608795,0.1,35.787075),(-77.554176,0.1,35.816402),(-77.503288,0.1,35.854111),(-77.459152,0.1,35.897598),(-77.424828,0.1,35.944263),(-77.400314,0.1,35.99411),(-77.385605,
   0.1,36.047131),(-77.380699,0.1,36.103333),(-77.385605,0.1,36.161991),(-77.400314,0.1,36.216602),(-77.424828,0.1,36.267166),(-77.459152,0.1,36.31369),(-77.503288,0.1,36.356163),(-77.554176,0.1,36.39257),(-77.608795,0.1,36.420891),(-77.667122,0.1,36.441116),(-77.729179,
   0.1,36.453251),(-77.794952,0.1,36.457298),(-77.863602,0.1,36.453251),(-77.927513,0.1,36.441116),(-77.986687,0.1,36.420891),(-78.041138,0.1,36.39257),(-78.090843,0.1,36.356163),(-78.133453,0.1,36.31369),(-78.166595,0.1,36.267166),(-78.190262,0.1,36.216602),(-78.204468,
   0.1,36.161991),(-78.209206,0.1,36.103333)));
#149=COMPLEX_TRIANGULATED_SURFACE_SET('',#148,40,((0.,1.,0.)),(),((31,30,27),(30,29,28),(30,28,27),(27,26,21),(21,26,22),(25,24,23),(25,23,22),(26,25,
   22),(31,27,21),(35,32,36),(33,35,34),(35,33,32),(32,31,40),(37,36,39),(37,39,38),(39,36,40),(36,32,40),(40,31,
   1),(31,21,16),(20,19,18),(16,21,17),(17,20,18),(31,16,1),(15,14,12),(12,11,15),(12,14,13),(15,11,16),(1,16,
   11),(5,4,2),(5,2,1),(2,4,3),(1,11,5),(10,9,7),(10,7,6),(7,9,8),(5,11,6),(11,10,6),(21,20,
   17)),());
#150=COORDINATES_LIST('',74,((-80.094467,0.1,34.651352),(-80.094467,0.1,35.272598),(-80.334061,0.1,35.249771),(-80.552345,0.1,35.204407),(-80.749321,0.1,35.136501),(-80.925003,0.1,35.046062),(-81.079369,0.1,34.933083),(-81.208717,0.1,34.801609),(-81.309326,0.1,34.655689),(-81.38118,
   0.1,34.495319),(-81.424301,0.1,34.320503),(-81.438667,0.1,34.131241),(-81.432755,0.1,34.012772),(-81.415001,0.1,33.900082),(-81.385406,0.1,33.793171),(-81.343987,0.1,33.692036),(-81.290726,0.1,33.596684),(-81.226135,0.1,33.507973),(-81.150726,0.1,33.426781),(-81.064491,
   0.1,33.353096),(-80.967438,0.1,33.286926),(-80.859566,0.1,33.228271),(-80.746109,0.1,33.17886),(-80.632317,0.1,33.14043),(-80.518188,0.1,33.11298),(-80.403717,0.1,33.096508),(-80.28891,0.1,33.091019),(-80.148239,0.1,33.097664),(-80.003502,0.1,33.117603),(-79.854706,
   0.1,33.150829),(-79.701859,0.1,33.197353),(-79.544952,0.1,33.257164),(-79.379929,0.1,33.334892),(-79.202728,0.1,33.435158),(-79.013359,0.1,33.557964),(-78.811813,0.1,33.703304),(-78.598091,0.1,33.871185),(-78.141571,0.1,34.246822),(-78.141571,0.1,33.062122),(-77.456787,
   0.1,33.062122),(-77.456787,0.1,35.359283),(-77.811859,0.1,35.359283),(-79.037704,0.1,34.333508),(-79.206787,0.1,34.193367),(-79.362343,0.1,34.073452),(-79.504372,0.1,33.973763),(-79.632874,0.1,33.894302),(-79.747849,0.1,33.835068),(-79.853699,0.1,33.790859),(-79.954803,
   0.1,33.756474),(-80.051186,0.1,33.731911),(-80.142822,0.1,33.717175),(-80.229736,0.1,33.712265),(-80.317657,0.1,33.717464),(-80.398819,0.1,33.733067),(-80.473213,0.1,33.759071),(-80.540848,0.1,33.795483),(-80.601715,0.1,33.842293),(-80.653458,0.1,33.89719),(-80.693695,
   0.1,33.95787),(-80.722443,0.1,34.02433),(-80.739685,0.1,34.096569),(-80.745438,0.1,34.174583),(-80.738503,0.1,34.252747),(-80.717705,0.1,34.325417),(-80.683044,0.1,34.392597),(-80.634514,0.1,34.454288),(-80.572128,0.1,34.51049),(-80.497559,0.1,34.558891),(-80.412514,
   0.1,34.597176),(-80.316978,0.1,34.625347),(-80.210968,0.1,34.643406),(-80.094467,0.1,34.651352),(-78.141571,0.1,33.654472)));
#151=COMPLEX_TRIANGULATED_SURFACE_SET('',#150,73,((0.,1.,0.)),(),((38,40,74),(2,1,3),(42,41,38),(39,74,40),(4,3,72),(5,72,71),(4,72,5),(3,1,
   72),(70,6,71),(44,43,37),(37,45,44),(45,36,46),(7,70,69),(35,47,46),(8,69,68),(43,38,37),(43,42,38),(41,40,
   38),(9,68,67),(5,71,6),(70,7,6),(66,10,67),(10,66,65),(69,8,7),(8,68,9),(10,9,67),(65,11,10),(65,64,
   11),(14,60,15),(61,60,14),(12,11,63),(12,63,62),(61,13,62),(13,61,14),(62,13,12),(60,59,15),(63,11,64),(36,35,
   46),(35,48,47),(49,48,34),(33,50,49),(31,52,51),(29,53,52),(51,50,32),(34,48,35),(32,50,33),(30,52,31),(29,28,
   53),(52,30,29),(51,32,31),(33,49,34),(53,28,27),(57,56,18),(20,56,55),(18,56,19),(16,59,58),(59,16,15),(58,17,
   16),(58,57,17),(57,18,17),(55,54,22),(24,54,25),(26,25,54),(23,54,24),(56,20,19),(21,20,55),(22,21,55),(22,54,
   23),(54,53,26),(53,27,26),(45,37,36)),());
#121=TESSELLATED_GEOMETRIC_SET('general dimension',(#123,#125,#126,#128,#130,#132,#134,#136,#138,#140,#142,#145,#147,#149,#151));
#120=TESSELLATED_ANNOTATION_OCCURRENCE('\X2\8DDD96E295939694\X0\1@\X2\5E739762\X0\10(14.2)',(#31),#121);
#152=DRAUGHTING_CALLOUT('\X2\8DDD96E295939694\X0\1@\X2\5E739762\X0\10(14.2)',(#120));
#155=COORDINATES_LIST('',3,((-75.78511,0.1,-30.299999),(-76.293106,0.1,-33.602001),(-75.277107,0.1,-33.602001)));
#156=COMPLEX_TRIANGULATED_SURFACE_SET('',#155,3,((-0.,-1.,0.)),(),((3,1,2)),());
#157=COORDINATES_LIST('',3,((-75.78511,0.1,-44.5),(-75.277107,0.1,-41.198002),(-76.293106,0.1,-41.198002)));
#158=COMPLEX_TRIANGULATED_SURFACE_SET('',#157,3,((0.,-1.,0.)),(),((2,3,1)),());
#160=COORDINATES_LIST('',2,((-25.549999,0.1,-30.299999),(-76.78511,0.1,-30.299999)));
#159=TESSELLATED_CURVE_SET('',#160,((1,2)));
#162=COORDINATES_LIST('',2,((-31.15,0.1,-44.5),(-76.78511,0.1,-44.5)));
#161=TESSELLATED_CURVE_SET('',#162,((1,2)));
#164=COORDINATES_LIST('',2,((-25.549999,0.1,-30.299999),(-24.549999,0.1,-30.299999)));
#163=TESSELLATED_CURVE_SET('',#164,((1,2)));
#166=COORDINATES_LIST('',2,((-24.549999,0.1,-30.299999),(-24.549999,0.,-30.299999)));
#165=TESSELLATED_CURVE_SET('',#166,((1,2)));
#168=COORDINATES_LIST('',2,((-25.549999,0.1,-30.299999),(-24.549999,0.1,-30.299999)));
#167=TESSELLATED_CURVE_SET('',#168,((1,2)));
#170=COORDINATES_LIST('',2,((-24.549999,0.1,-30.299999),(-24.549999,0.,-30.299999)));
#169=TESSELLATED_CURVE_SET('',#170,((1,2)));
#172=COORDINATES_LIST('',2,((-31.15,0.1,-44.5),(-30.15,0.1,-44.5)));
#171=TESSELLATED_CURVE_SET('',#172,((1,2)));
#174=COORDINATES_LIST('',2,((-30.15,0.1,-44.5),(-30.15,0.,-44.5)));
#173=TESSELLATED_CURVE_SET('',#174,((1,2)));
#176=COORDINATES_LIST('',2,((-75.78511,0.1,-30.299999),(-75.78511,0.1,-44.5)));
#175=TESSELLATED_CURVE_SET('',#176,((1,2)));
#177=COORDINATES_LIST('',6,((-80.644699,0.1,-33.632801),(-80.644699,0.1,-34.579117),(-76.755814,0.1,-34.579117),(-76.755814,0.1,-33.950645),(-79.951462,0.1,-33.950645),(-79.951462,0.1,-33.271614)));
#178=COMPLEX_TRIANGULATED_SURFACE_SET('',#177,6,((0.,1.,0.)),(),((1,6,5),(5,3,2),(3,5,4),(5,2,1)),());
#179=COORDINATES_LIST('',15,((-80.737694,0.1,-36.991856),(-80.737694,0.1,-37.620323),(-78.235283,0.1,-37.620323),(-78.235283,0.1,-37.9165),(-77.550499,0.1,-37.9165),(-77.550499,0.1,-37.620323),(-76.755814,0.1,-37.620323),(-76.755814,0.1,-37.006302),(-77.550499,0.1,-37.006302),(-77.550499,
   0.1,-35.554325),(-78.235283,0.1,-35.554325),(-78.235283,0.1,-37.006302),(-79.537216,0.1,-37.006302),(-78.235283,0.1,-36.247807),(-77.550499,0.1,-36.280312)));
#180=COMPLEX_TRIANGULATED_SURFACE_SET('',#179,15,((0.,1.,0.)),(),((9,8,7),(9,12,15),(1,11,13),(14,11,10),(11,14,13),(15,12,14),(9,6,12),(14,10,
   15),(6,5,3),(3,12,6),(13,3,2),(13,12,3),(3,5,4),(13,2,1),(6,9,7)),());
#181=COORDINATES_LIST('',41,((-77.508232,0.1,-38.696667),(-77.503494,0.1,-38.752869),(-77.489288,0.1,-38.805889),(-77.465622,0.1,-38.855736),(-77.43248,0.1,-38.902401),(-77.38987,0.1,-38.945889),(-77.340164,0.1,-38.983597),(-77.285713,0.1,-39.012924),(-77.22654,0.1,-39.033871),(-77.162628,
   0.1,-39.04644),(-77.093979,0.1,-39.050632),(-77.028206,0.1,-39.046444),(-76.966148,0.1,-39.033871),(-76.907822,0.1,-39.012924),(-76.853203,0.1,-38.983597),(-76.802315,0.1,-38.945889),(-76.758179,0.1,-38.902401),(-76.723854,0.1,-38.855736),(-76.699341,0.1,-38.805889),(-76.684631,
   0.1,-38.752869),(-76.679726,0.1,-38.696667),(-76.684631,0.1,-38.638008),(-76.699341,0.1,-38.583397),(-76.723854,0.1,-38.532833),(-76.758179,0.1,-38.486309),(-76.802315,0.1,-38.443836),(-76.853203,0.1,-38.407429),(-76.907822,0.1,-38.379108),(-76.966148,0.1,-38.358883),(-77.028206,
   0.1,-38.346748),(-77.093979,0.1,-38.342701),(-77.162628,0.1,-38.346748),(-77.22654,0.1,-38.358883),(-77.285713,0.1,-38.379108),(-77.340164,0.1,-38.407429),(-77.38987,0.1,-38.443836),(-77.43248,0.1,-38.486309),(-77.465622,0.1,-38.532833),(-77.489288,0.1,-38.583397),(-77.503494,
   0.1,-38.638008),(-77.508232,0.1,-38.696667)));
#182=COMPLEX_TRIANGULATED_SURFACE_SET('',#181,40,((0.,1.,0.)),(),((31,30,27),(30,29,28),(30,28,27),(27,26,21),(21,26,22),(25,24,23),(25,23,22),(26,25,
   22),(31,27,21),(35,32,36),(33,35,34),(35,33,32),(32,31,40),(37,36,39),(37,39,38),(39,36,40),(36,32,40),(40,31,
   1),(31,21,16),(20,19,18),(16,21,17),(17,20,18),(31,16,1),(15,14,12),(12,11,15),(12,14,13),(15,11,16),(1,16,
   11),(5,4,2),(5,2,1),(2,4,3),(1,11,5),(10,9,7),(10,7,6),(7,9,8),(5,11,6),(11,10,6),(21,20,
   17)),());
#183=COORDINATES_LIST('',74,((-79.393494,0.1,-40.148647),(-79.393494,0.1,-39.527401),(-79.633087,0.1,-39.550228),(-79.851372,0.1,-39.595592),(-80.048347,0.1,-39.663498),(-80.22403,0.1,-39.753937),(-80.378395,0.1,-39.866917),(-80.507744,0.1,-39.99839),(-80.608353,0.1,-40.14431),(-80.680206,
   0.1,-40.30468),(-80.723328,0.1,-40.479496),(-80.737694,0.1,-40.668758),(-80.731781,0.1,-40.787228),(-80.714027,0.1,-40.899918),(-80.684433,0.1,-41.006828),(-80.643013,0.1,-41.107964),(-80.589752,0.1,-41.203316),(-80.525162,0.1,-41.292027),(-80.449753,0.1,-41.373219),(-80.363518,
   0.1,-41.446903),(-80.266464,0.1,-41.513073),(-80.158592,0.1,-41.571728),(-80.045135,0.1,-41.62114),(-79.931343,0.1,-41.659569),(-79.817215,0.1,-41.687019),(-79.702744,0.1,-41.703491),(-79.587936,0.1,-41.708981),(-79.447266,0.1,-41.702335),(-79.302528,0.1,-41.682396),(-79.153732,
   0.1,-41.64917),(-79.000885,0.1,-41.602646),(-78.843979,0.1,-41.542835),(-78.678955,0.1,-41.465107),(-78.501755,0.1,-41.364841),(-78.312386,0.1,-41.242035),(-78.11084,0.1,-41.096695),(-77.897118,0.1,-40.928814),(-77.440598,0.1,-40.553177),(-77.440598,0.1,-41.737877),(-76.755814,
   0.1,-41.737877),(-76.755814,0.1,-39.440716),(-77.110886,0.1,-39.440716),(-78.336731,0.1,-40.466492),(-78.505814,0.1,-40.606632),(-78.661369,0.1,-40.726547),(-78.803398,0.1,-40.826237),(-78.9319,0.1,-40.905697),(-79.046875,0.1,-40.964931),(-79.152725,0.1,-41.00914),(-79.25383,
   0.1,-41.043526),(-79.350212,0.1,-41.068089),(-79.441849,0.1,-41.082825),(-79.528763,0.1,-41.087734),(-79.616684,0.1,-41.082535),(-79.697845,0.1,-41.066933),(-79.77224,0.1,-41.040928),(-79.839874,0.1,-41.004517),(-79.900742,0.1,-40.957706),(-79.952484,0.1,-40.902809),(-79.992722,
   0.1,-40.842129),(-80.021469,0.1,-40.775669),(-80.038712,0.1,-40.70343),(-80.044464,0.1,-40.625416),(-80.037529,0.1,-40.547253),(-80.016731,0.1,-40.474583),(-79.982071,0.1,-40.407402),(-79.93354,0.1,-40.345711),(-79.871155,0.1,-40.289509),(-79.796585,0.1,-40.241108),(-79.71154,
   0.1,-40.202824),(-79.616005,0.1,-40.174652),(-79.509995,0.1,-40.156593),(-79.393494,0.1,-40.148647),(-77.440598,0.1,-41.145527)));
#184=COMPLEX_TRIANGULATED_SURFACE_SET('',#183,73,((0.,1.,0.)),(),((38,40,74),(2,1,3),(42,41,38),(39,74,40),(4,3,72),(5,72,71),(4,72,5),(3,1,
   72),(70,6,71),(44,43,37),(37,45,44),(45,36,46),(7,70,69),(35,47,46),(8,69,68),(43,38,37),(43,42,38),(41,40,
   38),(9,68,67),(5,71,6),(70,7,6),(66,10,67),(10,66,65),(69,8,7),(8,68,9),(10,9,67),(65,11,10),(65,64,
   11),(14,60,15),(61,60,14),(12,11,63),(12,63,62),(61,13,62),(13,61,14),(62,13,12),(60,59,15),(63,11,64),(36,35,
   46),(35,48,47),(49,48,34),(33,50,49),(31,52,51),(29,53,52),(51,50,32),(34,48,35),(32,50,33),(30,52,31),(29,28,
   53),(52,30,29),(51,32,31),(33,49,34),(53,28,27),(57,56,18),(20,56,55),(18,56,19),(16,59,58),(59,16,15),(58,17,
   16),(58,57,17),(57,18,17),(55,54,22),(24,54,25),(26,25,54),(23,54,24),(56,20,19),(21,20,55),(22,21,55),(22,54,
   23),(54,53,26),(53,27,26),(45,37,36)),());
#154=TESSELLATED_GEOMETRIC_SET('general dimension',(#156,#158,#159,#161,#163,#165,#167,#169,#171,#173,#175,#178,#180,#182,#184));
#153=TESSELLATED_ANNOTATION_OCCURRENCE('\X2\8DDD96E295939694\X0\1@\X2\5E739762\X0\11(14.2)',(#31),#154);
#185=DRAUGHTING_CALLOUT('\X2\8DDD96E295939694\X0\1@\X2\5E739762\X0\11(14.2)',(#153));
#188=COORDINATES_LIST('',3,((134.417862,0.1,44.5),(134.925858,0.1,41.198002),(133.909866,0.1,41.198002)));
#189=COMPLEX_TRIANGULATED_SURFACE_SET('',#188,3,((-0.,-1.,0.)),(),((2,1,3)),());
#190=COORDINATES_LIST('',3,((134.417862,0.1,-44.5),(133.909866,0.1,-41.198002),(134.925858,0.1,-41.198002)));
#191=COMPLEX_TRIANGULATED_SURFACE_SET('',#190,3,((-0.,-1.,0.)),(),((3,2,1)),());
#193=COORDINATES_LIST('',2,((31.15,0.1,44.5),(135.417862,0.1,44.5)));
#192=TESSELLATED_CURVE_SET('',#193,((1,2)));
#195=COORDINATES_LIST('',2,((31.15,0.1,-44.5),(135.417862,0.1,-44.5)));
#194=TESSELLATED_CURVE_SET('',#195,((1,2)));
#197=COORDINATES_LIST('',2,((31.15,0.1,44.5),(30.15,0.1,44.5)));
#196=TESSELLATED_CURVE_SET('',#197,((1,2)));
#199=COORDINATES_LIST('',2,((30.15,0.1,44.5),(30.15,0.,44.5)));
#198=TESSELLATED_CURVE_SET('',#199,((1,2)));
#201=COORDINATES_LIST('',2,((31.15,0.1,44.5),(30.15,0.1,44.5)));
#200=TESSELLATED_CURVE_SET('',#201,((1,2)));
#203=COORDINATES_LIST('',2,((30.15,0.1,44.5),(30.15,0.,44.5)));
#202=TESSELLATED_CURVE_SET('',#203,((1,2)));
#205=COORDINATES_LIST('',2,((31.15,0.1,-44.5),(30.15,0.1,-44.5)));
#204=TESSELLATED_CURVE_SET('',#205,((1,2)));
#207=COORDINATES_LIST('',2,((30.15,0.1,-44.5),(30.15,0.,-44.5)));
#206=TESSELLATED_CURVE_SET('',#207,((1,2)));
#209=COORDINATES_LIST('',2,((134.417862,0.1,44.5),(134.417862,0.1,-44.5)));
#208=TESSELLATED_CURVE_SET('',#209,((1,2)));
#210=COORDINATES_LIST('',183,((131.342087,0.1,2.553604),(131.413605,0.1,2.465474),(131.492905,0.1,2.386013),(131.579987,0.1,2.31522),(131.674835,0.1,2.253095),(131.777466,0.1,2.19964),(131.885513,0.1,2.15543),(131.996597,0.1,2.121045),(132.110733,0.1,2.096484),(132.227905,
   0.1,2.081748),(132.348129,0.1,2.076835),(132.481186,0.1,2.082614),(132.609863,0.1,2.099951),(132.734146,0.1,2.128847),(132.854019,0.1,2.1693),(132.969498,0.1,2.221311),(133.077377,0.1,2.283002),(133.174423,0.1,2.352494),(133.260666,0.1,2.429789),(133.336075,
   0.1,2.514885),(133.400665,0.1,2.607783),(133.453918,0.1,2.709927),(133.495346,0.1,2.822762),(133.524933,0.1,2.946289),(133.542694,0.1,3.080507),(133.548615,0.1,3.225415),(133.54303,0.1,3.377981),(133.526291,0.1,3.517834),(133.498398,0.1,3.644972),(133.459335,
   0.1,3.759397),(133.409119,0.1,3.861108),(133.347565,0.1,3.952561),(133.274521,0.1,4.036212),(133.189987,0.1,4.112062),(133.093948,0.1,4.18011),(132.986404,0.1,4.240355),(132.870255,0.1,4.291067),(132.748337,0.1,4.330508),(132.620682,0.1,4.358681),(132.487274,
   0.1,4.375585),(132.348129,0.1,4.381219),(132.228409,0.1,4.37674),(132.112762,0.1,4.363304),(132.001175,0.1,4.34091),(131.893631,0.1,4.309559),(131.790161,0.1,4.269251),(131.691071,0.1,4.219696),(131.596725,0.1,4.160605),(131.507111,0.1,4.09198),(131.422226,
   0.1,4.013818),(131.342087,0.1,3.926121),(131.270233,0.1,3.983767),(131.196671,0.1,4.035345),(131.121429,0.1,4.080855),(131.044495,0.1,4.120296),(130.965881,0.1,4.15367),(130.885559,0.1,4.180976),(130.803558,0.1,4.202214),(130.719864,0.1,4.217384),(130.634476,
   0.1,4.226486),(130.547394,0.1,4.22952),(130.427856,0.1,4.224463),(130.312714,0.1,4.209293),(130.201965,0.1,4.18401),(130.095612,0.1,4.148614),(129.993652,0.1,4.103104),(129.8983,0.1,4.048637),(129.811722,0.1,3.986368),(129.733948,0.1,3.916297),(129.664963,
   0.1,3.838425),(129.604767,0.1,3.752751),(129.55455,0.1,3.660287),(129.515488,0.1,3.562043),(129.487595,0.1,3.458021),(129.470856,0.1,3.34822),(129.465271,0.1,3.232639),(129.470856,0.1,3.117203),(129.487595,0.1,3.007835),(129.515488,0.1,2.904536),(129.55455,
   0.1,2.807303),(129.604767,0.1,2.716139),(129.665298,0.1,2.631766),(129.735306,0.1,2.554905),(129.814774,0.1,2.485557),(129.903702,0.1,2.423721),(130.002106,0.1,2.369398),(130.106766,0.1,2.323888),(130.214478,0.1,2.288492),(130.325226,0.1,2.263209),(130.439026,
   0.1,2.248039),(130.555847,0.1,2.242982),(130.636169,0.1,2.245583),(130.714798,0.1,2.253384),(130.791718,0.1,2.266387),(130.866959,0.1,2.284591),(130.940521,0.1,2.307996),(131.01474,0.1,2.338625),(131.09201,0.1,2.3785),(131.172333,0.1,2.427622),(131.255692,
   0.1,2.48599),(131.342087,0.1,2.553604),(130.175415,0.1,3.247087),(130.180328,0.1,3.308344),(130.195038,0.1,3.364979),(130.219543,0.1,3.41699),(130.253876,0.1,3.464378),(130.298004,0.1,3.507143),(130.349579,0.1,3.54355),(130.406219,0.1,3.571868),(130.467926,
   0.1,3.592094),(130.534714,0.1,3.60423),(130.606583,0.1,3.608275),(130.678604,0.1,3.603941),(130.745895,0.1,3.590938),(130.808456,0.1,3.569267),(130.866287,0.1,3.538927),(130.919388,0.1,3.499919),(130.965027,0.1,3.454843),(131.000534,0.1,3.406299),(131.025909,
   0.1,3.354288),(131.041122,0.1,3.298809),(131.046188,0.1,3.239863),(131.04129,0.1,3.178461),(131.026581,0.1,3.121393),(131.00206,0.1,3.06866),(130.967743,0.1,3.02026),(130.923615,0.1,2.976195),(130.871368,0.1,2.938487),(130.812683,0.1,2.909158),(130.747589,
   0.1,2.88821),(130.676071,0.1,2.87564),(130.598129,0.1,2.87145),(130.526428,0.1,2.87564),(130.460159,0.1,2.88821),(130.399292,0.1,2.909159),(130.343826,0.1,2.938487),(130.293777,0.1,2.976195),(130.251175,0.1,3.020549),(130.218033,0.1,3.069815),(130.194351,
   0.1,3.123994),(130.180161,0.1,3.183084),(130.175415,0.1,3.247087),(131.730972,0.1,3.225415),(131.737564,0.1,3.314846),(131.757355,0.1,3.398208),(131.790329,0.1,3.475502),(131.836487,0.1,3.546729),(131.895828,0.1,3.611887),(131.963974,0.1,3.667799),(132.036499,
   0.1,3.711287),(132.113434,0.1,3.742349),(132.194763,0.1,3.760986),(132.280487,0.1,3.767199),(132.372299,0.1,3.761275),(132.458374,0.1,3.743505),(132.538681,0.1,3.713887),(132.613251,0.1,3.672423),(132.682068,0.1,3.619111),(132.741409,0.1,3.556264),(132.787567,
   0.1,3.486194),(132.820541,0.1,3.408899),(132.840317,0.1,3.324381),(132.846924,0.1,3.232639),(132.840836,0.1,3.138586),(132.822571,0.1,3.052912),(132.79213,0.1,2.975617),(132.749527,0.1,2.906703),(132.694748,0.1,2.846167),(132.630157,0.1,2.795456),(132.558121,
   0.1,2.756015),(132.478653,0.1,2.727842),(132.391754,0.1,2.710938),(132.297394,0.1,2.705304),(132.205582,0.1,2.711227),(132.119522,0.1,2.728997),(132.039215,0.1,2.758615),(131.964645,0.1,2.80008),(131.895828,0.1,2.853391),(131.836487,0.1,2.91566),(131.790329,
   0.1,2.983997),(131.757355,0.1,3.058402),(131.737564,0.1,3.138875),(131.730972,0.1,3.225415)));
#211=COMPLEX_TRIANGULATED_SURFACE_SET('',#210,180,((0.,1.,0.)),(),((40,39,154),(154,153,40),(41,40,153),(38,154,39),(34,155,35),(33,156,34),(36,155,37),(35,155,
   36),(38,37,154),(32,156,33),(44,43,153),(44,153,45),(152,46,45),(42,153,43),(48,47,152),(46,152,47),(49,48,151),(49,151,
   50),(51,50,150),(153,152,45),(42,41,153),(32,31,157),(30,29,159),(157,31,158),(159,158,30),(29,160,159),(157,156,32),(161,28,
   27),(26,162,27),(163,162,26),(161,160,28),(162,161,27),(28,160,29),(154,37,155),(155,34,156),(151,150,50),(152,151,48),(148,147,
   51),(149,148,51),(119,146,145),(118,147,146),(51,147,117),(150,149,51),(144,143,122),(158,31,30),(120,145,144),(112,59,58),(112,61,
   60),(59,112,60),(58,57,112),(54,113,55),(53,113,54),(56,55,112),(113,112,55),(56,112,57),(53,52,114),(61,112,62),(63,62,
   111),(111,64,63),(64,111,65),(111,66,65),(110,67,66),(110,68,67),(69,68,109),(109,70,69),(108,71,70),(71,107,72),(62,112,
   111),(114,51,115),(114,113,53),(114,52,51),(119,145,120),(120,144,121),(116,51,117),(117,147,118),(118,146,119),(51,116,115),(107,71,
   108),(108,70,109),(72,106,73),(72,107,106),(73,106,105),(68,110,109),(104,103,75),(105,104,74),(104,75,74),(75,103,102),(75,102,
   76),(105,74,73),(110,66,111),(144,122,121),(26,25,164),(165,164,25),(24,166,165),(165,25,24),(23,167,166),(168,167,22),(23,166,
   24),(21,169,168),(20,170,169),(170,18,171),(127,180,179),(124,182,181),(123,143,182),(181,180,125),(175,174,5),(1,177,176),(1,178,
   177),(175,3,176),(1,179,178),(167,23,22),(122,143,123),(169,21,20),(170,19,18),(20,19,170),(18,17,171),(172,171,16),(15,172,
   16),(172,14,13),(15,14,172),(16,171,17),(13,12,172),(6,5,174),(173,172,12),(5,4,175),(3,2,176),(175,4,3),(174,173,
   7),(173,10,9),(9,8,173),(6,174,7),(173,8,7),(10,173,11),(12,11,173),(21,168,22),(1,176,2),(123,182,124),(125,180,
   126),(126,180,127),(181,125,124),(129,128,1),(130,129,1),(84,135,134),(130,100,131),(127,1,128),(77,140,78),(76,141,77),(102,141,
   76),(77,141,140),(140,139,78),(81,137,136),(80,138,137),(79,78,139),(80,79,138),(79,139,138),(82,136,135),(134,133,86),(99,131,
   100),(98,97,131),(131,99,98),(131,97,132),(100,130,1),(96,95,132),(95,94,132),(93,92,132),(132,94,93),(96,132,97),(132,92,
   91),(85,84,134),(84,83,135),(82,81,136),(135,83,82),(80,137,81),(132,90,89),(88,133,89),(86,133,87),(88,87,133),(85,134,
   86),(132,91,90),(132,89,133),(179,1,127),(163,26,164)),());
#212=COORDINATES_LIST('',85,((133.548615,0.1,0.689871),(133.235809,0.1,1.231654),(131.908508,0.1,0.646528),(131.89447,0.1,0.811808),(131.852371,0.1,0.966686),(131.782211,0.1,1.111161),(131.683975,0.1,1.245234),(131.557663,0.1,1.368905),(131.410065,0.1,1.475528),(131.24791,
   0.1,1.558457),(131.071213,0.1,1.617692),(130.87999,0.1,1.653233),(130.67421,0.1,1.66508),(130.47757,0.1,1.6528),(130.293442,0.1,1.615959),(130.121826,0.1,1.554556),(129.962708,0.1,1.468593),(129.816116,0.1,1.35807),(129.689819,0.1,1.230498),(129.591583,
   0.1,1.093391),(129.521408,0.1,0.946748),(129.479309,0.1,0.79057),(129.465271,0.1,0.624857),(129.479813,0.1,0.451631),(129.523438,0.1,0.290251),(129.596146,0.1,0.140719),(129.697937,0.1,0.003034),(129.828796,0.1,-0.122804),(129.978943,0.1,-0.230727),(130.138565,
   0.1,-0.314667),(130.307648,0.1,-0.374625),(130.486191,0.1,-0.410599),(130.67421,0.1,-0.422591),(130.745392,0.1,-0.420713),(130.81691,0.1,-0.415078),(130.888779,0.1,-0.405687),(130.960968,0.1,-0.39254),(131.033508,0.1,-0.375636),(131.113831,0.1,-0.352086),(131.209351,
   0.1,-0.319002),(131.320099,0.1,-0.276381),(131.446075,0.1,-0.224226),(131.58725,0.1,-0.162535),(131.215271,0.1,0.610409),(131.209183,0.1,0.543228),(131.190933,0.1,0.480381),(131.160492,0.1,0.421869),(131.117889,0.1,0.36769),(131.063095,0.1,0.317846),(130.999527,
   0.1,0.274937),(130.930542,0.1,0.241563),(130.85614,0.1,0.217725),(130.776337,0.1,0.203422),(130.691116,0.1,0.198654),(130.602859,0.1,0.203566),(130.520691,0.1,0.218303),(130.444595,0.1,0.242864),(130.374603,0.1,0.277249),(130.310684,0.1,0.321458),(130.255905,
   0.1,0.372602),(130.213287,0.1,0.427792),(130.182861,0.1,0.487027),(130.164597,0.1,0.550307),(130.158508,0.1,0.617633),(130.164597,0.1,0.685103),(130.182861,0.1,0.748817),(130.213287,0.1,0.808774),(130.255905,0.1,0.864975),(130.310684,0.1,0.91742),(130.374268,
   0.1,0.962929),(130.443253,0.1,0.998326),(130.517639,0.1,1.023609),(130.597443,0.1,1.038779),(130.682663,0.1,1.043836),(130.77092,0.1,1.038923),(130.853104,0.1,1.024187),(130.929184,0.1,0.999626),(130.999191,0.1,0.965241),(131.063095,0.1,0.921031),(131.117889,
   0.1,0.869309),(131.160492,0.1,0.812386),(131.190933,0.1,0.750261),(131.209183,0.1,0.682936),(131.215271,0.1,0.610409),(132.572159,0.1,0.939091)));
#213=COMPLEX_TRIANGULATED_SURFACE_SET('',#212,84,((0.,1.,0.)),(),((76,9,8),(78,7,6),(77,8,7),(78,77,7),(74,12,11),(10,9,75),(76,8,77),(11,10,
   75),(9,76,75),(81,5,4),(3,83,4),(3,1,43),(2,1,85),(82,4,83),(78,6,79),(81,80,5),(82,81,4),(6,80,
   79),(6,5,80),(3,85,1),(14,13,74),(14,74,15),(13,12,74),(74,73,15),(16,15,73),(11,75,74),(17,16,73),(72,18,
   17),(18,71,19),(19,70,20),(71,18,72),(68,20,69),(69,20,70),(70,19,71),(21,68,67),(21,20,68),(21,67,22),(22,66,
   65),(66,22,67),(22,65,23),(72,17,73),(83,3,44),(44,3,45),(46,3,47),(47,3,48),(3,46,45),(50,49,43),(52,51,
   42),(53,52,41),(50,43,51),(48,43,49),(42,41,52),(40,39,53),(40,53,41),(39,54,53),(54,38,37),(38,54,39),(54,37,
   36),(35,34,54),(35,54,36),(54,34,33),(42,51,43),(3,43,48),(62,61,24),(26,60,59),(25,60,26),(61,60,25),(23,64,
   63),(23,65,64),(62,24,63),(24,61,25),(63,24,23),(59,58,26),(28,57,56),(32,31,54),(32,54,33),(56,55,29),(31,55,
   54),(57,28,27),(26,58,27),(55,30,29),(29,28,56),(55,31,30),(27,58,57)),());
#214=COORDINATES_LIST('',41,((132.694748,0.1,-1.296667),(132.699478,0.1,-1.352868),(132.713684,0.1,-1.405891),(132.73735,0.1,-1.455735),(132.770493,0.1,-1.5024),(132.813095,0.1,-1.545887),(132.862808,0.1,-1.583596),(132.917252,0.1,-1.612924),(132.97644,0.1,-1.633873),(133.040344,
   0.1,-1.646442),(133.108994,0.1,-1.650632),(133.174774,0.1,-1.646442),(133.236816,0.1,-1.633873),(133.295151,0.1,-1.612924),(133.349762,0.1,-1.583596),(133.400665,0.1,-1.545887),(133.444794,0.1,-1.5024),(133.479111,0.1,-1.455735),(133.503632,0.1,-1.405891),(133.518341,
   0.1,-1.352868),(133.523239,0.1,-1.296667),(133.518341,0.1,-1.23801),(133.503632,0.1,-1.183398),(133.479111,0.1,-1.132832),(133.444794,0.1,-1.086311),(133.400665,0.1,-1.043835),(133.349762,0.1,-1.007427),(133.295151,0.1,-0.97911),(133.236816,0.1,-0.958884),(133.174774,
   0.1,-0.946748),(133.108994,0.1,-0.942702),(133.040344,0.1,-0.946748),(132.97644,0.1,-0.958884),(132.917252,0.1,-0.97911),(132.862808,0.1,-1.007427),(132.813095,0.1,-1.043835),(132.770493,0.1,-1.086311),(132.73735,0.1,-1.132832),(132.713684,0.1,-1.183398),(132.699478,
   0.1,-1.23801),(132.694748,0.1,-1.296667)));
#215=COMPLEX_TRIANGULATED_SURFACE_SET('',#214,40,((0.,1.,0.)),(),((31,30,27),(30,29,28),(30,28,27),(27,26,21),(21,26,22),(25,24,23),(25,23,22),(26,25,
   22),(31,27,21),(35,32,36),(33,35,34),(35,33,32),(32,31,40),(37,36,39),(37,39,38),(39,36,40),(36,32,40),(40,31,
   1),(31,21,16),(20,19,18),(16,21,17),(17,20,18),(31,16,1),(15,14,12),(12,11,15),(12,14,13),(15,11,16),(1,16,
   11),(5,4,2),(5,2,1),(2,4,3),(1,11,5),(10,9,7),(10,7,6),(7,9,8),(5,11,6),(11,10,6),(21,20,
   17)),());
#216=COORDINATES_LIST('',102,((129.465271,0.1,-3.225415),(129.473557,0.1,-3.36599),(129.498413,0.1,-3.498763),(129.539841,0.1,-3.623734),(129.597839,0.1,-3.740904),(129.672394,0.1,-3.850271),(129.764206,0.1,-3.950971),(129.873947,0.1,-4.042135),(130.001602,0.1,-4.123764),(130.147186,
   0.1,-4.195857),(130.310684,0.1,-4.258415),(130.496338,0.1,-4.310426),(130.708374,0.1,-4.350879),(130.946777,0.1,-4.379774),(131.211548,0.1,-4.397111),(131.502716,0.1,-4.40289),(131.799957,0.1,-4.396967),(132.069473,0.1,-4.379196),(132.311264,0.1,-4.349579),(132.52533,
   0.1,-4.308114),(132.711655,0.1,-4.254803),(132.874985,0.1,-4.191667),(133.02005,0.1,-4.120729),(133.146866,0.1,-4.04199),(133.255417,0.1,-3.95545),(133.345703,0.1,-3.861107),(133.418747,0.1,-3.757663),(133.475571,0.1,-3.643816),(133.516144,0.1,-3.519567),(133.540497,
   0.1,-3.384916),(133.548615,0.1,-3.239862),(133.540329,0.1,-3.09452),(133.515472,0.1,-2.959002),(133.474045,0.1,-2.833308),(133.416046,0.1,-2.717439),(133.341476,0.1,-2.611394),(133.250351,0.1,-2.514596),(133.142639,0.1,-2.426466),(133.018372,0.1,-2.347004),(132.877518,
   0.1,-2.276211),(132.720108,0.1,-2.214087),(132.540543,0.1,-2.162075),(132.333252,0.1,-2.121622),(132.098221,0.1,-2.092727),(131.835464,0.1,-2.07539),(131.544983,0.1,-2.069611),(131.139191,0.1,-2.08088),(130.780731,0.1,-2.114687),(130.46962,0.1,-2.171033),(130.205856,
   0.1,-2.249917),(129.989426,0.1,-2.351338),(129.800735,0.1,-2.485701),(129.653976,0.1,-2.640289),(129.549133,0.1,-2.815104),(129.486237,0.1,-3.010147),(129.465271,0.1,-3.225415),(130.166962,0.1,-3.239862),(130.171707,0.1,-3.177593),(130.185898,0.1,-3.117925),(130.209579,
   0.1,-3.060857),(130.242722,0.1,-3.00639),(130.285324,0.1,-2.954523),(130.339767,0.1,-2.906413),(130.408417,0.1,-2.863215),(130.491272,0.1,-2.824929),(130.588318,0.1,-2.791555),(130.69957,0.1,-2.763093),(130.828751,0.1,-2.739688),(130.979568,0.1,-2.721484),(131.152039,
   0.1,-2.708482),(131.346146,0.1,-2.70068),(131.56189,0.1,-2.698079),(131.83783,0.1,-2.704147),(132.077255,0.1,-2.722351),(132.280151,0.1,-2.752691),(132.446533,0.1,-2.795167),(132.576385,0.1,-2.849779),(132.676819,0.1,-2.913926),(132.754944,0.1,-2.985008),(132.81073,
   0.1,-3.063025),(132.844208,0.1,-3.147976),(132.855377,0.1,-3.239862),(132.844894,0.1,-3.32857),(132.813446,0.1,-3.409766),(132.761017,0.1,-3.483448),(132.687637,0.1,-3.549618),(132.593292,0.1,-3.608275),(132.447205,0.1,-3.665487),(132.265945,0.1,-3.709986),(132.04953,
   0.1,-3.74177),(131.797928,0.1,-3.760841),(131.511169,0.1,-3.767198),(131.225586,0.1,-3.761419),(130.977539,0.1,-3.744082),(130.767044,0.1,-3.715187),(130.59407,0.1,-3.674734),(130.458633,0.1,-3.622723),(130.353638,0.1,-3.561176),(130.271973,0.1,-3.492117),(130.213638,
   0.1,-3.415545),(130.178635,0.1,-3.33146),(130.166962,0.1,-3.239862)));
#217=COMPLEX_TRIANGULATED_SURFACE_SET('',#216,100,((0.,1.,0.)),(),((42,41,75),(41,40,75),(39,38,76),(76,40,39),(37,77,38),(73,45,44),(74,73,44),(73,72,
   45),(42,74,43),(43,74,44),(45,72,46),(37,36,77),(34,79,35),(33,79,34),(32,31,81),(33,32,80),(32,81,80),(74,42,
   75),(75,40,76),(80,79,33),(77,36,78),(79,78,35),(38,77,76),(78,36,35),(46,71,47),(71,46,72),(47,71,70),(48,70,
   69),(47,70,48),(48,69,68),(49,67,50),(49,48,68),(50,66,51),(65,52,51),(64,53,52),(49,68,67),(64,52,65),(65,51,
   66),(63,62,54),(63,54,53),(63,53,64),(54,61,55),(61,54,62),(55,61,60),(58,55,59),(1,55,58),(57,1,58),(59,55,
   60),(66,50,67),(82,81,31),(31,83,82),(83,31,30),(83,30,84),(85,84,29),(29,84,30),(85,29,28),(27,86,85),(26,87,
   86),(22,89,88),(20,90,89),(88,87,24),(27,85,28),(87,26,25),(87,25,24),(88,23,22),(88,24,23),(89,22,21),(92,91,
   17),(89,21,20),(90,20,19),(18,91,90),(17,91,18),(19,18,90),(92,17,16),(26,86,27),(99,98,5),(100,99,4),(8,97,
   96),(6,98,97),(5,98,6),(57,101,2),(2,101,3),(57,2,1),(100,3,101),(100,4,3),(99,5,4),(96,95,10),(13,94,
   14),(14,94,93),(94,13,12),(93,15,14),(93,92,15),(92,16,15),(8,7,97),(6,97,7),(10,95,11),(96,9,8),(9,96,
   10),(95,12,11),(94,12,95)),());
#187=TESSELLATED_GEOMETRIC_SET('general dimension',(#189,#191,#192,#194,#196,#198,#200,#202,#204,#206,#208,#211,#213,#215,#217));
#186=TESSELLATED_ANNOTATION_OCCURRENCE('\X2\8DDD96E295939694\X0\1@\X2\5E739762\X0\11(89)',(#31),#187);
#218=DRAUGHTING_CALLOUT('\X2\8DDD96E295939694\X0\1@\X2\5E739762\X0\11(89)',(#186));
#221=COORDINATES_LIST('',3,((148.790146,49.099998,17.25),(149.298157,49.099998,20.552),(148.28215,49.099998,20.552)));
#222=COMPLEX_TRIANGULATED_SURFACE_SET('',#221,3,((0.,-1.,0.)),(),((2,3,1)),());
#223=COORDINATES_LIST('',3,((148.790146,49.099998,-17.25),(148.28215,49.099998,-20.552),(149.298157,49.099998,-20.552)));
#224=COMPLEX_TRIANGULATED_SURFACE_SET('',#223,3,((0.,-1.,0.)),(),((3,1,2)),());
#226=COORDINATES_LIST('',2,((1.,49.099998,17.25),(149.790146,49.099998,17.25)));
#225=TESSELLATED_CURVE_SET('',#226,((1,2)));
#228=COORDINATES_LIST('',2,((1.,49.099998,-17.25),(149.790146,49.099998,-17.25)));
#227=TESSELLATED_CURVE_SET('',#228,((1,2)));
#230=COORDINATES_LIST('',2,((148.790146,49.099998,17.25),(148.790146,49.099998,23.6)));
#229=TESSELLATED_CURVE_SET('',#230,((1,2)));
#232=COORDINATES_LIST('',2,((148.790146,49.099998,17.25),(148.790146,49.099998,-17.25)));
#231=TESSELLATED_CURVE_SET('',#232,((1,2)));
#234=COORDINATES_LIST('',2,((148.790146,49.099998,-17.25),(148.790146,49.099998,-238.134033)));
#233=TESSELLATED_CURVE_SET('',#234,((1,2)));
#236=COORDINATES_LIST('',2,((142.695084,49.099998,-195.807907),(138.250076,49.099998,-197.585907)));
#235=TESSELLATED_CURVE_SET('',#236,((1,2)));
#238=COORDINATES_LIST('',122,((140.47258,49.099998,-198.252655),(140.39183,49.099998,-198.250565),(140.311295,49.099998,-198.244278),(140.231201,49.099998,-198.233826),(140.151749,49.099998,-198.219223),(140.073166,49.099998,-198.200516),(139.995667,49.099998,-198.177765),(139.919449,49.099998,-198.151016),(139.844727,49.099998,-198.120346),(139.771683,
   49.099998,-198.085831),(139.700546,49.099998,-198.047577),(139.63147,49.099998,-198.005692),(139.564682,49.099998,-197.960266),(139.500336,49.099998,-197.911438),(139.438599,49.099998,-197.859344),(139.379654,49.099998,-197.804108),(139.323669,49.099998,-197.745895),(139.270767,49.099998,-197.684845),(139.221115,49.099998,-197.62114),(139.17482,
   49.099998,-197.554932),(139.132034,49.099998,-197.48642),(139.092865,49.099998,-197.415771),(139.057419,49.099998,-197.343201),(139.025787,49.099998,-197.268875),(138.998047,49.099998,-197.193008),(138.974289,49.099998,-197.115799),(138.954559,49.099998,-197.037476),(138.938934,49.099998,-196.958221),(138.927429,49.099998,-196.878265),(138.920105,
   49.099998,-196.797821),(138.916962,49.099998,-196.717102),(138.917999,49.099998,-196.636337),(138.923248,49.099998,-196.555725),(138.932663,49.099998,-196.47551),(138.946228,49.099998,-196.395874),(138.963913,49.099998,-196.317062),(138.985657,49.099998,-196.239258),(139.011414,49.099998,-196.162704),(139.041122,49.099998,-196.087585),(139.074677,
   49.099998,-196.014114),(139.112,49.099998,-195.942474),(139.152985,49.099998,-195.872864),(139.19754,49.099998,-195.805496),(139.245529,49.099998,-195.740509),(139.296814,49.099998,-195.678116),(139.351288,49.099998,-195.618454),(139.408768,49.099998,-195.561707),(139.469131,49.099998,-195.508026),(139.532181,49.099998,-195.45755),(139.597778,
   49.099998,-195.410416),(139.665741,49.099998,-195.36673),(139.73587,49.099998,-195.326645),(139.807983,49.099998,-195.290268),(139.881882,49.099998,-195.25766),(139.957382,49.099998,-195.228943),(140.034271,49.099998,-195.204178),(140.112335,49.099998,-195.183441),(140.191376,49.099998,-195.166779),(140.271179,49.099998,-195.154251),(140.351517,
   49.099998,-195.145874),(140.43219,49.099998,-195.141693),(140.51297,49.099998,-195.141693),(140.593628,49.099998,-195.145874),(140.673981,49.099998,-195.154251),(140.753769,49.099998,-195.166779),(140.832809,49.099998,-195.183441),(140.910889,49.099998,-195.204178),(140.987778,49.099998,-195.228943),(141.063263,49.099998,-195.25766),(141.137177,
   49.099998,-195.290268),(141.20929,49.099998,-195.326645),(141.279419,49.099998,-195.36673),(141.347366,49.099998,-195.410416),(141.412964,49.099998,-195.45755),(141.476028,49.099998,-195.508026),(141.536377,49.099998,-195.561707),(141.593872,49.099998,-195.618454),(141.648331,49.099998,-195.678116),(141.699631,49.099998,-195.740509),(141.74762,
   49.099998,-195.805496),(141.79216,49.099998,-195.872864),(141.83316,49.099998,-195.942474),(141.870483,49.099998,-196.014114),(141.904037,49.099998,-196.087585),(141.933731,49.099998,-196.162704),(141.959488,49.099998,-196.239258),(141.981247,49.099998,-196.317062),(141.998932,49.099998,-196.395874),(142.012497,49.099998,-196.47551),(142.021912,
   49.099998,-196.555725),(142.027145,49.099998,-196.636337),(142.028198,49.099998,-196.717102),(142.025055,49.099998,-196.797821),(142.017715,49.099998,-196.878265),(142.006226,49.099998,-196.958221),(141.990601,49.099998,-197.037476),(141.970871,49.099998,-197.115799),(141.947113,49.099998,-197.193008),(141.919373,49.099998,-197.268875),(141.887741,
   49.099998,-197.343201),(141.85228,49.099998,-197.415771),(141.81311,49.099998,-197.48642),(141.770325,49.099998,-197.554932),(141.724045,49.099998,-197.62114),(141.674393,49.099998,-197.684845),(141.62149,49.099998,-197.745895),(141.565491,49.099998,-197.804108),(141.506561,49.099998,-197.859344),(141.444824,49.099998,-197.911438),(141.380478,
   49.099998,-197.960266),(141.313675,49.099998,-198.005692),(141.244614,49.099998,-198.047577),(141.173462,49.099998,-198.085831),(141.100433,49.099998,-198.120346),(141.025711,49.099998,-198.151016),(140.949493,49.099998,-198.177765),(140.871979,49.099998,-198.200516),(140.793396,49.099998,-198.219223),(140.713959,49.099998,-198.233826),(140.633865,
   49.099998,-198.244278),(140.553329,49.099998,-198.250565),(140.47258,49.099998,-198.252655)));
#237=TESSELLATED_CURVE_SET('',#238,((1,2,3,4,5,6,7,8,9,10,11,12,13,14,15,16,17,18,19,20,21,22,23,24,25,26,27,28,
   29,30,31,32,33,34,35,36,37,38,39,40,41,42,43,44,45,46,47,48,49,50,51,52,53,54,55,56,57,58,
   59,60,61,62,63,64,65,66,67,68,69,70,71,72,73,74,75,76,77,78,79,80,81,82,83,84,85,86,87,88,
   89,90,91,92,93,94,95,96,97,98,99,100,101,102,103,104,105,106,107,108,109,110,111,112,113,114,115,116,117,118,
   119,120,121,122)));
#239=COORDINATES_LIST('',74,((139.51857,49.099998,-200.07753),(139.51857,49.099998,-199.455551),(139.278976,49.099998,-199.478394),(139.060699,49.099998,-199.523819),(138.863708,49.099998,-199.591797),(138.688034,49.099998,-199.682358),(138.533661,49.099998,-199.795471),(138.404312,49.099998,-199.927094),(138.303711,49.099998,-200.073196),(138.231857,
   49.099998,-200.233749),(138.188736,49.099998,-200.408783),(138.174362,49.099998,-200.598267),(138.180283,49.099998,-200.716873),(138.198044,49.099998,-200.829712),(138.227631,49.099998,-200.936752),(138.269058,49.099998,-201.037994),(138.322311,49.099998,-201.133469),(138.386902,49.099998,-201.222275),(138.462311,49.099998,-201.303574),(138.548538,
   49.099998,-201.37735),(138.645599,49.099998,-201.443588),(138.753479,49.099998,-201.502319),(138.866928,49.099998,-201.551788),(138.980713,49.099998,-201.590271),(139.094849,49.099998,-201.617752),(139.20932,49.099998,-201.634247),(139.324127,49.099998,-201.63974),(139.464798,49.099998,-201.633087),(139.609528,49.099998,-201.613129),(139.758331,
   49.099998,-201.579849),(139.911179,49.099998,-201.533279),(140.068085,49.099998,-201.473389),(140.233109,49.099998,-201.395569),(140.410309,49.099998,-201.295181),(140.599686,49.099998,-201.172226),(140.801224,49.099998,-201.026718),(141.014938,49.099998,-200.858643),(141.471466,49.099998,-200.482544),(141.471466,49.099998,-201.668671),(142.15625,
   49.099998,-201.668671),(142.15625,49.099998,-199.368759),(141.801178,49.099998,-199.368759),(140.575333,49.099998,-200.395767),(140.40625,49.099998,-200.536072),(140.250702,49.099998,-200.656128),(140.108673,49.099998,-200.755936),(139.980164,49.099998,-200.835495),(139.865189,49.099998,-200.894791),(139.759338,49.099998,-200.939056),(139.658234,
   49.099998,-200.97348),(139.561859,49.099998,-200.998077),(139.470215,49.099998,-201.012833),(139.383301,49.099998,-201.017746),(139.29538,49.099998,-201.012543),(139.214218,49.099998,-200.996918),(139.139832,49.099998,-200.970886),(139.072189,49.099998,-200.934433),(139.011322,49.099998,-200.887558),(138.959579,49.099998,-200.832596),(138.919342,
   49.099998,-200.771851),(138.890594,49.099998,-200.705307),(138.873352,49.099998,-200.63298),(138.867599,49.099998,-200.554871),(138.874542,49.099998,-200.476624),(138.895325,49.099998,-200.403854),(138.929993,49.099998,-200.336594),(138.978516,49.099998,-200.274841),(139.040909,49.099998,-200.218567),(139.115479,49.099998,-200.170105),(139.200531,
   49.099998,-200.131775),(139.296051,49.099998,-200.103577),(139.402069,49.099998,-200.085495),(139.51857,49.099998,-200.07753),(141.471466,49.099998,-201.075607)));
#240=COMPLEX_TRIANGULATED_SURFACE_SET('',#239,73,((0.,1.,0.)),(),((38,40,74),(2,1,3),(42,41,38),(39,74,40),(4,3,72),(5,72,71),(4,72,5),(3,1,
   72),(70,6,71),(44,43,37),(37,45,44),(45,36,46),(7,70,69),(35,47,46),(8,69,68),(43,38,37),(43,42,38),(41,40,
   38),(9,68,67),(5,71,6),(70,7,6),(66,10,67),(10,66,65),(69,8,7),(8,68,9),(10,9,67),(65,11,10),(65,64,
   11),(14,60,15),(61,60,14),(12,11,63),(12,63,62),(61,13,62),(13,61,14),(62,13,12),(60,59,15),(63,11,64),(36,35,
   46),(35,48,47),(49,48,34),(33,50,49),(31,52,51),(29,53,52),(51,50,32),(34,48,35),(32,50,33),(30,52,31),(29,28,
   53),(52,30,29),(51,32,31),(33,49,34),(53,28,27),(57,56,18),(20,56,55),(18,56,19),(16,59,58),(59,16,15),(58,17,
   16),(58,57,17),(57,18,17),(55,54,22),(24,54,25),(26,25,54),(23,54,24),(56,20,19),(21,20,55),(22,21,55),(22,54,
   23),(54,53,26),(53,27,26),(45,37,36)),());
#241=COORDINATES_LIST('',7,((138.267365,49.099998,-202.131546),(138.267365,49.099998,-204.315735),(138.65625,49.099998,-204.315735),(142.257706,49.099998,-202.818619),(141.953354,49.099998,-202.276184),(138.960602,49.099998,-203.527405),(138.960602,49.099998,-202.131546)));
#242=COMPLEX_TRIANGULATED_SURFACE_SET('',#241,7,((0.,1.,0.)),(),((1,7,6),(4,6,5),(6,4,3),(3,2,6),(6,2,1)),());
#243=COORDINATES_LIST('',41,((141.403839,49.099998,-205.096832),(141.408569,49.099998,-205.153107),(141.422775,49.099998,-205.206192),(141.446442,49.099998,-205.256088),(141.479584,49.099998,-205.302811),(141.522186,49.099998,-205.346359),(141.571899,49.099998,-205.384109),(141.626343,49.099998,-205.413467),(141.685532,49.099998,-205.434448),(141.749435,
   49.099998,-205.447037),(141.818085,49.099998,-205.451218),(141.883865,49.099998,-205.447037),(141.945908,49.099998,-205.434448),(142.004242,49.099998,-205.413467),(142.058853,49.099998,-205.384109),(142.109756,49.099998,-205.346359),(142.153885,49.099998,-205.302811),(142.188202,49.099998,-205.256088),(142.212723,49.099998,-205.206192),(142.227432,
   49.099998,-205.153107),(142.23233,49.099998,-205.096832),(142.227432,49.099998,-205.038101),(142.212723,49.099998,-204.983429),(142.188202,49.099998,-204.9328),(142.153885,49.099998,-204.88623),(142.109756,49.099998,-204.843704),(142.058853,49.099998,-204.807251),(142.004242,49.099998,-204.7789),(141.945908,49.099998,-204.758652),(141.883865,
   49.099998,-204.74649),(141.818085,49.099998,-204.742447),(141.749435,49.099998,-204.74649),(141.685532,49.099998,-204.758652),(141.626343,49.099998,-204.7789),(141.571899,49.099998,-204.807251),(141.522186,49.099998,-204.843704),(141.479584,49.099998,-204.88623),(141.446442,49.099998,-204.9328),(141.422775,49.099998,-204.983429),(141.408569,
   49.099998,-205.038101),(141.403839,49.099998,-205.096832)));
#244=COMPLEX_TRIANGULATED_SURFACE_SET('',#243,40,((0.,1.,0.)),(),((31,30,27),(30,29,28),(30,28,27),(27,26,21),(21,26,22),(25,24,23),(25,23,22),(26,25,
   22),(31,27,21),(35,32,36),(33,35,34),(35,33,32),(32,31,40),(37,36,39),(37,39,38),(39,36,40),(36,32,40),(40,31,
   1),(31,21,16),(20,19,18),(16,21,17),(17,20,18),(31,16,1),(15,14,12),(12,11,15),(12,14,13),(15,11,16),(1,16,
   11),(5,4,2),(5,2,1),(2,4,3),(1,11,5),(10,9,7),(10,7,6),(7,9,8),(5,11,6),(11,10,6),(21,20,
   17)),());
#245=COORDINATES_LIST('',74,((139.51857,49.099998,-206.550552),(139.51857,49.099998,-205.928558),(139.278976,49.099998,-205.951416),(139.060699,49.099998,-205.996841),(138.863708,49.099998,-206.064819),(138.688034,49.099998,-206.15538),(138.533661,49.099998,-206.268494),(138.404312,49.099998,-206.400116),(138.303711,49.099998,-206.546219),(138.231857,
   49.099998,-206.706772),(138.188736,49.099998,-206.88179),(138.174362,49.099998,-207.071289),(138.180283,49.099998,-207.189896),(138.198044,49.099998,-207.302719),(138.227631,49.099998,-207.40976),(138.269058,49.099998,-207.511017),(138.322311,49.099998,-207.606491),(138.386902,49.099998,-207.695297),(138.462311,49.099998,-207.776596),(138.548538,
   49.099998,-207.850357),(138.645599,49.099998,-207.916611),(138.753479,49.099998,-207.975342),(138.866928,49.099998,-208.024811),(138.980713,49.099998,-208.063293),(139.094849,49.099998,-208.090775),(139.20932,49.099998,-208.107254),(139.324127,49.099998,-208.112762),(139.464798,49.099998,-208.10611),(139.609528,49.099998,-208.086136),(139.758331,
   49.099998,-208.052872),(139.911179,49.099998,-208.006302),(140.068085,49.099998,-207.946411),(140.233109,49.099998,-207.868591),(140.410309,49.099998,-207.768204),(140.599686,49.099998,-207.645248),(140.801224,49.099998,-207.499741),(141.014938,49.099998,-207.33165),(141.471466,49.099998,-206.955566),(141.471466,49.099998,-208.141693),(142.15625,
   49.099998,-208.141693),(142.15625,49.099998,-205.841782),(141.801178,49.099998,-205.841782),(140.575333,49.099998,-206.868774),(140.40625,49.099998,-207.009094),(140.250702,49.099998,-207.12915),(140.108673,49.099998,-207.228958),(139.980164,49.099998,-207.308517),(139.865189,49.099998,-207.367813),(139.759338,49.099998,-207.412079),(139.658234,
   49.099998,-207.446503),(139.561859,49.099998,-207.4711),(139.470215,49.099998,-207.485855),(139.383301,49.099998,-207.490768),(139.29538,49.099998,-207.485565),(139.214218,49.099998,-207.46994),(139.139832,49.099998,-207.443909),(139.072189,49.099998,-207.407455),(139.011322,49.099998,-207.36058),(138.959579,49.099998,-207.305618),(138.919342,
   49.099998,-207.244873),(138.890594,49.099998,-207.178329),(138.873352,49.099998,-207.106003),(138.867599,49.099998,-207.027893),(138.874542,49.099998,-206.949631),(138.895325,49.099998,-206.876877),(138.929993,49.099998,-206.809616),(138.978516,49.099998,-206.747849),(139.040909,49.099998,-206.691589),(139.115479,49.099998,-206.643127),(139.200531,
   49.099998,-206.604797),(139.296051,49.099998,-206.576584),(139.402069,49.099998,-206.558502),(139.51857,49.099998,-206.550552),(141.471466,49.099998,-207.54863)));
#246=COMPLEX_TRIANGULATED_SURFACE_SET('',#245,73,((0.,1.,0.)),(),((38,40,74),(2,1,3),(42,41,38),(39,74,40),(4,3,72),(5,72,71),(4,72,5),(3,1,
   72),(70,6,71),(44,43,37),(37,45,44),(45,36,46),(7,70,69),(35,47,46),(8,69,68),(43,38,37),(43,42,38),(41,40,
   38),(9,68,67),(5,71,6),(70,7,6),(66,10,67),(10,66,65),(69,8,7),(8,68,9),(10,9,67),(65,11,10),(65,64,
   11),(14,60,15),(61,60,14),(12,11,63),(12,63,62),(61,13,62),(13,61,14),(62,13,12),(60,59,15),(63,11,64),(36,35,
   46),(35,48,47),(49,48,34),(33,50,49),(31,52,51),(29,53,52),(51,50,32),(34,48,35),(32,50,33),(30,52,31),(29,28,
   53),(52,30,29),(51,32,31),(33,49,34),(53,28,27),(57,56,18),(20,56,55),(18,56,19),(16,59,58),(59,16,15),(58,17,
   16),(58,57,17),(57,18,17),(55,54,22),(24,54,25),(26,25,54),(23,54,24),(56,20,19),(21,20,55),(22,21,55),(22,54,
   23),(54,53,26),(53,27,26),(45,37,36)),());
#247=COORDINATES_LIST('',19,((139.30722,49.099998,-209.320572),(138.318085,49.099998,-209.320572),(138.318085,49.099998,-209.884705),(139.30722,49.099998,-209.884705),(139.30722,49.099998,-210.730896),(139.966629,49.099998,-210.730896),(139.966629,49.099998,-209.884705),(140.955765,49.099998,-209.884705),(140.955765,49.099998,-209.320572),(139.966629,
   49.099998,-209.320572),(139.966629,49.099998,-208.467148),(139.30722,49.099998,-208.467148),(141.496826,49.099998,-208.467148),(141.496826,49.099998,-210.730896),(142.15625,49.099998,-210.730896),(142.15625,49.099998,-208.467148),(141.496826,49.099998,-209.59903),(141.496826,49.099998,-209.033081),(141.496826,49.099998,-210.164963)));
#248=COMPLEX_TRIANGULATED_SURFACE_SET('',#247,19,((0.,1.,0.)),(),((18,16,17),(16,18,13),(10,9,7),(15,19,17),(12,11,1),(3,2,1),(11,10,1),(1,10,
   4),(16,15,17),(7,4,10),(4,3,1),(5,4,7),(7,6,5),(14,19,15),(7,9,8)),());
#249=COORDINATES_LIST('',102,((138.174362,49.099998,-212.155685),(138.182648,49.099998,-212.296417),(138.207504,49.099998,-212.429352),(138.248932,49.099998,-212.554474),(138.306931,49.099998,-212.671783),(138.381485,49.099998,-212.781281),(138.473297,49.099998,-212.882111),(138.583038,49.099998,-212.973373),(138.710693,49.099998,-213.055099),(138.856277,
   49.099998,-213.127289),(139.019775,49.099998,-213.189911),(139.205429,49.099998,-213.241989),(139.417465,49.099998,-213.282486),(139.655869,49.099998,-213.311417),(139.920639,49.099998,-213.328781),(140.211807,49.099998,-213.334564),(140.509048,49.099998,-213.328629),(140.778564,49.099998,-213.310837),(141.020355,49.099998,-213.281189),(141.234421,
   49.099998,-213.23967),(141.420746,49.099998,-213.186295),(141.584076,49.099998,-213.123093),(141.729141,49.099998,-213.052063),(141.855957,49.099998,-212.973236),(141.964508,49.099998,-212.886597),(142.054794,49.099998,-212.79213),(142.127838,49.099998,-212.688568),(142.184662,49.099998,-212.574585),(142.225235,49.099998,-212.45018),(142.249588,
   49.099998,-212.315369),(142.257706,49.099998,-212.170151),(142.24942,49.099998,-212.024628),(142.224564,49.099998,-211.888947),(142.183136,49.099998,-211.763107),(142.125137,49.099998,-211.647095),(142.050568,49.099998,-211.540924),(141.959442,49.099998,-211.444016),(141.85173,49.099998,-211.355774),(141.727463,49.099998,-211.276215),(141.586609,
   49.099998,-211.205338),(141.429199,49.099998,-211.143143),(141.249634,49.099998,-211.091064),(141.042343,49.099998,-211.050568),(140.807312,49.099998,-211.021637),(140.544556,49.099998,-211.004272),(140.254074,49.099998,-210.998489),(139.848282,49.099998,-211.009781),(139.489822,49.099998,-211.043625),(139.178711,49.099998,-211.100037),(138.914948,
   49.099998,-211.179016),(138.698517,49.099998,-211.280563),(138.509827,49.099998,-211.415085),(138.363068,49.099998,-211.569855),(138.258224,49.099998,-211.744873),(138.195328,49.099998,-211.940155),(138.174362,49.099998,-212.155685),(138.876053,49.099998,-212.170151),(138.880798,49.099998,-212.107803),(138.894989,49.099998,-212.048065),(138.918671,
   49.099998,-211.990921),(138.951813,49.099998,-211.936401),(138.994415,49.099998,-211.88446),(139.048859,49.099998,-211.836304),(139.117508,49.099998,-211.793045),(139.200363,49.099998,-211.754715),(139.297409,49.099998,-211.721298),(139.408661,49.099998,-211.69281),(139.537842,49.099998,-211.669373),(139.68866,49.099998,-211.651154),(139.86113,
   49.099998,-211.638123),(140.055237,49.099998,-211.630325),(140.270981,49.099998,-211.627716),(140.546921,49.099998,-211.633789),(140.786346,49.099998,-211.652008),(140.989243,49.099998,-211.682388),(141.155624,49.099998,-211.724915),(141.285477,49.099998,-211.779602),(141.38591,49.099998,-211.843826),(141.464035,49.099998,-211.914993),(141.519821,
   49.099998,-211.993103),(141.553299,49.099998,-212.078156),(141.564468,49.099998,-212.170151),(141.553986,49.099998,-212.258957),(141.522537,49.099998,-212.340256),(141.470108,49.099998,-212.414017),(141.396729,49.099998,-212.48027),(141.302383,49.099998,-212.539001),(141.156296,49.099998,-212.596283),(140.975037,49.099998,-212.640839),(140.758621,
   49.099998,-212.672653),(140.507019,49.099998,-212.691742),(140.220261,49.099998,-212.69812),(139.934677,49.099998,-212.692322),(139.68663,49.099998,-212.674973),(139.476135,49.099998,-212.646042),(139.303162,49.099998,-212.605545),(139.167725,49.099998,-212.553467),(139.062729,49.099998,-212.491852),(138.981064,49.099998,-212.422699),(138.922729,
   49.099998,-212.346039),(138.887726,49.099998,-212.261856),(138.876053,49.099998,-212.170151)));
#250=COMPLEX_TRIANGULATED_SURFACE_SET('',#249,100,((0.,1.,0.)),(),((42,41,75),(41,40,75),(39,38,76),(76,40,39),(37,77,38),(73,45,44),(74,73,44),(73,72,
   45),(42,74,43),(43,74,44),(45,72,46),(37,36,77),(34,79,35),(33,79,34),(32,31,81),(33,32,80),(32,81,80),(74,42,
   75),(75,40,76),(80,79,33),(77,36,78),(79,78,35),(38,77,76),(78,36,35),(46,71,47),(71,46,72),(47,71,70),(48,70,
   69),(47,70,48),(48,69,68),(49,67,50),(49,48,68),(50,66,51),(65,52,51),(64,53,52),(49,68,67),(64,52,65),(65,51,
   66),(63,62,54),(63,54,53),(63,53,64),(54,61,55),(61,54,62),(55,61,60),(58,55,59),(1,55,58),(57,1,58),(59,55,
   60),(66,50,67),(82,81,31),(31,83,82),(83,31,30),(83,30,84),(85,84,29),(29,84,30),(85,29,28),(27,86,85),(26,87,
   86),(22,89,88),(20,90,89),(88,87,24),(27,85,28),(87,26,25),(87,25,24),(88,23,22),(88,24,23),(89,22,21),(92,91,
   17),(89,21,20),(90,20,19),(18,91,90),(17,91,18),(19,18,90),(92,17,16),(26,86,27),(99,98,5),(100,99,4),(8,97,
   96),(6,98,97),(5,98,6),(57,101,2),(2,101,3),(57,2,1),(100,3,101),(100,4,3),(99,5,4),(96,95,10),(13,94,
   14),(14,94,93),(94,13,12),(93,15,14),(93,92,15),(92,16,15),(8,7,97),(6,97,7),(10,95,11),(96,9,8),(9,96,
   10),(95,12,11),(94,12,95)),());
#251=COORDINATES_LIST('',41,((141.403839,49.099998,-214.108429),(141.408569,49.099998,-214.164703),(141.422775,49.099998,-214.217789),(141.446442,49.099998,-214.2677),(141.479584,49.099998,-214.314423),(141.522186,49.099998,-214.357956),(141.571899,49.099998,-214.395706),(141.626343,49.099998,-214.425064),(141.685532,49.099998,-214.446045),(141.749435,
   49.099998,-214.458633),(141.818085,49.099998,-214.46283),(141.883865,49.099998,-214.458633),(141.945908,49.099998,-214.446045),(142.004242,49.099998,-214.425064),(142.058853,49.099998,-214.395706),(142.109756,49.099998,-214.357956),(142.153885,49.099998,-214.314423),(142.188202,49.099998,-214.2677),(142.212723,49.099998,-214.217789),(142.227432,
   49.099998,-214.164703),(142.23233,49.099998,-214.108429),(142.227432,49.099998,-214.049713),(142.212723,49.099998,-213.995026),(142.188202,49.099998,-213.944397),(142.153885,49.099998,-213.897827),(142.109756,49.099998,-213.855301),(142.058853,49.099998,-213.818848),(142.004242,49.099998,-213.790497),(141.945908,49.099998,-213.770248),(141.883865,
   49.099998,-213.758102),(141.818085,49.099998,-213.754044),(141.749435,49.099998,-213.758102),(141.685532,49.099998,-213.770248),(141.626343,49.099998,-213.790497),(141.571899,49.099998,-213.818848),(141.522186,49.099998,-213.855301),(141.479584,49.099998,-213.897827),(141.446442,49.099998,-213.944397),(141.422775,49.099998,-213.995026),(141.408569,
   49.099998,-214.049713),(141.403839,49.099998,-214.108429)));
#252=COMPLEX_TRIANGULATED_SURFACE_SET('',#251,40,((0.,1.,0.)),(),((31,30,27),(30,29,28),(30,28,27),(27,26,21),(21,26,22),(25,24,23),(25,23,22),(26,25,
   22),(31,27,21),(35,32,36),(33,35,34),(35,33,32),(32,31,40),(37,36,39),(37,39,38),(39,36,40),(36,32,40),(40,31,
   1),(31,21,16),(20,19,18),(16,21,17),(17,20,18),(31,16,1),(15,14,12),(12,11,15),(12,14,13),(15,11,16),(1,16,
   11),(5,4,2),(5,2,1),(2,4,3),(1,11,5),(10,9,7),(10,7,6),(7,9,8),(5,11,6),(11,10,6),(21,20,
   17)),());
#253=COORDINATES_LIST('',74,((139.51857,49.099998,-215.562149),(139.51857,49.099998,-214.94017),(139.278976,49.099998,-214.963013),(139.060699,49.099998,-215.008438),(138.863708,49.099998,-215.076416),(138.688034,49.099998,-215.166977),(138.533661,49.099998,-215.28009),(138.404312,49.099998,-215.411713),(138.303711,49.099998,-215.557816),(138.231857,
   49.099998,-215.718369),(138.188736,49.099998,-215.893402),(138.174362,49.099998,-216.082886),(138.180283,49.099998,-216.201492),(138.198044,49.099998,-216.314331),(138.227631,49.099998,-216.421371),(138.269058,49.099998,-216.522614),(138.322311,49.099998,-216.618088),(138.386902,49.099998,-216.706894),(138.462311,49.099998,-216.788193),(138.548538,
   49.099998,-216.861969),(138.645599,49.099998,-216.928207),(138.753479,49.099998,-216.986938),(138.866928,49.099998,-217.036407),(138.980713,49.099998,-217.07489),(139.094849,49.099998,-217.102371),(139.20932,49.099998,-217.118866),(139.324127,49.099998,-217.124359),(139.464798,49.099998,-217.117706),(139.609528,49.099998,-217.097748),(139.758331,
   49.099998,-217.064468),(139.911179,49.099998,-217.017899),(140.068085,49.099998,-216.958008),(140.233109,49.099998,-216.880188),(140.410309,49.099998,-216.7798),(140.599686,49.099998,-216.656845),(140.801224,49.099998,-216.511337),(141.014938,49.099998,-216.343262),(141.471466,49.099998,-215.967163),(141.471466,49.099998,-217.15329),(142.15625,
   49.099998,-217.15329),(142.15625,49.099998,-214.853378),(141.801178,49.099998,-214.853378),(140.575333,49.099998,-215.880386),(140.40625,49.099998,-216.020691),(140.250702,49.099998,-216.140747),(140.108673,49.099998,-216.240555),(139.980164,49.099998,-216.320114),(139.865189,49.099998,-216.37941),(139.759338,49.099998,-216.423676),(139.658234,
   49.099998,-216.458099),(139.561859,49.099998,-216.482697),(139.470215,49.099998,-216.497452),(139.383301,49.099998,-216.502365),(139.29538,49.099998,-216.497162),(139.214218,49.099998,-216.481537),(139.139832,49.099998,-216.455505),(139.072189,49.099998,-216.419052),(139.011322,49.099998,-216.372177),(138.959579,49.099998,-216.317215),(138.919342,
   49.099998,-216.25647),(138.890594,49.099998,-216.189926),(138.873352,49.099998,-216.117599),(138.867599,49.099998,-216.03949),(138.874542,49.099998,-215.961243),(138.895325,49.099998,-215.888474),(138.929993,49.099998,-215.821213),(138.978516,49.099998,-215.75946),(139.040909,49.099998,-215.703186),(139.115479,49.099998,-215.654724),(139.200531,
   49.099998,-215.616394),(139.296051,49.099998,-215.588196),(139.402069,49.099998,-215.570114),(139.51857,49.099998,-215.562149),(141.471466,49.099998,-216.560226)));
#254=COMPLEX_TRIANGULATED_SURFACE_SET('',#253,73,((0.,1.,0.)),(),((38,40,74),(2,1,3),(42,41,38),(39,74,40),(4,3,72),(5,72,71),(4,72,5),(3,1,
   72),(70,6,71),(44,43,37),(37,45,44),(45,36,46),(7,70,69),(35,47,46),(8,69,68),(43,38,37),(43,42,38),(41,40,
   38),(9,68,67),(5,71,6),(70,7,6),(66,10,67),(10,66,65),(69,8,7),(8,68,9),(10,9,67),(65,11,10),(65,64,
   11),(14,60,15),(61,60,14),(12,11,63),(12,63,62),(61,13,62),(13,61,14),(62,13,12),(60,59,15),(63,11,64),(36,35,
   46),(35,48,47),(49,48,34),(33,50,49),(31,52,51),(29,53,52),(51,50,32),(34,48,35),(32,50,33),(30,52,31),(29,28,
   53),(52,30,29),(51,32,31),(33,49,34),(53,28,27),(57,56,18),(20,56,55),(18,56,19),(16,59,58),(59,16,15),(58,17,
   16),(58,57,17),(57,18,17),(55,54,22),(24,54,25),(26,25,54),(23,54,24),(56,20,19),(21,20,55),(22,21,55),(22,54,
   23),(54,53,26),(53,27,26),(45,37,36)),());
#255=COORDINATES_LIST('',87,((138.267365,49.099998,-218.115204),(138.267365,49.099998,-219.670166),(138.952148,49.099998,-219.670166),(138.952148,49.099998,-218.585312),(139.662292,49.099998,-218.447891),(139.652817,49.099998,-218.470886),(139.644699,49.099998,-218.493591),(139.637939,49.099998,-218.516022),(139.632538,49.099998,-218.538147),(139.628479,
   49.099998,-218.559998),(139.625427,49.099998,-218.581543),(139.623062,49.099998,-218.602814),(139.621368,49.099998,-218.623779),(139.620361,49.099998,-218.64447),(139.620026,49.099998,-218.664856),(139.634552,49.099998,-218.840759),(139.678177,49.099998,-219.003922),(139.750885,49.099998,-219.154358),(139.852676,49.099998,-219.292053),(139.983551,
   49.099998,-219.417038),(140.136734,49.099998,-219.523788),(140.305481,49.099998,-219.606812),(140.489777,49.099998,-219.666122),(140.689636,49.099998,-219.701706),(140.905045,49.099998,-219.713562),(141.12468,49.099998,-219.700394),(141.33046,49.099998,-219.660919),(141.522354,49.099998,-219.595093),(141.700409,49.099998,-219.50296),(141.864578,
   49.099998,-219.384491),(142.006104,49.099998,-219.246933),(142.11618,49.099998,-219.097504),(142.194794,49.099998,-218.936218),(142.241974,49.099998,-218.763077),(142.257706,49.099998,-218.578079),(142.246368,49.099998,-218.414764),(142.212387,49.099998,-218.260422),(142.155746,49.099998,-218.115051),(142.076447,49.099998,-217.978653),(141.974487,
   49.099998,-217.851212),(141.852921,49.099998,-217.736801),(141.714783,49.099998,-217.63945),(141.560074,49.099998,-217.559174),(141.388779,49.099998,-217.495956),(141.200943,49.099998,-217.449814),(141.200943,49.099998,-218.115204),(141.26857,49.099998,-218.148758),(141.329437,49.099998,-218.185791),(141.383545,49.099998,-218.226288),(141.430893,
   49.099998,-218.270264),(141.471466,49.099998,-218.317703),(141.504944,49.099998,-218.368042),(141.530991,49.099998,-218.4207),(141.549576,49.099998,-218.475662),(141.560745,49.099998,-218.532944),(141.564468,49.099998,-218.592545),(141.557358,49.099998,-218.673981),(141.536057,49.099998,-218.750488),(141.500549,49.099998,-218.822098),(141.450836,
   49.099998,-218.888779),(141.386932,49.099998,-218.950546),(141.312195,49.099998,-219.003922),(141.230011,49.099998,-219.045425),(141.140411,49.099998,-219.075089),(141.04335,49.099998,-219.09288),(140.938858,49.099998,-219.098801),(140.834534,49.099998,-219.093307),(140.737991,49.099998,-219.076828),(140.649216,49.099998,-219.049332),(140.568237,
   49.099998,-219.010864),(140.495026,49.099998,-218.961395),(140.432632,49.099998,-218.904114),(140.384094,49.099998,-218.842209),(140.349442,49.099998,-218.775665),(140.328644,49.099998,-218.704498),(140.321716,49.099998,-218.628708),(140.324081,49.099998,-218.588196),(140.331177,49.099998,-218.547699),(140.343018,49.099998,-218.507202),(140.359589,
   49.099998,-218.46669),(140.38089,49.099998,-218.426193),(140.407257,49.099998,-218.385986),(140.439056,49.099998,-218.346344),(140.476257,49.099998,-218.307297),(140.51886,49.099998,-218.268814),(140.566879,49.099998,-218.230911),(140.43161,49.099998,-217.71019)));
#256=COMPLEX_TRIANGULATED_SURFACE_SET('',#255,87,((0.,1.,0.)),(),((46,42,41),(48,40,39),(41,40,46),(49,48,39),(44,43,46),(46,43,42),(46,40,47),(40,48,
   47),(44,46,45),(39,38,49),(53,37,36),(55,35,56),(35,55,36),(56,35,57),(54,36,55),(49,38,50),(50,38,51),(53,52,
   37),(54,53,36),(51,37,52),(38,37,51),(5,85,84),(87,86,85),(5,84,83),(1,87,5),(5,83,82),(87,85,5),(81,80,
   5),(5,80,79),(81,5,82),(1,5,4),(7,6,78),(7,78,8),(78,6,5),(5,79,78),(8,78,77),(77,9,8),(77,10,
   9),(10,77,11),(11,76,12),(76,11,77),(1,4,2),(58,57,34),(33,59,58),(59,33,60),(33,58,34),(57,35,34),(32,61,
   60),(31,62,61),(29,64,63),(63,62,30),(60,33,32),(31,30,62),(29,28,64),(29,63,30),(28,65,64),(66,65,26),(24,67,
   66),(26,25,66),(26,65,27),(65,28,27),(68,67,22),(31,61,32),(25,24,66),(75,74,16),(17,72,18),(73,72,17),(74,73,
   16),(13,76,14),(76,13,12),(14,76,15),(75,15,76),(75,16,15),(73,17,16),(72,71,18),(20,70,69),(22,21,68),(67,23,
   22),(67,24,23),(69,68,21),(70,20,19),(18,71,19),(4,3,2),(21,20,69),(19,71,70)),());
#220=TESSELLATED_GEOMETRIC_SET('diameter dimension',(#222,#224,#225,#227,#229,#231,#233,#235,#237,#240,#242,#244,#246,#248,#250,#252,#254,#256));
#219=TESSELLATED_ANNOTATION_OCCURRENCE('\X2\5EA73050308A7A74\X0\4@\X2\5EA73050308A7A74\X0\3(34.5)',(#31),#220);
#257=DRAUGHTING_CALLOUT('\X2\5EA73050308A7A74\X0\4@\X2\5EA73050308A7A74\X0\3(34.5)',(#219));
#261=COORDINATES_LIST('',2,((144.415421,49.099998,-177.565521),(147.97142,49.099998,-177.565521)));
#260=TESSELLATED_CURVE_SET('',#261,((1,2)));
#263=COORDINATES_LIST('',2,((147.97142,49.099998,-177.565521),(147.97142,49.099998,-184.677521)));
#262=TESSELLATED_CURVE_SET('',#263,((1,2)));
#265=COORDINATES_LIST('',2,((147.97142,49.099998,-184.677521),(144.415421,49.099998,-184.677521)));
#264=TESSELLATED_CURVE_SET('',#265,((1,2)));
#267=COORDINATES_LIST('',2,((148.304794,49.099998,-188.34465),(143.859802,49.099998,-190.12265)));
#266=TESSELLATED_CURVE_SET('',#267,((1,2)));
#269=COORDINATES_LIST('',122,((146.082306,49.099998,-190.789398),(146.001556,49.099998,-190.787308),(145.921021,49.099998,-190.781021),(145.840927,49.099998,-190.770554),(145.761475,49.099998,-190.755951),(145.682892,49.099998,-190.737259),(145.605392,49.099998,-190.714493),(145.529175,49.099998,-190.687744),(145.454437,49.099998,-190.657074),(145.381409,
   49.099998,-190.622574),(145.310257,49.099998,-190.58432),(145.241196,49.099998,-190.542435),(145.174408,49.099998,-190.497009),(145.110046,49.099998,-190.448181),(145.048325,49.099998,-190.396088),(144.98938,49.099998,-190.340851),(144.93338,49.099998,-190.282623),(144.880493,49.099998,-190.221573),(144.830826,49.099998,-190.157867),(144.784546,
   49.099998,-190.091675),(144.74176,49.099998,-190.023148),(144.702591,49.099998,-189.952515),(144.667145,49.099998,-189.879929),(144.635498,49.099998,-189.805603),(144.607773,49.099998,-189.729736),(144.584,49.099998,-189.652542),(144.564285,49.099998,-189.574203),(144.548645,49.099998,-189.494949),(144.537155,49.099998,-189.415009),(144.529831,
   49.099998,-189.334564),(144.526688,49.099998,-189.253845),(144.527725,49.099998,-189.17308),(144.532974,49.099998,-189.092468),(144.542389,49.099998,-189.012238),(144.555954,49.099998,-188.932617),(144.573639,49.099998,-188.85379),(144.595383,49.099998,-188.776001),(144.62114,49.099998,-188.699448),(144.650833,49.099998,-188.624329),(144.684387,
   49.099998,-188.550842),(144.721725,49.099998,-188.479202),(144.762711,49.099998,-188.409607),(144.807266,49.099998,-188.342224),(144.85524,49.099998,-188.277252),(144.90654,49.099998,-188.214844),(144.961014,49.099998,-188.155197),(145.018494,49.099998,-188.09845),(145.078842,49.099998,-188.044769),(145.141907,49.099998,-187.994278),(145.207504,
   49.099998,-187.947144),(145.275452,49.099998,-187.903473),(145.345581,49.099998,-187.863388),(145.417694,49.099998,-187.826996),(145.491608,49.099998,-187.794403),(145.567108,49.099998,-187.765671),(145.643997,49.099998,-187.740921),(145.722061,49.099998,-187.720184),(145.801102,49.099998,-187.703522),(145.880905,49.099998,-187.690994),(145.961243,
   49.099998,-187.682617),(146.041916,49.099998,-187.678421),(146.122681,49.099998,-187.678421),(146.203354,49.099998,-187.682617),(146.283691,49.099998,-187.690994),(146.363495,49.099998,-187.703522),(146.442535,49.099998,-187.720184),(146.520599,49.099998,-187.740921),(146.597488,49.099998,-187.765671),(146.672989,49.099998,-187.794403),(146.746902,
   49.099998,-187.826996),(146.819016,49.099998,-187.863388),(146.889145,49.099998,-187.903473),(146.957092,49.099998,-187.947144),(147.02269,49.099998,-187.994278),(147.085754,49.099998,-188.044769),(147.146103,49.099998,-188.09845),(147.203598,49.099998,-188.155197),(147.258057,49.099998,-188.214844),(147.309357,49.099998,-188.277252),(147.357346,
   49.099998,-188.342224),(147.401886,49.099998,-188.409607),(147.442886,49.099998,-188.479202),(147.480209,49.099998,-188.550842),(147.513763,49.099998,-188.624329),(147.543457,49.099998,-188.699448),(147.569214,49.099998,-188.776001),(147.590958,49.099998,-188.85379),(147.608643,49.099998,-188.932617),(147.622208,49.099998,-189.012238),(147.631638,
   49.099998,-189.092468),(147.636871,49.099998,-189.17308),(147.637924,49.099998,-189.253845),(147.634781,49.099998,-189.334564),(147.627441,49.099998,-189.415009),(147.615952,49.099998,-189.494949),(147.600311,49.099998,-189.574203),(147.580597,49.099998,-189.652542),(147.556839,49.099998,-189.729736),(147.529099,49.099998,-189.805603),(147.497467,
   49.099998,-189.879929),(147.462006,49.099998,-189.952515),(147.422836,49.099998,-190.023148),(147.380051,49.099998,-190.091675),(147.333771,49.099998,-190.157867),(147.284103,49.099998,-190.221573),(147.231216,49.099998,-190.282623),(147.175217,49.099998,-190.340851),(147.116272,49.099998,-190.396088),(147.05455,49.099998,-190.448181),(146.990204,
   49.099998,-190.497009),(146.923401,49.099998,-190.542435),(146.85434,49.099998,-190.58432),(146.783188,49.099998,-190.622574),(146.710159,49.099998,-190.657074),(146.635422,49.099998,-190.687744),(146.559204,49.099998,-190.714493),(146.481705,49.099998,-190.737259),(146.403122,49.099998,-190.755951),(146.323685,49.099998,-190.770554),(146.243576,
   49.099998,-190.781021),(146.163055,49.099998,-190.787308),(146.082306,49.099998,-190.789398)));
#268=TESSELLATED_CURVE_SET('',#269,((1,2,3,4,5,6,7,8,9,10,11,12,13,14,15,16,17,18,19,20,21,22,23,24,25,26,27,28,
   29,30,31,32,33,34,35,36,37,38,39,40,41,42,43,44,45,46,47,48,49,50,51,52,53,54,55,56,57,58,
   59,60,61,62,63,64,65,66,67,68,69,70,71,72,73,74,75,76,77,78,79,80,81,82,83,84,85,86,87,88,
   89,90,91,92,93,94,95,96,97,98,99,100,101,102,103,104,105,106,107,108,109,110,111,112,113,114,115,116,117,118,
   119,120,121,122)));
#270=COORDINATES_LIST('',129,((144.840851,49.099998,-192.686646),(144.840851,49.099998,-192.079086),(144.675156,49.099998,-192.103378),(144.52298,49.099998,-192.141571),(144.384338,49.099998,-192.193649),(144.259216,49.099998,-192.259613),(144.147614,49.099998,-192.339462),(144.016754,49.099998,-192.467056),(143.914963,49.099998,-192.606796),(143.842255,
   49.099998,-192.758698),(143.79863,49.099998,-192.922729),(143.784088,49.099998,-193.098938),(143.796265,49.099998,-193.258484),(143.832794,49.099998,-193.407349),(143.893661,49.099998,-193.545486),(143.978882,49.099998,-193.672943),(144.08844,49.099998,-193.789673),(144.214569,49.099998,-193.889923),(144.349503,49.099998,-193.967896),(144.493225,
   49.099998,-194.02359),(144.645737,49.099998,-194.057007),(144.807037,49.099998,-194.068146),(144.909836,49.099998,-194.063232),(145.008591,49.099998,-194.048477),(145.103271,49.099998,-194.02388),(145.193893,49.099998,-193.989456),(145.280472,49.099998,-193.94519),(145.361969,49.099998,-193.891663),(145.437378,49.099998,-193.829468),(145.506699,
   49.099998,-193.758575),(145.569931,49.099998,-193.679016),(145.62709,49.099998,-193.590775),(145.674255,49.099998,-193.70694),(145.734619,49.099998,-193.812393),(145.808167,49.099998,-193.907135),(145.894913,49.099998,-193.991196),(145.994843,49.099998,-194.064529),(146.104919,49.099998,-194.125717),(146.222092,49.099998,-194.173309),(146.346359,
   49.099998,-194.207306),(146.477737,49.099998,-194.227707),(146.616211,49.099998,-194.234512),(146.819458,49.099998,-194.221344),(147.009842,49.099998,-194.181854),(147.187378,49.099998,-194.116028),(147.352066,49.099998,-194.02388),(147.503906,49.099998,-193.905411),(147.634766,49.099998,-193.766388),(147.736557,49.099998,-193.61261),(147.809265,
   49.099998,-193.444092),(147.85289,49.099998,-193.260803),(147.867432,49.099998,-193.062759),(147.853729,49.099998,-192.878616),(147.812637,49.099998,-192.708054),(147.744171,49.099998,-192.551102),(147.6483,49.099998,-192.407745),(147.52504,49.099998,-192.277985),(147.378098,49.099998,-192.166168),(147.211212,49.099998,-192.07663),(147.024384,
   49.099998,-192.009354),(146.817596,49.099998,-191.964371),(146.590851,49.099998,-191.94165),(146.590851,49.099998,-192.570923),(146.706177,49.099998,-192.589584),(146.80864,49.099998,-192.616638),(146.898239,49.099998,-192.652084),(146.975006,49.099998,-192.695908),(147.038925,49.099998,-192.748138),(147.090668,49.099998,-192.807297),(147.130905,
   49.099998,-192.871964),(147.159653,49.099998,-192.942123),(147.176895,49.099998,-193.017776),(147.182648,49.099998,-193.098938),(147.176056,49.099998,-193.18544),(147.156265,49.099998,-193.265579),(147.123291,49.099998,-193.339355),(147.077133,49.099998,-193.406769),(147.017792,49.099998,-193.467819),(146.948639,49.099998,-193.519882),(146.873047,
   49.099998,-193.560394),(146.791046,49.099998,-193.589325),(146.702621,49.099998,-193.606689),(146.607758,49.099998,-193.612473),(146.506149,49.099998,-193.60466),(146.41095,49.099998,-193.581223),(146.322189,49.099998,-193.54216),(146.239838,49.099998,-193.487488),(146.163925,49.099998,-193.417175),(146.098145,49.099998,-193.331833),(146.046234,
   49.099998,-193.23201),(146.008194,49.099998,-193.117737),(145.984024,49.099998,-192.988983),(145.973709,49.099998,-192.845779),(145.339645,49.099998,-192.845779),(145.331024,49.099998,-192.933578),(145.31868,49.099998,-193.011841),(145.302612,49.099998,-193.080566),(145.282837,49.099998,-193.139725),(145.259338,49.099998,-193.189346),(145.232285,
   49.099998,-193.232162),(145.201843,49.099998,-193.270935),(145.16803,49.099998,-193.305649),(145.130829,49.099998,-193.336319),(145.090256,49.099998,-193.36293),(145.047134,49.099998,-193.385071),(145.002335,49.099998,-193.402283),(144.955826,49.099998,-193.414581),(144.907639,49.099998,-193.421951),(144.857758,49.099998,-193.424408),(144.795883,
   49.099998,-193.420654),(144.738724,49.099998,-193.409363),(144.68631,49.099998,-193.390564),(144.638626,49.099998,-193.364243),(144.595688,49.099998,-193.330383),(144.559158,49.099998,-193.290466),(144.530762,49.099998,-193.245911),(144.510468,49.099998,-193.196716),(144.498291,49.099998,-193.142914),(144.494232,49.099998,-193.084457),(144.498123,
   49.099998,-193.030502),(144.509796,49.099998,-192.978577),(144.529236,49.099998,-192.928665),(144.556458,49.099998,-192.880783),(144.591461,49.099998,-192.83493),(144.632553,49.099998,-192.793121),(144.678024,49.099998,-192.757385),(144.727905,49.099998,-192.727737),(144.782181,49.099998,-192.704163),(144.840851,49.099998,-192.686646)));
#271=COMPLEX_TRIANGULATED_SURFACE_SET('',#270,128,((0.,1.,0.)),(),((57,65,58),(58,64,59),(66,57,56),(55,54,68),(69,68,54),(54,70,69),(56,55,67),(67,55,
   68),(61,60,63),(63,62,61),(60,64,63),(65,57,66),(64,60,59),(64,58,65),(56,67,66),(53,52,72),(72,71,53),(52,73,
   72),(53,71,70),(52,74,73),(74,52,51),(75,74,51),(95,93,92),(95,94,93),(97,92,91),(92,96,95),(97,96,92),(91,90,
   98),(100,90,32),(70,54,53),(2,1,3),(128,6,1),(1,4,3),(7,128,127),(9,126,125),(8,127,126),(9,125,124),(5,1,
   6),(7,6,128),(5,4,1),(126,9,8),(8,7,127),(9,124,10),(123,122,10),(10,124,123),(98,97,91),(98,90,99),(32,101,
   100),(13,116,14),(99,90,100),(121,120,11),(12,120,119),(120,12,11),(121,11,122),(118,117,13),(13,12,118),(117,116,13),(118,12,
   119),(116,115,14),(122,11,10),(75,51,50),(76,50,77),(50,76,75),(49,78,77),(77,50,49),(80,79,48),(78,48,79),(47,81,
   80),(81,46,82),(87,86,33),(32,89,88),(88,87,32),(43,83,82),(85,84,36),(83,39,84),(86,85,34),(48,78,49),(32,90,
   89),(46,81,47),(45,82,46),(82,45,44),(43,42,83),(83,42,41),(82,44,43),(40,83,41),(35,85,36),(34,85,35),(33,86,
   34),(38,84,39),(84,38,37),(36,84,37),(83,40,39),(47,80,48),(33,32,87),(103,102,32),(105,104,32),(103,32,104),(107,106,
   31),(105,31,106),(29,108,107),(108,28,109),(101,32,102),(15,114,113),(114,14,115),(15,14,114),(15,113,16),(18,111,110),(113,112,
   16),(111,17,112),(20,110,109),(31,105,32),(107,30,29),(28,108,29),(109,28,27),(25,109,26),(109,25,24),(109,27,26),(23,109,
   24),(18,110,19),(17,111,18),(16,112,17),(21,109,22),(109,21,20),(19,110,20),(109,23,22),(107,31,30)),());
#272=COORDINATES_LIST('',15,((143.784088,49.099998,-195.927017),(143.784088,49.099998,-196.55629),(146.286514,49.099998,-196.55629),(146.286514,49.099998,-196.852844),(146.971283,49.099998,-196.852844),(146.971283,49.099998,-196.55629),(147.765976,49.099998,-196.55629),(147.765976,49.099998,-195.941483),(146.971283,49.099998,-195.941483),(146.971283,
   49.099998,-194.487656),(146.286514,49.099998,-194.487656),(146.286514,49.099998,-195.941483),(144.984573,49.099998,-195.941483),(146.286514,49.099998,-195.182022),(146.971283,49.099998,-195.214569)));
#273=COMPLEX_TRIANGULATED_SURFACE_SET('',#272,15,((0.,1.,0.)),(),((9,8,6),(9,12,15),(1,11,13),(14,11,10),(11,14,13),(15,12,14),(9,3,12),(14,10,
   15),(6,5,4),(3,9,6),(13,3,2),(13,12,3),(3,6,4),(13,2,1),(6,8,7)),());
#274=COORDINATES_LIST('',41,((147.013565,49.099998,-197.634003),(147.018295,49.099998,-197.690277),(147.032501,49.099998,-197.743362),(147.056168,49.099998,-197.793274),(147.08931,49.099998,-197.839996),(147.131912,49.099998,-197.883545),(147.181625,49.099998,-197.921295),(147.236069,49.099998,-197.950653),(147.295258,49.099998,-197.971634),(147.359161,
   49.099998,-197.984222),(147.427811,49.099998,-197.988419),(147.493591,49.099998,-197.984222),(147.555634,49.099998,-197.971634),(147.613968,49.099998,-197.950653),(147.668579,49.099998,-197.921295),(147.719482,49.099998,-197.883545),(147.763611,49.099998,-197.839996),(147.797928,49.099998,-197.793274),(147.822449,49.099998,-197.743362),(147.837158,
   49.099998,-197.690277),(147.842056,49.099998,-197.634003),(147.837158,49.099998,-197.575272),(147.822449,49.099998,-197.520584),(147.797928,49.099998,-197.469955),(147.763611,49.099998,-197.42337),(147.719482,49.099998,-197.380844),(147.668579,49.099998,-197.344391),(147.613968,49.099998,-197.31604),(147.555634,49.099998,-197.295792),(147.493591,
   49.099998,-197.28363),(147.427811,49.099998,-197.279587),(147.359161,49.099998,-197.28363),(147.295258,49.099998,-197.295792),(147.236069,49.099998,-197.31604),(147.181625,49.099998,-197.344391),(147.131912,49.099998,-197.380844),(147.08931,49.099998,-197.42337),(147.056168,49.099998,-197.469955),(147.032501,49.099998,-197.520584),(147.018295,
   49.099998,-197.575272),(147.013565,49.099998,-197.634003)));
#275=COMPLEX_TRIANGULATED_SURFACE_SET('',#274,40,((0.,1.,0.)),(),((31,30,27),(30,29,28),(30,28,27),(27,26,21),(21,26,22),(25,24,23),(25,23,22),(26,25,
   22),(31,27,21),(35,32,36),(33,35,34),(35,33,32),(32,31,40),(37,36,39),(37,39,38),(39,36,40),(36,32,40),(40,31,
   1),(31,21,16),(20,19,18),(16,21,17),(17,20,18),(31,16,1),(15,14,12),(12,11,15),(12,14,13),(15,11,16),(1,16,
   11),(5,4,2),(5,2,1),(2,4,3),(1,11,5),(10,9,7),(10,7,6),(7,9,8),(5,11,6),(11,10,6),(21,20,
   17)),());
#276=COORDINATES_LIST('',87,((143.87709,49.099998,-199.051666),(143.87709,49.099998,-200.60675),(144.561874,49.099998,-200.60675),(144.561874,49.099998,-199.521805),(145.272018,49.099998,-199.384384),(145.262543,49.099998,-199.407379),(145.254425,49.099998,-199.430084),(145.247665,49.099998,-199.452515),(145.242264,49.099998,-199.47464),(145.238205,
   49.099998,-199.49649),(145.235153,49.099998,-199.518036),(145.232788,49.099998,-199.539307),(145.231094,49.099998,-199.560287),(145.230087,49.099998,-199.580963),(145.229752,49.099998,-199.601364),(145.244278,49.099998,-199.777267),(145.287903,49.099998,-199.940445),(145.360611,49.099998,-200.090897),(145.462402,49.099998,-200.228607),(145.593277,
   49.099998,-200.353592),(145.74646,49.099998,-200.460358),(145.915207,49.099998,-200.543396),(146.099503,49.099998,-200.602692),(146.299362,49.099998,-200.63829),(146.514771,49.099998,-200.650146),(146.734406,49.099998,-200.636978),(146.940186,49.099998,-200.597488),(147.13208,49.099998,-200.531677),(147.310135,49.099998,-200.439529),(147.474304,
   49.099998,-200.321045),(147.615829,49.099998,-200.183472),(147.725906,49.099998,-200.034042),(147.80452,49.099998,-199.872742),(147.8517,49.099998,-199.699585),(147.867432,49.099998,-199.514572),(147.856094,49.099998,-199.351257),(147.822113,49.099998,-199.196899),(147.765472,49.099998,-199.051514),(147.686172,49.099998,-198.9151),(147.584213,
   49.099998,-198.787659),(147.462646,49.099998,-198.673233),(147.324509,49.099998,-198.575882),(147.1698,49.099998,-198.49559),(146.998505,49.099998,-198.432373),(146.810669,49.099998,-198.38623),(146.810669,49.099998,-199.051666),(146.878296,49.099998,-199.08522),(146.939163,49.099998,-199.122253),(146.993271,49.099998,-199.162766),(147.040619,
   49.099998,-199.206741),(147.081192,49.099998,-199.254181),(147.11467,49.099998,-199.30452),(147.140717,49.099998,-199.357178),(147.159302,49.099998,-199.412155),(147.170471,49.099998,-199.469437),(147.174194,49.099998,-199.529037),(147.167084,49.099998,-199.610474),(147.145782,49.099998,-199.687012),(147.110275,49.099998,-199.758606),(147.060562,
   49.099998,-199.825302),(146.996658,49.099998,-199.88707),(146.921921,49.099998,-199.940445),(146.839737,49.099998,-199.981964),(146.750137,49.099998,-200.011627),(146.653076,49.099998,-200.029419),(146.548584,49.099998,-200.035339),(146.44426,49.099998,-200.029846),(146.347717,49.099998,-200.013351),(146.258942,49.099998,-199.98587),(146.177963,
   49.099998,-199.947388),(146.104752,49.099998,-199.897919),(146.042358,49.099998,-199.840637),(145.99382,49.099998,-199.778717),(145.959167,49.099998,-199.712173),(145.93837,49.099998,-199.641006),(145.931442,49.099998,-199.565201),(145.933807,49.099998,-199.524704),(145.940903,49.099998,-199.484192),(145.952744,49.099998,-199.443695),(145.969315,
   49.099998,-199.403183),(145.990616,49.099998,-199.362686),(146.016983,49.099998,-199.322464),(146.048782,49.099998,-199.282822),(146.085983,49.099998,-199.243774),(146.128586,49.099998,-199.205292),(146.176605,49.099998,-199.167389),(146.041336,49.099998,-198.646622)));
#277=COMPLEX_TRIANGULATED_SURFACE_SET('',#276,87,((0.,1.,0.)),(),((46,42,41),(48,40,39),(41,40,46),(49,48,39),(44,43,46),(46,43,42),(46,40,47),(40,48,
   47),(44,46,45),(39,38,49),(53,37,36),(55,35,56),(35,55,36),(56,35,57),(54,36,55),(49,38,50),(50,38,51),(53,52,
   37),(54,53,36),(51,37,52),(38,37,51),(5,85,84),(87,86,85),(5,84,83),(1,87,5),(5,83,82),(87,85,5),(81,80,
   5),(5,80,79),(81,5,82),(1,5,4),(7,6,78),(7,78,8),(78,6,5),(5,79,78),(8,78,77),(77,9,8),(77,10,
   9),(10,77,11),(11,76,12),(76,11,77),(1,4,2),(58,57,34),(33,59,58),(59,33,60),(33,58,34),(57,35,34),(32,61,
   60),(31,62,61),(29,64,63),(63,62,30),(60,33,32),(31,30,62),(29,28,64),(29,63,30),(28,65,64),(66,65,26),(24,67,
   66),(26,25,66),(26,65,27),(65,28,27),(68,67,22),(31,61,32),(25,24,66),(75,74,16),(17,72,18),(73,72,17),(74,73,
   16),(13,76,14),(76,13,12),(14,76,15),(75,15,76),(75,16,15),(73,17,16),(72,71,18),(20,70,69),(22,21,68),(67,23,
   22),(67,24,23),(69,68,21),(70,20,19),(18,71,19),(4,3,2),(21,20,69),(19,71,70)),());
#278=COORDINATES_LIST('',19,((144.916946,49.099998,-201.858047),(143.927811,49.099998,-201.858047),(143.927811,49.099998,-202.422226),(144.916946,49.099998,-202.422226),(144.916946,49.099998,-203.268478),(145.576355,49.099998,-203.268478),(145.576355,49.099998,-202.422226),(146.565491,49.099998,-202.422226),(146.565491,49.099998,-201.858047),(145.576355,
   49.099998,-201.858047),(145.576355,49.099998,-201.004562),(144.916946,49.099998,-201.004562),(147.106552,49.099998,-201.004562),(147.106552,49.099998,-203.268478),(147.765976,49.099998,-203.268478),(147.765976,49.099998,-201.004562),(147.106552,49.099998,-202.13652),(147.106552,49.099998,-201.570541),(147.106552,49.099998,-202.702499)));
#279=COMPLEX_TRIANGULATED_SURFACE_SET('',#278,19,((0.,1.,0.)),(),((18,16,17),(16,18,13),(10,9,8),(15,19,17),(12,11,1),(3,2,1),(11,10,1),(1,10,
   4),(16,15,17),(7,4,10),(4,3,1),(5,4,7),(7,6,5),(14,19,15),(7,10,8)),());
#280=COORDINATES_LIST('',102,((143.784088,49.099998,-204.693375),(143.792374,49.099998,-204.834122),(143.81723,49.099998,-204.967072),(143.858658,49.099998,-205.092194),(143.916656,49.099998,-205.209518),(143.991211,49.099998,-205.319031),(144.083023,49.099998,-205.419861),(144.192764,49.099998,-205.511139),(144.320419,49.099998,-205.592865),(144.466003,
   49.099998,-205.665054),(144.629501,49.099998,-205.727692),(144.815155,49.099998,-205.77977),(145.027191,49.099998,-205.820267),(145.265594,49.099998,-205.849197),(145.530365,49.099998,-205.866562),(145.821533,49.099998,-205.872345),(146.118774,49.099998,-205.866425),(146.38829,49.099998,-205.848618),(146.630081,49.099998,-205.81897),(146.844147,
   49.099998,-205.777451),(147.030472,49.099998,-205.724075),(147.193802,49.099998,-205.660858),(147.338867,49.099998,-205.589828),(147.465683,49.099998,-205.510986),(147.574234,49.099998,-205.424332),(147.66452,49.099998,-205.32988),(147.737564,49.099998,-205.226303),(147.794388,49.099998,-205.112305),(147.834961,49.099998,-204.9879),(147.859314,
   49.099998,-204.853073),(147.867432,49.099998,-204.70784),(147.859146,49.099998,-204.562317),(147.83429,49.099998,-204.42662),(147.792862,49.099998,-204.300766),(147.734863,49.099998,-204.184753),(147.660294,49.099998,-204.078568),(147.569168,49.099998,-203.981644),(147.461456,49.099998,-203.893402),(147.337189,49.099998,-203.813843),(147.196335,
   49.099998,-203.742966),(147.038925,49.099998,-203.680756),(146.85936,49.099998,-203.628677),(146.652069,49.099998,-203.588181),(146.417038,49.099998,-203.55925),(146.154282,49.099998,-203.541885),(145.8638,49.099998,-203.536102),(145.458008,49.099998,-203.547379),(145.099548,49.099998,-203.581238),(144.788437,49.099998,-203.63765),(144.524673,
   49.099998,-203.716629),(144.308243,49.099998,-203.818192),(144.119553,49.099998,-203.952713),(143.972794,49.099998,-204.107498),(143.86795,49.099998,-204.282547),(143.805054,49.099998,-204.477829),(143.784088,49.099998,-204.693375),(144.485779,49.099998,-204.70784),(144.490524,49.099998,-204.645493),(144.504715,49.099998,-204.585754),(144.528397,
   49.099998,-204.52861),(144.561539,49.099998,-204.474075),(144.604141,49.099998,-204.422134),(144.658585,49.099998,-204.373962),(144.727234,49.099998,-204.330719),(144.810089,49.099998,-204.292374),(144.907135,49.099998,-204.258957),(145.018387,49.099998,-204.230469),(145.147568,49.099998,-204.207031),(145.298386,49.099998,-204.188797),(145.470856,
   49.099998,-204.175781),(145.664963,49.099998,-204.167969),(145.880707,49.099998,-204.165375),(146.156647,49.099998,-204.171448),(146.396072,49.099998,-204.189667),(146.598969,49.099998,-204.220047),(146.76535,49.099998,-204.262573),(146.895203,49.099998,-204.317261),(146.995636,49.099998,-204.381485),(147.073761,49.099998,-204.452667),(147.129547,
   49.099998,-204.530777),(147.163025,49.099998,-204.615845),(147.174194,49.099998,-204.70784),(147.163712,49.099998,-204.796661),(147.132263,49.099998,-204.87796),(147.079834,49.099998,-204.951736),(147.006454,49.099998,-205.01799),(146.912109,49.099998,-205.076721),(146.766022,49.099998,-205.134003),(146.584763,49.099998,-205.178558),(146.368347,
   49.099998,-205.210388),(146.116745,49.099998,-205.229477),(145.829987,49.099998,-205.23584),(145.544403,49.099998,-205.230057),(145.296356,49.099998,-205.212708),(145.085861,49.099998,-205.183777),(144.912888,49.099998,-205.143265),(144.777451,49.099998,-205.091187),(144.672455,49.099998,-205.029556),(144.59079,49.099998,-204.960419),(144.532455,
   49.099998,-204.883743),(144.497452,49.099998,-204.799561),(144.485779,49.099998,-204.70784)));
#281=COMPLEX_TRIANGULATED_SURFACE_SET('',#280,100,((0.,1.,0.)),(),((42,41,75),(41,40,75),(39,38,76),(76,40,39),(37,77,38),(73,45,44),(74,73,44),(73,72,
   45),(42,74,43),(43,74,44),(45,72,46),(37,36,77),(34,79,35),(33,79,34),(32,31,81),(33,32,80),(32,81,80),(74,42,
   75),(75,40,76),(80,79,33),(77,36,78),(79,78,35),(38,77,76),(78,36,35),(46,71,47),(71,46,72),(47,71,70),(48,70,
   69),(47,70,48),(48,69,68),(49,67,50),(49,48,68),(50,66,51),(65,52,51),(64,53,52),(49,68,67),(64,52,65),(65,51,
   66),(63,62,54),(63,54,53),(63,53,64),(54,61,55),(61,54,62),(55,61,60),(58,55,59),(1,55,58),(57,1,58),(59,55,
   60),(66,50,67),(82,81,31),(31,83,82),(83,31,30),(83,30,84),(85,84,29),(29,84,30),(85,29,28),(27,86,85),(26,87,
   86),(22,89,88),(20,90,89),(88,87,24),(27,85,28),(87,26,25),(87,25,24),(88,23,22),(88,24,23),(89,22,21),(92,91,
   17),(89,21,20),(90,20,19),(18,91,90),(17,91,18),(19,18,90),(92,17,16),(26,86,27),(99,98,5),(100,99,4),(8,97,
   96),(6,98,97),(5,98,6),(57,101,2),(2,101,3),(57,2,1),(100,3,101),(100,4,3),(99,5,4),(96,95,10),(13,94,
   14),(14,94,93),(94,13,12),(93,15,14),(93,92,15),(92,16,15),(8,7,97),(6,97,7),(10,95,11),(96,9,8),(9,96,
   10),(95,12,11),(94,12,95)),());
#282=COORDINATES_LIST('',41,((147.013565,49.099998,-206.646271),(147.018295,49.099998,-206.702545),(147.032501,49.099998,-206.755646),(147.056168,49.099998,-206.805542),(147.08931,49.099998,-206.852264),(147.131912,49.099998,-206.895813),(147.181625,49.099998,-206.933563),(147.236069,49.099998,-206.962936),(147.295258,49.099998,-206.983917),(147.359161,
   49.099998,-206.99649),(147.427811,49.099998,-207.000687),(147.493591,49.099998,-206.99649),(147.555634,49.099998,-206.983917),(147.613968,49.099998,-206.962936),(147.668579,49.099998,-206.933563),(147.719482,49.099998,-206.895813),(147.763611,49.099998,-206.852264),(147.797928,49.099998,-206.805542),(147.822449,49.099998,-206.755646),(147.837158,
   49.099998,-206.702545),(147.842056,49.099998,-206.646271),(147.837158,49.099998,-206.58754),(147.822449,49.099998,-206.532867),(147.797928,49.099998,-206.482239),(147.763611,49.099998,-206.435654),(147.719482,49.099998,-206.393127),(147.668579,49.099998,-206.356674),(147.613968,49.099998,-206.328308),(147.555634,49.099998,-206.30806),(147.493591,
   49.099998,-206.295914),(147.427811,49.099998,-206.291855),(147.359161,49.099998,-206.295914),(147.295258,49.099998,-206.30806),(147.236069,49.099998,-206.328308),(147.181625,49.099998,-206.356674),(147.131912,49.099998,-206.393127),(147.08931,49.099998,-206.435654),(147.056168,49.099998,-206.482239),(147.032501,49.099998,-206.532867),(147.018295,
   49.099998,-206.58754),(147.013565,49.099998,-206.646271)));
#283=COMPLEX_TRIANGULATED_SURFACE_SET('',#282,40,((0.,1.,0.)),(),((31,30,27),(30,29,28),(30,28,27),(27,26,21),(21,26,22),(25,24,23),(25,23,22),(26,25,
   22),(31,27,21),(35,32,36),(33,35,34),(35,33,32),(32,31,40),(37,36,39),(37,39,38),(39,36,40),(36,32,40),(40,31,
   1),(31,21,16),(20,19,18),(16,21,17),(17,20,18),(31,16,1),(15,14,12),(12,11,15),(12,14,13),(15,11,16),(1,16,
   11),(5,4,2),(5,2,1),(2,4,3),(1,11,5),(10,9,7),(10,7,6),(7,9,8),(5,11,6),(11,10,6),(21,20,
   17)),());
#284=COORDINATES_LIST('',74,((145.128296,49.099998,-208.100098),(145.128296,49.099998,-207.478073),(144.888702,49.099998,-207.500916),(144.670425,49.099998,-207.546341),(144.473434,49.099998,-207.614334),(144.29776,49.099998,-207.704895),(144.143387,49.099998,-207.818024),(144.014038,49.099998,-207.949661),(143.913437,49.099998,-208.095764),(143.841583,
   49.099998,-208.256332),(143.798462,49.099998,-208.431366),(143.784088,49.099998,-208.62088),(143.790009,49.099998,-208.739502),(143.80777,49.099998,-208.852325),(143.837357,49.099998,-208.959381),(143.878784,49.099998,-209.060638),(143.932037,49.099998,-209.156113),(143.996628,49.099998,-209.244934),(144.072037,49.099998,-209.326233),(144.158264,
   49.099998,-209.400009),(144.255325,49.099998,-209.466263),(144.363205,49.099998,-209.524994),(144.476654,49.099998,-209.574463),(144.590439,49.099998,-209.612946),(144.704575,49.099998,-209.640442),(144.819046,49.099998,-209.656921),(144.933853,49.099998,-209.66243),(145.074524,49.099998,-209.655762),(145.219254,49.099998,-209.635803),(145.368057,
   49.099998,-209.602539),(145.520905,49.099998,-209.555954),(145.677811,49.099998,-209.496063),(145.842834,49.099998,-209.418243),(146.020035,49.099998,-209.317841),(146.209412,49.099998,-209.194885),(146.41095,49.099998,-209.049362),(146.624664,49.099998,-208.881256),(147.081192,49.099998,-208.505142),(147.081192,49.099998,-209.69136),(147.765976,
   49.099998,-209.69136),(147.765976,49.099998,-207.391266),(147.410904,49.099998,-207.391266),(146.185059,49.099998,-208.41835),(146.015976,49.099998,-208.55867),(145.860428,49.099998,-208.678741),(145.718399,49.099998,-208.778549),(145.58989,49.099998,-208.858124),(145.474915,49.099998,-208.917419),(145.369064,49.099998,-208.961685),(145.26796,
   49.099998,-208.996124),(145.171585,49.099998,-209.020721),(145.079941,49.099998,-209.035477),(144.993027,49.099998,-209.04039),(144.905106,49.099998,-209.035187),(144.823944,49.099998,-209.019562),(144.749557,49.099998,-208.993515),(144.681915,49.099998,-208.957062),(144.621048,49.099998,-208.910187),(144.569305,49.099998,-208.855225),(144.529068,
   49.099998,-208.794464),(144.50032,49.099998,-208.727921),(144.483078,49.099998,-208.655594),(144.477325,49.099998,-208.577484),(144.484268,49.099998,-208.499222),(144.505051,49.099998,-208.426453),(144.539719,49.099998,-208.359192),(144.588242,49.099998,-208.297424),(144.650635,49.099998,-208.24115),(144.725204,49.099998,-208.192688),(144.810257,
   49.099998,-208.154343),(144.905777,49.099998,-208.126144),(145.011795,49.099998,-208.108063),(145.128296,49.099998,-208.100098),(147.081192,49.099998,-209.098251)));
#285=COMPLEX_TRIANGULATED_SURFACE_SET('',#284,73,((0.,1.,0.)),(),((38,40,74),(2,1,3),(42,41,38),(39,74,40),(4,3,72),(5,72,71),(4,72,5),(3,1,
   72),(70,6,71),(44,43,37),(37,45,44),(45,36,46),(7,70,69),(35,47,46),(8,69,68),(43,38,37),(43,42,38),(41,40,
   38),(9,68,67),(5,71,6),(70,7,6),(66,10,67),(10,66,65),(69,8,7),(8,68,9),(10,9,67),(65,11,10),(65,64,
   11),(14,60,15),(61,60,14),(12,11,63),(12,63,62),(61,13,62),(13,61,14),(62,13,12),(60,59,15),(63,11,64),(36,35,
   46),(35,48,47),(49,48,34),(33,50,49),(31,52,51),(29,53,52),(51,50,32),(34,48,35),(32,50,33),(30,52,31),(29,28,
   53),(52,30,29),(51,32,31),(33,49,34),(53,28,27),(57,56,18),(20,56,55),(18,56,19),(16,59,58),(59,16,15),(58,17,
   16),(58,57,17),(57,18,17),(55,54,22),(24,54,25),(26,25,54),(23,54,24),(56,20,19),(21,20,55),(22,21,55),(22,54,
   23),(54,53,26),(53,27,26),(45,37,36)),());
#286=COORDINATES_LIST('',102,((143.784088,49.099998,-211.166885),(143.792374,49.099998,-211.307632),(143.81723,49.099998,-211.440582),(143.858658,49.099998,-211.565704),(143.916656,49.099998,-211.683029),(143.991211,49.099998,-211.792526),(144.083023,49.099998,-211.893356),(144.192764,49.099998,-211.984634),(144.320419,49.099998,-212.066376),(144.466003,
   49.099998,-212.13855),(144.629501,49.099998,-212.201187),(144.815155,49.099998,-212.253265),(145.027191,49.099998,-212.293777),(145.265594,49.099998,-212.322708),(145.530365,49.099998,-212.340073),(145.821533,49.099998,-212.345856),(146.118774,49.099998,-212.33992),(146.38829,49.099998,-212.322128),(146.630081,49.099998,-212.29248),(146.844147,
   49.099998,-212.250961),(147.030472,49.099998,-212.197571),(147.193802,49.099998,-212.134354),(147.338867,49.099998,-212.063339),(147.465683,49.099998,-211.984497),(147.574234,49.099998,-211.897842),(147.66452,49.099998,-211.803375),(147.737564,49.099998,-211.699799),(147.794388,49.099998,-211.585815),(147.834961,49.099998,-211.461411),(147.859314,
   49.099998,-211.326584),(147.867432,49.099998,-211.181351),(147.859146,49.099998,-211.035812),(147.83429,49.099998,-210.900131),(147.792862,49.099998,-210.774277),(147.734863,49.099998,-210.658264),(147.660294,49.099998,-210.552078),(147.569168,49.099998,-210.455154),(147.461456,49.099998,-210.366913),(147.337189,49.099998,-210.287354),(147.196335,
   49.099998,-210.216461),(147.038925,49.099998,-210.154266),(146.85936,49.099998,-210.102188),(146.652069,49.099998,-210.061676),(146.417038,49.099998,-210.032745),(146.154282,49.099998,-210.015396),(145.8638,49.099998,-210.009598),(145.458008,49.099998,-210.020889),(145.099548,49.099998,-210.054733),(144.788437,49.099998,-210.11116),(144.524673,
   49.099998,-210.19014),(144.308243,49.099998,-210.291687),(144.119553,49.099998,-210.426224),(143.972794,49.099998,-210.581009),(143.86795,49.099998,-210.756042),(143.805054,49.099998,-210.95134),(143.784088,49.099998,-211.166885),(144.485779,49.099998,-211.181351),(144.490524,49.099998,-211.119003),(144.504715,49.099998,-211.05925),(144.528397,
   49.099998,-211.002106),(144.561539,49.099998,-210.947571),(144.604141,49.099998,-210.895645),(144.658585,49.099998,-210.847473),(144.727234,49.099998,-210.804214),(144.810089,49.099998,-210.765884),(144.907135,49.099998,-210.732468),(145.018387,49.099998,-210.703964),(145.147568,49.099998,-210.680542),(145.298386,49.099998,-210.662308),(145.470856,
   49.099998,-210.649292),(145.664963,49.099998,-210.641479),(145.880707,49.099998,-210.63887),(146.156647,49.099998,-210.644943),(146.396072,49.099998,-210.663177),(146.598969,49.099998,-210.693558),(146.76535,49.099998,-210.736084),(146.895203,49.099998,-210.790771),(146.995636,49.099998,-210.854996),(147.073761,49.099998,-210.926163),(147.129547,
   49.099998,-211.004288),(147.163025,49.099998,-211.08934),(147.174194,49.099998,-211.181351),(147.163712,49.099998,-211.270172),(147.132263,49.099998,-211.351471),(147.079834,49.099998,-211.425247),(147.006454,49.099998,-211.491501),(146.912109,49.099998,-211.550232),(146.766022,49.099998,-211.607513),(146.584763,49.099998,-211.652069),(146.368347,
   49.099998,-211.683899),(146.116745,49.099998,-211.702988),(145.829987,49.099998,-211.709351),(145.544403,49.099998,-211.703568),(145.296356,49.099998,-211.686203),(145.085861,49.099998,-211.657272),(144.912888,49.099998,-211.616776),(144.777451,49.099998,-211.564697),(144.672455,49.099998,-211.503067),(144.59079,49.099998,-211.433914),(144.532455,
   49.099998,-211.357254),(144.497452,49.099998,-211.273056),(144.485779,49.099998,-211.181351)));
#287=COMPLEX_TRIANGULATED_SURFACE_SET('',#286,100,((0.,1.,0.)),(),((42,41,75),(41,40,75),(39,38,76),(76,40,39),(37,77,38),(73,45,44),(74,73,44),(73,72,
   45),(42,74,43),(43,74,44),(45,72,46),(37,36,77),(34,79,35),(33,79,34),(32,31,81),(33,32,80),(32,81,80),(74,42,
   75),(75,40,76),(80,79,33),(77,36,78),(79,78,35),(38,77,76),(78,36,35),(46,71,47),(71,46,72),(47,71,70),(48,70,
   69),(47,70,48),(48,69,68),(49,67,50),(49,48,68),(50,66,51),(65,52,51),(64,53,52),(49,68,67),(64,52,65),(65,51,
   66),(63,62,54),(63,54,53),(63,53,64),(54,61,55),(61,54,62),(55,61,60),(58,55,59),(1,55,58),(57,1,58),(59,55,
   60),(66,50,67),(82,81,31),(31,83,82),(83,31,30),(83,30,84),(85,84,29),(29,84,30),(85,29,28),(27,86,85),(26,87,
   86),(22,89,88),(20,90,89),(88,87,24),(27,85,28),(87,26,25),(87,25,24),(88,23,22),(88,24,23),(89,22,21),(92,91,
   17),(89,21,20),(90,20,19),(18,91,90),(17,91,18),(19,18,90),(92,17,16),(26,86,27),(99,98,5),(100,99,4),(8,97,
   96),(6,98,97),(5,98,6),(57,101,2),(2,101,3),(57,2,1),(100,3,101),(100,4,3),(99,5,4),(96,95,10),(13,94,
   14),(14,94,93),(94,13,12),(93,15,14),(93,92,15),(92,16,15),(8,7,97),(6,97,7),(10,95,11),(96,9,8),(9,96,
   10),(95,12,11),(94,12,95)),());
#259=TESSELLATED_GEOMETRIC_SET('diameter dimension',(#260,#262,#264,#266,#268,#271,#273,#275,#277,#279,#281,#283,#285,#287));
#258=TESSELLATED_ANNOTATION_OCCURRENCE('\X2\5EA73050308A7A74\X0\4@\X2\5EA73050308A7A74\X0\3(34.5)-2',(#31),#259);
#288=DRAUGHTING_CALLOUT('\X2\5EA73050308A7A74\X0\4@\X2\5EA73050308A7A74\X0\3(34.5)-2',(#258));
#292=COORDINATES_LIST('',2,((144.415421,49.099998,-212.954178),(144.415421,49.099998,-216.510178)));
#291=TESSELLATED_CURVE_SET('',#292,((1,2)));
#294=COORDINATES_LIST('',2,((144.415421,49.099998,-214.732178),(147.97142,49.099998,-214.732178)));
#293=TESSELLATED_CURVE_SET('',#294,((1,2)));
#296=COORDINATES_LIST('',2,((145.83783,49.099998,-213.398666),(147.97142,49.099998,-214.732178)));
#295=TESSELLATED_CURVE_SET('',#296,((1,2)));
#298=COORDINATES_LIST('',2,((145.83783,49.099998,-216.065674),(147.97142,49.099998,-214.732178)));
#297=TESSELLATED_CURVE_SET('',#298,((1,2)));
#299=COORDINATES_LIST('',6,((143.87709,49.099998,-218.228897),(143.87709,49.099998,-219.176422),(147.765976,49.099998,-219.176422),(147.765976,49.099998,-218.54715),(144.570328,49.099998,-218.54715),(144.570328,49.099998,-217.867249)));
#300=COMPLEX_TRIANGULATED_SURFACE_SET('',#299,6,((0.,1.,0.)),(),((1,6,5),(5,3,2),(3,5,4),(5,2,1)),());
#301=COORDINATES_LIST('',7,((143.87709,49.099998,-220.333694),(143.87709,49.099998,-222.518051),(144.265976,49.099998,-222.518051),(147.867432,49.099998,-221.020828),(147.56308,49.099998,-220.478348),(144.570328,49.099998,-221.72966),(144.570328,49.099998,-220.333694)));
#302=COMPLEX_TRIANGULATED_SURFACE_SET('',#301,7,((0.,1.,0.)),(),((1,7,6),(4,6,5),(6,4,3),(3,2,6),(6,2,1)),());
#303=COORDINATES_LIST('',41,((147.013565,49.099998,-223.29921),(147.018295,49.099998,-223.355484),(147.032501,49.099998,-223.408569),(147.056168,49.099998,-223.458481),(147.08931,49.099998,-223.505203),(147.131912,49.099998,-223.548752),(147.181625,49.099998,-223.586502),(147.236069,49.099998,-223.61586),(147.295258,49.099998,-223.636841),(147.359161,
   49.099998,-223.649429),(147.427811,49.099998,-223.653625),(147.493591,49.099998,-223.649429),(147.555634,49.099998,-223.636841),(147.613968,49.099998,-223.61586),(147.668579,49.099998,-223.586502),(147.719482,49.099998,-223.548752),(147.763611,49.099998,-223.505203),(147.797928,49.099998,-223.458481),(147.822449,49.099998,-223.408569),(147.837158,
   49.099998,-223.355484),(147.842056,49.099998,-223.29921),(147.837158,49.099998,-223.240479),(147.822449,49.099998,-223.185791),(147.797928,49.099998,-223.135162),(147.763611,49.099998,-223.088577),(147.719482,49.099998,-223.046051),(147.668579,49.099998,-223.009598),(147.613968,49.099998,-222.981247),(147.555634,49.099998,-222.960999),(147.493591,
   49.099998,-222.948837),(147.427811,49.099998,-222.944794),(147.359161,49.099998,-222.948837),(147.295258,49.099998,-222.960999),(147.236069,49.099998,-222.981247),(147.181625,49.099998,-223.009598),(147.131912,49.099998,-223.046051),(147.08931,49.099998,-223.088577),(147.056168,49.099998,-223.135162),(147.032501,49.099998,-223.185791),(147.018295,
   49.099998,-223.240479),(147.013565,49.099998,-223.29921)));
#304=COMPLEX_TRIANGULATED_SURFACE_SET('',#303,40,((0.,1.,0.)),(),((31,30,27),(30,29,28),(30,28,27),(27,26,21),(21,26,22),(25,24,23),(25,23,22),(26,25,
   22),(31,27,21),(35,32,36),(33,35,34),(35,33,32),(32,31,40),(37,36,39),(37,39,38),(39,36,40),(36,32,40),(40,31,
   1),(31,21,16),(20,19,18),(16,21,17),(17,20,18),(31,16,1),(15,14,12),(12,11,15),(12,14,13),(15,11,16),(1,16,
   11),(5,4,2),(5,2,1),(2,4,3),(1,11,5),(10,9,7),(10,7,6),(7,9,8),(5,11,6),(11,10,6),(21,20,
   17)),());
#305=COORDINATES_LIST('',102,((143.784088,49.099998,-225.230408),(143.792374,49.099998,-225.37117),(143.81723,49.099998,-225.504105),(143.858658,49.099998,-225.629242),(143.916656,49.099998,-225.746552),(143.991211,49.099998,-225.856064),(144.083023,49.099998,-225.956894),(144.192764,49.099998,-226.048172),(144.320419,49.099998,-226.129898),(144.466003,
   49.099998,-226.202087),(144.629501,49.099998,-226.264725),(144.815155,49.099998,-226.316803),(145.027191,49.099998,-226.3573),(145.265594,49.099998,-226.38623),(145.530365,49.099998,-226.403595),(145.821533,49.099998,-226.409378),(146.118774,49.099998,-226.403458),(146.38829,49.099998,-226.385666),(146.630081,49.099998,-226.356003),(146.844147,
   49.099998,-226.314484),(147.030472,49.099998,-226.261108),(147.193802,49.099998,-226.197891),(147.338867,49.099998,-226.126862),(147.465683,49.099998,-226.048019),(147.574234,49.099998,-225.96138),(147.66452,49.099998,-225.866913),(147.737564,49.099998,-225.763336),(147.794388,49.099998,-225.649338),(147.834961,49.099998,-225.524933),(147.859314,
   49.099998,-225.390106),(147.867432,49.099998,-225.244873),(147.859146,49.099998,-225.09935),(147.83429,49.099998,-224.963654),(147.792862,49.099998,-224.837799),(147.734863,49.099998,-224.721786),(147.660294,49.099998,-224.615601),(147.569168,49.099998,-224.518692),(147.461456,49.099998,-224.43045),(147.337189,49.099998,-224.350876),(147.196335,
   49.099998,-224.279999),(147.038925,49.099998,-224.217789),(146.85936,49.099998,-224.16571),(146.652069,49.099998,-224.125214),(146.417038,49.099998,-224.096283),(146.154282,49.099998,-224.078918),(145.8638,49.099998,-224.073135),(145.458008,49.099998,-224.084412),(145.099548,49.099998,-224.118271),(144.788437,49.099998,-224.174683),(144.524673,
   49.099998,-224.253662),(144.308243,49.099998,-224.355225),(144.119553,49.099998,-224.489746),(143.972794,49.099998,-224.644531),(143.86795,49.099998,-224.81958),(143.805054,49.099998,-225.014862),(143.784088,49.099998,-225.230408),(144.485779,49.099998,-225.244873),(144.490524,49.099998,-225.182526),(144.504715,49.099998,-225.122787),(144.528397,
   49.099998,-225.065643),(144.561539,49.099998,-225.011108),(144.604141,49.099998,-224.959167),(144.658585,49.099998,-224.910995),(144.727234,49.099998,-224.867752),(144.810089,49.099998,-224.829407),(144.907135,49.099998,-224.79599),(145.018387,49.099998,-224.767502),(145.147568,49.099998,-224.744064),(145.298386,49.099998,-224.72583),(145.470856,
   49.099998,-224.712814),(145.664963,49.099998,-224.705002),(145.880707,49.099998,-224.702408),(146.156647,49.099998,-224.708481),(146.396072,49.099998,-224.7267),(146.598969,49.099998,-224.75708),(146.76535,49.099998,-224.799606),(146.895203,49.099998,-224.854294),(146.995636,49.099998,-224.918518),(147.073761,49.099998,-224.9897),(147.129547,
   49.099998,-225.06781),(147.163025,49.099998,-225.152878),(147.174194,49.099998,-225.244873),(147.163712,49.099998,-225.333694),(147.132263,49.099998,-225.414993),(147.079834,49.099998,-225.48877),(147.006454,49.099998,-225.555023),(146.912109,49.099998,-225.613754),(146.766022,49.099998,-225.671036),(146.584763,49.099998,-225.715591),(146.368347,
   49.099998,-225.747421),(146.116745,49.099998,-225.76651),(145.829987,49.099998,-225.772888),(145.544403,49.099998,-225.76709),(145.296356,49.099998,-225.749741),(145.085861,49.099998,-225.72081),(144.912888,49.099998,-225.680298),(144.777451,49.099998,-225.62822),(144.672455,49.099998,-225.566605),(144.59079,49.099998,-225.497452),(144.532455,
   49.099998,-225.420776),(144.497452,49.099998,-225.336594),(144.485779,49.099998,-225.244873)));
#306=COMPLEX_TRIANGULATED_SURFACE_SET('',#305,100,((0.,1.,0.)),(),((42,41,75),(41,40,75),(39,38,76),(76,40,39),(37,77,38),(73,45,44),(74,73,44),(73,72,
   45),(42,74,43),(43,74,44),(45,72,46),(37,36,77),(34,79,35),(33,79,34),(32,31,81),(33,32,80),(32,81,80),(74,42,
   75),(75,40,76),(80,79,33),(77,36,78),(79,78,35),(38,77,76),(78,36,35),(46,71,47),(71,46,72),(47,71,70),(48,70,
   69),(47,70,48),(48,69,68),(49,67,50),(49,48,68),(50,66,51),(65,52,51),(64,53,52),(49,68,67),(64,52,65),(65,51,
   66),(63,62,54),(63,54,53),(63,53,64),(54,61,55),(61,54,62),(55,61,60),(58,55,59),(1,55,58),(57,1,58),(59,55,
   60),(66,50,67),(82,81,31),(31,83,82),(83,31,30),(83,30,84),(85,84,29),(29,84,30),(85,29,28),(27,86,85),(26,87,
   86),(22,89,88),(20,90,89),(88,87,24),(27,85,28),(87,26,25),(87,25,24),(88,23,22),(88,24,23),(89,22,21),(92,91,
   17),(89,21,20),(90,20,19),(18,91,90),(17,91,18),(19,18,90),(92,17,16),(26,86,27),(99,98,5),(100,99,4),(8,97,
   96),(6,98,97),(5,98,6),(57,101,2),(2,101,3),(57,2,1),(100,3,101),(100,4,3),(99,5,4),(96,95,10),(13,94,
   14),(14,94,93),(94,13,12),(93,15,14),(93,92,15),(92,16,15),(8,7,97),(6,97,7),(10,95,11),(96,9,8),(9,96,
   10),(95,12,11),(94,12,95)),());
#307=COORDINATES_LIST('',19,((144.916946,49.099998,-227.523254),(143.927811,49.099998,-227.523254),(143.927811,49.099998,-228.087433),(144.916946,49.099998,-228.087433),(144.916946,49.099998,-228.933685),(145.576355,49.099998,-228.933685),(145.576355,49.099998,-228.087433),(146.565491,49.099998,-228.087433),(146.565491,49.099998,-227.523254),(145.576355,
   49.099998,-227.523254),(145.576355,49.099998,-226.669769),(144.916946,49.099998,-226.669769),(147.106552,49.099998,-226.669769),(147.106552,49.099998,-228.933685),(147.765976,49.099998,-228.933685),(147.765976,49.099998,-226.669769),(147.106552,49.099998,-227.801727),(147.106552,49.099998,-227.235748),(147.106552,49.099998,-228.367706)));
#308=COMPLEX_TRIANGULATED_SURFACE_SET('',#307,19,((0.,1.,0.)),(),((18,16,17),(16,18,13),(10,9,8),(15,19,17),(12,11,1),(3,2,1),(11,10,1),(1,10,
   4),(16,15,17),(7,4,10),(4,3,1),(5,4,7),(7,6,5),(14,19,15),(7,10,8)),());
#309=COORDINATES_LIST('',102,((143.784088,49.099998,-230.358582),(143.792374,49.099998,-230.499329),(143.81723,49.099998,-230.632278),(143.858658,49.099998,-230.757401),(143.916656,49.099998,-230.874725),(143.991211,49.099998,-230.984238),(144.083023,49.099998,-231.085068),(144.192764,49.099998,-231.176346),(144.320419,49.099998,-231.258072),(144.466003,
   49.099998,-231.330261),(144.629501,49.099998,-231.392899),(144.815155,49.099998,-231.444977),(145.027191,49.099998,-231.485474),(145.265594,49.099998,-231.514404),(145.530365,49.099998,-231.531769),(145.821533,49.099998,-231.537552),(146.118774,49.099998,-231.531631),(146.38829,49.099998,-231.513824),(146.630081,49.099998,-231.484177),(146.844147,
   49.099998,-231.442657),(147.030472,49.099998,-231.389282),(147.193802,49.099998,-231.326065),(147.338867,49.099998,-231.255035),(147.465683,49.099998,-231.176193),(147.574234,49.099998,-231.089539),(147.66452,49.099998,-230.995087),(147.737564,49.099998,-230.89151),(147.794388,49.099998,-230.777512),(147.834961,49.099998,-230.653107),(147.859314,
   49.099998,-230.51828),(147.867432,49.099998,-230.373047),(147.859146,49.099998,-230.227524),(147.83429,49.099998,-230.091827),(147.792862,49.099998,-229.965973),(147.734863,49.099998,-229.84996),(147.660294,49.099998,-229.743774),(147.569168,49.099998,-229.646851),(147.461456,49.099998,-229.558609),(147.337189,49.099998,-229.47905),(147.196335,
   49.099998,-229.408173),(147.038925,49.099998,-229.345963),(146.85936,49.099998,-229.293884),(146.652069,49.099998,-229.253387),(146.417038,49.099998,-229.224457),(146.154282,49.099998,-229.207092),(145.8638,49.099998,-229.201309),(145.458008,49.099998,-229.212585),(145.099548,49.099998,-229.246445),(144.788437,49.099998,-229.302856),(144.524673,
   49.099998,-229.381836),(144.308243,49.099998,-229.483398),(144.119553,49.099998,-229.61792),(143.972794,49.099998,-229.772705),(143.86795,49.099998,-229.947754),(143.805054,49.099998,-230.143036),(143.784088,49.099998,-230.358582),(144.485779,49.099998,-230.373047),(144.490524,49.099998,-230.310699),(144.504715,49.099998,-230.250961),(144.528397,
   49.099998,-230.193817),(144.561539,49.099998,-230.139282),(144.604141,49.099998,-230.087341),(144.658585,49.099998,-230.039169),(144.727234,49.099998,-229.995926),(144.810089,49.099998,-229.957581),(144.907135,49.099998,-229.924164),(145.018387,49.099998,-229.895676),(145.147568,49.099998,-229.872238),(145.298386,49.099998,-229.854004),(145.470856,
   49.099998,-229.840988),(145.664963,49.099998,-229.833176),(145.880707,49.099998,-229.830582),(146.156647,49.099998,-229.836655),(146.396072,49.099998,-229.854874),(146.598969,49.099998,-229.885254),(146.76535,49.099998,-229.92778),(146.895203,49.099998,-229.982468),(146.995636,49.099998,-230.046692),(147.073761,49.099998,-230.117874),(147.129547,
   49.099998,-230.195984),(147.163025,49.099998,-230.281052),(147.174194,49.099998,-230.373047),(147.163712,49.099998,-230.461868),(147.132263,49.099998,-230.543167),(147.079834,49.099998,-230.616943),(147.006454,49.099998,-230.683197),(146.912109,49.099998,-230.741928),(146.766022,49.099998,-230.79921),(146.584763,49.099998,-230.843765),(146.368347,
   49.099998,-230.875595),(146.116745,49.099998,-230.894684),(145.829987,49.099998,-230.901047),(145.544403,49.099998,-230.895264),(145.296356,49.099998,-230.877914),(145.085861,49.099998,-230.848984),(144.912888,49.099998,-230.808472),(144.777451,49.099998,-230.756393),(144.672455,49.099998,-230.694763),(144.59079,49.099998,-230.625626),(144.532455,
   49.099998,-230.54895),(144.497452,49.099998,-230.464767),(144.485779,49.099998,-230.373047)));
#310=COMPLEX_TRIANGULATED_SURFACE_SET('',#309,100,((0.,1.,0.)),(),((42,41,75),(41,40,75),(39,38,76),(76,40,39),(37,77,38),(73,45,44),(74,73,44),(73,72,
   45),(42,74,43),(43,74,44),(45,72,46),(37,36,77),(34,79,35),(33,79,34),(32,31,81),(33,32,80),(32,81,80),(74,42,
   75),(75,40,76),(80,79,33),(77,36,78),(79,78,35),(38,77,76),(78,36,35),(46,71,47),(71,46,72),(47,71,70),(48,70,
   69),(47,70,48),(48,69,68),(49,67,50),(49,48,68),(50,66,51),(65,52,51),(64,53,52),(49,68,67),(64,52,65),(65,51,
   66),(63,62,54),(63,54,53),(63,53,64),(54,61,55),(61,54,62),(55,61,60),(58,55,59),(1,55,58),(57,1,58),(59,55,
   60),(66,50,67),(82,81,31),(31,83,82),(83,31,30),(83,30,84),(85,84,29),(29,84,30),(85,29,28),(27,86,85),(26,87,
   86),(22,89,88),(20,90,89),(88,87,24),(27,85,28),(87,26,25),(87,25,24),(88,23,22),(88,24,23),(89,22,21),(92,91,
   17),(89,21,20),(90,20,19),(18,91,90),(17,91,18),(19,18,90),(92,17,16),(26,86,27),(99,98,5),(100,99,4),(8,97,
   96),(6,98,97),(5,98,6),(57,101,2),(2,101,3),(57,2,1),(100,3,101),(100,4,3),(99,5,4),(96,95,10),(13,94,
   14),(14,94,93),(94,13,12),(93,15,14),(93,92,15),(92,16,15),(8,7,97),(6,97,7),(10,95,11),(96,9,8),(9,96,
   10),(95,12,11),(94,12,95)),());
#311=COORDINATES_LIST('',41,((147.013565,49.099998,-232.311478),(147.018295,49.099998,-232.367752),(147.032501,49.099998,-232.420853),(147.056168,49.099998,-232.470749),(147.08931,49.099998,-232.517471),(147.131912,49.099998,-232.56102),(147.181625,49.099998,-232.59877),(147.236069,49.099998,-232.628143),(147.295258,49.099998,-232.649124),(147.359161,
   49.099998,-232.661697),(147.427811,49.099998,-232.665894),(147.493591,49.099998,-232.661697),(147.555634,49.099998,-232.649124),(147.613968,49.099998,-232.628143),(147.668579,49.099998,-232.59877),(147.719482,49.099998,-232.56102),(147.763611,49.099998,-232.517471),(147.797928,49.099998,-232.470749),(147.822449,49.099998,-232.420853),(147.837158,
   49.099998,-232.367752),(147.842056,49.099998,-232.311478),(147.837158,49.099998,-232.252747),(147.822449,49.099998,-232.198074),(147.797928,49.099998,-232.147446),(147.763611,49.099998,-232.100861),(147.719482,49.099998,-232.058334),(147.668579,49.099998,-232.021881),(147.613968,49.099998,-231.993515),(147.555634,49.099998,-231.973267),(147.493591,
   49.099998,-231.961121),(147.427811,49.099998,-231.957062),(147.359161,49.099998,-231.961121),(147.295258,49.099998,-231.973267),(147.236069,49.099998,-231.993515),(147.181625,49.099998,-232.021881),(147.131912,49.099998,-232.058334),(147.08931,49.099998,-232.100861),(147.056168,49.099998,-232.147446),(147.032501,49.099998,-232.198074),(147.018295,
   49.099998,-232.252747),(147.013565,49.099998,-232.311478)));
#312=COMPLEX_TRIANGULATED_SURFACE_SET('',#311,40,((0.,1.,0.)),(),((31,30,27),(30,29,28),(30,28,27),(27,26,21),(21,26,22),(25,24,23),(25,23,22),(26,25,
   22),(31,27,21),(35,32,36),(33,35,34),(35,33,32),(32,31,40),(37,36,39),(37,39,38),(39,36,40),(36,32,40),(40,31,
   1),(31,21,16),(20,19,18),(16,21,17),(17,20,18),(31,16,1),(15,14,12),(12,11,15),(12,14,13),(15,11,16),(1,16,
   11),(5,4,2),(5,2,1),(2,4,3),(1,11,5),(10,9,7),(10,7,6),(7,9,8),(5,11,6),(11,10,6),(21,20,
   17)),());
#313=COORDINATES_LIST('',87,((143.87709,49.099998,-233.729141),(143.87709,49.099998,-235.284225),(144.561874,49.099998,-235.284225),(144.561874,49.099998,-234.19928),(145.272018,49.099998,-234.061859),(145.262543,49.099998,-234.084854),(145.254425,49.099998,-234.107574),(145.247665,49.099998,-234.12999),(145.242264,49.099998,-234.15213),(145.238205,
   49.099998,-234.173965),(145.235153,49.099998,-234.195526),(145.232788,49.099998,-234.216797),(145.231094,49.099998,-234.237762),(145.230087,49.099998,-234.258453),(145.229752,49.099998,-234.278854),(145.244278,49.099998,-234.454758),(145.287903,49.099998,-234.617935),(145.360611,49.099998,-234.768372),(145.462402,49.099998,-234.906097),(145.593277,
   49.099998,-235.031082),(145.74646,49.099998,-235.137833),(145.915207,49.099998,-235.220871),(146.099503,49.099998,-235.280182),(146.299362,49.099998,-235.315765),(146.514771,49.099998,-235.327637),(146.734406,49.099998,-235.314468),(146.940186,49.099998,-235.274979),(147.13208,49.099998,-235.209152),(147.310135,49.099998,-235.117004),(147.474304,
   49.099998,-234.998535),(147.615829,49.099998,-234.860962),(147.725906,49.099998,-234.711533),(147.80452,49.099998,-234.550232),(147.8517,49.099998,-234.377075),(147.867432,49.099998,-234.192047),(147.856094,49.099998,-234.028732),(147.822113,49.099998,-233.874374),(147.765472,49.099998,-233.729004),(147.686172,49.099998,-233.59259),(147.584213,
   49.099998,-233.465134),(147.462646,49.099998,-233.350708),(147.324509,49.099998,-233.253357),(147.1698,49.099998,-233.17308),(146.998505,49.099998,-233.109863),(146.810669,49.099998,-233.063705),(146.810669,49.099998,-233.729141),(146.878296,49.099998,-233.762711),(146.939163,49.099998,-233.799744),(146.993271,49.099998,-233.84024),(147.040619,
   49.099998,-233.884216),(147.081192,49.099998,-233.931671),(147.11467,49.099998,-233.98201),(147.140717,49.099998,-234.034668),(147.159302,49.099998,-234.08963),(147.170471,49.099998,-234.146927),(147.174194,49.099998,-234.206512),(147.167084,49.099998,-234.287964),(147.145782,49.099998,-234.364487),(147.110275,49.099998,-234.436096),(147.060562,
   49.099998,-234.502777),(146.996658,49.099998,-234.564545),(146.921921,49.099998,-234.617935),(146.839737,49.099998,-234.659454),(146.750137,49.099998,-234.689102),(146.653076,49.099998,-234.706894),(146.548584,49.099998,-234.71283),(146.44426,49.099998,-234.707336),(146.347717,49.099998,-234.690842),(146.258942,49.099998,-234.663361),(146.177963,
   49.099998,-234.624878),(146.104752,49.099998,-234.575394),(146.042358,49.099998,-234.518112),(145.99382,49.099998,-234.456207),(145.959167,49.099998,-234.389664),(145.93837,49.099998,-234.318481),(145.931442,49.099998,-234.242691),(145.933807,49.099998,-234.202179),(145.940903,49.099998,-234.161682),(145.952744,49.099998,-234.12117),(145.969315,
   49.099998,-234.080673),(145.990616,49.099998,-234.040161),(146.016983,49.099998,-233.999939),(146.048782,49.099998,-233.960312),(146.085983,49.099998,-233.921249),(146.128586,49.099998,-233.882767),(146.176605,49.099998,-233.844864),(146.041336,49.099998,-233.324097)));
#314=COMPLEX_TRIANGULATED_SURFACE_SET('',#313,87,((0.,1.,0.)),(),((46,42,41),(48,40,39),(41,40,46),(49,48,39),(44,43,46),(46,43,42),(46,40,47),(40,48,
   47),(44,46,45),(39,38,49),(53,37,36),(55,35,56),(35,55,36),(56,35,57),(54,36,55),(49,38,50),(50,38,51),(53,52,
   37),(54,53,36),(51,37,52),(38,37,51),(5,85,84),(87,86,85),(5,84,83),(1,87,5),(5,83,82),(87,85,5),(81,80,
   5),(5,80,79),(81,5,82),(1,5,4),(7,6,78),(7,78,8),(78,6,5),(5,79,78),(8,78,77),(77,9,8),(77,10,
   9),(10,77,11),(11,76,12),(76,11,77),(1,4,2),(58,57,34),(33,59,58),(59,33,60),(33,58,34),(57,35,34),(32,61,
   60),(31,62,61),(29,64,63),(63,62,30),(60,33,32),(31,30,62),(29,28,64),(29,63,30),(28,65,64),(66,65,26),(24,67,
   66),(26,25,66),(26,65,27),(65,28,27),(68,67,22),(31,61,32),(25,24,66),(75,74,16),(17,72,18),(73,72,17),(74,73,
   16),(13,76,14),(76,13,12),(14,76,15),(75,15,76),(75,16,15),(73,17,16),(72,71,18),(20,70,69),(22,21,68),(67,23,
   22),(67,24,23),(69,68,21),(70,20,19),(18,71,19),(4,3,2),(21,20,69),(19,71,70)),());
#315=COORDINATES_LIST('',102,((143.784088,49.099998,-236.832092),(143.792374,49.099998,-236.972839),(143.81723,49.099998,-237.105789),(143.858658,49.099998,-237.230911),(143.916656,49.099998,-237.348236),(143.991211,49.099998,-237.457733),(144.083023,49.099998,-237.558563),(144.192764,49.099998,-237.649841),(144.320419,49.099998,-237.731583),(144.466003,
   49.099998,-237.803757),(144.629501,49.099998,-237.866394),(144.815155,49.099998,-237.918472),(145.027191,49.099998,-237.958984),(145.265594,49.099998,-237.987915),(145.530365,49.099998,-238.00528),(145.821533,49.099998,-238.011063),(146.118774,49.099998,-238.005127),(146.38829,49.099998,-237.987335),(146.630081,49.099998,-237.957687),(146.844147,
   49.099998,-237.916168),(147.030472,49.099998,-237.862778),(147.193802,49.099998,-237.799561),(147.338867,49.099998,-237.728546),(147.465683,49.099998,-237.649704),(147.574234,49.099998,-237.563049),(147.66452,49.099998,-237.468582),(147.737564,49.099998,-237.365005),(147.794388,49.099998,-237.251022),(147.834961,49.099998,-237.126617),(147.859314,
   49.099998,-236.991791),(147.867432,49.099998,-236.846558),(147.859146,49.099998,-236.701019),(147.83429,49.099998,-236.565338),(147.792862,49.099998,-236.439484),(147.734863,49.099998,-236.323471),(147.660294,49.099998,-236.217285),(147.569168,49.099998,-236.120361),(147.461456,49.099998,-236.03212),(147.337189,49.099998,-235.95256),(147.196335,
   49.099998,-235.881668),(147.038925,49.099998,-235.819473),(146.85936,49.099998,-235.767395),(146.652069,49.099998,-235.726883),(146.417038,49.099998,-235.697952),(146.154282,49.099998,-235.680603),(145.8638,49.099998,-235.674805),(145.458008,49.099998,-235.686096),(145.099548,49.099998,-235.71994),(144.788437,49.099998,-235.776367),(144.524673,
   49.099998,-235.855347),(144.308243,49.099998,-235.956894),(144.119553,49.099998,-236.091431),(143.972794,49.099998,-236.246216),(143.86795,49.099998,-236.421249),(143.805054,49.099998,-236.616547),(143.784088,49.099998,-236.832092),(144.485779,49.099998,-236.846558),(144.490524,49.099998,-236.78421),(144.504715,49.099998,-236.724457),(144.528397,
   49.099998,-236.667313),(144.561539,49.099998,-236.612778),(144.604141,49.099998,-236.560852),(144.658585,49.099998,-236.51268),(144.727234,49.099998,-236.469421),(144.810089,49.099998,-236.431091),(144.907135,49.099998,-236.397675),(145.018387,49.099998,-236.369171),(145.147568,49.099998,-236.345749),(145.298386,49.099998,-236.327515),(145.470856,
   49.099998,-236.314499),(145.664963,49.099998,-236.306686),(145.880707,49.099998,-236.304077),(146.156647,49.099998,-236.31015),(146.396072,49.099998,-236.328384),(146.598969,49.099998,-236.358765),(146.76535,49.099998,-236.401291),(146.895203,49.099998,-236.455978),(146.995636,49.099998,-236.520203),(147.073761,49.099998,-236.59137),(147.129547,
   49.099998,-236.669495),(147.163025,49.099998,-236.754547),(147.174194,49.099998,-236.846558),(147.163712,49.099998,-236.935379),(147.132263,49.099998,-237.016678),(147.079834,49.099998,-237.090454),(147.006454,49.099998,-237.156708),(146.912109,49.099998,-237.215439),(146.766022,49.099998,-237.27272),(146.584763,49.099998,-237.317276),(146.368347,
   49.099998,-237.349106),(146.116745,49.099998,-237.368195),(145.829987,49.099998,-237.374557),(145.544403,49.099998,-237.368774),(145.296356,49.099998,-237.35141),(145.085861,49.099998,-237.322479),(144.912888,49.099998,-237.281982),(144.777451,49.099998,-237.229904),(144.672455,49.099998,-237.168274),(144.59079,49.099998,-237.099121),(144.532455,
   49.099998,-237.022461),(144.497452,49.099998,-236.938263),(144.485779,49.099998,-236.846558)));
#316=COMPLEX_TRIANGULATED_SURFACE_SET('',#315,100,((0.,1.,0.)),(),((42,41,75),(41,40,75),(39,38,76),(76,40,39),(37,77,38),(73,45,44),(74,73,44),(73,72,
   45),(42,74,43),(43,74,44),(45,72,46),(37,36,77),(34,79,35),(33,79,34),(32,31,81),(33,32,80),(32,81,80),(74,42,
   75),(75,40,76),(80,79,33),(77,36,78),(79,78,35),(38,77,76),(78,36,35),(46,71,47),(71,46,72),(47,71,70),(48,70,
   69),(47,70,48),(48,69,68),(49,67,50),(49,48,68),(50,66,51),(65,52,51),(64,53,52),(49,68,67),(64,52,65),(65,51,
   66),(63,62,54),(63,54,53),(63,53,64),(54,61,55),(61,54,62),(55,61,60),(58,55,59),(1,55,58),(57,1,58),(59,55,
   60),(66,50,67),(82,81,31),(31,83,82),(83,31,30),(83,30,84),(85,84,29),(29,84,30),(85,29,28),(27,86,85),(26,87,
   86),(22,89,88),(20,90,89),(88,87,24),(27,85,28),(87,26,25),(87,25,24),(88,23,22),(88,24,23),(89,22,21),(92,91,
   17),(89,21,20),(90,20,19),(18,91,90),(17,91,18),(19,18,90),(92,17,16),(26,86,27),(99,98,5),(100,99,4),(8,97,
   96),(6,98,97),(5,98,6),(57,101,2),(2,101,3),(57,2,1),(100,3,101),(100,4,3),(99,5,4),(96,95,10),(13,94,
   14),(14,94,93),(94,13,12),(93,15,14),(93,92,15),(92,16,15),(8,7,97),(6,97,7),(10,95,11),(96,9,8),(9,96,
   10),(95,12,11),(94,12,95)),());
#290=TESSELLATED_GEOMETRIC_SET('linear dimension',(#291,#293,#295,#297,#300,#302,#304,#306,#308,#310,#312,#314,#316));
#289=TESSELLATED_ANNOTATION_OCCURRENCE('\X2\5EA73050308A7A74\X0\4@\X2\5EA73050308A7A74\X0\3(34.5)-3',(#31),#290);
#317=DRAUGHTING_CALLOUT('\X2\5EA73050308A7A74\X0\4@\X2\5EA73050308A7A74\X0\3(34.5)-3',(#289));
#320=COORDINATES_LIST('',3,((-135.318466,49.075226,29.56889),(-134.800919,49.075226,26.268372),(-135.816925,49.075226,26.265434)));
#321=COMPLEX_TRIANGULATED_SURFACE_SET('',#320,3,((-0.,-1.,0.)),(),((2,1,3)),());
#322=COORDINATES_LIST('',3,((-135.145233,49.075226,-30.350861),(-135.662781,49.075226,-27.050343),(-134.646774,49.075226,-27.047405)));
#323=COMPLEX_TRIANGULATED_SURFACE_SET('',#322,3,((0.,-1.,0.)),(),((3,2,1)),());
#325=COORDINATES_LIST('',2,((-1.086617,49.075226,29.956984),(-136.318466,49.075226,29.565998)));
#324=TESSELLATED_CURVE_SET('',#325,((1,2)));
#327=COORDINATES_LIST('',2,((-0.913375,49.075226,-29.962767),(-136.145218,49.075226,-30.353752)));
#326=TESSELLATED_CURVE_SET('',#327,((1,2)));
#329=COORDINATES_LIST('',2,((-135.318466,49.075226,29.56889),(-135.145233,49.075226,-30.350861)));
#328=TESSELLATED_CURVE_SET('',#329,((1,2)));
#331=COORDINATES_LIST('',2,((-135.722336,49.075226,1.384454),(-140.16217,49.075226,-0.40639)));
#330=TESSELLATED_CURVE_SET('',#331,((1,2)));
#333=COORDINATES_LIST('',122,((-137.937759,49.075226,-1.066711),(-138.018509,49.075226,-1.064847),(-138.09906,49.075226,-1.058795),(-138.179184,49.075226,-1.04857),(-138.258682,49.075226,-1.034199),(-138.337311,49.075226,-1.015723),(-138.414886,49.075226,-0.99319),(-138.49118,49.075226,-0.966661),(-138.565994,49.075226,-0.936207),(-138.63913,
   49.075226,-0.901912),(-138.710388,49.075226,-0.863867),(-138.779572,49.075226,-0.822174),(-138.846497,49.075226,-0.776947),(-138.910995,49.075226,-0.728307),(-138.97287,49.075226,-0.676385),(-139.031967,49.075226,-0.621321),(-139.088135,49.075226,-0.563265),(-139.141205,49.075226,-0.502371),(-139.19104,49.075226,-0.438805),(-139.237518,
   49.075226,-0.372737),(-139.280502,49.075226,-0.304346),(-139.319885,49.075226,-0.233817),(-139.355545,49.075226,-0.161338),(-139.38739,49.075226,-0.087107),(-139.415344,49.075226,-0.011322),(-139.439331,49.075226,0.065812),(-139.45929,49.075226,0.144086),(-139.475143,49.075226,0.223291),(-139.486862,49.075226,0.303211),(-139.494431,
   49.075226,0.383633),(-139.497818,49.075226,0.464339),(-139.496994,49.075226,0.545112),(-139.491989,49.075226,0.625733),(-139.482803,49.075226,0.705986),(-139.469467,49.075226,0.785654),(-139.452011,49.075226,0.864522),(-139.430496,49.075226,0.942378),(-139.404953,49.075226,1.019012),(-139.375473,49.075226,1.094217),(-139.342133,
   49.075226,1.167791),(-139.305008,49.075226,1.239534),(-139.264221,49.075226,1.309255),(-139.219864,49.075226,1.376765),(-139.172073,49.075226,1.441881),(-139.120956,49.075226,1.504428),(-139.066666,49.075226,1.564239),(-139.009338,49.075226,1.62115),(-138.949142,49.075226,1.67501),(-138.88623,49.075226,1.725673),(-138.82077,
   49.075226,1.773001),(-138.752945,49.075226,1.816869),(-138.682922,49.075226,1.857157),(-138.610916,49.075226,1.893756),(-138.537109,49.075226,1.926569),(-138.461685,49.075226,1.955506),(-138.384872,49.075226,1.98049),(-138.30687,49.075226,2.001453),(-138.227875,49.075226,2.018339),(-138.148117,49.075226,2.031103),(-138.067795,
   49.075226,2.039709),(-137.987137,49.075226,2.044135),(-137.906372,49.075226,2.044368),(-137.825684,49.075226,2.040409),(-137.745316,49.075226,2.032267),(-137.665482,49.075226,2.019965),(-137.586395,49.075226,2.003536),(-137.50827,49.075226,1.983025),(-137.431305,49.075226,1.958485),(-137.355728,49.075226,1.929984),(-137.281723,
   49.075226,1.897599),(-137.209503,49.075226,1.861417),(-137.139267,49.075226,1.821534),(-137.071182,49.075226,1.77806),(-137.005447,49.075226,1.73111),(-136.942245,49.075226,1.680812),(-136.881744,49.075226,1.627302),(-136.824081,49.075226,1.570722),(-136.769455,49.075226,1.511227),(-136.717972,49.075226,1.448976),(-136.6698,
   49.075226,1.384137),(-136.625061,49.075226,1.316885),(-136.583862,49.075226,1.247402),(-136.546326,49.075226,1.175874),(-136.512558,49.075226,1.102494),(-136.482651,49.075226,1.027461),(-136.456665,49.075226,0.950976),(-136.434692,49.075226,0.873246),(-136.416779,49.075226,0.794479),(-136.402985,49.075226,0.71489),(-136.393341,
   49.075226,0.634692),(-136.387863,49.075226,0.554101),(-136.386581,49.075226,0.473334),(-136.389496,49.075226,0.39261),(-136.396591,49.075226,0.312146),(-136.407852,49.075226,0.232159),(-136.423264,49.075226,0.152864),(-136.442749,49.075226,0.074475),(-136.466293,49.075226,-0.002796),(-136.493805,49.075226,-0.078741),(-136.525238,
   49.075226,-0.153155),(-136.560471,49.075226,-0.225839),(-136.599442,49.075226,-0.296595),(-136.642029,49.075226,-0.365233),(-136.688126,49.075226,-0.431568),(-136.737595,49.075226,-0.495422),(-136.790314,49.075226,-0.556621),(-136.846146,49.075226,-0.615002),(-136.904922,49.075226,-0.670406),(-136.966507,49.075226,-0.722685),(-137.030716,
   49.075226,-0.771697),(-137.097382,49.075226,-0.81731),(-137.166321,49.075226,-0.859402),(-137.23735,49.075226,-0.897859),(-137.310287,49.075226,-0.932577),(-137.384933,49.075226,-0.963462),(-137.46106,49.075226,-0.990432),(-137.538513,49.075226,-1.013413),(-137.617035,49.075226,-1.032344),(-137.696442,49.075226,-1.047174),(-137.776505,
   49.075226,-1.057862),(-137.85701,49.075226,-1.064381),(-137.937759,49.075226,-1.066711)));
#332=TESSELLATED_CURVE_SET('',#333,((1,2,3,4,5,6,7,8,9,10,11,12,13,14,15,16,17,18,19,20,21,22,23,24,25,26,27,28,
   29,30,31,32,33,34,35,36,37,38,39,40,41,42,43,44,45,46,47,48,49,50,51,52,53,54,55,56,57,58,
   59,60,61,62,63,64,65,66,67,68,69,70,71,72,73,74,75,76,77,78,79,80,81,82,83,84,85,86,87,88,
   89,90,91,92,93,94,95,96,97,98,99,100,101,102,103,104,105,106,107,108,109,110,111,112,113,114,115,116,117,118,
   119,120,121,122)));
#334=COORDINATES_LIST('',87,((-140.134064,49.075226,-4.153909),(-140.129562,49.075226,-5.707014),(-139.444794,49.075226,-5.705034),(-139.447922,49.075226,-4.621472),(-138.738174,49.075226,-4.482168),(-138.747574,49.075226,-4.505167),(-138.75563,49.075226,-4.527873),(-138.762329,49.075226,-4.550286),(-138.76767,49.075226,-4.572407),(-138.771667,
   49.075226,-4.594234),(-138.774643,49.075226,-4.61577),(-138.776962,49.075226,-4.637014),(-138.77858,49.075226,-4.657968),(-138.779541,49.075226,-4.678631),(-138.779816,49.075226,-4.699003),(-138.764771,49.075226,-4.874642),(-138.720673,49.075226,-5.037484),(-138.647537,49.075226,-5.187528),(-138.545349,49.075226,-5.324773),(-138.414124,
   49.075226,-5.449221),(-138.26062,49.075226,-5.555401),(-138.091644,49.075226,-5.637842),(-137.907181,49.075226,-5.696543),(-137.707214,49.075226,-5.731506),(-137.491776,49.075226,-5.742731),(-137.272171,49.075226,-5.728948),(-137.066513,49.075226,-5.688911),(-136.874802,49.075226,-5.622621),(-136.697021,49.075226,-5.530076),(-136.533188,
   49.075226,-5.411276),(-136.392059,49.075226,-5.273471),(-136.282425,49.075226,-5.12391),(-136.204269,49.075226,-4.962594),(-136.157593,49.075226,-4.789521),(-136.142395,49.075226,-4.604692),(-136.154205,49.075226,-4.441612),(-136.188629,49.075226,-4.287556),(-136.245697,49.075226,-4.142522),(-136.325394,49.075226,-4.006512),(-136.427704,
   49.075226,-3.879524),(-136.549606,49.075226,-3.765596),(-136.688034,49.075226,-3.668764),(-136.842972,49.075226,-3.589028),(-137.014435,49.075226,-3.526387),(-137.202423,49.075226,-3.480843),(-137.2005,49.075226,-4.145428),(-137.132767,49.075226,-4.17875),(-137.071793,49.075226,-4.21556),(-137.017563,49.075226,-4.255856),(-136.970093,
   49.075226,-4.29964),(-136.929382,49.075226,-4.34691),(-136.895752,49.075226,-4.39709),(-136.869568,49.075226,-4.449604),(-136.850815,49.075226,-4.504451),(-136.839478,49.075226,-4.561631),(-136.835587,49.075226,-4.621143),(-136.842453,49.075226,-4.702504),(-136.863541,49.075226,-4.778993),(-136.898849,49.075226,-4.85061),(-136.948364,
   49.075226,-4.917356),(-137.0121,49.075226,-4.979232),(-137.08667,49.075226,-5.03276),(-137.168732,49.075226,-5.074461),(-137.258255,49.075226,-5.104338),(-137.355255,49.075226,-5.122389),(-137.459732,49.075226,-5.128614),(-137.564072,49.075226,-5.123426),(-137.66066,49.075226,-5.107235),(-137.749512,49.075226,-5.080041),(-137.830612,
   49.075226,-5.041845),(-137.903961,49.075226,-4.992647),(-137.966522,49.075226,-4.935615),(-138.015228,49.075226,-4.87392),(-138.050079,49.075226,-4.807562),(-138.071091,49.075226,-4.73654),(-138.078232,49.075226,-4.660855),(-138.075989,49.075226,-4.620396),(-138.069,49.075226,-4.579922),(-138.057281,49.075226,-4.539435),(-138.040833,
   49.075226,-4.498934),(-138.019638,49.075226,-4.458419),(-137.993378,49.075226,-4.418179),(-137.961716,49.075226,-4.378501),(-137.924622,49.075226,-4.339386),(-137.882126,49.075226,-4.300832),(-137.834213,49.075226,-4.262841),(-137.970993,49.075226,-3.743122)));
#335=COMPLEX_TRIANGULATED_SURFACE_SET('',#334,87,((0.,1.,0.)),(),((41,46,42),(48,40,39),(46,41,40),(49,48,39),(46,45,44),(43,42,46),(47,40,48),(44,43,
   46),(47,46,40),(39,38,49),(53,37,36),(55,35,56),(35,55,36),(56,35,57),(54,36,55),(49,38,50),(50,38,51),(53,52,
   37),(54,53,36),(51,37,52),(38,37,51),(84,83,5),(85,84,5),(86,85,87),(1,87,5),(5,83,82),(87,85,5),(81,80,
   5),(5,80,79),(81,5,82),(1,5,4),(7,6,78),(7,78,8),(78,6,5),(5,79,78),(8,78,77),(77,9,8),(77,10,
   9),(10,77,11),(11,76,12),(76,11,77),(1,4,2),(58,57,34),(33,59,58),(59,33,60),(33,58,34),(57,35,34),(32,61,
   60),(31,62,61),(29,64,63),(63,62,30),(60,33,32),(31,30,62),(29,28,64),(29,63,30),(28,65,64),(66,65,26),(24,67,
   66),(26,25,66),(26,65,27),(65,28,27),(68,67,22),(31,61,32),(25,24,66),(75,74,16),(17,72,18),(73,72,17),(74,73,
   16),(13,76,14),(76,13,12),(14,76,15),(75,15,76),(75,16,15),(73,17,16),(72,71,18),(20,70,69),(22,21,68),(67,23,
   22),(67,24,23),(69,68,21),(70,20,19),(18,71,19),(4,3,2),(21,20,69),(19,71,70)),());
#336=COORDINATES_LIST('',85,((-136.134888,49.075226,-7.20524),(-136.449249,49.075226,-6.664363),(-137.774841,49.075226,-7.253324),(-137.789352,49.075226,-7.088085),(-137.831909,49.075226,-6.93333),(-137.902496,49.075226,-6.789058),(-138.001114,49.075226,-6.655269),(-138.127777,49.075226,-6.531964),(-138.275696,49.075226,-6.425768),(-138.43808,
   49.075226,-6.343308),(-138.614944,49.075226,-6.284585),(-138.806274,49.075226,-6.249597),(-139.012085,49.075226,-6.238345),(-139.208694,49.075226,-6.251194),(-139.392715,49.075226,-6.288567),(-139.564148,49.075226,-6.350465),(-139.723007,49.075226,-6.436888),(-139.869293,49.075226,-6.547835),(-139.995224,49.075226,-6.675771),(-140.093063,
   49.075226,-6.813162),(-140.162811,49.075226,-6.960007),(-140.204453,49.075226,-7.116306),(-140.218018,49.075226,-7.282059),(-140.202972,49.075226,-7.455243),(-140.158875,49.075226,-7.616495),(-140.085739,49.075226,-7.765816),(-139.983551,49.075226,-7.903206),(-139.852325,49.075226,-8.028666),(-139.701874,49.075226,-8.136154),(-139.542007,
   49.075226,-8.219632),(-139.372757,49.075226,-8.279101),(-139.194107,49.075226,-8.314559),(-139.006042,49.075226,-8.326007),(-138.934875,49.075226,-8.323923),(-138.863373,49.075226,-8.318082),(-138.791534,49.075226,-8.308482),(-138.719376,49.075226,-8.295127),(-138.646881,49.075226,-8.278013),(-138.566635,49.075226,-8.254231),(-138.471207,
   49.075226,-8.220871),(-138.36058,49.075226,-8.177931),(-138.234772,49.075226,-8.125411),(-138.093765,49.075226,-8.063313),(-138.467972,49.075226,-7.291447),(-138.473862,49.075226,-7.358645),(-138.491943,49.075226,-7.421545),(-138.522217,49.075226,-7.480145),(-138.564667,49.075226,-7.534446),(-138.619308,49.075226,-7.584448),(-138.682755,
   49.075226,-7.627542),(-138.751648,49.075226,-7.661115),(-138.825974,49.075226,-7.685168),(-138.905731,49.075226,-7.699702),(-138.990936,49.075226,-7.704716),(-139.079208,49.075226,-7.700059),(-139.161423,49.075226,-7.68556),(-139.237579,49.075226,-7.661219),(-139.307678,49.075226,-7.627037),(-139.371719,49.075226,-7.583012),(-139.426651,
   49.075226,-7.532026),(-139.469421,49.075226,-7.47696),(-139.500031,49.075226,-7.417813),(-139.518478,49.075226,-7.354586),(-139.52475,49.075226,-7.287279),(-139.51886,49.075226,-7.219791),(-139.500793,49.075226,-7.156025),(-139.47052,49.075226,-7.09598),(-139.428085,49.075226,-7.039656),(-139.373444,49.075226,-6.987053),(-139.310013,
   49.075226,-6.94136),(-139.241119,49.075226,-6.905764),(-139.166794,49.075226,-6.880266),(-139.087036,49.075226,-6.864865),(-139.001831,49.075226,-6.859562),(-138.913559,49.075226,-6.864219),(-138.831345,49.075226,-6.878718),(-138.755188,49.075226,-6.903059),(-138.685089,49.075226,-6.937242),(-138.621048,49.075226,-6.981266),(-138.566116,
   49.075226,-7.03283),(-138.523346,49.075226,-7.08963),(-138.492722,49.075226,-7.151666),(-138.474274,49.075226,-7.218938),(-138.467972,49.075226,-7.291447),(-137.112045,49.075226,-6.958844)));
#337=COMPLEX_TRIANGULATED_SURFACE_SET('',#336,84,((0.,1.,0.)),(),((76,9,8),(78,7,6),(77,8,7),(78,77,7),(74,12,11),(10,9,75),(76,8,77),(11,10,
   75),(9,76,75),(81,5,4),(3,83,4),(3,1,43),(2,1,85),(82,4,83),(78,6,79),(81,80,5),(82,81,4),(6,80,
   79),(6,5,80),(3,85,1),(14,13,74),(14,74,15),(13,12,74),(74,73,15),(16,15,73),(11,75,74),(17,16,73),(72,18,
   17),(18,71,19),(19,70,20),(71,18,72),(68,20,69),(69,20,70),(70,19,71),(21,68,67),(21,20,68),(21,67,22),(22,66,
   65),(66,22,67),(22,65,23),(72,17,73),(83,3,44),(44,3,45),(46,3,47),(47,3,48),(3,46,45),(50,49,43),(52,51,
   42),(53,52,41),(50,43,51),(48,43,49),(42,41,52),(40,39,53),(40,53,41),(39,54,53),(54,38,37),(38,54,39),(54,37,
   36),(35,34,54),(35,54,36),(54,34,33),(42,51,43),(3,43,48),(62,61,24),(26,60,59),(25,60,26),(61,60,25),(23,64,
   63),(23,65,64),(62,24,63),(24,61,25),(63,24,23),(59,58,26),(28,57,56),(32,31,54),(32,54,33),(56,55,29),(31,55,
   54),(57,28,27),(26,58,27),(55,30,29),(29,28,56),(55,31,30),(27,58,57)),());
#338=COORDINATES_LIST('',41,((-136.983002,49.075226,-9.194238),(-136.978104,49.075226,-9.250425),(-136.963745,49.075226,-9.303406),(-136.939926,49.075226,-9.353182),(-136.906662,49.075226,-9.399751),(-136.863922,49.075226,-9.443115),(-136.814102,49.075226,-9.48068),(-136.759567,49.075226,-9.509851),(-136.700333,49.075226,-9.530628),(-136.636383,
   49.075226,-9.543013),(-136.567734,49.075226,-9.547004),(-136.501968,49.075226,-9.542624),(-136.439957,49.075226,-9.529875),(-136.381683,49.075226,-9.508758),(-136.327148,49.075226,-9.479271),(-136.276367,49.075226,-9.441416),(-136.232361,49.075226,-9.397801),(-136.198166,49.075226,-9.351037),(-136.173798,49.075226,-9.301122),(-136.159241,
   49.075226,-9.248057),(-136.154495,49.075226,-9.191842),(-136.159576,49.075226,-9.1332),(-136.174438,49.075226,-9.078631),(-136.199112,49.075226,-9.028135),(-136.233566,49.075226,-8.981714),(-136.277817,49.075226,-8.939366),(-136.328812,49.075226,-8.903106),(-136.383514,49.075226,-8.874947),(-136.441895,49.075226,-8.854888),(-136.503983,
   49.075226,-8.842932),(-136.569778,49.075226,-8.839077),(-136.638412,49.075226,-8.843321),(-136.702286,49.075226,-8.855641),(-136.761414,49.075226,-8.876039),(-136.815765,49.075226,-8.904513),(-136.865372,49.075226,-8.941065),(-136.907852,49.075226,-8.983664),(-136.940872,49.075226,-9.03028),(-136.964386,49.075226,-9.080914),(-136.978439,
   49.075226,-9.135568),(-136.983002,49.075226,-9.194238)));
#339=COMPLEX_TRIANGULATED_SURFACE_SET('',#338,40,((0.,1.,0.)),(),((28,27,30),(30,29,28),(30,27,31),(31,27,21),(23,22,25),(25,24,23),(25,22,26),(27,26,
   21),(1,31,16),(33,32,35),(33,35,34),(35,32,36),(32,40,36),(38,37,39),(36,39,37),(36,40,39),(31,40,32),(31,1,
   40),(21,26,22),(21,20,17),(18,17,20),(18,20,19),(21,17,16),(11,16,15),(14,13,12),(14,12,15),(11,1,16),(12,11,
   15),(11,6,5),(2,4,3),(4,2,5),(5,2,1),(10,7,6),(7,9,8),(9,7,10),(10,6,11),(11,5,1),(16,31,
   21)),());
#340=COORDINATES_LIST('',85,((-136.123672,49.075226,-11.08439),(-136.438034,49.075226,-10.543513),(-137.763626,49.075226,-11.132474),(-137.778137,49.075226,-10.967236),(-137.820694,49.075226,-10.81248),(-137.891281,49.075226,-10.668208),(-137.989899,49.075226,-10.53442),(-138.116562,49.075226,-10.411115),(-138.264481,49.075226,-10.304918),(-138.426865,
   49.075226,-10.222459),(-138.603729,49.075226,-10.163735),(-138.795059,49.075226,-10.128747),(-139.00087,49.075226,-10.117496),(-139.197479,49.075226,-10.130344),(-139.3815,49.075226,-10.167718),(-139.552933,49.075226,-10.229615),(-139.711792,49.075226,-10.316038),(-139.858078,49.075226,-10.426985),(-139.984009,49.075226,-10.554922),(-140.081848,
   49.075226,-10.692312),(-140.151596,49.075226,-10.839157),(-140.193237,49.075226,-10.995457),(-140.206787,49.075226,-11.161209),(-140.191757,49.075226,-11.334393),(-140.147659,49.075226,-11.495646),(-140.074524,49.075226,-11.644966),(-139.972336,49.075226,-11.782357),(-139.84111,49.075226,-11.907816),(-139.690659,49.075226,-12.015305),(-139.530792,
   49.075226,-12.098783),(-139.361542,49.075226,-12.158252),(-139.182892,49.075226,-12.193709),(-138.994827,49.075226,-12.205157),(-138.92366,49.075226,-12.203074),(-138.852158,49.075226,-12.197232),(-138.780319,49.075226,-12.187633),(-138.70816,49.075226,-12.174277),(-138.635666,49.075226,-12.157164),(-138.55542,49.075226,-12.133382),(-138.459991,
   49.075226,-12.100021),(-138.349365,49.075226,-12.057081),(-138.223557,49.075226,-12.004561),(-138.08255,49.075226,-11.942463),(-138.456757,49.075226,-11.170597),(-138.462646,49.075226,-11.237796),(-138.480728,49.075226,-11.300695),(-138.511002,49.075226,-11.359296),(-138.553452,49.075226,-11.413597),(-138.608093,49.075226,-11.463599),(-138.671539,
   49.075226,-11.506692),(-138.740433,49.075226,-11.540265),(-138.814758,49.075226,-11.564319),(-138.894516,49.075226,-11.578853),(-138.979721,49.075226,-11.583866),(-139.067993,49.075226,-11.579209),(-139.150208,49.075226,-11.564711),(-139.226364,49.075226,-11.54037),(-139.296463,49.075226,-11.506187),(-139.360504,49.075226,-11.462163),(-139.415436,
   49.075226,-11.411177),(-139.458206,49.075226,-11.356111),(-139.488815,49.075226,-11.296964),(-139.507263,49.075226,-11.233737),(-139.513535,49.075226,-11.166429),(-139.507645,49.075226,-11.098942),(-139.489578,49.075226,-11.035175),(-139.459305,49.075226,-10.97513),(-139.41687,49.075226,-10.918806),(-139.362228,49.075226,-10.866203),(-139.298798,
   49.075226,-10.82051),(-139.229904,49.075226,-10.784915),(-139.155579,49.075226,-10.759417),(-139.075821,49.075226,-10.744016),(-138.990616,49.075226,-10.738712),(-138.902344,49.075226,-10.74337),(-138.820129,49.075226,-10.757869),(-138.743973,49.075226,-10.782209),(-138.673874,49.075226,-10.816392),(-138.609833,49.075226,-10.860416),(-138.554901,
   49.075226,-10.91198),(-138.512131,49.075226,-10.96878),(-138.481506,49.075226,-11.030816),(-138.463058,49.075226,-11.098088),(-138.456757,49.075226,-11.170597),(-137.10083,49.075226,-10.837994)));
#341=COMPLEX_TRIANGULATED_SURFACE_SET('',#340,84,((0.,1.,0.)),(),((76,9,8),(78,7,6),(77,8,7),(78,77,7),(74,12,11),(10,9,75),(76,8,77),(11,10,
   75),(9,76,75),(81,5,4),(3,83,4),(3,1,43),(2,1,85),(82,4,83),(78,6,79),(81,80,5),(82,81,4),(6,80,
   79),(6,5,80),(3,85,1),(14,13,74),(14,74,15),(13,12,74),(74,73,15),(16,15,73),(11,75,74),(17,16,73),(72,18,
   17),(18,71,19),(19,70,20),(71,18,72),(68,20,69),(69,20,70),(70,19,71),(21,68,67),(21,20,68),(21,67,22),(22,66,
   65),(66,22,67),(22,65,23),(72,17,73),(83,3,44),(44,3,45),(46,3,47),(47,3,48),(3,46,45),(50,49,43),(52,51,
   42),(53,52,41),(50,43,51),(48,43,49),(42,41,52),(40,39,53),(40,53,41),(39,54,53),(54,38,37),(38,54,39),(54,37,
   36),(35,34,54),(35,54,36),(54,34,33),(42,51,43),(3,43,48),(62,61,24),(26,60,59),(25,60,26),(61,60,25),(23,64,
   63),(23,65,64),(62,24,63),(24,61,25),(63,24,23),(59,58,26),(28,57,56),(32,31,54),(32,54,33),(56,55,29),(31,55,
   54),(57,28,27),(26,58,27),(55,30,29),(29,28,56),(55,31,30),(27,58,57)),());
#342=COORDINATES_LIST('',74,((-138.856583,49.075226,-13.237761),(-138.858383,49.075226,-12.61652),(-139.0979,49.075226,-12.640039),(-139.316055,49.075226,-12.686035),(-139.512833,49.075226,-12.754508),(-139.688248,49.075226,-12.845457),(-139.8423,49.075226,-12.958883),(-139.971268,49.075226,-13.090729),(-140.071442,49.075226,-13.236939),(-140.142838,
   49.075226,-13.397514),(-140.185455,49.075226,-13.572453),(-140.19928,49.075226,-13.761758),(-140.193008,49.075226,-13.88021),(-140.174942,49.075226,-13.992848),(-140.145035,49.075226,-14.099675),(-140.103317,49.075226,-14.200687),(-140.049789,49.075226,-14.295887),(-139.98494,49.075226,-14.384408),(-139.909286,49.075226,-14.465384),(-139.822845,
   49.075226,-14.538817),(-139.725601,49.075226,-14.604706),(-139.617569,49.075226,-14.663051),(-139.503967,49.075226,-14.712133),(-139.39006,49.075226,-14.750235),(-139.275848,49.075226,-14.777355),(-139.161331,49.075226,-14.793494),(-139.046509,49.075226,-14.798653),(-138.905853,49.075226,-14.791599),(-138.761185,49.075226,-14.771244),(-138.612488,
   49.075226,-14.737584),(-138.459778,49.075226,-14.690621),(-138.30304,49.075226,-14.630355),(-138.138245,49.075226,-14.552151),(-137.961334,49.075226,-14.451373),(-137.772308,49.075226,-14.328021),(-137.571198,49.075226,-14.182097),(-137.357956,49.075226,-14.013599),(-136.902527,49.075226,-13.636645),(-136.899094,49.075226,-14.821339),(-136.214325,
   49.075226,-14.819359),(-136.220963,49.075226,-12.522208),(-136.576035,49.075226,-12.523235),(-137.798904,49.075226,-13.552551),(-137.967575,49.075226,-13.69318),(-138.122787,49.075226,-13.813544),(-138.264526,49.075226,-13.913643),(-138.392807,49.075226,-13.993475),(-138.507599,49.075226,-14.053042),(-138.613327,49.075226,-14.097558),(-138.71434,
   49.075226,-14.132236),(-138.810638,49.075226,-14.157075),(-138.902237,49.075226,-14.172076),(-138.989136,49.075226,-14.177239),(-139.077072,49.075226,-14.172293),(-139.158279,49.075226,-14.156924),(-139.232742,49.075226,-14.131133),(-139.300476,49.075226,-14.094921),(-139.361481,49.075226,-14.048287),(-139.413391,49.075226,-13.993536),(-139.453796,
   49.075226,-13.932974),(-139.482742,49.075226,-13.866598),(-139.500198,49.075226,-13.794411),(-139.506165,49.075226,-13.716411),(-139.499466,49.075226,-13.638229),(-139.478882,49.075226,-13.565498),(-139.444412,49.075226,-13.498218),(-139.396057,49.075226,-13.436386),(-139.333832,49.075226,-13.380006),(-139.259399,49.075226,-13.33139),(-139.174469,
   49.075226,-13.292859),(-139.079025,49.075226,-13.26441),(-138.973053,49.075226,-13.246044),(-138.856583,49.075226,-13.237761),(-136.900818,49.075226,-14.228992)));
#343=COMPLEX_TRIANGULATED_SURFACE_SET('',#342,73,((0.,1.,0.)),(),((2,1,3),(42,41,38),(38,40,74),(4,3,72),(5,72,71),(4,72,5),(3,1,72),(70,6,
   71),(39,74,40),(44,43,37),(37,45,44),(45,36,46),(7,70,69),(35,47,46),(8,69,68),(43,38,37),(43,42,38),(41,40,
   38),(9,68,67),(5,71,6),(70,7,6),(66,10,67),(10,66,65),(69,8,7),(8,68,9),(10,9,67),(65,11,10),(65,64,
   11),(14,60,15),(61,60,14),(12,11,63),(12,63,62),(61,13,62),(13,61,14),(62,13,12),(60,59,15),(63,11,64),(36,35,
   46),(35,48,47),(49,48,34),(33,50,49),(31,52,51),(29,53,52),(51,50,32),(34,48,35),(32,50,33),(30,52,31),(29,28,
   53),(52,30,29),(51,32,31),(33,49,34),(53,28,27),(57,56,18),(20,56,55),(18,56,19),(16,59,58),(59,16,15),(58,17,
   16),(58,57,17),(57,18,17),(55,54,22),(24,54,25),(26,25,54),(23,54,24),(56,20,19),(21,20,55),(22,21,55),(22,54,
   23),(54,53,26),(53,27,26),(45,37,36)),());
#319=TESSELLATED_GEOMETRIC_SET('diameter dimension',(#321,#323,#324,#326,#328,#330,#332,#335,#337,#339,#341,#343));
#318=TESSELLATED_ANNOTATION_OCCURRENCE('\X2\76F45F84\X0\10@\X2\FF8EFF9EFF7D\X0\2(59.92)',(#31),#319);
#344=DRAUGHTING_CALLOUT('\X2\76F45F84\X0\10@\X2\FF8EFF9EFF7D\X0\2(59.92)',(#318));
#346=PRESENTATION_STYLE_ASSIGNMENT((NULL_STYLE(.NULL.)));
#347=CARTESIAN_POINT('',(0.,0.,0.));
#348=DIRECTION('',(0.,1.,0.));
#349=DIRECTION('',(1.,0.,0.));
#350=AXIS2_PLACEMENT_3D('',#347,#348,#349);
#351=PLANE('',#350);
#345=ANNOTATION_PLANE('*\X2\5E739762\X0\',(#346),#351,(#74,#119,#152,#185,#218,#257,#288,#317,#344));
#354=COORDINATES_LIST('',3,((81.728111,32.,0.1),(81.220116,28.698,0.1),(82.236115,28.698,0.1)));
#355=COMPLEX_TRIANGULATED_SURFACE_SET('',#354,3,((0.,0.,-1.)),(),((3,2,1)),());
#356=COORDINATES_LIST('',3,((81.728111,0.,0.1),(82.236115,3.302,0.1),(81.220116,3.302,0.1)));
#357=COMPLEX_TRIANGULATED_SURFACE_SET('',#356,3,((-0.,0.,-1.)),(),((2,1,3)),());
#359=COORDINATES_LIST('',2,((19.975,32.,0.1),(82.728111,32.,0.1)));
#358=TESSELLATED_CURVE_SET('',#359,((1,2)));
#361=COORDINATES_LIST('',2,((8.921276,0.,0.1),(82.728111,0.,0.1)));
#360=TESSELLATED_CURVE_SET('',#361,((1,2)));
#363=COORDINATES_LIST('',2,((0.,0.,0.),(0.,0.,0.)));
#362=TESSELLATED_CURVE_SET('',#363,((1,2)));
#365=COORDINATES_LIST('',2,((0.,0.,0.),(0.,0.,0.)));
#364=TESSELLATED_CURVE_SET('',#365,((1,2)));
#367=COORDINATES_LIST('',2,((0.,0.,0.),(0.,0.,0.)));
#366=TESSELLATED_CURVE_SET('',#367,((1,2)));
#369=COORDINATES_LIST('',2,((0.,0.,0.),(0.,0.,0.)));
#368=TESSELLATED_CURVE_SET('',#369,((1,2)));
#371=COORDINATES_LIST('',2,((0.,0.,0.),(0.,0.,0.)));
#370=TESSELLATED_CURVE_SET('',#371,((1,2)));
#373=COORDINATES_LIST('',2,((0.,0.,0.),(0.,0.,0.)));
#372=TESSELLATED_CURVE_SET('',#373,((1,2)));
#375=COORDINATES_LIST('',2,((0.,0.,0.),(0.,0.,0.)));
#374=TESSELLATED_CURVE_SET('',#375,((1,2)));
#377=COORDINATES_LIST('',2,((0.,0.,0.),(0.,0.,0.)));
#376=TESSELLATED_CURVE_SET('',#377,((1,2)));
#379=COORDINATES_LIST('',2,((0.,0.,0.),(0.,0.,0.)));
#378=TESSELLATED_CURVE_SET('',#379,((1,2)));
#381=COORDINATES_LIST('',2,((0.,0.,0.),(0.,0.,0.)));
#380=TESSELLATED_CURVE_SET('',#381,((1,2)));
#383=COORDINATES_LIST('',2,((0.,0.,0.),(0.,0.,0.)));
#382=TESSELLATED_CURVE_SET('',#383,((1,2)));
#385=COORDINATES_LIST('',2,((0.,0.,0.),(0.,0.,0.)));
#384=TESSELLATED_CURVE_SET('',#385,((1,2)));
#387=COORDINATES_LIST('',2,((0.,0.,0.),(0.,0.,0.)));
#386=TESSELLATED_CURVE_SET('',#387,((1,2)));
#389=COORDINATES_LIST('',2,((0.,0.,0.),(0.,0.,0.)));
#388=TESSELLATED_CURVE_SET('',#389,((1,2)));
#391=COORDINATES_LIST('',2,((0.,0.,0.),(0.,0.,0.)));
#390=TESSELLATED_CURVE_SET('',#391,((1,2)));
#393=COORDINATES_LIST('',2,((81.728111,32.,0.1),(81.728111,0.,0.1)));
#392=TESSELLATED_CURVE_SET('',#393,((1,2)));
#394=COORDINATES_LIST('',129,((77.832291,12.355606,0.1),(77.832291,11.748809,0.1),(77.666588,11.773081,0.1),(77.514412,11.811222,0.1),(77.375763,11.863234,0.1),(77.250648,11.929114,0.1),(77.139053,12.008864,0.1),(77.008179,12.136292,0.1),(76.906395,12.275855,0.1),(76.833687,
   12.427554,0.1),(76.790062,12.59139,0.1),(76.775528,12.767361,0.1),(76.787697,12.926717,0.1),(76.824219,13.075382,0.1),(76.885086,13.213357,0.1),(76.970306,13.340639,0.1),(77.079872,13.457232,0.1),(77.206009,13.557353,0.1),(77.340935,13.635225,0.1),(77.484657,
   13.690848,0.1),(77.637169,13.724222,0.1),(77.79847,13.735347,0.1),(77.901276,13.730434,0.1),(78.000015,13.715698,0.1),(78.094704,13.691137,0.1),(78.185333,13.656752,0.1),(78.271904,13.612542,0.1),(78.353401,13.559087,0.1),(78.42881,13.496963,0.1),(78.498131,
   13.426169,0.1),(78.561371,13.346707,0.1),(78.618523,13.258577,0.1),(78.665695,13.374591,0.1),(78.726059,13.479914,0.1),(78.799606,13.574545,0.1),(78.886345,13.658485,0.1),(78.986275,13.731734,0.1),(79.096344,13.792848,0.1),(79.213516,13.840381,0.1),(79.337791,
   13.874331,0.1),(79.46917,13.894703,0.1),(79.607651,13.901493,0.1),(79.81089,13.888347,0.1),(80.001274,13.848905,0.1),(80.17881,13.783168,0.1),(80.343498,13.691137,0.1),(80.495331,13.572812,0.1),(80.626198,13.43397,0.1),(80.727989,13.280394,0.1),(80.80069,
   13.11208,0.1),(80.844315,12.929029,0.1),(80.858856,12.731242,0.1),(80.845161,12.547324,0.1),(80.804077,12.376988,0.1),(80.735596,12.220232,0.1),(80.639725,12.077057,0.1),(80.516464,11.947462,0.1),(80.369537,11.835783,0.1),(80.202652,11.746352,0.1),(80.015816,
   11.679172,0.1),(79.809029,11.634239,0.1),(79.582291,11.611557,0.1),(79.582291,12.240026,0.1),(79.697601,12.258662,0.1),(79.800064,12.28568,0.1),(79.889679,12.321076,0.1),(79.966438,12.364852,0.1),(80.030357,12.417007,0.1),(80.082092,12.476098,0.1),(80.122337,
   12.540679,0.1),(80.151077,12.610749,0.1),(80.168327,12.68631,0.1),(80.174072,12.767361,0.1),(80.16748,12.853757,0.1),(80.147697,12.933797,0.1),(80.114723,13.00748,0.1),(80.068565,13.074804,0.1),(80.009216,13.135774,0.1),(79.940063,13.187784,0.1),(79.864487,
   13.228237,0.1),(79.782478,13.257133,0.1),(79.694054,13.274469,0.1),(79.599197,13.280249,0.1),(79.497574,13.272447,0.1),(79.402382,13.249043,0.1),(79.313614,13.210033,0.1),(79.23127,13.155422,0.1),(79.155357,13.085207,0.1),(79.089584,12.999967,0.1),(79.037674,
   12.900278,0.1),(78.999634,12.786142,0.1),(78.975449,12.657559,0.1),(78.965141,12.514528,0.1),(78.331078,12.514528,0.1),(78.322456,12.602225,0.1),(78.310112,12.680387,0.1),(78.294052,12.749012,0.1),(78.274269,12.808103,0.1),(78.250763,12.857658,0.1),(78.223709,
   12.900423,0.1),(78.193275,12.939142,0.1),(78.159462,12.973816,0.1),(78.122261,13.004445,0.1),(78.08168,13.031029,0.1),(78.038567,13.053133,0.1),(77.993759,13.070326,0.1),(77.947266,13.082606,0.1),(77.899078,13.089974,0.1),(77.849197,13.092431,0.1),(77.787315,
   13.088675,0.1),(77.730164,13.077405,0.1),(77.67775,13.058623,0.1),(77.630066,13.032329,0.1),(77.58712,12.998522,0.1),(77.550598,12.958647,0.1),(77.522194,12.914148,0.1),(77.5019,12.865026,0.1),(77.489723,12.811281,0.1),(77.485672,12.752913,0.1),(77.489555,
   12.699024,0.1),(77.501221,12.647158,0.1),(77.520668,12.597313,0.1),(77.54789,12.549492,0.1),(77.582893,12.503693,0.1),(77.623978,12.46194,0.1),(77.669464,12.426254,0.1),(77.719337,12.396637,0.1),(77.773613,12.373087,0.1),(77.832291,12.355606,0.1)));
#395=COMPLEX_TRIANGULATED_SURFACE_SET('',#394,128,((0.,0.,1.)),(),((57,65,58),(58,64,59),(66,57,56),(55,54,68),(69,68,54),(54,70,69),(56,55,67),(67,55,
   68),(61,60,63),(63,62,61),(60,64,63),(65,57,66),(64,60,59),(64,58,65),(56,67,66),(53,52,72),(72,71,53),(52,73,
   72),(53,71,70),(52,74,73),(74,52,51),(75,74,51),(95,93,92),(95,94,93),(97,92,91),(92,96,95),(97,96,92),(91,90,
   98),(100,90,32),(70,54,53),(2,1,3),(128,6,1),(1,4,3),(7,128,127),(9,126,125),(8,127,126),(9,125,124),(5,1,
   6),(7,6,128),(5,4,1),(126,9,8),(8,7,127),(9,124,10),(123,122,10),(10,124,123),(98,97,91),(98,90,99),(32,101,
   100),(13,116,14),(99,90,100),(121,120,11),(12,120,119),(120,12,11),(121,11,122),(118,117,13),(13,12,118),(117,116,13),(118,12,
   119),(116,115,14),(122,11,10),(75,51,50),(76,50,77),(50,76,75),(49,78,77),(77,50,49),(80,79,48),(78,48,79),(47,81,
   80),(81,46,82),(87,86,33),(32,89,88),(88,87,32),(43,83,82),(85,84,36),(83,39,84),(86,85,34),(48,78,49),(32,90,
   89),(46,81,47),(45,82,46),(82,45,44),(43,42,83),(83,42,41),(82,44,43),(40,83,41),(35,85,36),(34,85,35),(33,86,
   34),(38,84,39),(84,38,37),(36,84,37),(83,40,39),(47,80,48),(33,32,87),(103,102,32),(105,104,32),(103,32,104),(107,106,
   31),(105,31,106),(29,108,107),(108,28,109),(101,32,102),(15,114,113),(114,14,115),(15,14,114),(15,113,16),(18,111,110),(113,112,
   16),(111,17,112),(20,110,109),(31,105,32),(107,30,29),(28,108,29),(109,28,27),(25,109,26),(109,25,24),(109,27,26),(23,109,
   24),(18,110,19),(17,111,18),(16,112,17),(21,109,22),(109,21,20),(19,110,20),(109,23,22),(107,31,30)),());
#396=COORDINATES_LIST('',74,((78.119728,14.869479,0.1),(78.119728,14.248235,0.1),(77.880135,14.271062,0.1),(77.66185,14.316427,0.1),(77.464874,14.384331,0.1),(77.289192,14.474772,0.1),(77.134827,14.587752,0.1),(77.005478,14.719225,0.1),(76.904869,14.865145,0.1),(76.833015,
   15.025513,0.1),(76.789894,15.200328,0.1),(76.775528,15.389591,0.1),(76.781441,15.50806,0.1),(76.799194,15.620751,0.1),(76.828789,15.727664,0.1),(76.870209,15.828796,0.1),(76.92347,15.92415,0.1),(76.98806,16.012857,0.1),(77.063469,16.094053,0.1),(77.149704,
   16.167736,0.1),(77.246758,16.233906,0.1),(77.35463,16.292562,0.1),(77.468086,16.341972,0.1),(77.581879,16.380404,0.1),(77.696007,16.407854,0.1),(77.810478,16.424324,0.1),(77.925285,16.429813,0.1),(78.065956,16.423168,0.1),(78.210693,16.403231,0.1),(78.359489,
   16.370001,0.1),(78.512337,16.323481,0.1),(78.669243,16.263668,0.1),(78.834267,16.18594,0.1),(79.011467,16.085674,0.1),(79.200836,15.96287,0.1),(79.402382,15.817527,0.1),(79.616104,15.649647,0.1),(80.072624,15.274011,0.1),(80.072624,16.45871,0.1),(80.757408,
   16.45871,0.1),(80.757408,14.16155,0.1),(80.402336,14.16155,0.1),(79.176491,15.187325,0.1),(79.007408,15.327466,0.1),(78.851852,15.447381,0.1),(78.709824,15.547069,0.1),(78.581322,15.626531,0.1),(78.466347,15.685765,0.1),(78.360497,15.729975,0.1),(78.259392,
   15.76436,0.1),(78.16301,15.788921,0.1),(78.071373,15.803658,0.1),(77.984459,15.80857,0.1),(77.896538,15.803369,0.1),(77.815376,15.787766,0.1),(77.740982,15.76176,0.1),(77.673347,15.725352,0.1),(77.61248,15.678542,0.1),(77.560738,15.623641,0.1),(77.5205,
   15.562962,0.1),(77.491753,15.496503,0.1),(77.47451,15.424265,0.1),(77.468758,15.346249,0.1),(77.475693,15.268087,0.1),(77.49649,15.195415,0.1),(77.531151,15.128235,0.1),(77.579681,15.066544,0.1),(77.642067,15.010343,0.1),(77.716637,14.961944,0.1),(77.801682,
   14.923657,0.1),(77.897217,14.895485,0.1),(78.003227,14.877425,0.1),(78.119728,14.869479,0.1),(80.072624,15.86636,0.1)));
#397=COMPLEX_TRIANGULATED_SURFACE_SET('',#396,73,((0.,0.,1.)),(),((2,1,3),(42,41,38),(38,40,74),(4,3,72),(5,72,71),(4,72,5),(3,1,72),(70,6,
   71),(39,74,40),(44,43,37),(37,45,44),(45,36,46),(7,70,69),(35,47,46),(8,69,68),(43,38,37),(43,42,38),(41,40,
   38),(9,68,67),(5,71,6),(70,7,6),(66,10,67),(10,66,65),(69,8,7),(8,68,9),(10,9,67),(65,11,10),(65,64,
   11),(14,60,15),(61,60,14),(12,11,63),(12,63,62),(61,13,62),(13,61,14),(62,13,12),(60,59,15),(63,11,64),(36,35,
   46),(35,48,47),(49,48,34),(33,50,49),(31,52,51),(29,53,52),(51,50,32),(34,48,35),(32,50,33),(30,52,31),(29,28,
   53),(52,30,29),(51,32,31),(33,49,34),(53,28,27),(57,56,18),(20,56,55),(18,56,19),(16,59,58),(59,16,15),(58,17,
   16),(58,57,17),(57,18,17),(55,54,22),(24,54,25),(26,25,54),(23,54,24),(56,20,19),(21,20,55),(22,21,55),(22,54,
   23),(54,53,26),(53,27,26),(45,37,36)),());
#398=COORDINATES_LIST('',41,((80.00499,17.296667,0.1),(80.009727,17.352869,0.1),(80.023933,17.405891,0.1),(80.0476,17.455734,0.1),(80.080742,17.502399,0.1),(80.123352,17.545887,0.1),(80.173058,17.583595,0.1),(80.227509,17.612925,0.1),(80.286682,17.633873,0.1),(80.350594,
   17.646442,0.1),(80.419243,17.650633,0.1),(80.485016,17.646442,0.1),(80.547073,17.633873,0.1),(80.6054,17.612925,0.1),(80.660019,17.583595,0.1),(80.710907,17.545887,0.1),(80.755043,17.502399,0.1),(80.789368,17.455734,0.1),(80.813881,17.405891,0.1),(80.82859,
   17.352869,0.1),(80.833496,17.296667,0.1),(80.82859,17.23801,0.1),(80.813881,17.183399,0.1),(80.789368,17.132832,0.1),(80.755043,17.086311,0.1),(80.710907,17.043835,0.1),(80.660019,17.007427,0.1),(80.6054,16.979111,0.1),(80.547073,16.958883,0.1),(80.485016,
   16.946747,0.1),(80.419243,16.942701,0.1),(80.350594,16.946747,0.1),(80.286682,16.958883,0.1),(80.227509,16.979111,0.1),(80.173058,17.007427,0.1),(80.123352,17.043835,0.1),(80.080742,17.086311,0.1),(80.0476,17.132832,0.1),(80.023933,17.183399,0.1),(80.009727,
   17.23801,0.1),(80.00499,17.296667,0.1)));
#399=COMPLEX_TRIANGULATED_SURFACE_SET('',#398,40,((0.,0.,1.)),(),((28,27,30),(30,29,28),(30,27,31),(31,27,21),(23,22,25),(25,24,23),(25,22,26),(27,26,
   21),(1,31,16),(33,32,35),(33,35,34),(35,32,36),(32,40,36),(38,37,39),(36,39,37),(36,40,39),(31,40,32),(31,1,
   40),(21,26,22),(21,20,17),(18,17,20),(18,20,19),(21,17,16),(11,16,15),(14,13,12),(14,12,15),(11,1,16),(12,11,
   15),(11,6,5),(2,4,3),(4,2,5),(5,2,1),(10,7,6),(7,9,8),(9,7,10),(10,6,11),(11,5,1),(16,31,
   21)),());
#400=COORDINATES_LIST('',102,((76.775528,19.225414,0.1),(76.783806,19.36599,0.1),(76.808662,19.498762,0.1),(76.85009,19.623734,0.1),(76.908081,19.740904,0.1),(76.982651,19.850271,0.1),(77.074463,19.950972,0.1),(77.184196,20.042135,0.1),(77.311852,20.123764,0.1),(77.457436,
   20.195856,0.1),(77.620934,20.258415,0.1),(77.806587,20.310427,0.1),(78.018616,20.35088,0.1),(78.257019,20.379774,0.1),(78.521805,20.397112,0.1),(78.812965,20.402889,0.1),(79.110207,20.396967,0.1),(79.37973,20.379196,0.1),(79.621513,20.349579,0.1),(79.835571,
   20.308115,0.1),(80.021904,20.254803,0.1),(80.185234,20.191668,0.1),(80.330307,20.120729,0.1),(80.457115,20.04199,0.1),(80.565666,19.95545,0.1),(80.65596,19.861107,0.1),(80.729004,19.757664,0.1),(80.785812,19.643816,0.1),(80.826393,19.519567,0.1),(80.850739,
   19.384916,0.1),(80.858856,19.239862,0.1),(80.850571,19.094521,0.1),(80.825714,18.959002,0.1),(80.784294,18.833309,0.1),(80.726295,18.71744,0.1),(80.651733,18.611395,0.1),(80.5606,18.514595,0.1),(80.452888,18.426466,0.1),(80.328613,18.347004,0.1),(80.187767,
   18.276211,0.1),(80.030357,18.214087,0.1),(79.850792,18.162075,0.1),(79.643494,18.121622,0.1),(79.40847,18.092728,0.1),(79.145714,18.07539,0.1),(78.855232,18.069611,0.1),(78.44944,18.080879,0.1),(78.090981,18.114687,0.1),(77.779869,18.171032,0.1),(77.516106,
   18.249916,0.1),(77.299683,18.351337,0.1),(77.110985,18.485701,0.1),(76.964218,18.640289,0.1),(76.85939,18.815105,0.1),(76.796494,19.010147,0.1),(76.775528,19.225414,0.1),(77.477219,19.239862,0.1),(77.481949,19.177593,0.1),(77.496155,19.117926,0.1),(77.519821,
   19.060858,0.1),(77.552963,19.00639,0.1),(77.595573,18.954523,0.1),(77.650017,18.906412,0.1),(77.718666,18.863214,0.1),(77.801514,18.824928,0.1),(77.898567,18.791555,0.1),(78.009827,18.763094,0.1),(78.139,18.739689,0.1),(78.289825,18.721485,0.1),(78.462288,
   18.708481,0.1),(78.656395,18.70068,0.1),(78.872139,18.69808,0.1),(79.148087,18.704147,0.1),(79.387505,18.722351,0.1),(79.590401,18.752691,0.1),(79.756783,18.795166,0.1),(79.886635,18.849779,0.1),(79.987068,18.913925,0.1),(80.065186,18.985008,0.1),(80.120979,
   19.063025,0.1),(80.154465,19.147976,0.1),(80.165619,19.239862,0.1),(80.155136,19.328571,0.1),(80.123688,19.409765,0.1),(80.071274,19.483448,0.1),(79.997894,19.549618,0.1),(79.903542,19.608274,0.1),(79.757454,19.665487,0.1),(79.576202,19.709986,0.1),(79.359772,
   19.74177,0.1),(79.108185,19.760841,0.1),(78.821419,19.767199,0.1),(78.535835,19.761419,0.1),(78.287796,19.744081,0.1),(78.077286,19.715187,0.1),(77.90432,19.674734,0.1),(77.768883,19.622723,0.1),(77.663879,19.561176,0.1),(77.582214,19.492117,0.1),(77.52388,
   19.415545,0.1),(77.488884,19.331459,0.1),(77.477219,19.239862,0.1)));
#401=COMPLEX_TRIANGULATED_SURFACE_SET('',#400,100,((0.,0.,1.)),(),((42,41,75),(41,40,75),(39,38,76),(76,40,39),(37,77,38),(73,45,44),(74,73,44),(73,72,
   45),(42,74,43),(43,74,44),(45,72,46),(37,36,77),(34,79,35),(33,79,34),(32,31,81),(33,32,80),(32,81,80),(74,42,
   75),(75,40,76),(80,79,33),(77,36,78),(79,78,35),(38,77,76),(78,36,35),(46,71,47),(71,46,72),(47,71,70),(48,70,
   69),(47,70,48),(48,69,68),(49,67,50),(49,48,68),(50,66,51),(65,52,51),(64,53,52),(49,68,67),(64,52,65),(65,51,
   66),(63,62,54),(63,54,53),(63,53,64),(54,61,55),(61,54,62),(55,61,60),(58,55,59),(1,55,58),(57,1,58),(59,55,
   60),(66,50,67),(82,81,31),(31,83,82),(83,31,30),(83,30,84),(85,84,29),(29,84,30),(85,29,28),(27,86,85),(26,87,
   86),(22,89,88),(20,90,89),(88,87,24),(27,85,28),(87,26,25),(87,25,24),(88,23,22),(88,24,23),(89,22,21),(92,91,
   17),(89,21,20),(90,20,19),(18,91,90),(17,91,18),(19,18,90),(92,17,16),(26,86,27),(99,98,5),(100,99,4),(8,97,
   96),(6,98,97),(5,98,6),(57,101,2),(2,101,3),(57,2,1),(100,3,101),(100,4,3),(99,5,4),(96,95,10),(13,94,
   14),(14,94,93),(94,13,12),(93,15,14),(93,92,15),(92,16,15),(8,7,97),(6,97,7),(10,95,11),(96,9,8),(9,96,
   10),(95,12,11),(94,12,95)),());
#353=TESSELLATED_GEOMETRIC_SET('general dimension',(#355,#357,#358,#360,#362,#364,#366,#368,#370,#372,#374,#376,#378,#380,#382,#384,#386,#388,#390,#392,#395,#397,#399,#401));
#352=TESSELLATED_ANNOTATION_OCCURRENCE('\X2\8DDD96E295939694\X0\4@\X2\5E739762\X0\3(32)',(#31),#353);
#402=DRAUGHTING_CALLOUT('\X2\8DDD96E295939694\X0\4@\X2\5E739762\X0\3(32)',(#352));
#405=COORDINATES_LIST('',3,((-24.549999,-84.184944,-30.4),(-21.247999,-83.676949,-30.4),(-21.247999,-84.692947,-30.4)));
#406=COMPLEX_TRIANGULATED_SURFACE_SET('',#405,3,((-0.,0.,-1.)),(),((3,1,2)),());
#407=COORDINATES_LIST('',3,((24.549999,-84.184944,-30.4),(21.247999,-84.692947,-30.4),(21.247999,-83.676949,-30.4)));
#408=COMPLEX_TRIANGULATED_SURFACE_SET('',#407,3,((0.,0.,-1.)),(),((1,2,3)),());
#410=COORDINATES_LIST('',2,((-24.549999,-1.,-30.4),(-24.549999,-85.184944,-30.4)));
#409=TESSELLATED_CURVE_SET('',#410,((1,2)));
#412=COORDINATES_LIST('',2,((24.549999,-1.,-30.4),(24.549999,-85.184944,-30.4)));
#411=TESSELLATED_CURVE_SET('',#412,((1,2)));
#414=COORDINATES_LIST('',2,((-24.549999,-84.184944,-30.4),(24.549999,-84.184944,-30.4)));
#413=TESSELLATED_CURVE_SET('',#414,((1,2)));
#416=COORDINATES_LIST('',2,((-5.346062,-83.699593,-30.4),(-3.568062,-79.254593,-30.4)));
#415=TESSELLATED_CURVE_SET('',#416,((1,2)));
#418=COORDINATES_LIST('',122,((-2.901312,-81.477097,-30.4),(-2.903409,-81.396347,-30.4),(-2.909694,-81.315811,-30.4),(-2.920151,-81.235718,-30.4),(-2.934751,-81.156273,-30.4),(-2.953455,-81.07769,-30.4),(-2.976213,-81.000183,-30.4),(-3.002962,-80.923965,-30.4),(-3.033631,-80.849236,-30.4),(-3.068138,
   -80.776199,-30.4),(-3.106389,-80.705055,-30.4),(-3.148282,-80.635994,-30.4),(-3.193702,-80.569199,-30.4),(-3.242528,-80.504845,-30.4),(-3.294629,-80.443115,-30.4),(-3.349863,-80.384178,-30.4),(-3.408082,-80.328186,-30.4),(-3.469129,-80.275284,-30.4),(-3.532839,-80.225624,-30.4),(-3.599041,
   -80.179344,-30.4),(-3.667556,-80.136559,-30.4),(-3.738199,-80.097389,-30.4),(-3.81078,-80.061935,-30.4),(-3.885103,-80.030296,-30.4),(-3.960968,-80.002563,-30.4),(-4.038171,-79.978798,-30.4),(-4.116503,-79.959076,-30.4),(-4.195753,-79.943443,-30.4),(-4.275707,-79.931953,-30.4),(-4.356151,
   -79.924622,-30.4),(-4.436866,-79.921478,-30.4),(-4.517636,-79.922523,-30.4),(-4.598242,-79.927765,-30.4),(-4.678468,-79.93718,-30.4),(-4.758097,-79.950745,-30.4),(-4.836915,-79.96843,-30.4),(-4.914708,-79.990181,-30.4),(-4.991268,-80.015938,-30.4),(-5.066387,-80.045631,-30.4),(-5.139864,
   -80.079193,-30.4),(-5.211501,-80.116516,-30.4),(-5.281103,-80.157509,-30.4),(-5.348484,-80.202057,-30.4),(-5.413462,-80.250046,-30.4),(-5.475862,-80.301338,-30.4),(-5.535514,-80.355804,-30.4),(-5.59226,-80.413292,-30.4),(-5.645946,-80.47364,-30.4),(-5.696426,-80.536705,-30.4),(-5.743565,
   -80.602303,-30.4),(-5.787236,-80.67025,-30.4),(-5.827322,-80.740379,-30.4),(-5.863713,-80.8125,-30.4),(-5.896312,-80.886406,-30.4),(-5.925031,-80.961899,-30.4),(-5.949793,-81.038788,-30.4),(-5.970531,-81.116859,-30.4),(-5.987188,-81.1959,-30.4),(-5.999721,-81.275696,-30.4),(-6.008095,
   -81.356041,-30.4),(-6.012288,-81.436707,-30.4),(-6.012288,-81.517487,-30.4),(-6.008095,-81.598152,-30.4),(-5.999721,-81.67849,-30.4),(-5.987188,-81.758293,-30.4),(-5.970531,-81.837334,-30.4),(-5.949793,-81.915398,-30.4),(-5.925031,-81.992287,-30.4),(-5.896312,-82.067787,-30.4),(-5.863713,
   -82.141693,-30.4),(-5.827322,-82.213806,-30.4),(-5.787236,-82.283936,-30.4),(-5.743565,-82.351891,-30.4),(-5.696426,-82.417488,-30.4),(-5.645946,-82.480545,-30.4),(-5.59226,-82.540901,-30.4),(-5.535514,-82.598389,-30.4),(-5.475862,-82.652855,-30.4),(-5.413462,-82.704147,-30.4),(-5.348484,
   -82.752136,-30.4),(-5.281103,-82.796684,-30.4),(-5.211501,-82.837677,-30.4),(-5.139864,-82.875,-30.4),(-5.066387,-82.908554,-30.4),(-4.991268,-82.938255,-30.4),(-4.914708,-82.964012,-30.4),(-4.836915,-82.985764,-30.4),(-4.758097,-83.003441,-30.4),(-4.678468,-83.017006,-30.4),(-4.598242,
   -83.026428,-30.4),(-4.517636,-83.031662,-30.4),(-4.436866,-83.032715,-30.4),(-4.356151,-83.029572,-30.4),(-4.275707,-83.02224,-30.4),(-4.195753,-83.010742,-30.4),(-4.116503,-82.99511,-30.4),(-4.038171,-82.975388,-30.4),(-3.960968,-82.95163,-30.4),(-3.885103,-82.923889,-30.4),(-3.81078,
   -82.892258,-30.4),(-3.738199,-82.856804,-30.4),(-3.667556,-82.817635,-30.4),(-3.599041,-82.774849,-30.4),(-3.532839,-82.728561,-30.4),(-3.469129,-82.678902,-30.4),(-3.408082,-82.626007,-30.4),(-3.349863,-82.570015,-30.4),(-3.294629,-82.51107,-30.4),(-3.242528,-82.449341,-30.4),(-3.193702,
   -82.384995,-30.4),(-3.148282,-82.318199,-30.4),(-3.106389,-82.24913,-30.4),(-3.068138,-82.177986,-30.4),(-3.033631,-82.10495,-30.4),(-3.002962,-82.03022,-30.4),(-2.976213,-81.954002,-30.4),(-2.953455,-81.876503,-30.4),(-2.934751,-81.79792,-30.4),(-2.920151,-81.718475,-30.4),(-2.909694,
   -81.638374,-30.4),(-2.903409,-81.557846,-30.4),(-2.901312,-81.477097,-30.4)));
#417=TESSELLATED_CURVE_SET('',#418,((1,2,3,4,5,6,7,8,9,10,11,12,13,14,15,16,17,18,19,20,21,22,23,24,25,26,27,28,
   29,30,31,32,33,34,35,36,37,38,39,40,41,42,43,44,45,46,47,48,49,50,51,52,53,54,55,56,57,58,
   59,60,61,62,63,64,65,66,67,68,69,70,71,72,73,74,75,76,77,78,79,80,81,82,83,84,85,86,87,88,
   89,90,91,92,93,94,95,96,97,98,99,100,101,102,103,104,105,106,107,108,109,110,111,112,113,114,115,116,117,118,
   119,120,121,122)));
#419=COORDINATES_LIST('',15,((-0.355036,-79.178894,-30.4),(0.273433,-79.178894,-30.4),(0.273433,-81.681305,-30.4),(0.569607,-81.681305,-30.4),(0.569607,-82.366089,-30.4),(0.273433,-82.366089,-30.4),(0.273433,-83.160774,-30.4),(-0.340588,-83.160774,-30.4),(-0.340588,-82.366089,-30.4),(-1.792567,
   -82.366089,-30.4),(-1.792567,-81.681305,-30.4),(-0.340588,-81.681305,-30.4),(-0.340588,-80.379372,-30.4),(-1.099084,-81.681305,-30.4),(-1.066577,-82.366089,-30.4)));
#420=COMPLEX_TRIANGULATED_SURFACE_SET('',#419,15,((0.,0.,1.)),(),((9,8,7),(9,12,15),(1,11,13),(11,10,14),(11,14,13),(12,14,15),(9,6,12),(14,10,
   15),(6,5,4),(3,12,6),(13,3,2),(13,12,3),(3,6,4),(13,2,1),(6,9,7)),());
#421=COORDINATES_LIST('',85,((1.949348,-83.262222,-30.4),(1.407565,-82.949425,-30.4),(1.992691,-81.622124,-30.4),(1.827411,-81.608093,-30.4),(1.672533,-81.565994,-30.4),(1.528058,-81.495819,-30.4),(1.393985,-81.397583,-30.4),(1.270314,-81.271278,-30.4),(1.163691,-81.123672,-30.4),(1.080762,
   -80.961525,-30.4),(1.021527,-80.784836,-30.4),(0.985986,-80.593597,-30.4),(0.974139,-80.387825,-30.4),(0.986419,-80.191185,-30.4),(1.02326,-80.007057,-30.4),(1.084663,-79.835434,-30.4),(1.170625,-79.676331,-30.4),(1.281149,-79.529739,-30.4),(1.408721,-79.403435,-30.4),(1.545828,
   -79.305191,-30.4),(1.692471,-79.235023,-30.4),(1.848649,-79.192924,-30.4),(2.014362,-79.178894,-30.4),(2.187588,-79.193428,-30.4),(2.348968,-79.237053,-30.4),(2.4985,-79.309761,-30.4),(2.636185,-79.411545,-30.4),(2.762023,-79.542419,-30.4),(2.869946,-79.692558,-30.4),(2.953886,
   -79.852173,-30.4),(3.013844,-80.021255,-30.4),(3.049818,-80.199806,-30.4),(3.06181,-80.387825,-30.4),(3.059932,-80.459007,-30.4),(3.054297,-80.530533,-30.4),(3.044906,-80.602394,-30.4),(3.031759,-80.674591,-30.4),(3.014855,-80.747124,-30.4),(2.991305,-80.827438,-30.4),(2.958221,
   -80.922974,-30.4),(2.9156,-81.033722,-30.4),(2.863445,-81.159691,-30.4),(2.801754,-81.300873,-30.4),(2.02881,-80.928894,-30.4),(2.095991,-80.922806,-30.4),(2.158838,-80.904541,-30.4),(2.21735,-80.874107,-30.4),(2.271529,-80.831497,-30.4),(2.321373,-80.776718,-30.4),(2.364282,
   -80.713142,-30.4),(2.397656,-80.644157,-30.4),(2.421494,-80.569763,-30.4),(2.435797,-80.489952,-30.4),(2.440565,-80.404739,-30.4),(2.435653,-80.316475,-30.4),(2.420916,-80.234299,-30.4),(2.396355,-80.158211,-30.4),(2.36197,-80.088211,-30.4),(2.317761,-80.0243,-30.4),(2.266617,
   -79.969521,-30.4),(2.211427,-79.92691,-30.4),(2.152192,-79.896477,-30.4),(2.088912,-79.878212,-30.4),(2.021586,-79.872124,-30.4),(1.954116,-79.878212,-30.4),(1.890402,-79.896477,-30.4),(1.830445,-79.92691,-30.4),(1.774244,-79.969521,-30.4),(1.721799,-80.0243,-30.4),(1.67629,
   -80.087875,-30.4),(1.640893,-80.15686,-30.4),(1.61561,-80.231255,-30.4),(1.60044,-80.311066,-30.4),(1.595383,-80.396278,-30.4),(1.600296,-80.484543,-30.4),(1.615032,-80.566719,-30.4),(1.639593,-80.642807,-30.4),(1.673978,-80.712807,-30.4),(1.718188,-80.776718,-30.4),(1.76991,
   -80.831497,-30.4),(1.826833,-80.874107,-30.4),(1.888958,-80.904541,-30.4),(1.956283,-80.922806,-30.4),(2.02881,-80.928894,-30.4),(1.700128,-82.285774,-30.4)));
#422=COMPLEX_TRIANGULATED_SURFACE_SET('',#421,84,((0.,0.,1.)),(),((76,9,8),(78,7,6),(77,8,7),(78,77,7),(74,12,11),(10,9,75),(76,8,77),(11,10,
   75),(9,76,75),(81,5,4),(3,83,4),(3,1,43),(2,1,85),(82,4,83),(78,6,79),(81,80,5),(82,81,4),(6,80,
   79),(6,5,80),(3,85,1),(14,13,74),(14,74,15),(13,12,74),(74,73,15),(16,15,73),(11,75,74),(17,16,73),(72,18,
   17),(18,71,19),(19,70,20),(71,18,72),(68,20,69),(69,20,70),(70,19,71),(21,68,67),(21,20,68),(21,67,22),(22,66,
   65),(66,22,67),(22,65,23),(72,17,73),(83,3,44),(44,3,45),(46,3,47),(47,3,48),(3,46,45),(50,49,43),(52,51,
   42),(53,52,41),(50,43,51),(48,43,49),(42,41,52),(40,39,53),(40,53,41),(39,54,53),(54,38,37),(38,54,39),(54,37,
   36),(35,34,54),(35,54,36),(54,34,33),(42,51,43),(3,43,48),(62,61,24),(26,60,59),(25,60,26),(61,60,25),(23,64,
   63),(23,65,64),(62,24,63),(24,61,25),(63,24,23),(59,58,26),(28,57,56),(32,31,54),(32,54,33),(56,55,29),(31,55,
   54),(57,28,27),(26,58,27),(55,30,29),(29,28,56),(55,31,30),(27,58,57)),());
#423=COORDINATES_LIST('',41,((3.935886,-82.408356,-30.4),(3.992087,-82.413094,-30.4),(4.04511,-82.427299,-30.4),(4.094954,-82.450966,-30.4),(4.141619,-82.484108,-30.4),(4.185106,-82.526718,-30.4),(4.222815,-82.576424,-30.4),(4.252143,-82.630875,-30.4),(4.273092,-82.690048,-30.4),(4.285661,
   -82.75396,-30.4),(4.289851,-82.822609,-30.4),(4.285661,-82.888382,-30.4),(4.273092,-82.950439,-30.4),(4.252143,-83.008766,-30.4),(4.222815,-83.063385,-30.4),(4.185106,-83.114273,-30.4),(4.141619,-83.158409,-30.4),(4.094954,-83.192734,-30.4),(4.04511,-83.217247,-30.4),(3.992087,
   -83.231956,-30.4),(3.935886,-83.236862,-30.4),(3.877229,-83.231956,-30.4),(3.822618,-83.217247,-30.4),(3.772051,-83.192734,-30.4),(3.72553,-83.158409,-30.4),(3.683054,-83.114273,-30.4),(3.646646,-83.063385,-30.4),(3.618329,-83.008766,-30.4),(3.598103,-82.950439,-30.4),(3.585967,
   -82.888382,-30.4),(3.581921,-82.822609,-30.4),(3.585967,-82.75396,-30.4),(3.598103,-82.690048,-30.4),(3.618329,-82.630875,-30.4),(3.646646,-82.576424,-30.4),(3.683054,-82.526718,-30.4),(3.72553,-82.484108,-30.4),(3.772051,-82.450966,-30.4),(3.822618,-82.427299,-30.4),(3.877229,
   -82.413094,-30.4),(3.935886,-82.408356,-30.4)));
#424=COMPLEX_TRIANGULATED_SURFACE_SET('',#423,40,((0.,0.,1.)),(),((31,30,27),(30,29,28),(30,28,27),(27,26,21),(21,26,22),(25,24,23),(25,23,22),(26,25,
   22),(31,27,21),(35,32,36),(33,35,34),(35,33,32),(32,31,40),(37,36,39),(37,39,38),(39,36,40),(36,32,40),(40,31,
   1),(31,21,16),(20,19,18),(16,21,17),(17,20,18),(31,16,1),(15,14,12),(12,11,15),(12,14,13),(15,11,16),(1,16,
   11),(5,4,2),(5,2,1),(2,4,3),(1,11,5),(10,9,7),(10,7,6),(7,9,8),(5,11,6),(11,10,6),(21,20,
   17)),());
#425=COORDINATES_LIST('',6,((5.337298,-79.271889,-30.4),(6.283613,-79.271889,-30.4),(6.283613,-83.160774,-30.4),(5.655145,-83.160774,-30.4),(5.655145,-79.965126,-30.4),(4.97611,-79.965126,-30.4)));
#426=COMPLEX_TRIANGULATED_SURFACE_SET('',#425,6,((0.,0.,1.)),(),((1,6,5),(5,3,2),(3,5,4),(5,2,1)),());
#404=TESSELLATED_GEOMETRIC_SET('diameter dimension',(#406,#408,#409,#411,#413,#415,#417,#420,#422,#424,#426));
#403=TESSELLATED_ANNOTATION_OCCURRENCE('\X2\76F45F84\X0\2@\X2\51867B525F62\X0\1(49.1)',(#31),#404);
#427=DRAUGHTING_CALLOUT('\X2\76F45F84\X0\2@\X2\51867B525F62\X0\1(49.1)',(#403));
#430=COORDINATES_LIST('',3,((30.15,-83.627831,44.599998),(26.848,-83.119835,44.599998),(26.848,-84.135834,44.599998)));
#431=COMPLEX_TRIANGULATED_SURFACE_SET('',#430,3,((0.,0.,-1.)),(),((1,3,2)),());
#432=COORDINATES_LIST('',3,((-30.15,-83.627831,44.599998),(-26.848,-84.135834,44.599998),(-26.848,-83.119835,44.599998)));
#433=COMPLEX_TRIANGULATED_SURFACE_SET('',#432,3,((-0.,0.,-1.)),(),((2,1,3)),());
#435=COORDINATES_LIST('',2,((30.15,-1.,44.599998),(30.15,-84.627831,44.599998)));
#434=TESSELLATED_CURVE_SET('',#435,((1,2)));
#437=COORDINATES_LIST('',2,((-30.15,-1.,44.599998),(-30.15,-84.627831,44.599998)));
#436=TESSELLATED_CURVE_SET('',#437,((1,2)));
#439=COORDINATES_LIST('',2,((30.15,-83.627831,44.599998),(-30.15,-83.627831,44.599998)));
#438=TESSELLATED_CURVE_SET('',#439,((1,2)));
#441=COORDINATES_LIST('',2,((-5.99259,-83.142479,44.599998),(-4.21459,-78.697479,44.599998)));
#440=TESSELLATED_CURVE_SET('',#441,((1,2)));
#443=COORDINATES_LIST('',122,((-3.54784,-80.919983,44.599998),(-3.549937,-80.839233,44.599998),(-3.556222,-80.758698,44.599998),(-3.566679,-80.678604,44.599998),(-3.581279,-80.599159,44.599998),(-3.599983,-80.520576,44.599998),(-3.622741,-80.443069,44.599998),(-3.64949,-80.366852,44.599998),(-3.68016,-80.292122,44.599998),(-3.714666,
   -80.219086,44.599998),(-3.752918,-80.147942,44.599998),(-3.79481,-80.07888,44.599998),(-3.84023,-80.012085,44.599998),(-3.889057,-79.947731,44.599998),(-3.941157,-79.886002,44.599998),(-3.996391,-79.827065,44.599998),(-4.05461,-79.771065,44.599998),(-4.115657,-79.71817,44.599998),(-4.179368,-79.66851,44.599998),(-4.245569,
   -79.622231,44.599998),(-4.314084,-79.579445,44.599998),(-4.384727,-79.540276,44.599998),(-4.457308,-79.504822,44.599998),(-4.531631,-79.473183,44.599998),(-4.607497,-79.44545,44.599998),(-4.684699,-79.421684,44.599998),(-4.763031,-79.401962,44.599998),(-4.842281,-79.38633,44.599998),(-4.922235,-79.37484,44.599998),(-5.002679,
   -79.367508,44.599998),(-5.083394,-79.364365,44.599998),(-5.164164,-79.36541,44.599998),(-5.244771,-79.370651,44.599998),(-5.324996,-79.380066,44.599998),(-5.404625,-79.393631,44.599998),(-5.483443,-79.411316,44.599998),(-5.561236,-79.433067,44.599998),(-5.637796,-79.458824,44.599998),(-5.712915,-79.488518,44.599998),(-5.786393,
   -79.522072,44.599998),(-5.858029,-79.559402,44.599998),(-5.927631,-79.600395,44.599998),(-5.995012,-79.644943,44.599998),(-6.05999,-79.692924,44.599998),(-6.12239,-79.744225,44.599998),(-6.182043,-79.798691,44.599998),(-6.238788,-79.856178,44.599998),(-6.292474,-79.916527,44.599998),(-6.342954,-79.979591,44.599998),(-6.390093,
   -80.045189,44.599998),(-6.433764,-80.113136,44.599998),(-6.47385,-80.183266,44.599998),(-6.510241,-80.255379,44.599998),(-6.54284,-80.329292,44.599998),(-6.571559,-80.404785,44.599998),(-6.596321,-80.481674,44.599998),(-6.617059,-80.559746,44.599998),(-6.633717,-80.638786,44.599998),(-6.646249,-80.718582,44.599998),(-6.654623,
   -80.798927,44.599998),(-6.658816,-80.879593,44.599998),(-6.658816,-80.960365,44.599998),(-6.654623,-81.041039,44.599998),(-6.646249,-81.121376,44.599998),(-6.633717,-81.20118,44.599998),(-6.617059,-81.28022,44.599998),(-6.596321,-81.358284,44.599998),(-6.571559,-81.435173,44.599998),(-6.54284,-81.510674,44.599998),(-6.510241,
   -81.584579,44.599998),(-6.47385,-81.656693,44.599998),(-6.433764,-81.726822,44.599998),(-6.390093,-81.794777,44.599998),(-6.342954,-81.860374,44.599998),(-6.292474,-81.923431,44.599998),(-6.238788,-81.983788,44.599998),(-6.182043,-82.041275,44.599998),(-6.12239,-82.095741,44.599998),(-6.05999,-82.147034,44.599998),(-5.995012,
   -82.195023,44.599998),(-5.927631,-82.239571,44.599998),(-5.858029,-82.280563,44.599998),(-5.786393,-82.317886,44.599998),(-5.712915,-82.35144,44.599998),(-5.637796,-82.381142,44.599998),(-5.561236,-82.406898,44.599998),(-5.483443,-82.428642,44.599998),(-5.404625,-82.446327,44.599998),(-5.324996,-82.459892,44.599998),(-5.244771,
   -82.469315,44.599998),(-5.164164,-82.474548,44.599998),(-5.083394,-82.475601,44.599998),(-5.002679,-82.472458,44.599998),(-4.922235,-82.465126,44.599998),(-4.842281,-82.453629,44.599998),(-4.763031,-82.437996,44.599998),(-4.684699,-82.418274,44.599998),(-4.607497,-82.394516,44.599998),(-4.531631,-82.366776,44.599998),(-4.457308,
   -82.335144,44.599998),(-4.384727,-82.29969,44.599998),(-4.314084,-82.260513,44.599998),(-4.245569,-82.217735,44.599998),(-4.179368,-82.171448,44.599998),(-4.115657,-82.121788,44.599998),(-4.05461,-82.068893,44.599998),(-3.996391,-82.012901,44.599998),(-3.941157,-81.953957,44.599998),(-3.889057,-81.892227,44.599998),(-3.84023,
   -81.827881,44.599998),(-3.79481,-81.761086,44.599998),(-3.752918,-81.692017,44.599998),(-3.714666,-81.620872,44.599998),(-3.68016,-81.547836,44.599998),(-3.64949,-81.473106,44.599998),(-3.622741,-81.396889,44.599998),(-3.599983,-81.319389,44.599998),(-3.581279,-81.240807,44.599998),(-3.566679,-81.161362,44.599998),(-3.556222,
   -81.081261,44.599998),(-3.549937,-81.000732,44.599998),(-3.54784,-80.919983,44.599998)));
#442=TESSELLATED_CURVE_SET('',#443,((1,2,3,4,5,6,7,8,9,10,11,12,13,14,15,16,17,18,19,20,21,22,23,24,25,26,27,28,
   29,30,31,32,33,34,35,36,37,38,39,40,41,42,43,44,45,46,47,48,49,50,51,52,53,54,55,56,57,58,
   59,60,61,62,63,64,65,66,67,68,69,70,71,72,73,74,75,76,77,78,79,80,81,82,83,84,85,86,87,88,
   89,90,91,92,93,94,95,96,97,98,99,100,101,102,103,104,105,106,107,108,109,110,111,112,113,114,115,116,117,118,
   119,120,121,122)));
#444=COORDINATES_LIST('',85,((0.103674,-78.621773,44.599998),(0.638233,-78.93457,44.599998),(0.060331,-80.25341,44.599998),(0.22301,-80.267616,44.599998),(0.375866,-80.310226,44.599998),(0.518896,-80.381241,44.599998),(0.652102,-80.480659,44.599998),(0.775485,-80.608482,44.599998),(0.882107,-80.757278,44.599998),(0.965037,
   -80.919594,44.599998),(1.024271,-81.095444,44.599998),(1.059812,-81.284813,44.599998),(1.071659,-81.487709,44.599998),(1.059523,-81.684525,44.599998),(1.023116,-81.869164,44.599998),(0.962436,-82.041626,44.599998),(0.877484,-82.201912,44.599998),(0.768261,-82.350029,44.599998),(0.641989,-82.477859,44.599998),(0.505893,
   -82.577278,44.599998),(0.359973,-82.648293,44.599998),(0.204229,-82.690903,44.599998),(0.03866,-82.705101,44.599998),(-0.137023,-82.690392,44.599998),(-0.299991,-82.646263,44.599998),(-0.450245,-82.572708,44.599998),(-0.587786,-82.469742,44.599998),(-0.712613,-82.337349,44.599998),(-0.819236,-82.18602,44.599998),(-0.902165,
   -82.026237,44.599998),(-0.9614,-81.858002,44.599998),(-0.996941,-81.681313,44.599998),(-1.008788,-81.496162,44.599998),(-1.007054,-81.42498,44.599998),(-1.001853,-81.353462,44.599998),(-0.993184,-81.281601,44.599998),(-0.981048,-81.209404,44.599998),(-0.965445,-81.136864,44.599998),(-0.942907,-81.056213,44.599998),(-0.909966,
   -80.959671,44.599998),(-0.866624,-80.847229,44.599998),(-0.812879,-80.718895,44.599998),(-0.748732,-80.574669,44.599998),(0.024212,-80.955101,44.599998),(-0.04557,-80.961021,44.599998),(-0.110439,-80.978775,44.599998),(-0.170396,-81.008362,44.599998),(-0.225442,-81.049789,44.599998),(-0.275575,-81.10305,44.599998),(-0.318484,
   -81.165443,44.599998),(-0.351858,-81.234261,44.599998),(-0.375696,-81.309502,44.599998),(-0.389999,-81.391167,44.599998),(-0.394767,-81.479256,44.599998),(-0.38971,-81.564644,44.599998),(-0.37454,-81.644958,44.599998),(-0.349257,-81.7202,44.599998),(-0.313861,-81.790367,44.599998),(-0.268351,-81.855461,44.599998),(-0.216195,
   -81.911766,44.599998),(-0.160861,-81.955559,44.599998),(-0.102349,-81.986839,44.599998),(-0.040658,-82.005608,44.599998),(0.024212,-82.011864,44.599998),(0.091682,-82.005775,44.599998),(0.155396,-81.987518,44.599998),(0.215353,-81.957085,44.599998),(0.271554,-81.914474,44.599998),(0.323999,-81.859695,44.599998),(0.369508,
   -81.795776,44.599998),(0.404905,-81.725777,44.599998),(0.430188,-81.649689,44.599998),(0.445358,-81.56752,44.599998),(0.450415,-81.479256,44.599998),(0.445503,-81.391167,44.599998),(0.430766,-81.309502,44.599998),(0.406205,-81.234261,44.599998),(0.37182,-81.165443,44.599998),(0.327611,-81.10305,44.599998),(0.276177,
   -81.049789,44.599998),(0.220121,-81.008362,44.599998),(0.159441,-80.978775,44.599998),(0.094138,-80.961021,44.599998),(0.024212,-80.955101,44.599998),(0.349282,-79.593994,44.599998)));
#445=COMPLEX_TRIANGULATED_SURFACE_SET('',#444,84,((0.,0.,1.)),(),((55,30,29),(57,56,28),(29,28,56),(27,57,28),(54,33,32),(30,55,31),(55,29,56),(32,31,
   54),(55,54,31),(27,26,58),(61,25,24),(63,62,24),(23,64,63),(63,24,23),(61,24,62),(57,27,58),(59,26,60),(61,60,
   25),(26,59,58),(25,60,26),(36,35,54),(36,54,37),(39,38,54),(54,38,37),(40,39,53),(53,41,40),(41,52,42),(42,51,
   43),(35,34,54),(54,53,39),(51,50,43),(52,51,42),(53,52,41),(43,48,3),(49,48,43),(3,46,45),(3,47,46),(3,48,
   47),(50,49,43),(34,33,54),(3,45,44),(3,85,1),(65,23,22),(67,66,22),(22,66,65),(67,22,21),(68,67,21),(20,70,
   69),(19,71,70),(69,68,20),(21,20,68),(19,18,71),(72,18,17),(18,72,71),(17,16,73),(72,17,73),(74,73,15),(14,13,
   74),(14,74,15),(16,15,73),(74,13,12),(19,70,20),(82,81,4),(5,79,6),(80,79,5),(81,80,5),(3,83,4),(3,44,
   83),(2,1,85),(4,83,82),(81,5,4),(3,1,43),(79,78,6),(8,77,76),(74,11,75),(11,74,12),(76,75,9),(11,10,
   75),(78,7,6),(76,9,8),(8,7,77),(9,75,10),(78,77,7),(64,23,65)),());
#446=COORDINATES_LIST('',102,((2.631994,-78.621773,44.599998),(2.772569,-78.630051,44.599998),(2.905342,-78.654907,44.599998),(3.030313,-78.696335,44.599998),(3.147483,-78.754326,44.599998),(3.256851,-78.828896,44.599998),(3.35755,-78.920708,44.599998),(3.448714,-79.030441,44.599998),(3.530343,-79.158096,44.599998),(3.602436,
   -79.30368,44.599998),(3.664994,-79.467178,44.599998),(3.717006,-79.652832,44.599998),(3.757459,-79.864861,44.599998),(3.786354,-80.103264,44.599998),(3.803691,-80.36805,44.599998),(3.80947,-80.65921,44.599998),(3.803546,-80.956451,44.599998),(3.785776,-81.225975,44.599998),(3.756158,-81.467758,44.599998),(3.714694,
   -81.681816,44.599998),(3.661382,-81.868149,44.599998),(3.598247,-82.031479,44.599998),(3.527309,-82.176552,44.599998),(3.44857,-82.30336,44.599998),(3.362029,-82.411911,44.599998),(3.267687,-82.502205,44.599998),(3.164242,-82.575249,44.599998),(3.050396,-82.632057,44.599998),(2.926147,-82.672638,44.599998),(2.791495,
   -82.696983,44.599998),(2.646442,-82.705101,44.599998),(2.5011,-82.696815,44.599998),(2.365582,-82.671959,44.599998),(2.239888,-82.630539,44.599998),(2.124019,-82.57254,44.599998),(2.017974,-82.497978,44.599998),(1.921175,-82.406845,44.599998),(1.833045,-82.299133,44.599998),(1.753584,-82.174858,44.599998),(1.682791,
   -82.034012,44.599998),(1.620666,-81.876602,44.599998),(1.568655,-81.697037,44.599998),(1.528202,-81.489738,44.599998),(1.499307,-81.254715,44.599998),(1.48197,-80.991959,44.599998),(1.476191,-80.701477,44.599998),(1.48746,-80.295685,44.599998),(1.521267,-79.937225,44.599998),(1.577612,-79.626114,44.599998),(1.656496,
   -79.36235,44.599998),(1.757918,-79.145927,44.599998),(1.89228,-78.95723,44.599998),(2.046869,-78.810463,44.599998),(2.221684,-78.705635,44.599998),(2.416726,-78.642738,44.599998),(2.631994,-78.621773,44.599998),(2.646442,-79.323463,44.599998),(2.584173,-79.328194,44.599998),(2.524505,-79.3424,44.599998),(2.467437,
   -79.366066,44.599998),(2.41297,-79.399208,44.599998),(2.361103,-79.441818,44.599998),(2.312993,-79.496262,44.599998),(2.269795,-79.564911,44.599998),(2.231508,-79.647758,44.599998),(2.198135,-79.744812,44.599998),(2.169673,-79.856071,44.599998),(2.146268,-79.985245,44.599998),(2.128064,-80.13607,44.599998),(2.115061,
   -80.308533,44.599998),(2.10726,-80.50264,44.599998),(2.104659,-80.718384,44.599998),(2.110727,-80.994331,44.599998),(2.128931,-81.233749,44.599998),(2.159271,-81.436646,44.599998),(2.201746,-81.603027,44.599998),(2.256358,-81.73288,44.599998),(2.320505,-81.833313,44.599998),(2.391587,-81.91143,44.599998),(2.469604,
   -81.967224,44.599998),(2.554556,-82.00071,44.599998),(2.646442,-82.011864,44.599998),(2.73515,-82.001381,44.599998),(2.816345,-81.969933,44.599998),(2.890028,-81.917519,44.599998),(2.956198,-81.844139,44.599998),(3.014854,-81.749786,44.599998),(3.072067,-81.603699,44.599998),(3.116565,-81.422447,44.599998),(3.14835,
   -81.206017,44.599998),(3.167421,-80.95443,44.599998),(3.173778,-80.667664,44.599998),(3.167999,-80.38208,44.599998),(3.150661,-80.134041,44.599998),(3.121766,-79.923531,44.599998),(3.081313,-79.750565,44.599998),(3.029302,-79.615128,44.599998),(2.967756,-79.510124,44.599998),(2.898696,-79.428459,44.599998),(2.822124,
   -79.370125,44.599998),(2.738039,-79.335129,44.599998),(2.646442,-79.323463,44.599998)));
#447=COMPLEX_TRIANGULATED_SURFACE_SET('',#446,100,((0.,0.,1.)),(),((42,41,75),(41,40,75),(39,38,76),(76,40,39),(37,77,38),(73,45,44),(74,73,44),(73,72,
   45),(42,74,43),(43,74,44),(45,72,46),(37,36,77),(34,79,35),(33,79,34),(32,31,81),(33,32,80),(32,81,80),(74,42,
   75),(75,40,76),(80,79,33),(77,36,78),(79,78,35),(38,77,76),(78,36,35),(46,71,47),(71,46,72),(47,71,70),(48,70,
   69),(47,70,48),(48,69,68),(49,67,50),(49,48,68),(50,66,51),(65,52,51),(64,53,52),(49,68,67),(64,52,65),(65,51,
   66),(63,62,54),(63,54,53),(63,53,64),(54,61,55),(61,54,62),(55,61,60),(58,55,59),(1,55,58),(57,1,58),(59,55,
   60),(66,50,67),(82,81,31),(31,83,82),(83,31,30),(83,30,84),(85,84,29),(29,84,30),(85,29,28),(27,86,85),(26,87,
   86),(22,89,88),(20,90,89),(88,87,24),(27,85,28),(87,26,25),(87,25,24),(88,23,22),(88,24,23),(89,22,21),(92,91,
   17),(89,21,20),(90,20,19),(18,91,90),(17,91,18),(19,18,90),(92,17,16),(26,86,27),(99,98,5),(100,99,4),(8,97,
   96),(6,98,97),(5,98,6),(57,101,2),(2,101,3),(57,2,1),(100,3,101),(100,4,3),(99,5,4),(96,95,10),(13,94,
   14),(14,94,93),(94,13,12),(93,15,14),(93,92,15),(92,16,15),(8,7,97),(6,97,7),(10,95,11),(96,9,8),(9,96,
   10),(95,12,11),(94,12,95)),());
#448=COORDINATES_LIST('',41,((4.582414,-81.851234,44.599998),(4.638615,-81.855972,44.599998),(4.691637,-81.870178,44.599998),(4.741481,-81.893845,44.599998),(4.788146,-81.926987,44.599998),(4.831634,-81.969597,44.599998),(4.869342,-82.019302,44.599998),(4.898671,-82.073753,44.599998),(4.919619,-82.132927,44.599998),(4.932189,
   -82.196838,44.599998),(4.936378,-82.265488,44.599998),(4.932189,-82.331261,44.599998),(4.919619,-82.393318,44.599998),(4.89867,-82.451645,44.599998),(4.869342,-82.506264,44.599998),(4.831634,-82.557152,44.599998),(4.788146,-82.601288,44.599998),(4.741481,-82.635612,44.599998),(4.691637,-82.660126,44.599998),(4.638615,
   -82.674835,44.599998),(4.582414,-82.679741,44.599998),(4.523757,-82.674835,44.599998),(4.469145,-82.660126,44.599998),(4.418578,-82.635612,44.599998),(4.372057,-82.601288,44.599998),(4.329581,-82.557152,44.599998),(4.293174,-82.506264,44.599998),(4.264856,-82.451645,44.599998),(4.24463,-82.393318,44.599998),(4.232494,
   -82.331261,44.599998),(4.228448,-82.265488,44.599998),(4.232494,-82.196838,44.599998),(4.24463,-82.132927,44.599998),(4.264856,-82.073753,44.599998),(4.293174,-82.019302,44.599998),(4.329581,-81.969597,44.599998),(4.372057,-81.926987,44.599998),(4.418578,-81.893845,44.599998),(4.469145,-81.870178,44.599998),(4.523757,
   -81.855972,44.599998),(4.582414,-81.851234,44.599998)));
#449=COMPLEX_TRIANGULATED_SURFACE_SET('',#448,40,((0.,0.,1.)),(),((31,30,27),(30,29,28),(30,28,27),(27,26,21),(21,26,22),(25,24,23),(25,23,22),(26,25,
   22),(31,27,21),(35,32,36),(33,35,34),(35,33,32),(32,31,40),(37,36,39),(37,39,38),(39,36,40),(36,32,40),(40,31,
   1),(31,21,16),(20,19,18),(16,21,17),(17,20,18),(31,16,1),(15,14,12),(12,11,15),(12,14,13),(15,11,16),(1,16,
   11),(5,4,2),(5,2,1),(2,4,3),(1,11,5),(10,9,7),(10,7,6),(7,9,8),(5,11,6),(11,10,6),(21,20,
   17)),());
#450=COORDINATES_LIST('',129,((6.10663,-79.678535,44.599998),(5.499833,-79.678535,44.599998),(5.524105,-79.512833,44.599998),(5.562246,-79.360657,44.599998),(5.614257,-79.222008,44.599998),(5.680138,-79.096893,44.599998),(5.759889,-78.985298,44.599998),(5.887316,-78.854424,44.599998),(6.026879,-78.75264,44.599998),(6.178579,
   -78.679932,44.599998),(6.342414,-78.636307,44.599998),(6.518385,-78.621773,44.599998),(6.677742,-78.633942,44.599998),(6.826407,-78.670464,44.599998),(6.964381,-78.731331,44.599998),(7.091664,-78.816551,44.599998),(7.208255,-78.926117,44.599998),(7.308377,-79.052254,44.599998),(7.38625,-79.18718,44.599998),(7.441872,
   -79.330902,44.599998),(7.475246,-79.483414,44.599998),(7.486371,-79.644714,44.599998),(7.481459,-79.74752,44.599998),(7.466722,-79.84626,44.599998),(7.442161,-79.940948,44.599998),(7.407776,-80.031578,44.599998),(7.363566,-80.118149,44.599998),(7.310111,-80.199646,44.599998),(7.247986,-80.275055,44.599998),(7.177193,
   -80.344376,44.599998),(7.097732,-80.407616,44.599998),(7.009602,-80.464767,44.599998),(7.125616,-80.51194,44.599998),(7.230938,-80.572304,44.599998),(7.32557,-80.645851,44.599998),(7.40951,-80.73259,44.599998),(7.482759,-80.83252,44.599998),(7.543872,-80.942589,44.599998),(7.591405,-81.059761,44.599998),(7.625356,
   -81.184036,44.599998),(7.645728,-81.315414,44.599998),(7.652518,-81.453896,44.599998),(7.63937,-81.657135,44.599998),(7.599929,-81.847519,44.599998),(7.534192,-82.025055,44.599998),(7.442162,-82.189743,44.599998),(7.323836,-82.341576,44.599998),(7.184995,-82.472443,44.599998),(7.031418,-82.574234,44.599998),(6.863103,
   -82.646935,44.599998),(6.680053,-82.690559,44.599998),(6.482266,-82.705101,44.599998),(6.298349,-82.691406,44.599998),(6.128012,-82.650322,44.599998),(5.971256,-82.581841,44.599998),(5.828081,-82.48597,44.599998),(5.698487,-82.362709,44.599998),(5.586807,-82.215782,44.599998),(5.497377,-82.048897,44.599998),(5.430196,
   -81.862061,44.599998),(5.385264,-81.655273,44.599998),(5.362581,-81.428535,44.599998),(5.991049,-81.428535,44.599998),(6.009687,-81.543846,44.599998),(6.036704,-81.646309,44.599998),(6.0721,-81.735924,44.599998),(6.115876,-81.812683,44.599998),(6.168032,-81.876602,44.599998),(6.227122,-81.928337,44.599998),(6.291703,
   -81.968582,44.599998),(6.361773,-81.997322,44.599998),(6.437334,-82.014572,44.599998),(6.518385,-82.020317,44.599998),(6.604782,-82.013725,44.599998),(6.684821,-81.993942,44.599998),(6.758503,-81.960968,44.599998),(6.825829,-81.91481,44.599998),(6.886797,-81.855461,44.599998),(6.938809,-81.786308,44.599998),(6.979262,
   -81.710732,44.599998),(7.008157,-81.628723,44.599998),(7.025494,-81.540298,44.599998),(7.031273,-81.445442,44.599998),(7.023471,-81.343819,44.599998),(7.000066,-81.248627,44.599998),(6.961058,-81.159859,44.599998),(6.906446,-81.077515,44.599998),(6.836231,-81.001602,44.599998),(6.750991,-80.935829,44.599998),(6.651303,
   -80.883919,44.599998),(6.537167,-80.845879,44.599998),(6.408584,-80.821693,44.599998),(6.265553,-80.811386,44.599998),(6.265553,-80.177322,44.599998),(6.35325,-80.168701,44.599998),(6.431411,-80.156357,44.599998),(6.500037,-80.140297,44.599998),(6.559127,-80.120514,44.599998),(6.608682,-80.097008,44.599998),(6.651447,
   -80.069954,44.599998),(6.690166,-80.03952,44.599998),(6.724841,-80.005707,44.599998),(6.755469,-79.968506,44.599998),(6.782053,-79.927925,44.599998),(6.804158,-79.884811,44.599998),(6.82135,-79.840004,44.599998),(6.833631,-79.79351,44.599998),(6.840999,-79.745323,44.599998),(6.843455,-79.695442,44.599998),(6.839698,
   -79.63356,44.599998),(6.82843,-79.576408,44.599998),(6.809648,-79.523994,44.599998),(6.783353,-79.476311,44.599998),(6.749546,-79.433365,44.599998),(6.709671,-79.396843,44.599998),(6.665172,-79.368439,44.599998),(6.61605,-79.348145,44.599998),(6.562305,-79.335968,44.599998),(6.503938,-79.331917,44.599998),(6.450048,
   -79.3358,44.599998),(6.398181,-79.347466,44.599998),(6.348337,-79.366913,44.599998),(6.300516,-79.394135,44.599998),(6.254717,-79.429138,44.599998),(6.212964,-79.470222,44.599998),(6.177279,-79.515709,44.599998),(6.147661,-79.565582,44.599998),(6.124112,-79.619858,44.599998),(6.10663,-79.678535,44.599998)));
#451=COMPLEX_TRIANGULATED_SURFACE_SET('',#450,128,((0.,0.,1.)),(),((57,65,58),(58,64,59),(66,57,56),(55,54,68),(69,68,54),(54,70,69),(56,55,67),(67,55,
   68),(61,60,63),(63,62,61),(60,64,63),(65,57,66),(64,60,59),(64,58,65),(56,67,66),(53,52,72),(72,71,53),(52,73,
   72),(53,71,70),(52,74,73),(74,52,51),(75,74,51),(95,93,92),(95,94,93),(97,92,91),(92,96,95),(97,96,92),(91,90,
   98),(100,90,32),(70,54,53),(2,1,3),(128,6,1),(1,4,3),(7,128,127),(9,126,125),(8,127,126),(9,125,124),(5,1,
   6),(7,6,128),(5,4,1),(126,9,8),(8,7,127),(9,124,10),(123,122,10),(10,124,123),(98,97,91),(98,90,99),(32,101,
   100),(13,116,14),(99,90,100),(121,120,11),(12,120,119),(120,12,11),(121,11,122),(118,117,13),(13,12,118),(117,116,13),(118,12,
   119),(116,115,14),(122,11,10),(75,51,50),(76,50,77),(50,76,75),(49,78,77),(77,50,49),(80,79,48),(78,48,79),(47,81,
   80),(81,46,82),(87,86,33),(32,89,88),(88,87,32),(43,83,82),(85,84,36),(83,39,84),(86,85,34),(48,78,49),(32,90,
   89),(46,81,47),(45,82,46),(82,45,44),(43,42,83),(83,42,41),(82,44,43),(40,83,41),(35,85,36),(34,85,35),(33,86,
   34),(38,84,39),(84,38,37),(36,84,37),(83,40,39),(47,80,48),(33,32,87),(103,102,32),(105,104,32),(103,32,104),(107,106,
   31),(105,31,106),(29,108,107),(108,28,109),(101,32,102),(15,114,113),(114,14,115),(15,14,114),(15,113,16),(18,111,110),(113,112,
   16),(111,17,112),(20,110,109),(31,105,32),(107,30,29),(28,108,29),(109,28,27),(25,109,26),(109,25,24),(109,27,26),(23,109,
   24),(18,110,19),(17,111,18),(16,112,17),(21,109,22),(109,21,20),(19,110,20),(109,23,22),(107,31,30)),());
#429=TESSELLATED_GEOMETRIC_SET('diameter dimension',(#431,#433,#434,#436,#438,#440,#442,#445,#447,#449,#451));
#428=TESSELLATED_ANNOTATION_OCCURRENCE('\X2\76F45F84\X0\3@\X2\FF8EFF9EFF7D\X0\1(60.3)',(#31),#429);
#452=DRAUGHTING_CALLOUT('\X2\76F45F84\X0\3@\X2\FF8EFF9EFF7D\X0\1(60.3)',(#428));
#454=CARTESIAN_POINT('',(0.,0.,0.));
#455=DIRECTION('',(0.,0.,1.));
#456=DIRECTION('',(1.,0.,0.));
#457=AXIS2_PLACEMENT_3D('',#454,#455,#456);
#458=PLANE('',#457);
#453=ANNOTATION_PLANE('*\X2\6B639762\X0\',(#346),#458,(#402,#427,#452));
#461=DRAUGHTING_PRE_DEFINED_COLOUR('black');
#462=CURVE_STYLE('',#29,POSITIVE_LENGTH_MEASURE(0.100000),#461);
#463=PRESENTATION_STYLE_ASSIGNMENT((#462));
#465=COORDINATES_LIST('',2,((-23.065083,-1458.785889,-651.519104),(23.405964,-1449.186646,-601.80188)));
#464=TESSELLATED_CURVE_SET('',#465,((1,2)));
#467=COORDINATES_LIST('',2,((23.405964,-1449.186646,-601.80188),(73.722992,-1438.792969,-547.970032)));
#466=TESSELLATED_CURVE_SET('',#467,((1,2)));
#469=COORDINATES_LIST('',2,((28.814129,-1264.479248,-642.519592),(79.131157,-1254.085571,-588.687744)));
#468=TESSELLATED_CURVE_SET('',#469,((1,2)));
#471=COORDINATES_LIST('',2,((73.722992,-1438.792969,-547.970032),(123.813667,-1428.446045,-494.380341)));
#470=TESSELLATED_CURVE_SET('',#471,((1,2)));
#473=COORDINATES_LIST('',2,((79.131157,-1254.085571,-588.687744),(129.221832,-1243.738647,-535.098083)));
#472=TESSELLATED_CURVE_SET('',#473,((1,2)));
#475=COORDINATES_LIST('',2,((34.222294,-1079.771973,-683.237366),(84.539322,-1069.378174,-629.405518)));
#474=TESSELLATED_CURVE_SET('',#475,((1,2)));
#477=COORDINATES_LIST('',2,((84.539322,-1069.378174,-629.405518),(134.630005,-1059.031372,-575.815857)));
#476=TESSELLATED_CURVE_SET('',#477,((1,2)));
#479=COORDINATES_LIST('',2,((39.630463,-895.064514,-723.955139),(89.947487,-884.670837,-670.123291)));
#478=TESSELLATED_CURVE_SET('',#479,((1,2)));
#481=COORDINATES_LIST('',2,((89.947487,-884.670837,-670.123291),(140.038162,-874.323914,-616.53363)));
#480=TESSELLATED_CURVE_SET('',#481,((1,2)));
#483=COORDINATES_LIST('',2,((56.192062,-329.42923,-848.646423),(106.509087,-319.035553,-794.814575)));
#482=TESSELLATED_CURVE_SET('',#483,((1,2)));
#485=COORDINATES_LIST('',2,((106.509087,-319.035553,-794.814575),(156.599762,-308.688629,-741.224915)));
#484=TESSELLATED_CURVE_SET('',#485,((1,2)));
#487=COORDINATES_LIST('',2,((56.192062,-329.42923,-848.646423),(106.509087,-319.035553,-794.814575)));
#486=TESSELLATED_CURVE_SET('',#487,((1,2)));
#489=COORDINATES_LIST('',2,((106.509087,-319.035553,-794.814575),(156.599762,-308.688629,-741.224915)));
#488=TESSELLATED_CURVE_SET('',#489,((1,2)));
#491=COORDINATES_LIST('',2,((39.881069,691.04071,-1125.43689),(86.352119,700.639954,-1075.719604)));
#490=TESSELLATED_CURVE_SET('',#491,((1,2)));
#493=COORDINATES_LIST('',2,((86.352119,700.639954,-1075.719604),(136.669144,711.03363,-1021.887817)));
#492=TESSELLATED_CURVE_SET('',#493,((1,2)));
#495=COORDINATES_LIST('',2,((136.669144,711.03363,-1021.887817),(186.759827,721.380554,-968.298157)));
#494=TESSELLATED_CURVE_SET('',#495,((1,2)));
#497=COORDINATES_LIST('',2,((-23.065083,-1458.785889,-651.519104),(-17.656916,-1274.078491,-692.236816)));
#496=TESSELLATED_CURVE_SET('',#497,((1,2)));
#499=COORDINATES_LIST('',2,((23.405964,-1449.186646,-601.80188),(28.814129,-1264.479248,-642.519592)));
#498=TESSELLATED_CURVE_SET('',#499,((1,2)));
#501=COORDINATES_LIST('',2,((-17.656916,-1274.078491,-692.236816),(-12.248751,-1089.371094,-732.95459)));
#500=TESSELLATED_CURVE_SET('',#501,((1,2)));
#503=COORDINATES_LIST('',2,((28.814129,-1264.479248,-642.519592),(34.222294,-1079.771973,-683.237366)));
#502=TESSELLATED_CURVE_SET('',#503,((1,2)));
#505=COORDINATES_LIST('',2,((-12.248751,-1089.371094,-732.95459),(-6.840584,-904.663757,-773.672363)));
#504=TESSELLATED_CURVE_SET('',#505,((1,2)));
#507=COORDINATES_LIST('',2,((34.222294,-1079.771973,-683.237366),(39.630463,-895.064514,-723.955139)));
#506=TESSELLATED_CURVE_SET('',#507,((1,2)));
#509=COORDINATES_LIST('',2,((-6.840584,-904.663757,-773.672363),(9.721015,-339.028442,-898.363647)));
#508=TESSELLATED_CURVE_SET('',#509,((1,2)));
#511=COORDINATES_LIST('',2,((39.630463,-895.064514,-723.955139),(56.192062,-329.42923,-848.646423)));
#510=TESSELLATED_CURVE_SET('',#511,((1,2)));
#513=COORDINATES_LIST('',2,((9.721015,-339.028442,-898.363647),(26.687103,240.421585,-1026.100342)));
#512=TESSELLATED_CURVE_SET('',#513,((1,2)));
#515=COORDINATES_LIST('',2,((56.192062,-329.42923,-848.646423),(73.15815,250.020828,-976.383057)));
#514=TESSELLATED_CURVE_SET('',#515,((1,2)));
#517=COORDINATES_LIST('',2,((26.687103,240.421585,-1026.100342),(32.095268,425.128967,-1066.817993)));
#516=TESSELLATED_CURVE_SET('',#517,((1,2)));
#519=COORDINATES_LIST('',2,((73.15815,250.020828,-976.383057),(78.566315,434.72821,-1017.10083)));
#518=TESSELLATED_CURVE_SET('',#519,((1,2)));
#521=COORDINATES_LIST('',2,((32.095268,425.128967,-1066.817993),(39.881069,691.04071,-1125.43689)));
#520=TESSELLATED_CURVE_SET('',#521,((1,2)));
#523=COORDINATES_LIST('',2,((78.566315,434.72821,-1017.10083),(86.352119,700.639954,-1075.719604)));
#522=TESSELLATED_CURVE_SET('',#523,((1,2)));
#525=COORDINATES_LIST('',2,((73.722992,-1438.792969,-547.970032),(79.131157,-1254.085571,-588.687744)));
#524=TESSELLATED_CURVE_SET('',#525,((1,2)));
#527=COORDINATES_LIST('',2,((79.131157,-1254.085571,-588.687744),(84.539322,-1069.378174,-629.405518)));
#526=TESSELLATED_CURVE_SET('',#527,((1,2)));
#529=COORDINATES_LIST('',2,((84.539322,-1069.378174,-629.405518),(89.947487,-884.670837,-670.123291)));
#528=TESSELLATED_CURVE_SET('',#529,((1,2)));
#531=COORDINATES_LIST('',2,((89.947487,-884.670837,-670.123291),(106.509087,-319.035553,-794.814575)));
#530=TESSELLATED_CURVE_SET('',#531,((1,2)));
#533=COORDINATES_LIST('',2,((106.509087,-319.035553,-794.814575),(123.475182,260.41449,-922.551208)));
#532=TESSELLATED_CURVE_SET('',#533,((1,2)));
#535=COORDINATES_LIST('',2,((123.475182,260.41449,-922.551208),(128.883347,445.121887,-963.268982)));
#534=TESSELLATED_CURVE_SET('',#535,((1,2)));
#537=COORDINATES_LIST('',2,((128.883347,445.121887,-963.268982),(136.669144,711.03363,-1021.887817)));
#536=TESSELLATED_CURVE_SET('',#537,((1,2)));
#539=COORDINATES_LIST('',2,((123.813667,-1428.446045,-494.380341),(129.221832,-1243.738647,-535.098083)));
#538=TESSELLATED_CURVE_SET('',#539,((1,2)));
#541=COORDINATES_LIST('',2,((129.221832,-1243.738647,-535.098083),(134.630005,-1059.031372,-575.815857)));
#540=TESSELLATED_CURVE_SET('',#541,((1,2)));
#543=COORDINATES_LIST('',2,((134.630005,-1059.031372,-575.815857),(140.038162,-874.323914,-616.53363)));
#542=TESSELLATED_CURVE_SET('',#543,((1,2)));
#545=COORDINATES_LIST('',2,((140.038162,-874.323914,-616.53363),(156.599762,-308.688629,-741.224915)));
#544=TESSELLATED_CURVE_SET('',#545,((1,2)));
#547=COORDINATES_LIST('',2,((156.599762,-308.688629,-741.224915),(173.565857,270.761414,-868.961548)));
#546=TESSELLATED_CURVE_SET('',#547,((1,2)));
#549=COORDINATES_LIST('',2,((173.565857,270.761414,-868.961548),(178.974014,455.468811,-909.679321)));
#548=TESSELLATED_CURVE_SET('',#549,((1,2)));
#551=COORDINATES_LIST('',2,((178.974014,455.468811,-909.679321),(186.759827,721.380554,-968.298157)));
#550=TESSELLATED_CURVE_SET('',#551,((1,2)));
#552=COORDINATES_LIST('',95,((39.88998,-421.212799,-843.691284),(34.653545,-423.586487,-848.966248),(34.795635,-418.733521,-850.036072),(34.702911,-418.153168,-850.287109),(34.38414,-417.798676,-850.734619),(33.839317,-417.670044,-851.378601),(33.068447,-417.767242,-852.219055),(32.071529,-418.090332,-853.25592),(30.394346,-418.901886,-854.932434),(28.76964,
   -420.012726,-856.474304),(27.197409,-421.422821,-857.881409),(25.677656,-423.132141,-859.15387),(24.210377,-425.140717,-860.291626),(14.112726,-423.608826,-872.011047),(13.978245,-428.201813,-870.998535),(45.168503,-421.759033,-837.629517),(44.975662,-428.345184,-836.177612),(9.100448,-435.755707,-874.558838),(9.491204,-422.410065,-877.500854),(8.551378,
   -421.828949,-878.702698),(12.512929,-415.067261,-875.969849),(13.360666,-416.614868,-874.626526),(23.307125,-418.953247,-862.872559),(25.401512,-416.267273,-861.202637),(27.429127,-414.118835,-859.471497),(29.389975,-412.507904,-857.679138),(31.284054,-411.434448,-855.825562),(33.111362,-410.898499,-853.910767),(35.666153,-410.701538,-851.093689),(37.635616,
   -411.1492,-848.770203),(39.01976,-412.241455,-846.940308),(39.818577,-413.978333,-845.603943),(40.032074,-416.359833,-844.761108),(26.091022,-458.948242,-849.617737),(26.760891,-436.069977,-854.661133),(43.061974,-432.702759,-837.221375),(42.869133,-439.28891,-835.76947),(41.136337,-439.646851,-837.623291),(40.852154,-449.352783,-835.483704),(43.41925,
   -448.82251,-832.737244),(43.22641,-455.408691,-831.2854),(31.032997,-451.381073,-845.988708),(36.10302,-450.333801,-840.564575),(36.387207,-440.627869,-842.704163),(31.317184,-441.67514,-848.128357),(5.790205,-455.131012,-873.365723),(5.965284,-449.151459,-874.683899),(6.342387,-447.426636,-874.697632),(6.791197,-446.389893,-874.456604),(7.311729,
   -446.041168,-873.960815),(7.903961,-446.380524,-873.210266),(8.567906,-447.407959,-872.204956),(10.814118,-446.94397,-869.801819),(11.113529,-436.718079,-872.05603),(15.862663,-435.737061,-866.975159),(15.763705,-439.116821,-866.230164),(20.767754,-440.322693,-860.309265),(20.996119,-432.523285,-862.028625),(25.681074,-431.555542,-857.016357),(24.744781,
   -463.533142,-849.967102),(20.059826,-464.500885,-854.979309),(20.290728,-456.614807,-856.717773),(15.162347,-459.655273,-861.702515),(15.073538,-462.688385,-861.033936),(10.324405,-463.669373,-866.114807),(10.603517,-454.136749,-868.216187),(15.550566,-446.396271,-864.625427),(15.375486,-452.375824,-863.307251),(20.493717,-449.681976,-858.246033),(20.562227,
   -447.342163,-858.761841),(29.573374,-424.980408,-854.314026),(37.370937,-423.36972,-845.971802),(41.269722,-422.564392,-841.800659),(33.472157,-424.175079,-850.142883),(21.77581,-426.591125,-862.65625),(25.674591,-425.785767,-858.485168),(27.038055,-432.050446,-855.368225),(18.069252,-433.903076,-864.963501),(13.584849,-434.829407,-869.761169),(22.553654,
   -432.976746,-860.165894),(20.311453,-433.439911,-862.564697),(24.795855,-432.513611,-857.767029),(36.006859,-430.197815,-845.772949),(40.491261,-429.271484,-840.975281),(26.425957,-447.509094,-852.139404),(34.91143,-434.386353,-845.941284),(13.488096,-436.22757,-869.515625),(20.973282,-433.303223,-861.856628),(23.338596,-432.039429,-859.522461),(25.658239,
   -432.33548,-856.844421),(25.201509,-447.934296,-853.405762),(25.429874,-440.134888,-855.125122),(25.544056,-436.235168,-855.984741),(24.973146,-455.733734,-851.686462),(24.858963,-459.633423,-850.826782)));
#553=COMPLEX_TRIANGULATED_SURFACE_SET('',#552,95,((-0.736199,0.166177,0.656046)),(),((41,40,39),(39,43,41),(43,39,38),(41,43,34),(45,86,35),(34,43,42),(90,77,59),(44,43,
   38),(38,37,36),(74,77,83),(86,38,36),(85,34,42),(45,35,85),(70,92,57),(44,38,86),(62,94,69),(70,91,92),(93,57,
   92),(62,69,68),(65,64,63),(68,63,62),(66,63,68),(65,63,66),(46,52,47),(66,52,46),(67,53,68),(84,17,73),(66,68,
   53),(57,67,70),(53,56,54),(56,53,67),(55,87,56),(57,56,67),(52,48,47),(48,52,51),(51,50,49),(51,49,48),(53,52,
   66),(72,84,73),(2,1,3),(33,3,1),(33,4,3),(5,4,30),(32,31,4),(30,4,31),(78,75,15),(5,30,29),(7,6,
   28),(27,8,28),(77,74,71),(28,6,29),(5,29,6),(28,8,7),(32,4,33),(59,71,76),(8,27,26),(23,12,11),(23,13,
   12),(23,14,13),(18,15,19),(89,75,58),(19,15,14),(11,10,24),(58,81,88),(24,23,11),(10,25,24),(26,25,9),(9,8,
   26),(14,22,19),(14,23,22),(20,22,21),(22,20,19),(9,25,10),(72,83,84),(71,59,77),(17,16,73),(75,78,58),(79,78,
   15),(18,79,15),(82,80,93),(58,78,81),(72,74,83),(94,91,69),(42,45,85),(45,44,86),(54,56,87),(57,80,88),(59,76,
   89),(75,89,76),(93,90,82),(70,69,91),(80,57,93),(95,94,62),(62,61,95),(60,95,61)),());
#554=COORDINATES_LIST('',45,((25.308933,-372.370819,-872.425598),(24.878323,-389.256287,-868.631653),(25.969339,-389.030945,-867.464417),(25.776499,-395.617096,-866.012573),(9.218709,-399.037354,-883.72699),(10.096642,-369.052917,-890.336853),(26.333546,-365.698975,-872.965759),(26.140703,-372.285156,-871.513855),(20.129189,-390.237305,-873.712524),(20.621441,
   -373.425232,-877.418701),(14.588758,-374.671356,-883.872742),(14.096506,-391.483429,-880.166626),(43.781464,-360.19986,-854.779053),(43.542953,-368.345917,-852.983276),(46.430939,-367.749359,-849.893555),(46.238098,-374.335541,-848.441711),(27.498272,-378.206512,-868.49054),(28.122467,-356.888123,-873.190063),(46.348873,-353.123199,-853.690491),(46.156033,
   -359.709381,-852.238586),(32.440247,-370.639343,-864.861572),(38.793819,-369.326935,-858.064148),(39.03233,-361.180878,-859.859924),(32.678761,-362.493286,-866.657288),(31.717094,-395.337494,-859.416992),(38.070663,-394.025055,-852.619629),(38.309177,-385.879028,-854.415344),(31.955608,-387.191437,-861.212769),(43.058311,-384.89801,-849.334473),(42.819798,
   -393.044067,-847.538696),(45.707787,-392.44751,-844.448975),(45.514946,-399.033691,-842.997131),(26.77512,-402.904663,-863.045959),(27.399315,-381.586273,-867.745483),(45.625721,-377.82135,-848.245911),(45.43288,-384.407501,-846.794067),(25.093628,-380.813538,-870.528625),(36.868187,-376.271027,-858.466125),(27.810369,-367.547302,-870.840332),(27.65432,
   -372.876923,-869.665405),(27.966419,-362.217712,-872.015198),(27.087217,-392.245483,-865.395752),(26.931168,-397.575073,-864.220825),(27.243267,-386.915863,-866.570618),(36.51252,-379.703796,-857.995728)));
#555=COMPLEX_TRIANGULATED_SURFACE_SET('',#554,45,((-0.736199,0.166177,0.656046)),(),((32,31,30),(30,26,32),(26,30,29),(33,32,26),(36,35,29),(26,29,27),(29,35,45),(38,22,
   21),(33,26,25),(28,44,42),(43,25,42),(9,5,4),(4,3,2),(2,37,9),(28,45,34),(9,12,5),(9,4,2),(28,42,
   25),(5,12,11),(10,9,37),(16,15,14),(22,38,14),(13,22,14),(38,21,17),(20,19,13),(22,13,23),(23,13,19),(19,18,
   23),(37,1,10),(21,39,40),(11,10,6),(18,24,23),(7,6,10),(1,8,7),(7,10,1),(21,24,39),(39,24,41),(11,6,
   5),(16,14,38),(17,21,40),(29,45,27),(24,18,41),(33,25,43),(28,34,44),(28,27,45)),());
#556=COORDINATES_LIST('',126,((38.238552,-307.682098,-874.302002),(39.221912,-306.16626,-873.582458),(40.26482,-304.011047,-872.958069),(41.367275,-301.216461,-872.428772),(42.529274,-297.782501,-871.994629),(43.75082,-293.709198,-871.65564),(48.729496,-295.781677,-865.543701),(46.334782,-303.060394,-866.387268),(43.279633,-309.366119,-868.218445),(39.564045,
   -314.698853,-871.037231),(35.188026,-319.058563,-874.843567),(30.151571,-322.445251,-879.637512),(30.156647,-322.271942,-879.67572),(30.891407,-322.88504,-878.695862),(31.600094,-323.517334,-877.740479),(32.282703,-324.168762,-876.809448),(32.939232,-324.839386,-875.902832),(33.569687,-325.529175,-875.02063),(41.20681,-323.95163,-866.850037),(39.826714,
   -312.263794,-871.359253),(44.223766,-310.235748,-866.938721),(44.967789,-315.064178,-864.880737),(45.649937,-319.73999,-862.930847),(46.270214,-324.263214,-861.08905),(46.828617,-328.63382,-859.355347),(47.325146,-332.851837,-857.729736),(48.23431,-333.260101,-856.606079),(48.685925,-333.783539,-855.966675),(48.679981,-334.42218,-855.811584),(48.216488,
   -335.175995,-856.140747),(47.295441,-336.045013,-856.954224),(42.359592,-339.045715,-861.733032),(41.7841,-330.378723,-864.574219),(37.227497,-331.319946,-869.449097),(37.994946,-332.908264,-868.185547),(38.747715,-334.823456,-866.855713),(39.485813,-337.065582,-865.459473),(40.209236,-339.634613,-863.996948),(40.917984,-342.530518,-862.468079),(36.074966,
   -346.717957,-866.842102),(35.138592,-342.446075,-868.974915),(34.053703,-338.714813,-871.137512),(32.820309,-335.524139,-873.329834),(31.438402,-332.874084,-875.551819),(29.907984,-330.764618,-877.803528),(29.44618,-346.536774,-874.32666),(24.761225,-347.504517,-879.338867),(25.377808,-326.446106,-883.981079),(24.158436,-326.697968,-885.285645),(23.701708,
   -342.296814,-881.846985),(18.952574,-343.277802,-886.927856),(19.409302,-327.678986,-890.366516),(18.18993,-327.930847,-891.671082),(17.649467,-346.389465,-887.60199),(12.964511,-347.357208,-892.614197),(13.504972,-328.89859,-896.683289),(9.654324,-329.694,-900.802917),(9.809104,-324.407715,-901.968262),(10.043627,-322.846741,-902.100464),(10.382894,
   -321.891174,-901.961792),(10.826916,-321.541046,-901.552185),(11.375682,-321.796356,-900.871704),(12.029199,-322.657104,-899.920349),(13.697814,-322.312408,-898.135193),(14.235738,-303.94046,-902.185181),(18.920694,-302.972717,-897.172974),(18.382771,-321.344666,-893.122925),(19.602142,-321.092804,-891.81842),(20.05887,-305.493988,-895.25708),(24.808004,
   -304.51297,-890.176208),(24.351276,-320.111816,-886.737549),(25.570648,-319.859924,-885.432983),(26.184694,-298.888153,-890.056091),(30.86965,-297.92041,-885.043884),(30.344412,-315.85907,-881.089417),(31.125401,-315.329102,-880.347229),(31.961184,-314.670624,-879.576111),(32.851761,-313.883728,-878.776062),(33.797131,-312.968353,-877.947083),(34.797291,
   -311.9245,-877.089111),(33.995098,-310.825745,-878.267639),(33.057732,-309.637726,-879.620422),(31.985193,-308.360535,-881.147522),(30.777483,-306.99408,-882.848938),(29.434601,-305.538422,-884.724609),(32.703629,-300.642487,-882.296326),(33.607288,-300.280121,-881.374023),(34.246323,-300.241119,-880.666809),(34.620731,-300.525574,-880.174622),(34.730515,
   -301.133392,-879.897461),(34.575668,-302.064636,-879.835327),(35.410118,-303.194672,-878.612671),(36.19363,-304.321411,-877.448059),(36.926205,-305.444885,-876.34137),(37.607845,-306.565125,-875.292725),(38.238552,-307.682098,-874.302002),(41.421837,-312.032471,-869.627808),(32.6698,-320.751892,-877.24054),(31.410685,-321.598572,-878.439026),(30.781128,
   -322.021912,-879.038269),(30.269402,-322.366028,-879.52533),(40.034512,-314.023621,-870.680298),(40.620663,-318.98764,-868.765198),(41.939716,-311.289215,-869.234985),(29.677082,-338.650696,-876.065063),(25.069515,-336.975311,-881.659973),(24.915371,-342.239929,-880.49939),(23.930073,-334.497375,-883.566284),(23.815889,-338.397095,-882.706665),(19.180939,
   -335.478394,-888.647217),(17.919699,-337.160156,-889.636536),(17.784584,-341.774811,-888.619263),(13.234741,-338.127899,-894.648743),(13.966776,-313.126434,-900.160156),(18.651733,-312.158691,-895.147949),(18.786213,-307.565704,-896.160461),(19.830505,-313.293396,-893.53772),(24.579639,-312.312378,-888.456909),(25.87767,-309.374023,-887.744507),(26.031183,
   -304.131104,-888.90033),(25.724159,-314.616974,-886.588745),(30.607031,-306.88974,-883.06665),(30.475721,-311.37439,-882.078003),(30.73834,-302.40509,-884.055298),(30.609314,-306.811768,-883.083862),(30.702183,-303.639984,-883.78302)));
#557=COMPLEX_TRIANGULATED_SURFACE_SET('',#556,125,((-0.736199,0.166177,0.656046)),(),((27,30,29),(20,10,102),(31,30,26),(31,26,32),(40,39,41),(102,103,22),(41,39,38),(37,42,
   41),(36,42,37),(37,41,38),(29,28,27),(23,103,19),(26,33,32),(33,26,25),(33,24,19),(24,33,25),(19,24,23),(42,35,
   43),(43,35,34),(19,18,34),(19,34,33),(42,36,35),(23,22,103),(26,30,27),(44,34,18),(46,107,47),(45,106,105),(44,18,
   45),(48,45,14),(34,44,43),(109,108,110),(52,49,71),(109,110,51),(48,72,49),(22,97,102),(45,16,15),(15,14,45),(101,12,
   14),(13,72,48),(12,48,14),(13,48,12),(56,58,57),(63,58,56),(67,56,53),(53,52,68),(71,68,52),(72,71,49),(98,11,
   77),(72,13,75),(16,45,17),(17,45,18),(76,75,98),(104,97,22),(22,21,104),(80,10,20),(10,80,11),(2,20,104),(2,9,
   3),(1,20,2),(79,11,80),(81,80,1),(95,94,81),(95,81,1),(80,20,1),(82,81,94),(79,78,11),(8,4,3),(4,8,
   5),(8,3,9),(5,7,6),(7,5,8),(100,13,101),(83,93,92),(94,93,82),(90,89,88),(91,90,87),(84,92,91),(90,88,
   87),(67,64,56),(98,77,76),(77,11,78),(13,100,75),(63,62,59),(63,59,58),(63,56,64),(62,61,60),(62,60,59),(67,115,
   64),(53,68,67),(123,119,121),(82,93,83),(83,92,84),(91,86,126),(84,91,126),(126,124,85),(117,118,70),(65,116,66),(73,120,
   124),(91,87,86),(75,99,98),(75,100,99),(2,104,9),(107,105,106),(48,106,45),(46,105,107),(52,110,49),(51,50,109),(110,108,
   49),(53,56,113),(113,112,111),(54,112,55),(112,113,55),(113,111,53),(65,114,116),(115,114,64),(71,118,68),(114,115,116),(69,117,
   70),(118,117,68),(120,119,85),(120,85,124),(72,75,121),(85,119,122),(123,122,119),(121,75,123),(124,74,73),(85,122,125),(125,84,
   126)),());
#558=COORDINATES_LIST('',12,((54.646385,-1361.881226,-588.859253),(54.712318,-1359.629272,-589.355652),(59.910698,-1358.555542,-583.794189),(59.573692,-1370.065308,-581.256897),(54.375317,-1371.139038,-586.81842),(54.441254,-1368.887085,-587.314819),(31.850779,-1373.553467,-611.483337),(31.784843,-1375.80542,-610.986877),(26.586468,-1376.879272,-616.548401),(26.92347,
   -1365.369507,-619.085693),(32.121845,-1364.295654,-613.52417),(32.055912,-1366.547607,-613.027771)));
#559=COMPLEX_TRIANGULATED_SURFACE_SET('',#558,12,((-0.736199,0.166177,0.656046)),(),((4,6,5),(6,4,3),(8,7,9),(9,7,12),(6,1,7),(1,3,2),(3,1,6),(12,11,
   10),(12,10,9),(1,12,7)),());
#560=COORDINATES_LIST('',47,((55.73056,-1340.103271,-593.158997),(55.689171,-1338.815308,-593.531677),(55.486866,-1337.620239,-594.061401),(55.123642,-1336.518066,-594.748169),(54.599503,-1335.508911,-595.59198),(53.91444,-1334.592529,-596.592834),(52.878986,-1333.791748,-597.957642),(51.400482,-1333.307983,-599.73938),(49.478928,-1333.141235,-601.937927),(47.114323,
   -1333.291382,-604.553406),(44.306671,-1333.758667,-607.585693),(41.438271,-1334.470459,-610.624268),(38.99411,-1335.333496,-613.148438),(36.97419,-1336.347656,-615.158264),(35.378513,-1337.512817,-616.653748),(34.207069,-1338.829224,-617.634888),(33.530758,-1339.967041,-618.105591),(32.996056,-1341.14856,-618.406372),(32.602962,-1342.373779,-618.537109),(32.351475,
   -1343.6427,-618.497925),(32.2416,-1344.955322,-618.288696),(32.207413,-1346.122925,-618.031311),(55.696369,-1341.270996,-592.90155),(27.492466,-1345.936279,-623.369629),(27.696007,-1343.254761,-623.820435),(28.144482,-1340.748047,-623.952087),(28.837894,-1338.41626,-623.764648),(29.776237,-1336.259399,-623.257996),(30.959513,-1334.277344,-622.43219),(32.822945,
   -1332.072021,-620.899719),(35.110863,-1330.183472,-618.810608),(37.823277,-1328.611816,-616.164917),(40.960178,-1327.356934,-612.962646),(44.521572,-1326.419067,-609.203674),(48.012489,-1325.883667,-605.421875),(51.040661,-1325.815186,-602.041077),(53.606079,-1326.213745,-599.061279),(55.708748,-1327.079346,-596.482483),(57.348667,-1328.411865,-594.304626),(58.540699,
   -1330.052368,-592.551453),(59.449814,-1331.943726,-591.052185),(60.076019,-1334.085815,-589.806824),(60.419312,-1336.478638,-588.815491),(60.479691,-1339.122314,-588.078125),(60.240372,-1347.295898,-586.276245),(27.253145,-1354.109863,-621.567749),(27.492466,-1345.936279,-623.369629)));
#561=COMPLEX_TRIANGULATED_SURFACE_SET('',#560,46,((-0.736199,0.166177,0.656046)),(),((45,44,23),(1,23,44),(2,1,44),(44,43,2),(45,23,46),(4,3,43),(43,3,2),(4,43,
   42),(5,4,42),(41,6,5),(5,42,41),(24,20,25),(22,24,46),(24,22,21),(24,21,20),(20,19,25),(22,46,23),(27,17,
   16),(26,17,27),(25,18,26),(18,25,19),(26,18,17),(16,15,28),(8,7,39),(40,6,41),(38,9,8),(36,10,9),(40,7,
   6),(8,39,38),(9,38,37),(35,10,36),(9,37,36),(39,7,40),(10,35,11),(32,13,12),(30,14,13),(16,28,27),(14,29,
   15),(28,15,29),(12,11,33),(12,33,32),(31,13,32),(30,29,14),(13,31,30),(33,11,34),(11,35,34)),());
#562=COORDINATES_LIST('',267,((53.931366,-1183.689453,-634.797852),(52.648087,-1183.248169,-636.349731),(50.961292,-1182.993652,-638.307068),(48.870987,-1182.925781,-640.669922),(46.377171,-1183.044678,-643.438293),(43.479843,-1183.350342,-646.612183),(43.335213,-1188.290039,-645.523315),(46.269421,-1187.421997,-642.450439),(48.796135,-1186.527954,-639.841492),(50.915367,
   -1185.60791,-637.696411),(52.62711,-1184.661621,-636.015198),(53.931366,-1183.689453,-634.797852),(43.67522,-1176.67749,-648.083191),(47.269585,-1176.269287,-644.153076),(50.566891,-1176.246216,-640.45874),(53.567142,-1176.608398,-637.000183),(56.270336,-1177.355835,-633.777405),(58.676476,-1178.488525,-630.790405),(59.771675,-1176.987549,-629.941589),(60.887291,
   -1175.137695,-629.158264),(62.023323,-1172.939209,-628.440308),(63.179775,-1170.391846,-627.787842),(64.356644,-1167.495728,-627.200745),(69.245773,-1170.44812,-620.966431),(67.635994,-1173.75061,-621.936401),(66.178642,-1176.552979,-622.861938),(64.873711,-1178.855347,-623.743103),(63.721214,-1180.657593,-624.579895),(62.721142,-1181.959839,-625.372253),(64.073036,
   -1183.630737,-623.432007),(65.402336,-1185.898926,-621.365723),(66.709045,-1188.764282,-619.173584),(67.993164,-1192.227051,-616.855469),(69.254684,-1196.286987,-614.411377),(64.411667,-1200.474487,-618.785461),(63.110664,-1196.281372,-621.307495),(61.849957,-1192.803467,-623.60321),(60.629543,-1190.040771,-625.672485),(59.449429,-1187.993408,-627.515442),(58.309608,
   -1186.661133,-629.131958),(56.332443,-1188.306396,-630.933899),(54.538166,-1189.63147,-632.611816),(52.926773,-1190.63623,-634.165588),(51.498264,-1191.320557,-635.595215),(50.252644,-1191.684692,-636.900818),(50.404507,-1191.639526,-636.741821),(50.699986,-1191.743896,-636.38385),(51.13908,-1191.997803,-635.826782),(51.721786,-1192.401123,-635.07074),(52.448105,
   -1192.953979,-634.115601),(49.269371,-1199.123291,-636.120056),(46.171139,-1197.227417,-640.077026),(42.772396,-1195.834595,-644.243774),(39.073151,-1194.944946,-648.620361),(35.073395,-1194.55835,-653.206726),(30.773136,-1194.674805,-658.002869),(32.041771,-1188.383301,-658.172913),(32.749058,-1187.058838,-657.714661),(33.346073,-1186.363525,-657.220825),(33.832806,
   -1186.297485,-656.691345),(34.209263,-1186.860596,-656.126282),(34.475437,-1188.052856,-655.525574),(35.399246,-1188.048096,-654.490112),(36.28117,-1188.079468,-653.492493),(37.121212,-1188.147217,-652.532654),(37.919361,-1188.250977,-651.610718),(38.675629,-1188.391113,-650.726563),(39.096832,-1174.005493,-653.897766),(43.781792,-1173.037842,-648.885559),(43.67522,
   -1176.67749,-648.083191),(35.308388,-1198.820068,-651.863525),(36.145943,-1199.146606,-650.840881),(36.99073,-1199.575073,-649.784363),(37.842739,-1200.105347,-648.69397),(38.701969,-1200.737549,-647.56958),(39.568424,-1201.47168,-646.411377),(37.167431,-1207.221924,-647.649109),(36.058857,-1206.56543,-649.059448),(34.888065,-1205.942505,-650.531067),(33.655052,
   -1205.353027,-652.064026),(32.359821,-1204.797119,-653.658325),(31.002369,-1204.27478,-655.313965),(33.079937,-1198.677368,-654.400391),(33.83007,-1197.719727,-653.801147),(34.427986,-1197.255005,-653.247925),(34.873676,-1197.283569,-652.74054),(35.167145,-1197.805298,-652.279053),(35.308388,-1198.820068,-651.863525),(56.298882,-1207.404541,-626.134033),(56.478443,
   -1206.674927,-626.11731),(56.668472,-1205.936279,-626.091187),(56.868977,-1205.188599,-626.055603),(57.079952,-1204.431763,-626.010498),(57.301399,-1203.665894,-625.955994),(56.968166,-1203.369507,-626.405029),(56.562244,-1203.115723,-626.924866),(56.08363,-1202.904541,-627.515442),(55.532322,-1202.73584,-628.176819),(54.908329,-1202.609741,-628.908997),(54.78907,
   -1206.682861,-628.011108),(55.152645,-1206.814453,-627.569763),(55.485413,-1206.952393,-627.161377),(55.787373,-1207.096802,-626.78595),(56.058529,-1207.247437,-626.443481),(56.298882,-1207.404541,-626.134033),(61.755455,-1210.584229,-619.205383),(59.413563,-1216.494507,-620.336304),(58.220623,-1215.669434,-621.883972),(57.141911,-1214.95166,-623.276306),(56.177429,
   -1214.341187,-624.513245),(55.327179,-1213.838135,-625.594788),(54.591156,-1213.442261,-626.520996),(54.37294,-1220.89502,-624.878113),(50.137226,-1221.77002,-629.409668),(50.429024,-1211.804077,-631.606628),(49.777981,-1211.556152,-632.400024),(49.086063,-1211.309692,-633.238892),(48.353275,-1211.064819,-634.12323),(47.57962,-1210.821533,-635.05304),(46.765091,
   -1210.579834,-636.02832),(47.949249,-1204.994751,-636.114197),(48.684185,-1204.033325,-635.53302),(49.287842,-1203.546875,-634.978821),(49.76022,-1203.5354,-634.451599),(50.101315,-1203.999023,-633.951416),(50.311127,-1204.937622,-633.47821),(50.624405,-1205.131226,-633.077576),(50.964413,-1193.518799,-635.637512),(55.200127,-1192.643921,-631.105896),(55.098629,
   -1196.110229,-630.341736),(56.13937,-1196.294922,-629.127075),(57.076202,-1196.54248,-628.013123),(57.909138,-1196.852783,-626.999817),(58.638168,-1197.22583,-626.087219),(59.263298,-1197.661865,-625.275269),(59.424164,-1197.222046,-625.206116),(59.683132,-1196.56897,-625.080933),(60.040199,-1195.702759,-624.899658),(60.495365,-1194.623413,-624.662292),(61.048634,
   -1193.330811,-624.368835),(65.062111,-1195.688721,-619.267761),(64.410782,-1197.018921,-619.661743),(63.866814,-1198.168335,-619.981018),(63.430199,-1199.137085,-620.225586),(63.100933,-1199.925171,-620.395447),(62.879021,-1200.532593,-620.490601),(64.308884,-1202.590576,-618.364746),(65.489792,-1205.133911,-616.395325),(66.42173,-1208.162964,-614.582275),(67.104713,
   -1211.67749,-612.925598),(67.538734,-1215.677612,-611.425354),(62.980335,-1218.858643,-615.734863),(62.732574,-1215.381714,-616.893616),(62.382103,-1212.449707,-618.029602),(61.928925,-1210.062622,-619.142822),(61.373035,-1208.220459,-620.233276),(60.714439,-1206.923218,-621.300903),(60.596676,-1207.285156,-621.34137),(60.467018,-1207.704712,-621.380615),(60.32547,
   -1208.181885,-621.418579),(60.172028,-1208.716553,-621.455322),(60.006695,-1209.308838,-621.490845),(29.750446,-1214.352783,-654.166016),(29.887465,-1209.673218,-655.197632),(30.186161,-1208.098877,-655.26123),(30.563936,-1207.135376,-655.08136),(31.02079,-1206.782593,-654.65802),(31.556725,-1207.040649,-653.991272),(32.171738,-1207.909302,-653.081055),(37.819355,
   -1206.742676,-647.03894),(38.141602,-1195.736816,-649.465149),(42.377316,-1194.861938,-644.933533),(42.151489,-1202.574707,-643.233276),(42.462463,-1202.0625,-643.014038),(42.919113,-1201.106812,-642.743713),(43.521427,-1199.707642,-642.422241),(44.269409,-1197.864868,-642.049622),(45.163063,-1195.578491,-641.625916),(49.294746,-1198.256592,-636.311096),(48.430866,
   -1200.223267,-636.782349),(47.647186,-1201.890869,-637.23938),(46.94371,-1203.259277,-637.68219),(46.320438,-1204.328613,-638.110718),(45.777363,-1205.098877,-638.525024),(48.151928,-1204.608398,-635.984619),(47.976852,-1210.587891,-634.666443),(46.436592,-1210.906128,-636.31427),(47.063869,-1211.617188,-635.430237),(47.801376,-1212.746582,-634.316589),(48.649113,
   -1214.294189,-632.973267),(49.607082,-1216.26001,-631.400269),(50.675278,-1218.644165,-629.597717),(46.63612,-1223.699097,-632.849915),(45.570297,-1221.05957,-634.714539),(44.553909,-1218.823242,-636.42157),(43.586952,-1216.990234,-637.971008),(42.669422,-1215.560303,-639.362793),(41.801331,-1214.533813,-640.596985),(41.550129,-1223.113159,-638.705688),(37.314415,
   -1223.988037,-643.237305),(37.644276,-1212.72229,-645.720764),(39.027218,-1217.776978,-642.888489),(37.795815,-1218.875488,-643.992126),(36.612709,-1220.067383,-645.017822),(35.477901,-1221.352661,-645.965759),(34.391388,-1222.731323,-646.835815),(33.353176,-1224.203369,-647.627991),(30.94593,-1219.274048,-651.577942),(32.002724,-1217.777466,-650.771118),(33.091595,
   -1216.405273,-649.89679),(34.212555,-1215.157349,-648.954956),(35.365601,-1214.033691,-647.945679),(36.55072,-1213.034302,-646.868896),(39.027218,-1217.776978,-642.888489),(63.761166,-1198.37793,-620.046509),(50.875454,-1191.502686,-636.248047),(50.564049,-1191.593628,-636.574402),(50.408348,-1191.63916,-636.73761),(50.405689,-1191.639893,-636.740417),(50.858738,
   -1196.038574,-635.117798),(47.720253,-1198.175293,-638.098511),(44.471767,-1196.531006,-642.1604),(38.88623,-1181.198242,-652.312134),(38.367928,-1204.346802,-647.030273),(37.767677,-1205.784424,-647.339661),(60.584511,-1213.539307,-619.770874),(54.482048,-1217.168701,-625.699585),(50.283127,-1216.787109,-630.508179),(50.210175,-1219.278564,-629.958923),(48.316719,
   -1204.514038,-635.823608),(50.892555,-1195.973022,-635.096497),(50.75848,-1200.552124,-634.087036),(50.825516,-1198.262573,-634.591797),(52.299103,-1193.243164,-634.209534),(62.309662,-1194.071655,-622.766113),(63.765724,-1198.392578,-620.037659),(37.324875,-1206.844849,-647.567932),(36.73608,-1206.966431,-648.197876),(34.453907,-1207.437866,-650.639465),(37.853428,
   -1205.578979,-647.295471),(37.997517,-1200.657959,-648.38031),(38.01009,-1200.228516,-648.474976),(37.925472,-1203.118408,-647.837891),(40.414127,-1195.267456,-647.033875),(42.351799,-1195.733398,-644.741394),(42.251644,-1199.154053,-643.987305),(42.201565,-1200.86438,-643.610291),(44.746731,-1196.643677,-641.823303),(47.228905,-1196.91748,-638.968506),(48.989346,
   -1198.951904,-636.477722),(46.964645,-1204.853638,-637.254822),(48.148239,-1204.734497,-635.956848),(48.062546,-1207.661133,-635.311646),(47.27845,-1210.732178,-635.413635),(46.857521,-1210.819092,-635.863953),(50.256142,-1217.708618,-630.304993),(50.211765,-1219.224243,-629.970886),(48.423943,-1221.46167,-631.4104),(41.675728,-1218.823486,-639.651367),(37.479347,
   -1218.355225,-644.479004),(37.396881,-1221.171631,-643.858154),(37.438114,-1219.763428,-644.168579),(33.697361,-1213.537598,-649.943359),(35.670818,-1213.129883,-647.832092),(36.657547,-1212.926147,-646.776428),(37.454029,-1219.219849,-644.288452),(37.57756,-1215.000854,-645.218506)));
#563=COMPLEX_TRIANGULATED_SURFACE_SET('',#562,262,((-0.736199,0.166177,0.656046)),(),((153,152,151),(234,50,49),(153,151,150),(154,153,150),(154,150,149),(226,108,107),(156,155,148),(149,155,
   154),(89,162,161),(90,160,159),(89,161,160),(148,155,149),(108,226,109),(113,192,114),(192,228,256),(111,110,89),(162,110,109),(112,111,
   89),(227,112,228),(228,112,115),(115,112,100),(162,89,110),(115,127,116),(109,226,162),(257,256,258),(158,90,159),(93,157,94),(147,156,
   148),(157,156,147),(157,93,92),(91,90,158),(91,157,92),(90,89,160),(35,143,236),(135,95,94),(135,94,146),(157,146,94),(135,96,
   95),(145,135,146),(146,157,147),(104,103,112),(103,102,112),(100,112,101),(112,102,101),(100,127,115),(134,97,96),(133,98,97),(116,127,
   117),(232,127,99),(100,99,127),(127,126,253),(99,98,132),(112,89,104),(232,99,130),(158,157,91),(122,126,125),(194,191,195),(261,202,
   203),(187,197,196),(195,189,196),(118,117,186),(198,197,187),(196,189,188),(188,187,196),(267,198,201),(118,186,119),(189,195,190),(190,195,
   191),(259,198,202),(261,200,199),(259,261,199),(206,205,209),(207,206,208),(204,210,205),(267,212,211),(267,202,198),(239,264,238),(211,204,
   260),(206,209,208),(209,205,210),(210,204,211),(259,202,261),(36,144,215),(230,252,126),(251,120,121),(187,120,184),(198,173,170),(184,198,
   187),(254,119,186),(125,123,122),(184,173,198),(185,251,121),(183,175,184),(198,170,201),(127,253,117),(183,182,175),(238,264,77),(165,169,
   168),(164,163,263),(164,169,165),(10,216,44),(77,170,237),(77,201,170),(240,243,78),(240,78,225),(168,166,165),(166,168,167),(79,73,
   80),(80,71,81),(182,181,176),(77,264,265),(125,124,123),(36,145,144),(34,141,142),(141,34,33),(142,143,35),(145,36,135),(138,137,
   36),(136,36,137),(142,35,34),(37,235,32),(38,37,31),(138,235,139),(235,138,36),(140,139,235),(141,33,32),(136,135,36),(134,133,
   97),(132,131,99),(98,133,132),(131,130,99),(51,220,179),(128,49,48),(128,234,49),(47,128,48),(249,220,128),(233,232,130),(31,37,
   32),(96,135,134),(30,39,38),(30,29,39),(28,19,29),(40,39,29),(28,27,20),(21,26,25),(22,25,24),(21,20,26),(23,22,
   24),(21,25,22),(45,47,219),(26,20,27),(20,19,28),(1,11,42),(41,1,42),(43,11,10),(11,43,42),(43,10,44),(41,40,
   1),(18,40,29),(18,17,1),(1,17,2),(3,16,15),(16,3,2),(17,16,2),(18,1,40),(29,19,18),(38,31,30),(217,10,
   46),(182,176,175),(175,174,184),(173,184,174),(241,242,74),(250,51,179),(180,221,181),(45,249,128),(178,222,248),(176,181,52),(177,176,
   52),(246,76,247),(178,172,53),(178,7,172),(181,221,52),(245,53,172),(79,243,73),(244,171,242),(73,72,80),(71,83,81),(80,72,
   71),(81,83,82),(243,241,73),(71,84,83),(85,84,87),(86,85,87),(84,71,87),(246,75,76),(7,54,244),(224,173,76),(46,10,
   45),(178,45,8),(7,178,8),(9,8,45),(45,10,9),(67,54,7),(4,15,14),(4,14,5),(5,14,6),(13,68,223),(6,14,
   13),(7,6,67),(3,15,4),(69,68,13),(55,67,66),(6,223,67),(55,66,65),(62,56,55),(64,63,55),(55,65,64),(62,55,
   63),(55,54,67),(62,61,58),(57,62,58),(59,58,61),(60,59,61),(217,46,218),(62,57,56),(47,45,128),(219,218,46),(129,234,
   130),(10,217,216),(179,220,249),(178,53,222),(13,223,6),(173,224,170),(162,226,106),(192,113,227),(227,228,192),(114,192,229),(126,122,
   230),(128,220,231),(231,233,130),(231,130,234),(32,235,141),(215,144,236),(78,238,225),(225,238,237),(239,169,263),(170,224,240),(241,74,
   73),(244,242,75),(78,243,79),(7,244,172),(246,244,75),(244,246,245),(173,247,76),(177,52,248),(178,249,45),(221,180,250),(120,251,
   184),(185,121,252),(253,186,117),(252,253,126),(187,255,120),(254,120,255),(229,192,257),(258,191,194),(191,258,256),(194,193,258),(260,267,
   211),(203,262,261),(266,262,203),(164,263,169),(239,263,264),(201,77,265),(260,204,266),(212,267,213)),());
#564=COORDINATES_LIST('',132,((43.763901,-1158.398315,-652.613831),(31.955246,-1160.837646,-665.247375),(32.98542,-1125.653564,-673.003479),(44.794079,-1123.214355,-660.369934),(48.040649,-1164.836548,-646.183777),(43.804935,-1165.711426,-650.715332),(45.274078,-1115.535278,-661.776428),(49.509792,-1114.660278,-657.244812),(60.735596,-1134.306152,-639.671204),(60.79977,
   -1134.292847,-639.602539),(61.261574,-1118.520752,-643.079407),(65.497292,-1117.645752,-638.547791),(65.035484,-1133.417969,-635.070923),(65.356369,-1133.351685,-634.7276),(66.021164,-1110.646729,-639.732788),(70.256882,-1109.771729,-635.201233),(68.752213,-1161.161255,-623.872681),(64.516502,-1162.036133,-628.404297),(65.181297,-1139.331177,-633.409485),(64.860405,
   -1139.397461,-633.752747),(64.390991,-1155.429565,-630.218567),(60.155277,-1156.304565,-634.750183),(60.624691,-1140.272461,-638.284363),(60.560516,-1140.285645,-638.353027),(60.377823,-1146.525146,-636.977539),(60.129162,-1155.017944,-635.105408),(48.513035,-1157.417358,-647.532959),(49.543213,-1122.233398,-655.289063),(61.159336,-1119.833862,-642.861511),(53.349674,
   -1127.304321,-649.733032),(52.964607,-1127.383911,-650.14502),(52.713409,-1135.963257,-648.253723),(53.098473,-1135.883667,-647.841797),(57.141655,-1135.048462,-643.516174),(57.392857,-1126.469116,-645.407471),(56.943611,-1126.56189,-645.888062),(56.692413,-1135.141357,-643.996826),(36.173508,-1154.022827,-662.239868),(36.85606,-1130.711304,-667.378784),(36.406818,
   -1130.804077,-667.859436),(35.724262,-1154.115723,-662.72052),(40.345043,-1153.161255,-657.776978),(41.027596,-1129.849609,-662.915894),(40.450001,-1129.968872,-663.533813),(39.767445,-1153.280518,-658.394897),(52.667118,-1150.615845,-644.594116),(52.923393,-1141.863281,-646.523621),(52.53833,-1141.942749,-646.935608),(52.282055,-1150.695435,-645.006104),(56.7103,
   -1149.780762,-640.268555),(56.966576,-1141.028076,-642.197998),(56.517334,-1141.12085,-642.67865),(56.261059,-1149.873535,-640.749146),(44.278992,-1140.806396,-656.491882),(44.021446,-1149.602295,-654.552856),(44.536533,-1132.010376,-658.430908),(44.539505,-1140.623291,-656.24585),(44.172222,-1153.167358,-653.480591),(43.988579,-1159.439453,-652.097961),(44.080399,
   -1156.303345,-652.789307),(44.034489,-1157.87146,-652.443604),(44.355865,-1146.895386,-654.86322),(44.264042,-1150.031372,-654.171936),(44.906792,-1128.079346,-659.011169),(44.723148,-1134.351318,-657.62854),(44.814972,-1131.215332,-658.319824),(45.090435,-1121.807251,-660.393799),(44.998615,-1124.943359,-659.702454),(45.044525,-1123.375244,-660.048157),(48.775223,
   -1139.748413,-651.714294),(49.142506,-1127.204346,-654.479553),(49.326149,-1120.932373,-655.862183),(49.234329,-1124.068359,-655.170898),(49.280239,-1122.500366,-655.516541),(48.958862,-1133.476318,-653.096924),(48.407936,-1152.29248,-648.949036),(48.591579,-1146.020508,-650.331665),(48.224293,-1158.564453,-647.566406),(48.316113,-1155.428467,-648.25769),(48.270203,
   -1156.99646,-647.912048),(61.03067,-1126.406738,-641.340942),(61.146122,-1122.463745,-642.210205),(61.20385,-1120.49231,-642.644775),(61.232712,-1119.50647,-642.862122),(65.266388,-1125.53186,-636.809326),(65.688766,-1121.999268,-637.230225),(65.522568,-1127.675415,-635.978882),(65.854965,-1116.322998,-638.481506),(64.8489,-1150.683594,-630.90686),(64.682701,
   -1156.359863,-629.655579),(64.625702,-1147.413574,-631.985657),(64.508347,-1151.421509,-631.102112),(60.389984,-1148.288574,-636.517273),(60.272629,-1152.296509,-635.633728),(60.213955,-1154.300537,-635.191956),(60.184616,-1155.302612,-634.971069),(60.507339,-1144.280518,-637.400818),(60.448662,-1146.284546,-636.959045),(60.46917,-1143.405396,-637.665283),(60.423496,
   -1144.965332,-637.321411),(60.253494,-1150.771484,-636.041504),(60.315659,-1148.648315,-636.509521),(60.346741,-1147.586792,-636.74353),(60.191326,-1152.894775,-635.573425),(60.222408,-1151.83313,-635.807434),(60.160244,-1153.956299,-635.339417),(54.321098,-1156.217651,-641.319214),(49.028122,-1139.825439,-651.411011),(48.77058,-1148.621338,-649.471985),(48.641808,
   -1153.019409,-648.502441),(48.577419,-1155.218384,-648.0177),(48.706192,-1150.820313,-648.987244),(48.899353,-1144.223389,-650.441528),(48.834965,-1146.422363,-649.956726),(49.285667,-1131.029419,-653.350037),(49.156895,-1135.427368,-652.380493),(49.221283,-1133.228394,-652.865295),(49.41444,-1126.631348,-654.31958),(49.350056,-1128.830444,-653.834778),(49.478828,
   -1124.432373,-654.804321),(55.351273,-1121.033691,-649.075317),(60.947464,-1127.070068,-641.266357),(61.053402,-1123.451904,-642.063965),(61.106369,-1121.642944,-642.462708),(61.132851,-1120.738403,-642.662109),(61.079884,-1122.547363,-642.263306),(61.000435,-1125.260986,-641.665161),(60.973949,-1126.165527,-641.465759),(36.514786,-1142.367065,-664.809326),(36.06554,
   -1142.459961,-665.289978),(40.686317,-1141.505371,-660.346436),(40.108723,-1141.624756,-660.964355)));
#565=COMPLEX_TRIANGULATED_SURFACE_SET('',#564,132,((-0.736199,0.166177,0.656046)),(),((89,90,17),(132,129,38),(26,106,107),(96,21,95),(107,106,104),(93,91,98),(20,19,14),(24,23,
   10),(91,97,98),(100,51,50),(9,51,24),(51,100,99),(51,34,52),(93,94,91),(17,16,19),(53,46,107),(76,77,63),(80,59,
   78),(45,2,1),(54,131,55),(107,49,111),(47,46,52),(37,47,52),(45,38,2),(55,131,42),(38,41,2),(45,132,38),(45,1,
   42),(113,114,48),(53,52,46),(23,20,13),(114,49,48),(23,13,10),(81,10,85),(24,10,9),(33,47,37),(51,9,34),(34,37,
   52),(86,16,88),(126,124,35),(122,35,34),(36,35,121),(85,82,81),(14,19,16),(37,36,33),(32,48,33),(48,47,33),(30,33,
   36),(129,44,39),(43,4,44),(31,115,117),(31,30,121),(72,67,69),(30,36,121),(40,39,3),(3,39,44),(4,3,44),(66,71,
   64),(43,56,4),(62,70,57),(13,20,14),(1,55,42),(78,6,5),(60,61,79),(79,61,80),(62,77,70),(76,63,58),(74,72,
   69),(75,57,70),(65,75,66),(8,7,67),(73,64,71),(74,68,73),(117,116,32),(8,67,72),(64,73,68),(68,74,69),(66,75,
   71),(75,65,57),(60,76,58),(112,110,49),(63,77,62),(6,78,59),(110,111,49),(76,60,79),(80,61,59),(13,85,10),(12,83,
   82),(121,35,124),(84,83,12),(29,121,125),(12,11,84),(86,87,16),(82,85,12),(14,16,87),(16,15,88),(17,19,89),(18,17,
   90),(97,91,20),(21,92,95),(102,103,50),(92,91,94),(104,105,50),(95,92,94),(22,21,96),(20,23,97),(24,51,99),(50,25,
   100),(102,50,101),(25,50,103),(107,104,50),(101,50,105),(50,53,107),(49,107,46),(48,32,108),(107,111,27),(49,109,112),(48,108,
   113),(49,114,109),(118,119,31),(108,32,116),(31,117,32),(31,120,118),(115,31,119),(120,31,121),(121,28,120),(34,9,122),(125,121,
   124),(35,123,126),(123,35,127),(127,35,128),(122,128,35),(130,40,3),(3,2,130),(41,130,2),(54,56,131),(131,56,43),(44,129,
   132)),());
#566=COORDINATES_LIST('',18,((37.918068,-989.86615,-701.863342),(70.905296,-983.052185,-666.571838),(70.680626,-990.725342,-664.88031),(46.375435,-1006.025513,-688.27948),(46.318584,-1005.788574,-688.40332),(70.409561,-999.983215,-662.839478),(70.206871,-1006.905762,-661.313416),(37.219643,-1013.719727,-696.604919),(37.444313,-1006.04657,-698.296448),(61.811241,
   -990.816589,-674.810242),(61.870533,-990.970093,-674.704773),(37.712936,-996.872131,-700.318909),(58.52803,-998.375427,-676.579895),(47.02058,-1005.619385,-687.658386),(58.715069,-1002.801331,-675.248901),(49.627777,-998.43158,-686.553345),(61.369869,-991.092468,-675.235657),(49.541401,-993.9823,-687.777283)));
#567=COMPLEX_TRIANGULATED_SURFACE_SET('',#566,18,((-0.736199,0.166177,0.656046)),(),((14,13,16),(7,4,8),(4,9,8),(9,4,5),(9,5,16),(17,16,13),(11,3,10),(4,15,
   14),(10,3,2),(14,16,5),(18,2,1),(13,3,11),(6,15,7),(7,15,4),(13,11,17),(18,10,2),(10,18,17),(12,18,
   1)),());
#568=COORDINATES_LIST('',47,((66.54689,-970.688538,-674.594482),(66.505501,-969.400513,-674.967163),(66.3032,-968.205444,-675.496887),(65.939972,-967.103271,-676.183655),(65.415833,-966.094055,-677.027466),(64.730774,-965.177795,-678.02832),(63.695316,-964.377014,-679.393127),(62.216812,-963.893188,-681.174866),(60.295258,-963.726379,-683.373413),(57.930653,
   -963.876587,-685.988892),(55.123001,-964.343811,-689.021179),(52.254601,-965.055725,-692.059753),(49.81044,-965.918701,-694.583923),(47.79052,-966.9328,-696.59375),(46.194843,-968.098083,-698.089233),(45.023399,-969.414429,-699.070374),(44.347088,-970.552246,-699.541077),(43.812386,-971.733765,-699.841858),(43.419292,-972.958984,-699.972595),(43.167805,
   -974.227905,-699.933411),(43.05793,-975.540466,-699.724182),(43.023743,-976.70813,-699.466797),(66.512703,-971.856201,-674.337036),(38.308796,-976.521484,-704.805115),(38.512337,-973.839905,-705.25592),(38.960812,-971.333252,-705.387573),(39.654224,-969.001465,-705.200134),(40.592567,-966.844543,-704.693481),(41.775841,-964.862549,-703.867676),(43.639275,
   -962.657166,-702.335205),(45.927193,-960.768616,-700.246094),(48.639606,-959.19696,-697.600403),(51.776508,-957.9422,-694.398132),(55.337902,-957.004272,-690.63916),(58.828819,-956.468872,-686.857361),(61.856991,-956.400452,-683.476563),(64.422409,-956.799011,-680.496765),(66.525078,-957.66449,-677.917969),(68.165001,-958.997009,-675.740112),(69.357025,
   -960.637573,-673.986938),(70.266144,-962.528931,-672.487671),(70.892349,-964.671021,-671.24231),(71.235641,-967.063904,-670.250977),(71.296021,-969.70752,-669.513611),(71.056702,-977.881104,-667.711731),(38.069477,-984.695129,-703.003235),(38.308796,-976.521484,-704.805115)));
#569=COMPLEX_TRIANGULATED_SURFACE_SET('',#568,46,((-0.736199,0.166177,0.656046)),(),((45,44,23),(1,23,44),(2,1,44),(44,43,2),(45,23,46),(4,3,43),(43,3,2),(4,43,
   42),(5,4,42),(41,6,5),(5,42,41),(24,20,25),(22,24,46),(24,22,21),(24,21,20),(20,19,25),(22,46,23),(27,17,
   16),(26,17,27),(25,18,26),(18,25,19),(26,18,17),(16,15,28),(8,7,39),(40,6,41),(38,9,8),(36,10,9),(40,7,
   6),(8,39,38),(9,38,37),(35,10,36),(9,37,36),(39,7,40),(10,35,11),(32,13,12),(30,14,13),(16,28,27),(14,29,
   15),(28,15,29),(12,11,33),(12,33,32),(31,13,32),(30,29,14),(13,31,30),(33,11,34),(11,35,34)),());
#570=COORDINATES_LIST('',118,((45.501942,-761.423523,-751.217773),(50.037502,-767.060364,-744.700256),(48.562412,-768.770203,-745.922424),(47.405437,-770.430786,-746.800171),(46.566582,-772.042053,-747.333374),(46.045837,-773.604065,-747.522095),(45.843208,-775.11676,-747.366272),(45.854889,-775.788147,-747.183105),(45.931076,-776.396912,-746.94342),(46.07177,
   -776.943054,-746.647217),(46.276974,-777.426575,-746.294434),(46.546688,-777.847473,-745.885193),(46.854961,-778.190552,-745.452332),(47.175858,-778.440613,-745.02887),(47.509377,-778.597717,-744.614807),(47.855511,-778.661804,-744.210144),(48.214264,-778.632874,-743.814941),(48.606838,-778.518921,-743.403259),(48.988083,-778.341553,-743.020325),(49.357986,
   -778.100769,-742.666199),(49.716553,-777.796631,-742.340881),(50.063778,-777.429077,-742.044373),(50.649677,-776.683594,-741.575684),(51.451508,-775.54834,-740.963501),(52.469269,-774.023376,-740.207642),(53.702953,-772.108643,-739.308228),(55.152569,-769.804199,-738.265198),(56.499355,-767.631958,-737.304138),(57.630939,-765.824646,-736.492065),(58.547321,
   -764.382263,-735.829102),(59.248497,-763.304749,-735.315186),(59.734474,-762.592224,-734.950317),(60.651951,-761.394043,-734.224243),(61.549324,-760.319153,-733.489502),(62.426594,-759.367554,-732.746094),(63.28376,-758.539307,-731.994019),(64.120819,-757.834351,-731.233215),(64.961372,-757.235474,-730.441711),(65.82901,-756.725525,-729.597229),(66.72374,
   -756.304443,-728.699829),(67.645546,-755.97229,-727.749573),(68.594437,-755.729065,-726.746338),(70.414963,-755.515259,-724.757507),(72.093178,-755.655457,-722.838745),(73.629089,-756.149658,-720.990051),(75.022682,-756.997803,-719.211304),(76.273964,-758.199951,-717.502686),(77.328575,-759.697449,-715.93988),(78.132156,-761.431641,-714.598877),(78.6847,
   -763.402649,-713.479553),(78.986214,-765.610352,-712.58197),(79.03669,-768.054749,-711.906128),(78.897591,-770.045349,-711.558044),(78.5989,-771.966187,-711.406677),(78.14061,-773.817261,-711.452087),(77.522736,-775.598572,-711.694214),(76.745262,-777.310181,-712.133118),(75.801315,-778.96167,-712.774109),(74.684021,-780.562683,-713.622375),(73.393372,
   -782.113159,-714.677917),(71.929375,-783.61322,-715.940857),(70.292023,-785.062805,-717.411072),(66.77932,-778.290283,-723.06842),(68.642578,-776.504395,-721.429871),(70.103615,-774.711182,-720.244568),(71.16243,-772.910645,-719.512451),(71.819016,-771.102844,-719.233582),(72.07338,-769.28772,-719.407898),(72.056076,-768.414124,-719.648621),(71.950912,
   -767.612061,-719.969788),(71.757889,-766.881592,-720.37146),(71.477005,-766.222656,-720.853516),(71.108253,-765.635315,-721.416138),(70.680428,-765.150513,-722.018982),(70.222298,-764.799377,-722.62207),(69.733864,-764.581848,-723.225281),(69.215134,-764.497925,-723.828613),(68.6661,-764.547668,-724.432129),(68.135368,-764.704529,-724.987976),(67.605171,
   -764.955811,-725.519287),(67.075508,-765.301453,-726.026123),(66.546379,-765.741516,-726.508423),(66.017792,-766.27594,-726.966248),(65.431259,-766.986694,-727.444397),(64.72831,-767.955627,-727.987793),(63.908943,-769.182861,-728.596436),(62.97316,-770.668274,-729.270264),(61.920959,-772.411987,-730.009338),(59.903431,-775.692383,-731.442444),(58.081268,
   -778.496948,-732.776794),(56.45446,-780.825684,-734.012512),(55.023018,-782.678528,-735.149536),(53.78693,-784.055481,-736.187866),(52.652847,-785.10321,-737.195068),(51.527405,-785.968445,-738.238892),(50.410614,-786.651062,-739.319214),(49.302464,-787.151123,-740.436096),(48.202953,-787.468628,-741.589478),(46.660835,-787.637207,-743.277344),(45.220478,
   -787.484863,-744.932251),(43.881886,-787.011536,-746.55426),(42.645046,-786.217285,-748.143433),(41.509972,-785.102112,-749.699646),(40.540726,-783.730774,-751.134644),(39.801392,-782.168152,-752.360168),(39.291977,-780.414246,-753.376038),(39.012466,-778.469055,-754.182434),(38.962868,-776.332581,-754.779297),(39.056755,-774.928589,-755.029541),(39.256115,
   -773.527466,-755.160767),(39.560951,-772.129211,-755.172852),(39.971256,-770.733826,-755.065857),(40.487038,-769.341309,-754.839783),(41.142448,-767.911743,-754.466431),(41.971645,-766.405151,-753.917542),(42.974625,-764.821594,-753.193115),(44.15139,-763.161072,-752.293213),(45.501942,-761.423523,-751.217773)));
#571=COMPLEX_TRIANGULATED_SURFACE_SET('',#570,117,((-0.736199,0.166177,0.656046)),(),((61,63,62),(60,63,61),(58,64,59),(59,64,63),(60,59,63),(57,64,58),(95,100,96),(95,94,
   17),(92,18,93),(94,93,18),(91,20,92),(65,57,56),(55,54,66),(66,54,67),(55,66,65),(53,52,67),(68,67,52),(53,67,
   54),(64,57,65),(90,89,24),(26,89,88),(24,89,25),(26,25,89),(91,90,22),(68,52,69),(65,56,55),(90,24,23),(97,96,
   98),(98,96,99),(17,94,18),(96,100,99),(16,15,103),(100,95,17),(19,18,92),(102,17,16),(17,101,100),(17,102,101),(16,103,
   102),(103,15,104),(14,105,104),(105,12,106),(13,105,14),(21,91,22),(20,91,21),(92,20,19),(12,105,13),(10,106,11),(107,10,
   9),(107,106,10),(106,12,11),(8,108,107),(7,108,8),(109,108,7),(8,107,9),(14,104,15),(90,23,22),(87,27,88),(69,51,
   70),(51,69,52),(70,51,71),(71,50,72),(50,71,51),(73,72,50),(73,49,74),(30,84,83),(48,76,75),(32,82,81),(75,74,
   49),(31,83,82),(50,49,73),(76,48,47),(77,76,47),(77,46,45),(45,44,78),(47,46,77),(43,78,44),(77,45,78),(35,80,
   79),(79,78,38),(40,78,41),(39,78,40),(41,78,42),(43,42,78),(81,80,33),(48,75,49),(78,39,38),(26,88,27),(86,28,
   87),(28,86,85),(27,87,28),(4,3,114),(28,85,29),(84,29,85),(6,5,110),(110,109,6),(5,111,110),(6,109,7),(4,113,
   112),(114,113,4),(111,5,112),(112,5,4),(33,32,81),(31,82,32),(35,79,36),(80,35,34),(33,80,34),(30,83,31),(84,30,
   29),(115,3,2),(114,3,115),(116,2,117),(115,2,116),(117,2,1),(36,79,37),(79,38,37)),());
#572=COORDINATES_LIST('',88,((48.553631,-707.895325,-761.35199),(53.264206,-713.187866,-754.725342),(51.214806,-716.261169,-756.246643),(49.59985,-719.368103,-757.271912),(48.419342,-722.508484,-757.801147),(47.673275,-725.682373,-757.834412),(47.361652,-728.889832,-757.371704),(47.433655,-731.500305,-756.629639),(47.809433,-733.875488,-755.606323),(48.488979,
   -736.015381,-754.301697),(49.472294,-737.919983,-752.71582),(50.75938,-739.589233,-750.848633),(52.273487,-740.940491,-748.807312),(53.937881,-741.890869,-746.698792),(55.752552,-742.44043,-744.523193),(57.717503,-742.589233,-742.280518),(59.832733,-742.337158,-739.970703),(61.326931,-741.94635,-738.392944),(62.756271,-741.404602,-736.926208),(64.120766,
   -740.711853,-735.570435),(65.420403,-739.868225,-734.325745),(66.65519,-738.873596,-733.192017),(67.808105,-737.745972,-732.183899),(68.862137,-736.503174,-731.315857),(69.817276,-735.145203,-730.588013),(70.673531,-733.672058,-730.000305),(71.430901,-732.08374,-729.552734),(72.073479,-730.416504,-729.253967),(72.585365,-728.70636,-729.112732),(72.96656,
   -726.953369,-729.128967),(73.217056,-725.157532,-729.302734),(73.336868,-723.318848,-729.634033),(73.335609,-721.784546,-730.024109),(73.239853,-720.323181,-730.501709),(73.049599,-718.934753,-731.066895),(72.764847,-717.619263,-731.719666),(72.385597,-716.376709,-732.460022),(71.883553,-715.159485,-733.331726),(71.230415,-713.920105,-734.378601),(70.426201,
   -712.658508,-735.600647),(69.470886,-711.374695,-736.997864),(68.364487,-710.068665,-738.570251),(73.604088,-702.926208,-734.499634),(75.101242,-704.687683,-732.373413),(76.3974,-706.441345,-730.47467),(77.492569,-708.187256,-728.803467),(78.386749,-709.925354,-727.359802),(79.079933,-711.655701,-726.143616),(79.606216,-713.453369,-725.097656),(79.99968,
   -715.393494,-724.164734),(80.260323,-717.476135,-723.344666),(80.388145,-719.701172,-722.637634),(80.383148,-722.068787,-722.043518),(80.032692,-726.377075,-721.34552),(79.240326,-730.456238,-721.201416),(78.00605,-734.306213,-721.611267),(76.329872,-737.927002,-722.575134),(74.211777,-741.318542,-724.092896),(71.751534,-744.341187,-726.088074),(69.048882,
   -746.855164,-728.484131),(66.103828,-748.860413,-731.281067),(62.916378,-750.356995,-734.478882),(59.486526,-751.344849,-738.077515),(57.281654,-751.672913,-740.468689),(55.180531,-751.724854,-742.813354),(53.183151,-751.50061,-745.111572),(51.289524,-751.000183,-747.363342),(49.499641,-750.223633,-749.568604),(47.834591,-749.182983,-751.700684),(46.315468,
   -747.89032,-753.732849),(44.942272,-746.345642,-755.665039),(43.714989,-744.549011,-757.497375),(42.633636,-742.500305,-759.229797),(41.734184,-740.266174,-760.805054),(41.052635,-737.913025,-762.165894),(40.588989,-735.440979,-763.312378),(40.343231,-732.849915,-764.244507),(40.315372,-730.139893,-764.962219),(40.463463,-727.785889,-765.392273),(40.769764,
   -725.436218,-765.643738),(41.23428,-723.09082,-765.716553),(41.857002,-720.749695,-765.610779),(42.637939,-718.412903,-765.326355),(43.562595,-716.124512,-764.868347),(44.616493,-713.928528,-764.241943),(45.799633,-711.825012,-763.447083),(47.112011,-709.813904,-762.483765),(48.553631,-707.895325,-761.35199)));
#573=COMPLEX_TRIANGULATED_SURFACE_SET('',#572,87,((-0.736199,0.166177,0.656046)),(),((21,20,61),(59,22,60),(21,61,60),(58,23,59),(63,18,17),(18,63,62),(19,18,62),(19,62,
   61),(61,20,19),(58,57,25),(56,27,26),(27,56,28),(55,29,28),(29,55,54),(55,28,56),(21,60,22),(22,59,23),(24,58,
   25),(25,57,26),(58,24,23),(57,56,26),(63,17,64),(65,16,15),(16,65,64),(65,15,66),(17,16,64),(15,67,66),(67,14,
   68),(14,69,68),(69,13,70),(70,12,71),(67,15,14),(12,70,13),(11,10,73),(12,11,72),(12,72,71),(10,74,73),(73,72,
   11),(75,9,76),(75,74,10),(76,9,8),(75,10,9),(13,69,14),(31,54,53),(33,32,52),(52,32,53),(34,52,51),(31,53,
   32),(31,30,54),(35,34,51),(50,36,35),(33,52,34),(35,51,50),(36,49,37),(47,38,48),(48,37,49),(39,47,46),(37,48,
   38),(38,47,39),(41,45,44),(46,45,40),(46,40,39),(42,44,43),(49,36,50),(8,7,77),(82,5,83),(6,5,81),(7,6,
   79),(7,79,78),(78,77,7),(6,81,80),(80,79,6),(5,82,81),(5,4,83),(77,76,8),(4,3,85),(42,41,44),(40,45,
   41),(3,2,87),(85,84,4),(83,4,84),(3,86,85),(3,87,86),(87,2,1),(29,54,30)),());
#574=COORDINATES_LIST('',12,((42.063133,-701.429688,-770.273254),(42.332424,-692.232483,-772.30072),(56.768955,-689.250427,-756.855774),(57.234921,-673.336182,-760.363953),(42.798386,-676.318237,-775.80896),(43.064651,-667.224365,-777.813599),(81.230194,-659.340759,-736.982117),(80.963936,-668.434631,-734.977417),(64.204277,-671.896545,-752.907776),(63.738316,
   -687.810852,-749.399536),(80.497971,-684.348877,-731.469177),(80.228676,-693.546082,-729.441711)));
#575=COMPLEX_TRIANGULATED_SURFACE_SET('',#574,12,((-0.736199,0.166177,0.656046)),(),((12,11,10),(12,10,1),(1,3,2),(3,1,10),(10,9,3),(8,7,9),(9,7,6),(4,6,
   5),(6,4,9),(4,3,9)),());
#576=COORDINATES_LIST('',4,((88.233322,-651.115051,-731.20697),(42.809059,-639.338867,-785.163879),(42.993629,-633.035156,-786.553528),(88.414864,-644.914673,-732.573792)));
#577=COMPLEX_TRIANGULATED_SURFACE_SET('',#576,4,((-0.736199,0.166177,0.656046)),(),((1,4,2),(3,2,4)),());
#578=COORDINATES_LIST('',88,((52.269238,-580.994568,-789.326599),(56.979813,-586.287109,-782.69989),(54.930412,-589.360474,-784.221191),(53.315456,-592.467346,-785.24646),(52.134953,-595.607788,-785.775757),(51.388882,-598.781677,-785.809021),(51.077259,-601.989075,-785.346252),(51.149261,-604.599609,-784.604248),(51.52504,-606.974792,-783.580872),(52.204586,
   -609.114685,-782.276306),(53.187901,-611.019287,-780.69043),(54.474987,-612.688538,-778.823242),(55.989094,-614.039734,-776.78186),(57.653488,-614.990173,-774.673401),(59.468159,-615.539734,-772.497803),(61.433109,-615.688538,-770.255127),(63.54834,-615.436462,-767.945251),(65.042534,-615.045654,-766.367493),(66.471878,-614.503906,-764.900757),(67.836372,
   -613.811157,-763.545044),(69.136009,-612.967529,-762.300293),(70.370796,-611.9729,-761.166626),(71.523712,-610.845276,-760.158447),(72.577744,-609.602417,-759.290466),(73.532883,-608.244446,-758.562622),(74.389137,-606.771362,-757.974854),(75.146507,-605.183044,-757.527283),(75.789085,-603.515747,-757.228516),(76.300972,-601.805603,-757.08728),(76.682167,
   -600.052673,-757.103577),(76.932663,-598.256836,-757.277344),(77.052475,-596.418152,-757.608643),(77.051216,-594.88385,-757.998657),(76.95546,-593.422485,-758.476318),(76.765205,-592.034058,-759.041504),(76.480453,-590.718567,-759.694275),(76.101204,-589.476013,-760.43457),(75.599159,-588.258789,-761.306274),(74.94603,-587.019348,-762.353149),(74.141808,
   -585.757751,-763.575195),(73.186493,-584.473938,-764.972412),(72.080093,-583.167969,-766.5448),(77.319695,-576.025513,-762.474243),(78.816849,-577.786987,-760.348022),(80.113007,-579.540649,-758.44928),(81.208176,-581.286499,-756.778076),(82.102356,-583.024658,-755.334351),(82.79554,-584.754944,-754.118225),(83.321823,-586.552612,-753.072266),(83.715286,
   -588.492798,-752.139282),(83.975929,-590.575378,-751.319275),(84.103752,-592.800476,-750.612183),(84.098755,-595.16803,-750.018127),(83.748299,-599.476379,-749.320068),(82.955933,-603.555542,-749.176025),(81.721657,-607.405518,-749.585876),(80.045479,-611.026245,-750.549683),(77.927383,-614.417847,-752.067444),(75.46714,-617.440491,-754.062683),(72.764488,
   -619.954468,-756.45874),(69.819435,-621.959717,-759.255676),(66.631989,-623.456238,-762.45343),(63.202133,-624.444153,-766.052124),(60.997261,-624.772217,-768.443298),(58.896137,-624.824097,-770.787964),(56.898762,-624.599854,-773.086182),(55.005131,-624.099487,-775.337891),(53.215248,-623.322937,-777.543152),(51.550201,-622.282288,-779.675232),(50.031075,
   -620.989624,-781.707397),(48.657879,-619.444946,-783.639648),(47.430599,-617.648254,-785.471985),(46.349243,-615.599609,-787.204407),(45.449791,-613.365417,-788.779663),(44.768242,-611.012329,-790.140503),(44.304596,-608.540222,-791.286987),(44.058838,-605.949219,-792.219055),(44.030979,-603.239197,-792.936768),(44.17907,-600.885193,-793.366882),(44.485371,
   -598.535522,-793.618347),(44.949886,-596.190125,-793.691162),(45.572609,-593.848999,-793.585327),(46.353546,-591.512207,-793.300903),(47.278202,-589.223755,-792.842957),(48.3321,-587.027771,-792.216553),(49.51524,-584.924255,-791.421692),(50.827618,-582.913208,-790.458374),(52.269238,-580.994568,-789.326599)));
#579=COMPLEX_TRIANGULATED_SURFACE_SET('',#578,87,((-0.736199,0.166177,0.656046)),(),((21,20,61),(59,22,60),(21,61,60),(58,23,59),(63,18,17),(18,63,62),(19,18,62),(19,62,
   61),(61,20,19),(58,57,25),(56,27,26),(27,56,28),(55,29,28),(29,55,54),(55,28,56),(21,60,22),(22,59,23),(24,58,
   25),(25,57,26),(58,24,23),(57,56,26),(63,17,64),(65,16,15),(16,65,64),(65,15,66),(17,16,64),(15,67,66),(67,14,
   68),(14,69,68),(69,13,70),(70,12,71),(67,15,14),(12,70,13),(11,10,73),(12,11,72),(12,72,71),(10,74,73),(73,72,
   11),(75,9,76),(75,74,10),(76,9,8),(75,10,9),(13,69,14),(31,54,53),(33,32,52),(52,32,53),(34,52,51),(31,53,
   32),(31,30,54),(35,34,51),(50,36,35),(33,52,34),(35,51,50),(36,49,37),(47,38,48),(48,37,49),(39,47,46),(37,48,
   38),(38,47,39),(41,45,44),(46,45,40),(46,40,39),(42,44,43),(49,36,50),(8,7,77),(82,5,83),(6,5,81),(7,6,
   79),(7,79,78),(78,77,7),(6,81,80),(80,79,6),(5,82,81),(5,4,83),(77,76,8),(4,3,85),(42,41,44),(40,45,
   41),(3,2,87),(85,84,4),(83,4,84),(3,86,85),(3,87,86),(87,2,1),(29,54,30)),());
#580=COORDINATES_LIST('',6,((45.781765,-574.425659,-798.27063),(46.045006,-565.43512,-800.252502),(77.324158,-558.973999,-766.788391),(77.711449,-545.746582,-769.704346),(84.597847,-544.324097,-762.336914),(83.947311,-566.542053,-757.439087)));
#581=COMPLEX_TRIANGULATED_SURFACE_SET('',#580,6,((-0.736199,0.166177,0.656046)),(),((6,3,1),(3,6,5),(1,3,2),(4,3,5)),());
#582=COORDINATES_LIST('',11,((47.058628,-530.816467,-807.884033),(47.32489,-521.722595,-809.888733),(86.025993,-495.547913,-773.089355),(85.750648,-504.951782,-771.016296),(77.759712,-510.30014,-778.628784),(77.193893,-529.624573,-774.368835),(84.96093,-531.92334,-765.070557),(84.685593,-541.327209,-762.997559),(57.316952,-524.075317,-798.079895),(70.238388,
   -527.774475,-782.642761),(70.607529,-515.167114,-785.421997)));
#583=COMPLEX_TRIANGULATED_SURFACE_SET('',#582,11,((-0.736199,0.166177,0.656046)),(),((8,7,6),(10,1,8),(10,6,11),(1,10,9),(10,8,6),(5,4,3),(5,11,6),(5,3,
   11),(9,11,2),(2,11,3),(9,2,1)),());
#584=COORDINATES_LIST('',118,((54.019394,-470.523285,-815.345154),(58.554958,-476.160126,-808.827637),(57.079865,-477.869965,-810.049866),(55.92289,-479.530518,-810.927551),(55.084034,-481.141785,-811.460754),(54.563293,-482.703796,-811.649475),(54.360664,-484.216522,-811.493713),(54.372345,-484.887909,-811.310547),(54.448528,-485.496674,-811.070801),(54.589226,
   -486.042816,-810.774597),(54.794426,-486.526337,-810.421875),(55.064144,-486.947205,-810.012573),(55.372417,-487.290283,-809.579712),(55.693314,-487.540344,-809.156311),(56.026833,-487.697449,-808.742249),(56.372967,-487.761536,-808.337585),(56.731716,-487.732605,-807.942322),(57.124294,-487.618652,-807.53064),(57.505535,-487.441284,-807.147766),(57.875443,
   -487.200531,-806.79364),(58.234005,-486.896393,-806.468323),(58.58123,-486.528839,-806.171753),(59.16713,-485.783325,-805.703125),(59.96896,-484.648071,-805.090881),(60.986725,-483.123108,-804.335022),(62.220409,-481.208405,-803.435608),(63.670025,-478.903961,-802.392639),(65.016808,-476.73172,-801.431519),(66.148392,-474.924408,-800.619507),(67.064774,
   -473.481995,-799.956482),(67.765953,-472.40451,-799.442566),(68.25193,-471.691956,-799.077759),(69.169403,-470.493774,-798.351685),(70.06678,-469.418915,-797.616943),(70.944046,-468.467316,-796.873474),(71.801216,-467.639069,-796.121399),(72.638275,-466.934082,-795.360657),(73.478828,-466.335236,-794.569092),(74.346466,-465.825256,-793.724609),(75.241188,
   -465.404205,-792.827271),(76.163002,-465.072052,-791.876953),(77.111893,-464.828796,-790.873718),(78.932419,-464.615021,-788.884949),(80.610634,-464.755219,-786.966187),(82.146545,-465.24942,-785.117432),(83.540138,-466.097565,-783.338745),(84.79142,-467.299683,-781.630066),(85.846031,-468.79718,-780.067322),(86.649612,-470.531403,-778.726257),(87.202156,
   -472.50238,-777.606934),(87.50367,-474.710083,-776.709412),(87.554146,-477.15451,-776.033569),(87.415047,-479.145111,-775.685425),(87.116348,-481.065918,-775.534058),(86.658066,-482.917023,-775.579468),(86.040184,-484.698334,-775.821655),(85.262718,-486.409912,-776.260559),(84.318771,-488.061401,-776.901489),(83.201477,-489.662415,-777.749756),(81.910828,
   -491.212921,-778.805359),(80.446831,-492.712982,-780.068237),(78.809479,-494.162567,-781.538452),(75.296768,-487.390015,-787.195801),(77.160034,-485.604126,-785.557312),(78.621071,-483.810913,-784.371948),(79.679886,-482.010406,-783.639893),(80.336472,-480.202576,-783.360962),(80.590836,-478.387451,-783.535339),(80.573532,-477.513855,-783.776001),(80.468369,
   -476.711823,-784.097168),(80.275345,-475.981323,-784.49884),(79.994453,-475.322388,-784.980957),(79.62571,-474.735046,-785.543518),(79.197884,-474.250275,-786.146423),(78.739754,-473.899109,-786.749451),(78.25132,-473.68158,-787.352661),(77.73259,-473.597687,-787.956055),(77.183556,-473.64743,-788.55957),(76.652824,-473.804291,-789.115417),(76.122627,
   -474.055573,-789.646729),(75.592964,-474.401215,-790.153564),(75.063835,-474.841248,-790.635864),(74.535248,-475.375671,-791.093628),(73.948715,-476.086426,-791.571838),(73.245766,-477.055389,-792.115173),(72.426399,-478.282593,-792.723816),(71.490616,-479.768036,-793.397644),(70.438416,-481.511719,-794.136719),(68.420883,-484.792145,-795.569824),(66.598724,
   -487.59671,-796.904236),(64.971916,-489.925415,-798.139954),(63.54047,-491.778259,-799.276917),(62.304386,-493.155212,-800.315247),(61.170303,-494.202972,-801.32251),(60.044861,-495.068176,-802.366272),(58.92807,-495.750793,-803.446594),(57.819916,-496.250885,-804.563477),(56.720409,-496.56839,-805.716919),(55.178291,-496.736969,-807.404724),(53.737934,
   -496.584595,-809.059631),(52.399338,-496.111298,-810.681702),(51.162502,-495.317047,-812.270813),(50.027424,-494.201843,-813.827026),(49.058182,-492.830505,-815.262085),(48.318848,-491.267914,-816.487549),(47.809433,-489.514008,-817.503479),(47.529922,-487.568817,-818.309875),(47.480324,-485.432312,-818.906677),(47.574207,-484.028351,-819.156982),(47.773571,
   -482.627228,-819.288147),(48.078403,-481.228973,-819.300232),(48.488712,-479.833588,-819.193237),(49.004494,-478.441071,-818.967224),(49.659904,-477.011475,-818.593811),(50.489098,-475.504913,-818.044922),(51.492081,-473.921356,-817.320557),(52.668842,-472.260803,-816.420593),(54.019394,-470.523285,-815.345154)));
#585=COMPLEX_TRIANGULATED_SURFACE_SET('',#584,117,((-0.736199,0.166177,0.656046)),(),((61,63,62),(60,63,61),(58,64,59),(59,64,63),(60,59,63),(57,64,58),(95,100,96),(95,94,
   17),(92,18,93),(94,93,18),(91,20,92),(65,57,56),(55,54,66),(66,54,67),(55,66,65),(53,52,67),(68,67,52),(53,67,
   54),(64,57,65),(90,89,24),(26,89,88),(24,89,25),(26,25,89),(91,90,22),(68,52,69),(65,56,55),(90,24,23),(97,96,
   98),(98,96,99),(17,94,18),(96,100,99),(16,15,103),(100,95,17),(19,18,92),(102,17,16),(17,101,100),(17,102,101),(16,103,
   102),(103,15,104),(14,105,104),(105,12,106),(13,105,14),(21,91,22),(20,91,21),(92,20,19),(12,105,13),(10,106,11),(107,10,
   9),(107,106,10),(106,12,11),(8,108,107),(7,108,8),(109,108,7),(8,107,9),(14,104,15),(90,23,22),(87,27,88),(69,51,
   70),(51,69,52),(70,51,71),(71,50,72),(50,71,51),(73,72,50),(73,49,74),(30,84,83),(48,76,75),(32,82,81),(75,74,
   49),(31,83,82),(50,49,73),(76,48,47),(77,76,47),(77,46,45),(45,44,78),(47,46,77),(43,78,44),(77,45,78),(35,80,
   79),(79,78,38),(40,78,41),(39,78,40),(41,78,42),(43,42,78),(81,80,33),(48,75,49),(78,39,38),(26,88,27),(86,28,
   87),(28,86,85),(27,87,28),(4,3,114),(28,85,29),(84,29,85),(6,5,110),(110,109,6),(5,111,110),(6,109,7),(4,113,
   112),(114,113,4),(111,5,112),(112,5,4),(33,32,81),(31,82,32),(35,79,36),(80,35,34),(33,80,34),(30,83,31),(84,30,
   29),(115,3,2),(114,3,115),(116,2,117),(115,2,116),(117,2,1),(36,79,37),(79,38,37)),());
#586=COORDINATES_LIST('',118,((55.026966,-436.111298,-822.931091),(59.562527,-441.748138,-816.413574),(58.087437,-443.457977,-817.635803),(56.930462,-445.11853,-818.513489),(56.091606,-446.729797,-819.046692),(55.570866,-448.291809,-819.235413),(55.368233,-449.804535,-819.079651),(55.379913,-450.475922,-818.896484),(55.4561,-451.084686,-818.656738),(55.596798,
   -451.630829,-818.360535),(55.801998,-452.114319,-818.007813),(56.071716,-452.535217,-817.598511),(56.37999,-452.878296,-817.165649),(56.700886,-453.128357,-816.742249),(57.034401,-453.285431,-816.328186),(57.380535,-453.349518,-815.923523),(57.739288,-453.320618,-815.528259),(58.131866,-453.206635,-815.116577),(58.513107,-453.029297,-814.733704),(58.883011,
   -452.788544,-814.379578),(59.241577,-452.484406,-814.05426),(59.588802,-452.116852,-813.75769),(60.174702,-451.371307,-813.289063),(60.976532,-450.236053,-812.676819),(61.994293,-448.71109,-811.921021),(63.227978,-446.796387,-811.021606),(64.677597,-444.491974,-809.978577),(66.024384,-442.319733,-809.017456),(67.15596,-440.51239,-808.205444),(68.07235,
   -439.069977,-807.54248),(68.773521,-437.992493,-807.028564),(69.259499,-437.279938,-806.663696),(70.176979,-436.081757,-805.937622),(71.074348,-435.006897,-805.202881),(71.951622,-434.055328,-804.459473),(72.808784,-433.227051,-803.707336),(73.645851,-432.522095,-802.946594),(74.486397,-431.923218,-802.155029),(75.354034,-431.413269,-801.310547),(76.248764,
   -430.992218,-800.413208),(77.17057,-430.660034,-799.462891),(78.119461,-430.416779,-798.459656),(79.939987,-430.203033,-796.470886),(81.61821,-430.343231,-794.552124),(83.154114,-430.837402,-792.703369),(84.547707,-431.685577,-790.924683),(85.798988,-432.887695,-789.216003),(86.853607,-434.385193,-787.653259),(87.657181,-436.119415,-786.312195),(88.209724,
   -438.090363,-785.192871),(88.511238,-440.298065,-784.295349),(88.561714,-442.742523,-783.619507),(88.422615,-444.733093,-783.271362),(88.123924,-446.653931,-783.119995),(87.665634,-448.505005,-783.165405),(87.04776,-450.286346,-783.407593),(86.270287,-451.997925,-783.846497),(85.32634,-453.649384,-784.487427),(84.209045,-455.250397,-785.335693),(82.918396,
   -456.800934,-786.391296),(81.454399,-458.300995,-787.654175),(79.817047,-459.75058,-789.12439),(76.304344,-452.978027,-794.781799),(78.167603,-451.192108,-793.14325),(79.628639,-449.398926,-791.957947),(80.687454,-447.598389,-791.22583),(81.34404,-445.790588,-790.94696),(81.598412,-443.975464,-791.121277),(81.5811,-443.101868,-791.361938),(81.475937,
   -442.299805,-791.683167),(81.282913,-441.569336,-792.084778),(81.002029,-440.9104,-792.566895),(80.633278,-440.323029,-793.129456),(80.205452,-439.838257,-793.732361),(79.747322,-439.487122,-794.335388),(79.258896,-439.269592,-794.938599),(78.740158,-439.185699,-795.541992),(78.191124,-439.235413,-796.145508),(77.660393,-439.392303,-796.701355),(77.130196,
   -439.643555,-797.232666),(76.600533,-439.989227,-797.739502),(76.071404,-440.42926,-798.221802),(75.542816,-440.963684,-798.679565),(74.956284,-441.674408,-799.157776),(74.253334,-442.643402,-799.701172),(73.433968,-443.870605,-800.309753),(72.498184,-445.356049,-800.983643),(71.445984,-447.099731,-801.722717),(69.428459,-450.380157,-803.155762),(67.606293,
   -453.184723,-804.490173),(65.979485,-455.513397,-805.725891),(64.548042,-457.366241,-806.862854),(63.311958,-458.743225,-807.901184),(62.177872,-459.790985,-808.908447),(61.052433,-460.656158,-809.952209),(59.935638,-461.338806,-811.032532),(58.827488,-461.838867,-812.149414),(57.727982,-462.156372,-813.302856),(56.185863,-462.324951,-814.990662),(54.745502,
   -462.172607,-816.645569),(53.40691,-461.69928,-818.267639),(52.170074,-460.905029,-819.85675),(51.034996,-459.789825,-821.413025),(50.065754,-458.418518,-822.848022),(49.326416,-456.855896,-824.073486),(48.817005,-455.10199,-825.089417),(48.537491,-453.156799,-825.895813),(48.487892,-451.020325,-826.492615),(48.581779,-449.616333,-826.74292),(48.781139,
   -448.21521,-826.874084),(49.085976,-446.816956,-826.886169),(49.496281,-445.42157,-826.779236),(50.012066,-444.029053,-826.553162),(50.667477,-442.599457,-826.179749),(51.49667,-441.092896,-825.630859),(52.499649,-439.509338,-824.906494),(53.676414,-437.848816,-824.006531),(55.026966,-436.111298,-822.931091)));
#587=COMPLEX_TRIANGULATED_SURFACE_SET('',#586,117,((-0.736199,0.166177,0.656046)),(),((61,63,62),(60,63,61),(58,64,59),(59,64,63),(60,59,63),(57,64,58),(95,100,96),(95,94,
   17),(92,18,93),(94,93,18),(91,20,92),(65,57,56),(55,54,66),(66,54,67),(55,66,65),(53,52,67),(68,67,52),(53,67,
   54),(64,57,65),(90,89,24),(26,89,88),(24,89,25),(26,25,89),(91,90,22),(68,52,69),(65,56,55),(90,24,23),(97,96,
   98),(98,96,99),(17,94,18),(96,100,99),(16,15,103),(100,95,17),(19,18,92),(102,17,16),(17,101,100),(17,102,101),(16,103,
   102),(103,15,104),(14,105,104),(105,12,106),(13,105,14),(21,91,22),(20,91,21),(92,20,19),(12,105,13),(10,106,11),(107,10,
   9),(107,106,10),(106,12,11),(8,108,107),(7,108,8),(109,108,7),(8,107,9),(14,104,15),(90,23,22),(87,27,88),(69,51,
   70),(51,69,52),(70,51,71),(71,50,72),(50,71,51),(73,72,50),(73,49,74),(30,84,83),(48,76,75),(32,82,81),(75,74,
   49),(31,83,82),(50,49,73),(76,48,47),(77,76,47),(77,46,45),(45,44,78),(47,46,77),(43,78,44),(77,45,78),(35,80,
   79),(79,78,38),(40,78,41),(39,78,40),(41,78,42),(43,42,78),(81,80,33),(48,75,49),(78,39,38),(26,88,27),(86,28,
   87),(28,86,85),(27,87,28),(4,3,114),(28,85,29),(84,29,85),(6,5,110),(110,109,6),(5,111,110),(6,109,7),(4,113,
   112),(114,113,4),(111,5,112),(112,5,4),(33,32,81),(31,82,32),(35,79,36),(80,35,34),(33,80,34),(30,83,31),(84,30,
   29),(115,3,2),(114,3,115),(116,2,117),(115,2,116),(117,2,1),(36,79,37),(79,38,37)),());
#588=COORDINATES_LIST('',143,((86.627327,153.030762,-936.7005),(86.162987,137.171951,-933.204529),(81.413857,136.190948,-938.2854),(81.878197,152.049759,-941.781433),(106.07682,146.281326,-913.1651),(107.809616,146.639252,-911.311279),(107.637077,140.746368,-910.012207),(93.132965,137.750336,-925.52948),(93.660736,155.77565,-929.503113),(107.394722,
   158.612595,-914.809753),(107.222176,152.719696,-913.510681),(106.259514,152.520844,-914.540588),(75.746681,132.177826,-943.628479),(76.37088,153.496231,-948.328003),(81.055832,154.463974,-943.315796),(80.431641,133.145569,-938.616211),(91.938965,138.365067,-927.025085),(87.189827,137.384064,-932.105957),(87.654167,153.242874,-935.60199),(92.403305,
   154.223862,-930.521057),(97.541222,144.518173,-922.296997),(101.776932,145.393112,-917.765381),(101.959625,151.632645,-919.140869),(97.723907,150.757706,-923.672424),(75.396271,150.710831,-948.716125),(74.931931,134.85202,-945.220154),(70.1828,133.871017,-950.301025),(70.647141,149.729828,-953.796997),(92.790474,163.089722,-932.332336),(92.739723,
   161.356522,-931.950256),(92.630615,157.630127,-931.128784),(78.319038,154.673874,-946.440125),(79.115776,181.885162,-952.43866),(93.427353,184.841415,-937.12738),(93.229439,178.081924,-935.637329),(102.342644,179.964386,-925.887512),(102.504875,180.015121,-925.718323),(102.632187,180.093094,-925.595215),(102.724571,180.198318,-925.518188),(102.782036,
   180.33078,-925.487244),(102.804573,180.490479,-925.50238),(102.86039,182.397003,-925.922668),(102.691078,182.627335,-926.171021),(102.166893,182.763687,-926.793823),(101.287842,182.806046,-927.790955),(100.053917,182.754456,-929.162598),(98.465134,182.608871,-930.90863),(100.077492,189.746674,-930.907288),(102.860069,189.880432,-927.818604),(105.009636,
   189.48378,-925.305969),(106.526192,188.556671,-923.369263),(107.409737,187.099152,-922.008606),(107.660271,185.111206,-921.223877),(107.495346,179.478302,-919.982117),(107.298607,177.63913,-919.737061),(106.826126,176.1427,-919.888184),(106.077904,174.988953,-920.435608),(105.05394,174.177933,-921.379211),(103.754234,173.709625,-922.719116),(93.036598,
   171.495758,-934.185425),(92.983315,169.675888,-933.784241),(95.999657,170.29895,-930.55719),(99.229958,170.473526,-926.97644),(102.092369,169.5867,-923.539673),(104.586899,167.638489,-920.246887),(106.713547,164.628891,-917.098083),(108.472305,160.557907,-914.093262),(103.873314,155.990204,-918.097107),(102.668793,159.121368,-920.241943),(101.195702,
   161.445953,-922.483826),(99.454048,162.963959,-924.822754),(97.443825,163.675385,-927.258789),(95.165039,163.580215,-929.791931),(77.744598,167.734024,-950.392883),(76.471695,168.442703,-952.000793),(75.060577,169.136612,-953.760132),(73.511246,169.815765,-955.670776),(71.8237,170.480133,-957.732788),(69.997932,171.12973,-959.946167),(72.290871,
   177.546753,-958.998535),(72.991707,178.21524,-958.381348),(73.56472,178.526535,-957.8172),(74.009911,178.480682,-957.30603),(74.327255,178.077652,-956.847778),(74.516785,177.317459,-956.442566),(75.873482,176.595078,-954.737122),(77.129318,175.913895,-953.155334),(78.284309,175.27388,-951.697083),(79.338432,174.675064,-950.362488),(80.291702,
   174.117416,-949.151489),(83.196838,162.227783,-942.879761),(88.138504,163.24855,-937.592896),(88.549553,177.287506,-940.687744),(83.607887,176.266739,-945.974609),(70.281937,159.043213,-956.565918),(71.360382,160.582153,-955.745544),(72.565559,162.092133,-954.775574),(73.897469,163.573151,-953.656067),(75.35611,165.025238,-952.387024),(76.941483,
   166.448364,-950.968445),(79.333496,160.999084,-946.90387),(77.74427,159.444229,-948.293457),(76.28421,157.943619,-949.551758),(74.953316,156.497253,-950.678894),(73.751587,155.105133,-951.674805),(72.679031,153.767258,-952.539551),(93.396851,146.763,-927.516296),(93.264908,142.256668,-926.522888),(93.528793,151.269318,-928.509705),(100.527725,
   157.194122,-922.156433),(103.961227,157.903351,-918.483093),(102.244476,157.548737,-920.319763),(76.058777,142.837036,-945.978271),(75.902733,137.507431,-944.803345),(76.214828,148.166626,-947.153137),(76.292854,150.831436,-947.74054),(78.713356,153.980103,-945.821899),(80.743736,143.804779,-940.966003),(80.89978,149.134369,-942.140869),(80.977806,
   151.799179,-942.728333),(80.587692,138.475174,-939.791138),(92.171135,146.294464,-928.773071),(92.287216,150.259155,-929.647095),(92.055054,142.329773,-927.899048),(75.164101,142.781433,-946.96814),(75.280182,146.746124,-947.842163),(75.048019,138.816727,-946.094116),(85.474823,156.152008,-938.784424),(81.896935,155.412933,-942.612305),(78.717407,
   168.27951,-949.439392),(78.518219,161.4767,-947.939758),(78.418633,158.075287,-947.189941),(78.46843,159.775986,-947.564819),(78.916595,175.082336,-950.939026),(78.817001,171.680923,-950.189209),(97.786041,179.023163,-930.762451),(98.395416,172.602692,-928.452271),(106.28231,158.382813,-915.999878),(103.197998,157.745697,-919.299622),(78.911766,
   174.917435,-950.902649),(78.777206,170.321884,-949.889587),(78.556091,162.770096,-948.224854),(78.479782,160.163834,-947.65033)));
#589=COMPLEX_TRIANGULATED_SURFACE_SET('',#588,143,((-0.736199,0.166177,0.656046)),(),((7,6,5),(7,5,22),(10,138,12),(10,12,11),(5,12,22),(23,12,68),(8,21,108),(22,8,
   7),(21,8,22),(109,107,24),(68,112,23),(24,107,21),(22,12,23),(68,139,112),(111,66,69),(138,67,66),(24,23,110),(70,66,
   65),(66,70,69),(70,65,71),(9,24,110),(63,72,71),(61,92,29),(73,72,62),(92,31,30),(61,29,73),(118,114,121),(92,30,
   29),(3,2,1),(1,4,3),(18,124,122),(113,114,118),(16,121,13),(19,122,123),(127,125,27),(119,113,118),(119,120,115),(108,21,
   107),(91,130,142),(98,102,99),(91,142,101),(132,129,101),(128,91,129),(103,102,98),(105,104,96),(106,105,95),(96,104,97),(95,105,
   96),(104,103,97),(103,98,97),(92,128,31),(71,65,64),(58,39,59),(56,58,57),(55,39,56),(56,39,58),(39,55,54),(36,137,
   59),(36,136,137),(63,62,72),(38,59,39),(36,59,37),(37,59,38),(54,40,39),(54,41,40),(41,53,42),(53,41,54),(42,53,
   52),(42,51,43),(66,111,138),(51,42,52),(23,112,110),(43,51,50),(43,50,44),(45,44,49),(46,49,48),(49,46,45),(48,47,
   46),(50,49,44),(136,60,137),(61,60,92),(90,94,89),(93,92,60),(89,134,140),(141,94,90),(131,142,102),(87,77,76),(80,79,
   78),(78,77,85),(75,135,76),(88,76,135),(73,62,61),(93,35,34),(94,93,34),(93,60,35),(86,77,87),(33,94,34),(35,60,
   136),(134,94,33),(85,80,78),(80,85,81),(77,86,85),(84,83,82),(82,81,84),(84,81,85),(9,109,24),(123,20,19),(87,76,
   88),(64,63,71),(28,125,126),(15,117,120),(126,25,28),(116,117,14),(116,115,120),(113,119,115),(120,117,116),(121,114,13),(19,18,
   122),(17,124,18),(28,27,125),(26,127,27),(92,91,128),(101,129,91),(94,130,91),(142,99,102),(129,132,32),(132,101,133),(143,133,
   101),(94,134,89),(141,75,74),(141,130,94),(12,138,68),(111,69,139),(88,135,140),(75,141,135),(99,142,100),(131,102,143)),());
#590=COORDINATES_LIST('',60,((73.507759,214.750473,-967.056702),(74.187775,237.975403,-972.176514),(106.340698,244.617035,-937.777588),(107.628929,244.693634,-936.351379),(108.618484,244.329544,-935.148682),(109.309364,243.52475,-934.169556),(109.701561,242.279266,-933.41394),(109.795082,240.593094,-932.881897),(109.607315,234.180252,-931.468201),(104.830269,
   232.245987,-936.338989),(105.007881,238.312195,-937.676208),(105.143333,238.319504,-937.526062),(105.241623,238.277786,-937.405212),(105.302757,238.187057,-937.31366),(105.326729,238.047302,-937.251343),(105.313545,237.858521,-937.218323),(97.483894,236.241196,-945.59491),(97.187019,226.101959,-943.359741),(100.341164,225.854233,-939.757507),(103.196724,
   224.297577,-936.158752),(105.7537,221.431992,-932.563538),(108.012093,217.257492,-928.971802),(109.971893,211.774048,-925.383606),(104.682175,207.58049,-930.257324),(103.558357,212.247772,-932.700684),(101.971184,215.730576,-935.363953),(99.920677,218.028915,-938.247192),(97.406822,219.142776,-941.350342),(94.429619,219.072174,-944.673401),(95.033463,
   202.658798,-939.838257),(95.246597,209.938248,-941.442932),(88.893028,208.625824,-948.240356),(88.679886,201.346375,-946.63562),(83.930756,200.365372,-951.716492),(84.14389,207.644821,-953.321228),(78.945518,206.57103,-958.88269),(78.732376,199.29158,-957.278015),(99.718414,203.626541,-934.825989),(102.47805,204.196579,-931.873596),(102.28521,
   197.610397,-930.421753),(73.790405,191.724411,-960.906982),(74.389221,212.176208,-965.415466),(100.124397,217.492157,-937.882629),(88.049805,234.29245,-955.687988),(87.75547,224.239883,-953.471924),(92.504601,225.220871,-948.391052),(92.798935,235.273453,-950.607117),(83.006332,223.258881,-958.552795),(83.300667,233.311462,-960.76886),(78.744072,
   232.370224,-965.643738),(78.44973,222.317642,-963.427734),(104.992661,237.792236,-937.561584),(100.94593,216.879745,-936.805542),(83.968689,216.911316,-955.865051),(78.73822,215.830902,-961.460876),(87.256805,214.834183,-951.649048),(80.823013,213.505188,-958.532227),(93.690605,216.163177,-944.765869),(96.907501,216.827667,-941.324219),(99.921402,
   210.559357,-936.354309)));
#591=COMPLEX_TRIANGULATED_SURFACE_SET('',#590,60,((-0.736199,0.166177,0.656046)),(),((24,23,25),(25,23,22),(40,39,38),(40,38,30),(26,22,21),(53,20,27),(53,21,20),(27,19,
   28),(22,26,25),(38,60,30),(34,33,32),(33,41,40),(41,34,37),(34,41,33),(41,37,36),(33,40,30),(18,29,28),(56,32,
   58),(57,36,35),(35,56,57),(36,42,41),(45,54,29),(32,35,34),(20,19,27),(10,16,52),(16,8,15),(14,15,8),(9,16,
   10),(8,13,14),(9,8,16),(7,6,13),(1,55,51),(6,5,13),(4,3,13),(13,5,4),(3,12,13),(45,48,54),(51,55,
   48),(12,3,11),(48,55,54),(7,13,8),(18,46,29),(46,18,17),(46,45,29),(44,48,45),(57,42,36),(32,56,35),(18,28,
   19),(17,3,47),(17,11,3),(49,44,2),(2,1,50),(2,50,49),(47,3,44),(48,44,49),(44,3,2),(47,46,17),(52,11,
   17),(50,1,51),(26,21,53),(43,59,60),(32,31,58),(58,31,59),(59,31,60),(30,60,31)),());
#592=COORDINATES_LIST('',79,((99.807625,-1346.749512,-542.013245),(101.203613,-1346.391479,-540.537354),(102.413734,-1345.932617,-539.295654),(103.437996,-1345.372925,-538.288025),(104.27639,-1344.71228,-537.514526),(104.928932,-1343.950684,-536.975159),(105.194992,-1343.491211,-536.79303),(105.406914,-1342.963257,-536.688904),(105.564713,-1342.366943,-536.662842),(105.668381,
   -1341.702271,-536.714905),(105.717911,-1340.969116,-536.845032),(105.693344,-1340.413818,-537.013245),(105.586441,-1339.882202,-537.267883),(105.397186,-1339.374146,-537.608948),(105.125595,-1338.889648,-538.036438),(104.77166,-1338.428955,-538.550354),(104.026955,-1337.806763,-539.543579),(103.076935,-1337.399536,-540.71283),(101.9216,-1337.207153,-542.058105),(100.560959,
   -1337.229492,-543.579285),(98.995003,-1337.466797,-545.276489),(97.552803,-1337.834351,-546.801758),(96.30674,-1338.300659,-548.08197),(95.256813,-1338.865723,-549.117065),(94.403015,-1339.529541,-549.906982),(93.745338,-1340.292114,-550.451843),(93.480064,-1340.724854,-550.639954),(93.270477,-1341.172729,-550.761658),(93.116592,-1341.63562,-550.817139),(93.018394,
   -1342.113525,-550.806274),(92.975899,-1342.606445,-550.729126),(93.07679,-1343.779297,-550.318787),(93.451744,-1344.829346,-549.63208),(94.100769,-1345.756348,-548.668884),(95.023857,-1346.560425,-547.429382),(96.221016,-1347.241699,-545.913391),(96.045189,-1353.246704,-544.5896),(77.218521,-1355.726318,-565.088379),(77.804611,-1335.709351,-569.500977),(82.553741,
   -1334.728394,-564.420105),(82.141037,-1348.82373,-561.312866),(89.311821,-1347.922729,-553.494202),(89.027489,-1347.437622,-553.936157),(88.818504,-1346.645264,-554.371399),(88.684853,-1345.54541,-554.799988),(88.626541,-1344.138184,-555.221863),(88.643578,-1342.423584,-555.637024),(88.763206,-1341.039307,-555.853455),(89.040039,-1339.688965,-555.884827),(89.474083,
   -1338.372314,-555.731262),(90.065331,-1337.0896,-555.3927),(90.813789,-1335.840698,-554.869141),(92.087242,-1334.264526,-553.839355),(93.562607,-1332.938477,-552.519592),(95.239876,-1331.862549,-550.909973),(97.119049,-1331.036621,-549.010376),(99.200134,-1330.460815,-546.820923),(101.40789,-1330.177246,-544.415222),(103.410393,-1330.280884,-542.141846),(105.207634,
   -1330.771851,-540.000671),(106.799622,-1331.650024,-537.991699),(108.186348,-1332.915405,-536.115051),(109.047745,-1334.08374,-534.852478),(109.705772,-1335.400269,-533.780579),(110.160446,-1336.864868,-532.899353),(110.411766,-1338.477539,-532.208801),(110.459717,-1340.238403,-531.708984),(110.319008,-1342.081299,-531.400085),(110.008224,-1343.806763,-531.311768),(109.527374,
   -1345.414917,-531.444031),(108.87645,-1346.90564,-531.796875),(108.055458,-1348.278931,-532.3703),(106.842606,-1349.789429,-533.348694),(105.391129,-1351.084106,-534.649597),(103.701027,-1352.16272,-536.27301),(101.772293,-1353.025391,-538.218872),(99.604935,-1353.671997,-540.487183),(99.807625,-1346.749512,-542.013245),(82.347389,-1341.776123,-562.866455)));
#593=COMPLEX_TRIANGULATED_SURFACE_SET('',#592,78,((-0.736199,0.166177,0.656046)),(),((4,72,71),(5,71,70),(6,5,70),(2,75,74),(73,72,3),(4,71,5),(74,73,3),(72,4,
   3),(70,69,6),(68,10,9),(10,68,67),(67,12,11),(13,12,66),(67,11,10),(6,69,7),(9,8,68),(7,68,8),(12,67,
   66),(7,69,68),(1,77,76),(2,76,75),(74,3,2),(1,76,2),(38,37,42),(42,36,35),(36,42,37),(38,42,41),(38,79,
   39),(34,43,42),(32,31,46),(33,32,45),(34,33,43),(33,44,43),(33,45,44),(32,46,45),(31,47,46),(42,35,34),(41,79,
   38),(14,66,65),(14,65,15),(16,65,64),(16,15,65),(63,18,17),(62,19,18),(16,64,17),(63,17,64),(62,61,19),(19,60,
   20),(60,19,61),(60,59,20),(21,58,57),(58,21,20),(22,21,56),(20,59,58),(56,21,57),(62,18,63),(27,26,48),(51,25,
   24),(49,26,25),(48,26,49),(30,29,47),(47,28,48),(28,47,29),(48,28,27),(30,47,31),(24,23,52),(52,23,53),(22,54,
   23),(54,53,23),(51,24,52),(25,50,49),(79,40,39),(51,50,25),(54,22,55),(22,56,55),(14,13,66)),());
#594=COORDINATES_LIST('',13,((115.806831,-1157.616089,-571.967041),(102.457916,-1160.373535,-586.248413),(90.905968,-1162.759644,-598.607361),(90.722816,-1169.015015,-597.228394),(87.128876,-1169.757446,-601.073364),(87.028885,-1167.072144,-601.865723),(86.555046,-1164.954956,-602.933777),(85.707359,-1163.405762,-604.277466),(84.485817,-1162.424561,-605.89679),(82.890427,
   -1162.011353,-607.791748),(83.022293,-1157.507568,-608.784607),(116.009521,-1150.693481,-573.493103),(90.814392,-1165.887329,-597.917847)));
#595=COMPLEX_TRIANGULATED_SURFACE_SET('',#594,13,((-0.736199,0.166177,0.656046)),(),((2,1,12),(6,5,4),(7,6,13),(3,7,13),(6,4,13),(8,3,9),(11,2,12),(3,2,
   11),(3,8,7),(9,11,10),(11,9,3)),());
#596=COORDINATES_LIST('',16,((119.23056,-1040.684204,-597.74408),(114.673958,-1041.625488,-602.619019),(111.850143,-1042.20874,-605.640076),(111.434677,-1056.398438,-602.512024),(107.327324,-1057.246826,-606.906311),(86.255699,-1047.075928,-633.128723),(86.448593,-1040.487915,-634.580994),(107.306274,-1036.179443,-612.266357),(107.43734,-1031.703003,-613.253174),(112.186478,
   -1030.721924,-608.172241),(112.055405,-1035.198486,-607.185425),(119.435814,-1033.67395,-599.28949),(107.101013,-1043.189819,-610.720947),(97.28186,-1045.218018,-621.226013),(106.905647,-1049.862305,-609.25),(111.64241,-1049.303589,-604.07605)));
#597=COMPLEX_TRIANGULATED_SURFACE_SET('',#596,16,((-0.736199,0.166177,0.656046)),(),((2,11,3),(12,2,1),(3,15,16),(5,16,15),(4,16,5),(3,13,15),(5,15,14),(3,11,
   13),(8,13,11),(11,10,8),(8,10,9),(14,6,5),(6,14,7),(8,7,14),(13,8,14),(11,2,12)),());
#598=COORDINATES_LIST('',82,((103.112961,-1029.070313,-618.772705),(99.420105,-1029.618164,-622.777954),(96.196846,-1029.639282,-626.389709),(93.443199,-1029.133423,-629.60791),(91.159157,-1028.10083,-632.432556),(89.344719,-1026.541382,-634.863708),(88.483139,-1025.379517,-636.124817),(87.82357,-1024.115479,-637.185181),(87.36602,-1022.749268,-638.044678),(87.110481,
   -1021.280823,-638.70343),(87.056953,-1019.710266,-639.161316),(87.202774,-1018.128723,-639.398254),(87.547241,-1016.559875,-639.409119),(88.090363,-1015.003723,-639.193787),(88.83213,-1013.460266,-638.75238),(89.772552,-1011.929504,-638.084778),(91.700943,-1009.596924,-636.511658),(94.073624,-1007.602417,-634.354309),(96.890579,-1005.945984,-631.612732),(100.151817,
   -1004.627563,-628.287048),(103.857338,-1003.647217,-624.377075),(107.596405,-1003.089783,-620.322388),(110.855598,-1003.061279,-616.672241),(113.634918,-1003.561768,-613.426575),(115.934364,-1004.591187,-610.585449),(117.753937,-1006.149597,-608.148804),(118.615616,-1007.308105,-606.888428),(119.275482,-1008.562012,-605.830322),(119.733528,-1009.911316,-604.974487),(119.989761,
   -1011.356079,-604.320984),(120.044182,-1012.896301,-603.869812),(119.897469,-1014.50824,-603.62616),(119.552307,-1016.100708,-603.610107),(119.008698,-1017.673767,-603.821655),(118.266624,-1019.227356,-604.260864),(117.326103,-1020.761475,-604.927673),(115.392578,-1023.095093,-606.506348),(113.004501,-1025.092773,-608.680176),(110.161873,-1026.754517,-611.449158),(106.864693,
   -1028.080444,-614.813354),(103.112961,-1029.070313,-618.772705),(103.652077,-1010.657593,-622.831726),(100.58004,-1011.43988,-626.080933),(97.935707,-1012.429382,-628.797668),(95.719078,-1013.626038,-630.981995),(93.930145,-1015.029846,-632.633911),(92.568916,-1016.640808,-633.753418),(92.303795,-1017.068298,-633.942627),(92.094948,-1017.490906,-634.069946),(91.942383,
   -1017.908569,-634.135376),(91.8461,-1018.32135,-634.138855),(91.806084,-1018.729248,-634.080444),(91.821663,-1019.155884,-633.954895),(91.894112,-1019.557312,-633.771912),(92.02343,-1019.933533,-633.531494),(92.209618,-1020.284607,-633.233643),(92.452682,-1020.610535,-632.878296),(93.798065,-1021.632141,-631.109741),(95.557564,-1022.27948,-628.971313),(97.731163,
   -1022.55249,-626.463013),(100.318878,-1022.451172,-623.584839),(103.320694,-1021.975464,-620.336731),(106.438843,-1021.186951,-617.037354),(109.11882,-1020.200195,-614.279907),(111.360626,-1019.015137,-612.064392),(113.164268,-1017.631836,-610.390747),(114.529739,-1016.050171,-609.259094),(114.79496,-1015.619324,-609.070618),(115.004105,-1015.186584,-608.945557),(115.157166,
   -1014.752014,-608.88385),(115.254143,-1014.315552,-608.885559),(115.295044,-1013.877258,-608.950684),(115.27858,-1013.481079,-609.069519),(115.205437,-1013.103271,-609.247314),(115.075623,-1012.743958,-609.484009),(114.889137,-1012.403015,-609.779602),(114.645973,-1012.080505,-610.134216),(113.357956,-1011.016724,-611.848999),(111.614555,-1010.34259,-613.976196),(109.415779,
   -1010.058044,-616.515686),(106.76162,-1010.163025,-619.467529),(103.652077,-1010.657593,-622.831726)));
#599=COMPLEX_TRIANGULATED_SURFACE_SET('',#598,80,((-0.736199,0.166177,0.656046)),(),((64,38,37),(66,65,36),(37,36,65),(35,66,36),(40,39,63),(64,63,39),(64,39,38),(37,65,
   64),(40,63,62),(35,34,66),(69,33,32),(71,31,72),(31,71,32),(72,31,73),(70,32,71),(66,34,67),(69,68,33),(70,69,
   32),(67,33,68),(67,34,33),(2,1,62),(2,61,3),(62,61,2),(1,40,62),(3,61,60),(3,60,4),(5,4,60),(5,59,
   6),(6,58,7),(59,5,60),(58,8,7),(56,55,9),(57,56,9),(58,57,8),(8,57,9),(10,54,53),(10,9,55),(10,53,
   11),(54,10,55),(58,6,59),(74,73,30),(75,30,29),(30,75,74),(73,31,30),(77,29,28),(76,75,29),(78,77,28),(26,79,
   78),(76,29,77),(78,28,27),(26,25,79),(80,25,24),(25,80,79),(24,23,80),(80,23,81),(42,22,21),(22,42,81),(42,21,
   20),(23,22,81),(26,78,27),(50,49,12),(13,47,14),(48,47,13),(49,48,13),(52,11,53),(11,52,51),(50,12,51),(12,49,
   13),(51,12,11),(47,46,14),(17,45,44),(43,20,19),(20,43,42),(43,19,44),(18,44,19),(46,15,14),(45,17,16),(15,46,
   16),(17,44,18),(46,45,16)),());
#600=COORDINATES_LIST('',12,((97.558899,-990.004944,-634.900696),(94.031853,-986.284119,-639.801147),(102.624825,-973.847351,-633.308594),(94.662476,-964.746338,-644.549011),(98.456604,-959.345276,-641.659424),(106.293076,-968.388306,-630.57489),(114.821861,-955.964783,-624.151001),(118.284737,-959.698914,-619.319214),(109.755943,-972.122437,-625.743103),(118.147751,
   -981.806335,-613.873047),(114.168503,-986.993774,-617.024475),(106.023514,-977.594666,-628.54541)));
#601=COMPLEX_TRIANGULATED_SURFACE_SET('',#600,12,((-0.736199,0.166177,0.656046)),(),((12,11,9),(3,12,9),(1,3,2),(3,1,12),(9,11,10),(9,8,7),(9,7,6),(6,5,
   4),(4,3,6),(6,3,9)),());
#602=COORDINATES_LIST('',66,((118.143959,-916.577087,-630.399963),(122.893089,-915.59613,-625.319092),(122.198174,-939.329895,-620.087097),(118.604233,-940.072327,-623.932129),(115.824379,-938.544373,-627.438599),(113.116417,-936.827026,-630.912476),(110.480339,-934.920166,-634.353638),(107.916145,-932.823792,-637.762085),(105.423851,-930.538025,-641.137878),(104.143532,
   -929.472717,-642.844482),(102.833969,-928.708923,-644.507507),(101.495171,-928.246704,-646.126953),(100.127129,-928.08606,-647.70282),(98.729851,-928.226929,-649.235107),(97.803909,-928.478638,-650.210449),(96.977097,-928.83075,-651.049072),(96.249405,-929.283264,-651.751038),(95.620834,-929.836243,-652.316345),(95.091393,-930.489624,-652.744995),(94.825478,
   -930.944153,-652.928223),(94.614258,-931.447815,-653.03772),(94.457741,-932.000671,-653.073303),(94.355911,-932.602661,-653.035095),(94.308777,-933.253784,-652.923035),(94.334915,-933.755432,-652.766663),(94.443001,-934.246887,-652.520874),(94.633034,-934.728149,-652.18573),(94.905022,-935.199158,-651.761169),(95.258957,-935.659973,-651.247314),(95.878677,
   -936.106201,-650.438843),(96.79995,-936.362488,-649.340088),(98.022758,-936.428955,-647.95105),(99.547112,-936.305481,-646.271729),(101.373009,-935.992126,-644.302124),(101.172691,-942.833496,-642.793945),(98.551003,-943.136658,-645.65918),(96.276283,-943.092712,-648.2229),(94.348541,-942.701782,-650.485229),(92.767754,-941.963806,-652.446045),(91.533943,
   -940.878845,-654.105469),(90.784126,-939.821472,-655.214722),(90.21302,-938.586121,-656.168518),(89.820625,-937.172852,-656.966858),(89.606964,-935.581604,-657.60968),(89.572006,-933.812439,-658.097046),(89.716949,-932.08667,-658.371521),(90.048882,-930.423035,-658.42041),(90.567818,-928.821533,-658.243774),(91.27375,-927.282104,-657.841492),(92.166672,
   -925.80481,-657.213684),(93.274445,-924.397339,-656.327087),(94.51825,-923.223633,-655.228638),(95.898109,-922.283813,-653.918274),(97.414001,-921.57782,-652.395996),(99.065933,-921.105591,-650.661804),(101.068947,-920.930298,-648.458496),(103.073318,-921.231506,-646.132935),(105.079048,-922.009277,-643.68512),(107.086136,-923.263672,-641.115112),(109.094574,
   -924.994568,-638.422852),(111.065285,-926.881042,-635.733521),(112.909828,-928.545105,-633.242126),(114.628204,-929.986694,-630.948608),(116.220413,-931.205872,-628.853088),(117.686455,-932.202576,-626.955444),(117.915207,-924.389832,-628.677734)));
#603=COMPLEX_TRIANGULATED_SURFACE_SET('',#602,66,((-0.736199,0.166177,0.656046)),(),((66,2,1),(4,3,5),(65,6,5),(6,65,7),(36,35,34),(36,34,33),(65,5,3),(63,7,
   64),(9,8,62),(8,7,63),(65,2,66),(36,33,37),(37,33,32),(8,63,62),(7,65,64),(3,2,65),(39,32,31),(37,32,
   38),(31,40,39),(39,38,32),(40,31,30),(40,30,41),(41,30,42),(42,29,43),(42,30,29),(27,43,28),(27,26,44),(27,44,
   43),(44,25,45),(25,44,26),(24,45,25),(23,45,24),(28,43,29),(9,61,10),(12,11,59),(10,60,11),(58,13,12),(53,15,
   14),(14,13,57),(10,61,60),(58,12,59),(56,14,57),(55,14,56),(13,58,57),(59,11,60),(54,14,55),(46,20,47),(48,19,
   18),(47,20,19),(22,46,45),(21,46,22),(46,21,20),(22,45,23),(18,17,48),(15,51,16),(15,52,51),(52,15,53),(14,54,
   53),(19,48,47),(16,50,49),(48,17,49),(50,16,51),(17,16,49),(9,62,61)),());
#604=COORDINATES_LIST('',79,((112.72905,-905.438782,-639.297852),(114.125061,-905.079895,-637.822144),(115.335258,-904.618347,-636.580994),(116.35965,-904.054138,-635.574402),(117.198227,-903.387329,-634.802246),(117.850998,-902.617798,-634.264648),(118.11721,-902.153137,-634.083618),(118.329323,-901.619019,-633.980896),(118.487328,-901.015503,-633.956421),(118.591232,
   -900.34259,-634.010315),(118.641037,-899.600281,-634.142456),(118.616676,-899.037781,-634.312256),(118.509979,-898.499023,-634.568481),(118.32093,-897.984009,-634.911072),(118.049538,-897.492676,-635.340027),(117.695808,-897.025146,-635.855469),(116.951393,-896.393127,-636.850891),(116.001595,-895.978149,-638.021851),(114.846428,-895.780212,-639.368286),(113.485878,
   -895.799316,-640.890198),(111.919952,-896.035461,-642.587646),(110.47773,-896.403931,-644.112732),(109.23159,-896.872864,-645.392334),(108.181534,-897.442383,-646.426453),(107.327545,-898.112427,-647.215027),(106.66964,-898.882996,-647.758179),(106.404221,-899.320618,-647.945129),(106.194489,-899.773621,-648.065735),(106.040436,-900.242004,-648.119995),(105.94207,
   -900.725708,-648.107849),(105.899391,-901.224792,-648.029297),(105.99984,-902.412964,-647.615662),(106.374374,-903.477356,-646.92572),(107.023003,-904.417908,-645.959595),(107.945717,-905.234741,-644.717285),(109.142525,-905.927795,-643.198669),(108.96447,-912.009033,-641.858093),(90.138329,-914.470642,-662.36084),(90.731857,-894.199768,-666.829407),(95.480988,
   -893.218811,-661.748535),(95.063049,-907.492859,-658.601929),(102.233612,-906.599365,-650.781616),(101.949486,-906.1073,-651.225037),(101.740807,-905.304199,-651.662659),(101.607582,-904.190002,-652.094421),(101.549805,-902.764648,-652.520264),(101.567474,-901.028259,-652.940308),(101.687607,-899.626648,-653.160522),(101.964928,-898.259705,-653.195557),(102.399429,
   -896.92749,-653.04541),(102.991112,-895.629944,-652.710083),(103.739975,-894.367126,-652.189636),(105.013924,-892.77417,-651.163513),(106.48967,-891.435059,-649.84668),(108.167213,-890.349792,-648.239075),(110.046547,-889.518311,-646.340759),(112.127686,-888.940674,-644.151672),(114.335381,-888.659241,-641.745544),(116.337692,-888.769531,-639.470642),(118.134613,
   -889.271423,-637.327026),(119.726143,-890.164978,-635.314758),(121.112289,-891.450256,-633.433655),(121.973183,-892.635803,-632.167297),(122.630676,-893.970764,-631.091309),(123.084763,-895.455261,-630.20575),(123.335457,-897.089233,-629.510498),(123.382751,-898.87262,-629.005737),(123.241356,-900.738708,-628.691711),(122.929955,-902.485413,-628.598694),(122.44854,
   -904.112793,-628.726746),(121.797112,-905.620789,-629.075745),(120.97567,-907.009399,-629.645813),(119.762352,-908.536072,-630.620667),(118.310501,-909.843445,-631.918762),(116.620125,-910.931335,-633.5401),(114.691216,-911.799927,-635.484619),(112.523788,-912.449097,-637.752441),(112.72905,-905.438782,-639.297852),(95.272018,-900.355835,-660.175232)));
#605=COMPLEX_TRIANGULATED_SURFACE_SET('',#604,78,((-0.736199,0.166177,0.656046)),(),((4,72,71),(5,71,70),(6,5,70),(2,75,74),(73,72,3),(4,71,5),(74,73,3),(72,4,
   3),(70,69,6),(68,10,9),(10,68,67),(67,12,11),(13,12,66),(67,11,10),(6,69,7),(9,8,68),(7,68,8),(12,67,
   66),(7,69,68),(76,1,77),(1,76,2),(2,76,75),(74,3,2),(37,42,38),(42,37,36),(35,42,36),(38,42,41),(38,79,
   39),(34,43,42),(32,31,46),(33,32,45),(34,33,43),(33,44,43),(33,45,44),(32,46,45),(31,47,46),(42,35,34),(41,79,
   38),(14,66,65),(14,65,15),(16,65,64),(16,15,65),(63,18,17),(62,19,18),(16,64,17),(63,17,64),(62,61,19),(19,60,
   20),(60,19,61),(60,59,20),(21,58,57),(58,21,20),(22,21,56),(20,59,58),(56,21,57),(62,18,63),(27,26,48),(51,25,
   24),(49,26,25),(48,26,49),(30,29,47),(47,28,48),(28,47,29),(48,28,27),(30,47,31),(24,23,52),(52,23,53),(22,54,
   23),(54,53,23),(51,24,52),(25,50,49),(79,40,39),(51,50,25),(54,22,55),(22,56,55),(14,13,66)),());
#606=COORDINATES_LIST('',27,((119.670013,-279.896179,-789.959717),(119.04747,-301.158051,-785.272644),(113.090996,-302.388428,-791.645203),(114.430702,-256.632874,-801.731812),(120.387177,-255.402496,-795.359253),(119.876694,-272.837219,-791.515869),(121.273888,-272.548615,-790.021057),(125.938477,-272.004364,-784.924438),(130.28421,-272.364563,-779.956482),(134.311096,
   -273.629181,-775.11731),(138.019135,-275.798218,-770.406799),(141.40831,-278.871674,-765.825012),(137.184509,-285.830566,-768.802185),(134.535538,-282.938934,-772.507263),(131.599319,-280.870819,-776.32605),(128.375854,-279.626221,-780.258606),(124.86515,-279.205139,-784.304932),(121.067207,-279.607574,-788.464966),(108.02047,-295.82785,-798.99707),(102.063995,
   -297.058228,-805.369629),(102.955475,-266.611237,-812.081482),(108.911949,-265.380829,-805.708923),(113.760849,-279.510651,-796.688477),(114.095779,-268.071777,-799.210144),(113.425919,-290.949524,-794.16687),(120.131935,-264.119873,-793.437561),(108.466209,-280.60434,-802.353027)));
#607=COMPLEX_TRIANGULATED_SURFACE_SET('',#606,27,((-0.736199,0.166177,0.656046)),(),((14,13,12),(15,10,16),(17,16,9),(14,11,15),(4,26,5),(25,3,2),(23,25,1),(6,23,
   1),(18,17,8),(22,21,27),(12,11,14),(6,26,24),(10,9,16),(18,8,7),(17,9,8),(18,7,1),(24,23,6),(6,1,
   7),(20,19,27),(26,4,24),(10,15,11),(2,1,25),(21,20,27)),());
#608=COORDINATES_LIST('',26,((143.571243,-212.489059,-780.212646),(143.382004,-218.952682,-778.787781),(127.277458,-222.279297,-796.017273),(128.12529,-223.578415,-794.736816),(129.150131,-225.422562,-793.119629),(130.351974,-227.811737,-791.165771),(131.730835,-230.745941,-788.875183),(133.286682,-234.225174,-786.247986),(128.453339,-239.53476,-790.326904),(125.079582,
   -232.33963,-795.935364),(121.52179,-226.237503,-801.473511),(117.779961,-221.228363,-806.941345),(113.854103,-217.312225,-812.338806),(109.744209,-214.489059,-817.665955),(112.893684,-209.273697,-815.452759),(113.768417,-208.156387,-814.75415),(114.497192,-207.630524,-814.06958),(115.080009,-207.696106,-813.398926),(115.516861,-208.353134,-812.742249),(115.807762,
   -209.601624,-812.099609),(117.215073,-210.764893,-810.225647),(118.636047,-212.060593,-808.302856),(120.070694,-213.488724,-806.331238),(121.519005,-215.049286,-804.310669),(122.980972,-216.742279,-802.241211),(135.329727,-220.615997,-787.402527)));
#609=COMPLEX_TRIANGULATED_SURFACE_SET('',#608,26,((-0.736199,0.166177,0.656046)),(),((7,9,8),(6,10,7),(5,10,6),(9,7,10),(10,5,11),(11,25,12),(3,25,11),(3,11,
   4),(4,11,5),(26,25,3),(12,24,23),(13,12,23),(13,22,21),(23,22,13),(13,21,20),(20,14,13),(20,15,14),(26,1,
   25),(19,18,16),(17,16,18),(19,16,15),(20,19,15),(24,12,25),(2,1,26)),());
#610=COORDINATES_LIST('',4,((125.616241,-189.147324,-806.273865),(119.659767,-190.377716,-812.646423),(121.114021,-140.709976,-823.595398),(127.070496,-139.479584,-817.222839)));
#611=COMPLEX_TRIANGULATED_SURFACE_SET('',#610,4,((-0.736199,0.166177,0.656046)),(),((2,1,4),(4,3,2)),());
#612=COORDINATES_LIST('',43,((114.076843,-98.967178,-842.065857),(112.315224,-98.221992,-844.231445),(110.504326,-97.162376,-846.531982),(108.644173,-95.788322,-848.967468),(106.734749,-94.099854,-851.537903),(104.776054,-92.096939,-854.243225),(108.055168,-87.446533,-851.741455),(109.88343,-89.310707,-849.21759),(111.626938,-90.874535,-846.86499),(113.285675,
   -92.138031,-844.683533),(114.85965,-93.101189,-842.673279),(116.348862,-93.764008,-840.834229),(118.008072,-94.212502,-838.858704),(119.801888,-94.457367,-836.783691),(121.730309,-94.498596,-834.609192),(123.793327,-94.336197,-832.335266),(125.990959,-93.970161,-829.961853),(127.858437,-93.49649,-827.986206),(129.695801,-92.85321,-826.08728),(131.503052,
   -92.040329,-824.265137),(133.280167,-91.057838,-822.519775),(135.027176,-89.905739,-820.851135),(136.679367,-88.597404,-819.328552),(138.470123,-86.949356,-817.73645),(140.399475,-84.961594,-816.074829),(142.467422,-82.634132,-814.343811),(144.67395,-79.966949,-812.543274),(148.013138,-83.250252,-807.964478),(145.562927,-86.052307,-810.004272),(143.238525,
   -88.551086,-811.979736),(141.039963,-90.746613,-813.890747),(138.967209,-92.638885,-815.737427),(137.020294,-94.22789,-817.519714),(134.874908,-95.705734,-819.552917),(132.683334,-96.963188,-821.693726),(130.445587,-98.000252,-823.942139),(128.161682,-98.816925,-826.298279),(125.831589,-99.4132,-828.761963),(123.220009,-99.837692,-831.585083),(120.738747,
   -100.005333,-834.327087),(118.387794,-99.91613,-836.987854),(116.167168,-99.570076,-839.567444),(114.076843,-98.967178,-842.065857)));
#613=COMPLEX_TRIANGULATED_SURFACE_SET('',#612,42,((-0.736199,0.166177,0.656046)),(),((18,35,34),(36,17,37),(36,35,17),(34,33,19),(20,32,21),(18,34,19),(19,33,20),(32,31,
   21),(33,32,20),(18,17,35),(40,39,17),(40,16,41),(42,41,16),(38,17,39),(15,1,42),(15,42,16),(1,14,2),(3,2,
   13),(15,14,1),(16,40,17),(38,37,17),(23,30,24),(21,31,22),(23,22,30),(30,29,24),(28,27,26),(24,29,25),(26,25,
   28),(25,29,28),(12,3,13),(4,12,11),(4,3,12),(4,11,5),(13,2,14),(9,8,6),(10,9,5),(9,6,5),(6,8,
   7),(10,5,11),(31,30,22)),());
#614=COORDINATES_LIST('',139,((127.650642,-77.227905,-832.340271),(125.287437,-74.361778,-835.718201),(122.638176,-71.879356,-839.319946),(119.702858,-69.780624,-843.145447),(116.481483,-68.065598,-847.194824),(112.974037,-66.734261,-851.468018),(116.001343,-60.698807,-849.59967),(116.602531,-60.036991,-849.092651),(117.128845,-59.735538,-848.57843),(117.580292,
   -59.794449,-848.056885),(117.956871,-60.213715,-847.528076),(118.258568,-60.993343,-846.992065),(119.004967,-61.36327,-846.060791),(119.916992,-61.868046,-844.909424),(120.994644,-62.507687,-843.538086),(122.237923,-63.282173,-841.946777),(123.64682,-64.191513,-840.135376),(148.281616,-59.102856,-813.779785),(148.092361,-65.566467,-812.354919),(130.222946,
   -69.257645,-831.472534),(130.609833,-69.624062,-830.945557),(131.143311,-70.176605,-830.20697),(131.823364,-70.915276,-829.256714),(132.650009,-71.840065,-828.094849),(133.623215,-72.950989,-826.721313),(130.943924,-47.130104,-836.268433),(125.649284,-48.223785,-841.932922),(125.803673,-42.95084,-843.095337),(126.06871,-41.38802,-843.193787),(126.46209,
   -40.43438,-842.993896),(126.983818,-40.08992,-842.495667),(127.633896,-40.354633,-841.699097),(128.412323,-41.228523,-840.604248),(131.133179,-40.666492,-837.693298),(131.439468,-30.20565,-839.999329),(136.88118,-29.081589,-834.17749),(136.57489,-39.542431,-831.87146),(142.016617,-38.418369,-826.049622),(142.42749,-24.385532,-829.143066),(147.869202,
   -23.261471,-823.321228),(146.845749,-58.215992,-815.615723),(141.404037,-59.340054,-821.437561),(141.827362,-44.881981,-824.624756),(136.385635,-46.006042,-830.446594),(136.069397,-56.807076,-828.065552),(130.62767,-57.931137,-833.88739),(110.871605,-33.693432,-862.196655),(112.059471,-35.561386,-860.390503),(114.408455,-36.716118,-857.462036),(116.436874,
   -37.835617,-854.902222),(118.144714,-38.919903,-852.71106),(119.531982,-39.968971,-850.88855),(120.598679,-40.982811,-849.434753),(121.327461,-39.158516,-849.079041),(122.018234,-36.834869,-848.892456),(122.671013,-34.011875,-848.874939),(123.285782,-30.689541,-849.026611),(123.862541,-26.867849,-849.347473),(129.771698,-27.253359,-842.618652),(128.898224,
   -31.822752,-842.441467),(127.903778,-35.93021,-842.516968),(126.788368,-39.575756,-842.845215),(125.551994,-42.759373,-843.42627),(124.194656,-45.481064,-844.26001),(125.69101,-48.096817,-841.918274),(127.052956,-50.909401,-839.67749),(128.280487,-53.918819,-837.537659),(129.373627,-57.125057,-835.49884),(130.332367,-60.52813,-833.560974),(124.529266,
   -64.009232,-839.191284),(123.855064,-60.773937,-840.767395),(123.094025,-57.908237,-842.34729),(122.246155,-55.412128,-843.93103),(121.311447,-53.285614,-845.518555),(120.289894,-51.528702,-847.109985),(118.796867,-53.193016,-848.363831),(117.225266,-54.745071,-849.734314),(115.575089,-56.184875,-851.221375),(113.846329,-57.512413,-852.825073),(112.039001,
   -58.727692,-854.54541),(111.912003,-63.065113,-853.589233),(106.543823,-64.173988,-859.332397),(107.233597,-40.615829,-864.525696),(106.233963,-39.807919,-865.852112),(109.171219,-64.307526,-856.350159),(111.771194,-65.877029,-853.034973),(114.217522,-67.701439,-849.827637),(116.510201,-69.780754,-846.728149),(118.649231,-72.114975,-843.736511),(120.634613,
   -74.704102,-840.852783),(115.156868,-79.555061,-845.770996),(113.414383,-77.057777,-848.358948),(111.423729,-74.84845,-851.152466),(109.184898,-72.927078,-854.151489),(106.697899,-71.293663,-857.356079),(103.962723,-69.948204,-860.766235),(106.913994,-64.012985,-858.957764),(107.515182,-63.351173,-858.450806),(108.041504,-63.049717,-857.936523),(108.492943,
   -63.108627,-857.414978),(108.869522,-63.527897,-856.88623),(109.171219,-64.307526,-856.350159),(117.135132,-46.939308,-851.812683),(116.361198,-46.111824,-852.890747),(115.509186,-45.354576,-854.038696),(114.579109,-44.667553,-855.256409),(113.570961,-44.050758,-856.543945),(112.484741,-43.504189,-857.901367),(112.235718,-52.008938,-856.026489),(113.242935,
   -51.259876,-855.085999),(114.236481,-50.378376,-854.194336),(115.216362,-49.364452,-853.351563),(116.182579,-48.218094,-852.557678),(117.135132,-46.939308,-851.812683),(114.72776,-67.399933,-849.331421),(136.405441,-61.556042,-826.485535),(142.343536,-60.329449,-820.13269),(130.467361,-62.782639,-832.83844),(139.157654,-67.412056,-821.913696),(134.690308,
   -68.334854,-826.693115),(128.2966,-47.676945,-839.100708),(125.726479,-45.587311,-842.51416),(125.687881,-46.905548,-842.223511),(147.357483,-40.738731,-819.468506),(130.785797,-52.530621,-835.077881),(126.056419,-41.460514,-843.189209),(126.422394,-40.518135,-843.017212),(126.339592,-40.731339,-843.056152),(126.605377,-40.046944,-842.931213),(126.198006,
   -41.095928,-843.122681),(125.654854,-48.033615,-841.974854),(125.743103,-48.204407,-841.83252),(109.227913,-63.619553,-856.460815),(107.885864,-63.89677,-857.896606),(108.556892,-63.75816,-857.178711),(108.892403,-63.688854,-856.819763),(112.994354,-66.78923,-851.431274),(106.867149,-64.107201,-858.986511),(108.928894,-63.681316,-856.780701)));
#615=COMPLEX_TRIANGULATED_SURFACE_SET('',#614,137,((-0.736199,0.166177,0.656046)),(),((24,1,25),(23,1,24),(120,118,20),(23,22,1),(22,21,2),(1,22,2),(20,70,3),(70,20,
   118),(17,4,3),(3,70,17),(20,3,2),(21,20,2),(19,117,119),(71,70,69),(71,68,72),(71,69,68),(72,68,67),(42,41,
   43),(16,15,4),(4,15,5),(67,73,72),(15,14,5),(16,4,17),(46,45,125),(5,14,13),(91,89,92),(89,91,90),(92,89,
   88),(88,87,93),(88,93,92),(94,87,137),(93,87,94),(95,94,86),(137,86,94),(85,134,138),(96,95,138),(101,139,133),(85,95,
   86),(7,115,12),(12,11,7),(7,11,8),(10,9,8),(10,8,11),(95,85,138),(82,97,98),(100,80,99),(100,101,133),(109,98,
   99),(98,109,82),(100,133,80),(80,109,99),(79,109,80),(7,6,115),(13,12,5),(5,12,115),(44,26,125),(44,43,38),(37,26,
   44),(34,37,36),(34,26,37),(37,44,38),(43,41,124),(121,34,33),(123,132,121),(65,123,131),(74,66,27),(63,126,29),(53,64,
   63),(33,32,126),(33,122,121),(122,33,28),(74,73,66),(75,27,64),(34,36,35),(60,56,61),(57,60,59),(32,31,128),(126,32,
   130),(128,31,30),(29,128,54),(129,54,127),(61,55,62),(58,57,59),(63,29,53),(117,19,18),(38,40,39),(124,38,43),(60,57,
   56),(112,77,76),(75,103,113),(75,64,103),(103,53,104),(75,113,76),(27,75,74),(112,76,113),(78,110,109),(110,78,111),(78,109,
   79),(111,77,112),(105,51,106),(111,78,77),(104,52,105),(64,53,103),(52,51,105),(54,62,55),(106,51,107),(29,54,53),(107,51,
   50),(108,48,83),(108,107,50),(108,83,109),(47,83,48),(84,83,47),(48,108,49),(50,49,108),(52,104,53),(61,56,55),(83,82,
   109),(73,67,66),(116,119,117),(119,116,120),(118,120,116),(121,26,34),(122,123,121),(123,65,132),(40,38,124),(45,44,125),(28,33,
   126),(54,128,127),(62,54,129),(32,128,130),(64,27,131),(27,66,132),(80,133,81),(134,85,135),(135,85,136),(97,82,138),(136,85,
   139)),());
#616=COORDINATES_LIST('',151,((140.860336,-10.507684,-834.416992),(131.153503,-12.512767,-844.80188),(130.954285,-19.316566,-843.302002),(125.512566,-20.440628,-849.12384),(125.901031,-7.173219,-852.048584),(140.828979,-4.089644,-836.077881),(142.142334,-2.371145,-835.039368),(143.182861,-0.384396,-834.374939),(143.950562,1.870605,-834.084656),(144.44545,
   4.393861,-834.168457),(144.667526,7.185367,-834.626343),(145.474335,34.740757,-840.700745),(150.805161,34.573917,-834.676392),(149.993378,6.848431,-828.564453),(149.719849,3.897519,-828.123901),(149.076599,1.100164,-828.137146),(148.063614,-1.543638,-828.604248),(146.680893,-4.033881,-829.525085),(144.928436,-6.37057,-830.89978),(150.756744,
   -12.013836,-822.929932),(145.421097,-17.004513,-827.653381),(107.525032,6.78292,-876.204834),(107.844749,8.715454,-876.335571),(108.256622,9.801407,-876.148438),(108.760658,10.040771,-875.643433),(109.35685,9.433558,-874.820618),(110.045204,7.979761,-873.679871),(110.263321,7.940284,-873.42511),(110.589539,19.081507,-875.881165),(116.087357,
   19.625425,-869.849426),(116.296532,26.769415,-871.424255),(121.149956,27.771957,-866.231812),(120.069221,-9.138658,-858.095032),(115.215797,-10.141199,-863.287537),(115.544502,1.08507,-865.762268),(114.890144,1.203503,-866.526611),(114.661049,-6.620867,-864.801758),(109.807625,-7.623409,-869.994202),(110.081543,1.731816,-872.056519),(106.954323,
   2.26931,-875.701965),(135.58165,-3.567423,-842.098572),(130.728226,-4.569964,-847.291016),(131.213806,12.014297,-850.94696),(130.919662,11.953538,-851.261658),(130.745361,6.000213,-849.94928),(130.508789,-2.0793,-848.168152),(120.360725,-4.175523,-859.025085),(121.135162,22.27425,-864.855835),(131.283234,24.370472,-853.998901),(131.089005,
   17.736767,-852.536499),(131.383148,17.797527,-852.221802),(131.657059,27.152752,-854.284119),(136.510483,28.155294,-849.091675),(136.236572,18.80007,-847.029358),(137.266083,19.01273,-845.927917),(137.622177,31.174522,-848.608948),(142.475601,32.177063,-843.416504),(142.119507,20.01527,-840.735474),(145.649261,20.744392,-836.959167),(145.479935,
   14.961163,-835.684265),(141.950165,14.232041,-839.460632),(141.414795,-4.053171,-835.429749),(136.561371,-5.055713,-840.622192),(136.778015,2.34342,-842.253296),(135.748489,2.130759,-843.354736),(126.257988,17.499653,-857.897705),(125.816765,17.408514,-858.369751),(125.383476,2.610249,-855.107544),(125.824699,2.701389,-854.635498),(115.915535,
   13.757148,-868.555786),(115.256195,13.705485,-869.282593),(115.069435,7.326922,-867.876465),(115.723793,7.20849,-867.112183),(136.06723,13.016839,-845.754517),(135.920319,7.999037,-844.648315),(136.949829,8.211697,-843.546936),(137.096756,13.2295,-844.653076),(119.749008,-12.586128,-857.581177),(118.186333,-14.332458,-858.892395),(116.697945,
   -16.137831,-860.105347),(115.283852,-18.002249,-861.21991),(113.944031,-19.925711,-862.236206),(112.678505,-21.908216,-863.154175),(108.547852,-18.196674,-868.729675),(109.669533,-16.034237,-868.018677),(110.916855,-13.974339,-867.140747),(112.289825,-12.016977,-866.095825),(113.788429,-10.162154,-864.883972),(115.412674,-8.409869,-863.505127),(133.365005,
   -5.631432,-844.063232),(137.096985,-4.860538,-840.070557),(135.231003,-5.245985,-842.066895),(136.164001,-5.053261,-841.068726),(136.630493,-4.956899,-840.569641),(129.633026,-6.402325,-848.055908),(145.070923,20.963062,-837.663574),(144.869232,14.074215,-836.144958),(144.970078,17.518639,-836.904236),(110.42643,13.510895,-874.653137),(120.609589,
   9.31665,-862.163452),(120.879776,18.544304,-864.197632),(121.014862,23.158131,-865.214722),(120.947319,20.851217,-864.706177),(120.981094,22.004673,-864.960449),(120.339401,0.088996,-860.129211),(120.204315,-4.524831,-859.112122),(120.271858,-2.217917,-859.620667),(115.38015,-4.528064,-864.524902),(115.297974,-7.334632,-863.90625),(115.256882,
   -8.737915,-863.596863),(114.775597,-2.708682,-865.664185),(130.971008,3.722167,-849.119019),(130.849625,-0.423899,-848.205017),(130.788925,-2.496932,-847.747986),(131.092407,7.868232,-850.032959),(131.031708,5.795199,-849.575989),(130.83252,8.976875,-850.605469),(130.627075,1.960456,-849.058716),(130.686218,3.980335,-849.504028),(130.567932,
   -0.059422,-848.613403),(125.434753,-3.127411,-853.596619),(120.74794,9.049364,-861.94043),(120.554337,2.43692,-860.482788),(120.457527,-0.869301,-859.753906),(120.409126,-2.522412,-859.389526),(120.505936,0.78381,-860.118347),(120.941551,15.661807,-863.398132),(120.844749,12.355585,-862.669312),(121.038361,18.968029,-864.127014),(120.989952,
   17.314919,-863.762573),(121.086761,20.62114,-864.491394),(131.520111,22.47514,-853.25293),(131.588577,24.813946,-853.768555),(137.444122,25.093626,-847.268433),(137.533157,28.134075,-847.938721),(145.060974,20.622871,-837.588562),(144.891632,14.839643,-836.31366),(141.437012,-3.294043,-835.597107),(141.693588,5.468999,-837.52887),(141.565308,
   1.087478,-836.562988),(138.988083,-4.554442,-838.026001),(140.201447,-4.303806,-836.727844),(137.774719,-4.805078,-839.324097),(136.563858,-4.970665,-840.64093),(136.670929,-1.313623,-841.447144),(136.617386,-3.142144,-841.044006),(135.66507,-0.718332,-842.726685),(125.600121,10.009381,-856.738647),(126.041344,10.100521,-856.266602),(115.261719,
   -8.572721,-863.633301),(116.858116,-9.801955,-861.530457)));
#617=COMPLEX_TRIANGULATED_SURFACE_SET('',#616,151,((-0.736199,0.166177,0.656046)),(),((21,20,19),(5,2,95),(7,62,19),(18,7,19),(21,19,1),(2,1,63),(4,3,2),(143,1,
   141),(1,143,63),(1,19,62),(17,8,18),(9,8,17),(9,16,15),(15,14,10),(76,65,64),(15,10,9),(146,6,138),(146,138,
   145),(41,147,114),(75,112,65),(18,8,7),(113,114,147),(17,16,9),(2,90,95),(34,80,79),(87,80,34),(81,80,87),(83,82,
   84),(84,82,85),(138,140,145),(81,85,82),(81,86,85),(81,87,86),(78,151,79),(90,2,92),(120,121,46),(5,4,2),(121,69,
   68),(69,45,149),(108,106,107),(151,33,106),(34,88,87),(106,108,109),(10,14,11),(63,92,2),(76,75,65),(139,61,76),(96,136,
   59),(60,14,59),(76,61,77),(137,97,60),(60,97,14),(58,77,61),(75,115,116),(74,54,43),(44,43,51),(117,149,45),(43,115,
   74),(74,77,55),(148,128,122),(134,57,135),(98,58,61),(146,94,91),(12,96,13),(54,53,132),(54,51,43),(54,74,55),(133,132,
   53),(58,57,134),(51,50,44),(55,77,58),(13,59,14),(66,44,50),(39,38,111),(36,35,73),(36,72,39),(71,28,72),(28,71,
   99),(72,36,73),(105,100,35),(39,72,28),(28,22,40),(40,39,28),(63,93,92),(27,26,23),(23,26,24),(27,23,22),(27,22,
   28),(111,38,37),(100,101,70),(49,67,66),(101,30,70),(70,73,100),(102,30,104),(49,48,67),(30,102,31),(24,26,25),(29,99,
   30),(71,70,30),(30,99,71),(100,73,35),(50,49,66),(144,93,63),(96,59,13),(14,97,11),(30,103,104),(32,31,102),(30,101,
   103),(105,108,107),(126,124,68),(106,109,151),(125,121,124),(108,105,35),(89,151,109),(150,88,110),(88,34,110),(39,111,36),(118,119,
   69),(113,65,112),(69,120,118),(42,41,114),(74,115,75),(112,75,116),(148,67,128),(45,69,119),(120,69,121),(121,68,124),(68,148,
   123),(47,121,125),(68,123,126),(129,130,67),(67,127,128),(67,131,129),(127,67,130),(48,131,67),(51,54,132),(53,52,133),(55,58,
   134),(56,135,57),(58,98,136),(98,61,137),(62,7,138),(76,64,139),(139,64,140),(6,146,91),(1,142,141),(62,142,1),(146,144,
   94),(140,64,145),(113,147,65),(148,122,123),(117,44,149),(66,149,44),(89,109,150),(79,151,34)),());
#618=COORDINATES_LIST('',71,((137.566315,64.215431,-857.040955),(139.457352,63.69648,-854.787415),(141.125046,63.138149,-852.774536),(142.569382,62.540443,-851.002319),(143.790375,61.90337,-849.470825),(144.78801,61.226917,-848.179932),(146.019669,60.155857,-846.526489),(146.968567,59.012863,-845.172119),(147.634674,57.797924,-844.116882),(148.018005,
   56.511047,-843.360779),(148.118546,55.152241,-842.903748),(147.812469,52.786331,-842.647949),(147.037628,50.587337,-842.960449),(145.794037,48.55526,-843.841248),(144.081696,46.690102,-845.290344),(141.90062,44.991859,-847.307739),(140.299026,44.113255,-848.882446),(138.118607,43.236813,-851.107239),(135.359375,42.362537,-853.982117),(132.021317,
   41.490421,-857.507141),(128.104431,40.620472,-861.68219),(125.084732,40.037289,-864.923096),(121.967422,39.515091,-868.289001),(118.752495,39.053883,-871.779907),(115.439941,38.65366,-875.395813),(112.02977,38.314426,-879.136658),(113.370712,44.170601,-879.115295),(113.88073,45.912514,-878.984192),(114.469643,46.953884,-878.587097),(115.137451,
   47.294704,-877.924011),(115.884148,46.934986,-876.994995),(116.70974,45.874722,-875.799988),(119.196037,46.114414,-873.070618),(121.613533,46.400757,-870.430298),(123.962227,46.733753,-867.878967),(126.242119,47.1134,-865.416687),(128.453201,47.5397,-863.043457),(131.245758,48.153732,-860.065247),(133.681625,48.768482,-857.487488),(135.760849,
   49.383945,-855.310181),(137.483398,50.000122,-853.533264),(138.849274,50.617016,-852.156738),(139.760712,51.190758,-851.279236),(140.472931,51.750397,-850.621765),(140.985931,52.295937,-850.184326),(141.299713,52.827374,-849.966797),(141.414261,53.344711,-849.969299),(141.335815,53.960815,-850.213379),(141.062637,54.516407,-850.660645),(140.594727,
   55.011482,-851.311157),(139.932083,55.446049,-852.164856),(139.074707,55.820103,-853.22168),(138.302689,56.113728,-854.162415),(137.37262,56.40176,-855.279114),(136.2845,56.684193,-856.571655),(135.038361,56.961029,-858.040222),(133.634155,57.232273,-859.684692),(137.566315,64.215431,-857.040955),(115.544838,70.994034,-883.469971),(119.583855,
   75.635719,-880.11322),(123.927704,79.704689,-876.269348),(128.576385,83.200928,-871.938293),(133.529922,86.124451,-867.120056),(138.788269,88.47525,-861.814758),(140.324066,81.015442,-858.201721),(135.072937,78.612038,-863.485657),(130.266724,75.827141,-868.173645),(125.905449,72.660774,-872.265686),(121.98909,69.112923,-875.761902),(118.517662,
   65.183594,-878.662109),(115.544838,70.994034,-883.469971)));
#619=COMPLEX_TRIANGULATED_SURFACE_SET('',#618,69,((-0.736199,0.166177,0.656046)),(),((44,16,15),(15,14,45),(17,16,43),(19,18,40),(18,17,42),(20,19,39),(14,46,45),(43,42,
   17),(16,44,43),(44,15,45),(13,12,47),(39,38,20),(40,18,41),(41,18,42),(19,40,39),(14,13,46),(20,38,21),(36,22,
   21),(24,23,34),(22,35,23),(21,38,37),(27,25,32),(27,26,25),(32,25,24),(21,37,36),(36,35,22),(34,33,24),(35,34,
   23),(32,28,27),(28,32,31),(31,30,29),(31,29,28),(33,32,24),(47,11,10),(47,46,13),(49,48,7),(47,9,48),(5,51,
   50),(50,49,6),(47,10,9),(47,12,11),(8,7,48),(6,49,7),(6,5,50),(4,52,51),(3,52,4),(5,4,51),(9,8,
   48),(53,3,2),(52,3,53),(2,55,54),(54,53,2),(2,1,55),(55,1,56),(57,56,1),(70,69,59),(67,66,63),(64,63,
   66),(67,63,62),(60,69,68),(69,60,59),(68,61,60),(68,67,61),(67,62,61),(64,66,65)),());
#620=COORDINATES_LIST('',43,((142.971786,109.035629,-862.328064),(144.84877,108.236504,-860.019348),(146.835251,107.182724,-857.523254),(148.931229,105.874298,-854.839783),(151.136703,104.311218,-851.968933),(153.451645,102.493484,-848.910706),(149.878387,97.782318,-851.727173),(147.802139,99.564827,-854.508606),(145.846161,101.061096,-857.082581),(144.010437,
   102.271126,-859.449097),(142.294968,103.194916,-861.608093),(140.699768,103.832458,-863.559692),(138.999374,104.272453,-865.579285),(137.258499,104.528252,-867.597656),(135.477158,104.599861,-869.614807),(133.655334,104.487282,-871.630676),(131.79303,104.190514,-873.645325),(129.590225,103.647575,-875.979736),(127.511665,102.954483,-878.136719),(125.557343,
   102.111214,-880.116211),(123.727272,101.11779,-881.918213),(122.021446,99.974197,-883.542786),(120.47506,98.684326,-884.951355),(118.82518,97.055237,-886.390198),(117.071823,95.086929,-887.859192),(115.214966,92.779396,-889.358398),(113.254623,90.132637,-890.887817),(110.209579,93.4767,-895.151978),(112.310112,96.3181,-893.514526),(114.342255,
   98.820763,-891.868042),(116.306007,100.984688,-890.212463),(118.201363,102.809883,-888.547852),(120.028328,104.296341,-886.874207),(122.179611,105.775406,-884.834778),(124.447655,107.04866,-882.612122),(126.832466,108.116096,-880.206299),(129.334045,108.97773,-877.617371),(131.952408,109.633553,-874.845215),(134.275711,109.998497,-872.330505),(136.539307,
   110.121185,-869.821411),(138.743195,110.001602,-867.317993),(140.887344,109.639748,-864.82019),(142.971786,109.035629,-862.328064)));
#621=COMPLEX_TRIANGULATED_SURFACE_SET('',#620,42,((-0.736199,0.166177,0.656046)),(),((7,6,8),(9,8,6),(5,10,9),(9,6,5),(4,11,10),(12,11,4),(3,13,12),(4,10,
   5),(28,25,29),(27,26,28),(28,26,25),(25,24,29),(31,22,21),(30,22,31),(29,23,30),(23,29,24),(30,23,22),(21,20,
   32),(3,12,4),(2,14,13),(1,15,14),(42,16,15),(1,14,2),(2,13,3),(41,16,42),(17,41,40),(17,16,41),(42,15,
   1),(17,40,39),(34,19,18),(32,31,21),(32,20,33),(19,33,20),(18,17,36),(17,37,36),(36,35,18),(34,33,19),(18,35,
   34),(37,17,38),(17,39,38)),());
#622=COORDINATES_LIST('',7,((144.007385,154.390228,-872.654358),(144.214066,161.449173,-874.210449),(149.435165,162.527664,-868.624634),(155.083878,160.735825,-861.831909),(154.949402,156.143265,-860.819519),(150.011169,157.236526,-866.638),(149.963852,155.620621,-866.281799)));
#623=COMPLEX_TRIANGULATED_SURFACE_SET('',#622,7,((-0.736199,0.166177,0.656046)),(),((1,7,6),(6,4,3),(4,6,5),(3,2,6),(6,2,1)),());
#624=COORDINATES_LIST('',115,((128.089081,214.840057,-905.829529),(129.394638,216.891708,-904.884155),(130.617233,218.905914,-904.0224),(131.756882,220.882706,-903.244202),(132.813553,222.822067,-902.549683),(133.787277,224.724014,-901.938782),(134.980957,226.948669,-901.162781),(136.373474,228.774811,-900.062683),(137.964813,230.202454,-898.63855),(139.755005,
   231.231598,-896.89032),(141.744034,231.862244,-894.817993),(143.6371,232.111267,-892.756714),(145.37471,232.044159,-890.789795),(146.956894,231.660904,-888.917236),(148.383636,230.961502,-887.139038),(149.654938,229.945969,-885.4552),(150.645767,228.737244,-884.037109),(151.401566,227.290619,-882.822571),(151.922363,225.606094,-881.811401),(152.208145,
   223.68367,-881.003784),(152.258926,221.523346,-880.399597),(152.088135,219.384872,-880.049561),(151.705246,217.391953,-879.974426),(151.110275,215.544586,-880.174133),(150.303223,213.842758,-880.648743),(149.284073,212.286469,-881.398193),(147.903305,210.662247,-882.536194),(146.437195,209.317947,-883.840942),(144.885727,208.253586,-885.312378),(143.248886,
   207.469131,-886.9505),(141.526688,206.964615,-888.75531),(138.732285,206.38739,-891.744873),(138.941467,213.531387,-893.319763),(141.588776,214.078217,-890.487488),(142.563995,214.333771,-889.457886),(143.430634,214.675079,-888.571838),(144.188675,215.102173,-887.829346),(144.838135,215.615036,-887.230469),(145.378998,216.213669,-886.775146),(145.819397,
   216.876083,-886.44873),(146.167465,217.580292,-886.236511),(146.423203,218.326294,-886.138489),(146.586609,219.114075,-886.154663),(146.657684,219.943665,-886.285034),(146.643585,221.059967,-886.583618),(146.531586,222.027557,-886.954407),(146.321655,222.846436,-887.3974),(146.01384,223.516602,-887.912598),(145.608093,224.03804,-888.5),(145.03299,
   224.467026,-889.253967),(144.389587,224.760162,-890.050232),(143.677902,224.91748,-890.888733),(142.897903,224.93895,-891.76947),(142.049622,224.824585,-892.692444),(141.19664,224.550339,-893.580139),(140.402603,224.092148,-894.355164),(139.667496,223.449997,-895.017395),(138.991333,222.623917,-895.566956),(138.3741,221.613892,-896.003723),(137.117905,
   219.251236,-896.814941),(135.828018,216.935699,-897.675903),(134.50441,214.667313,-898.586609),(133.14711,212.44606,-899.547119),(131.756104,210.271957,-900.557373),(130.609482,208.655518,-901.434631),(129.318253,207.293243,-902.538574),(127.882446,206.18515,-903.86908),(126.302048,205.331207,-905.42627),(124.577057,204.73143,-907.210083),(122.84124,
   204.460785,-909.089417),(121.226357,204.526215,-910.918213),(119.732422,204.927689,-912.69635),(118.359421,205.665237,-914.42395),(117.107361,206.738846,-916.100891),(116.116646,207.950974,-917.519714),(115.357147,209.271729,-918.706543),(114.82888,210.701111,-919.661377),(114.531845,212.239136,-920.384338),(114.466034,213.885757,-920.875244),(114.623215,
   215.859116,-921.19873),(114.975243,217.696884,-921.269226),(115.52211,219.399063,-921.08667),(116.263817,220.965668,-920.651184),(117.200356,222.396683,-919.962708),(118.59951,223.950317,-918.786133),(120.242462,225.243225,-917.269958),(122.129227,226.275421,-915.414124),(124.259781,227.04689,-913.218689),(126.634148,227.557632,-910.683594),(126.424973,
   220.413635,-909.108765),(125.042931,220.243118,-910.616455),(123.826309,219.930954,-911.902649),(122.775116,219.477112,-912.967285),(121.889343,218.881622,-913.810486),(121.169006,218.144485,-914.432068),(120.783836,217.571243,-914.719116),(120.479836,216.974197,-914.908997),(120.256996,216.353348,-915.001831),(120.115326,215.708679,-914.997498),(120.054825,
   215.040207,-914.896057),(120.077576,214.419357,-914.713257),(120.183685,213.849548,-914.44989),(120.373154,213.330765,-914.105835),(120.645981,212.863022,-913.681213),(121.002167,212.446304,-913.175964),(121.558716,211.983063,-912.434082),(122.148468,211.655167,-911.689209),(122.771423,211.462616,-910.941345),(123.427574,211.405411,-910.190552),(124.116928,
   211.483566,-909.436768),(124.911171,211.749069,-908.612732),(125.705505,212.217468,-907.840027),(126.499939,212.888763,-907.11853),(127.294464,213.76297,-906.448425),(128.089081,214.840057,-905.829529)));
#625=COMPLEX_TRIANGULATED_SURFACE_SET('',#624,114,((-0.736199,0.166177,0.656046)),(),((34,30,29),(28,35,29),(36,27,26),(36,35,27),(35,28,27),(25,37,26),(34,32,31),(34,31,
   30),(34,33,32),(29,35,34),(113,64,63),(25,24,38),(23,22,41),(41,22,42),(23,41,40),(61,2,62),(21,44,43),(42,22,
   43),(43,22,21),(36,26,37),(37,25,38),(39,24,40),(1,63,62),(24,39,38),(40,24,23),(2,1,62),(110,69,68),(110,68,
   67),(111,67,66),(110,70,69),(66,65,111),(111,110,67),(72,110,109),(110,71,70),(110,72,71),(109,73,72),(109,74,73),(107,75,
   74),(75,106,76),(108,74,109),(112,111,65),(113,63,114),(112,64,113),(65,64,112),(106,75,107),(105,77,76),(77,104,103),(104,77,
   105),(76,106,105),(103,102,78),(78,101,79),(101,78,102),(103,78,77),(107,74,108),(63,1,114),(44,21,45),(45,20,46),(20,45,
   21),(46,20,47),(47,19,48),(19,47,20),(49,48,19),(49,18,50),(5,59,58),(4,60,59),(17,51,50),(6,57,56),(5,58,
   57),(18,49,19),(3,61,60),(17,16,51),(17,50,18),(51,16,52),(15,53,52),(15,14,53),(15,52,16),(53,14,13),(53,13,
   54),(8,55,54),(10,54,11),(9,54,10),(11,54,12),(13,12,54),(56,55,7),(54,9,8),(2,61,3),(81,95,82),(95,94,
   82),(60,4,3),(96,95,81),(100,99,79),(79,99,80),(79,101,100),(98,97,80),(81,80,97),(97,96,81),(98,80,99),(94,93,
   83),(91,90,89),(7,6,56),(6,5,57),(4,59,5),(91,89,88),(84,83,93),(93,85,84),(82,94,83),(92,85,93),(86,92,
   87),(85,92,86),(92,91,87),(91,88,87),(55,8,7)),());
#626=COORDINATES_LIST('',83,((137.772125,260.966522,-906.647339),(141.381516,261.319855,-902.686462),(144.460159,261.320099,-899.23175),(147.008041,260.967255,-896.283203),(149.025177,260.261322,-893.84082),(150.511566,259.202301,-891.904602),(151.503769,258.041199,-890.497009),(152.263763,256.737457,-889.313965),(152.791534,255.291061,-888.355347),(153.087082,
   253.702026,-887.621155),(153.150391,251.970352,-887.11145),(152.985184,250.221878,-886.854004),(152.593124,248.514481,-886.86145),(151.974213,246.848129,-887.133911),(151.128464,245.222839,-887.671265),(150.055862,243.638611,-888.473633),(147.819107,241.13765,-890.350159),(145.183899,239.007462,-892.767761),(142.150238,237.248077,-895.72644),(138.718109,
   235.859467,-899.226135),(134.887527,234.84166,-903.266907),(130.447205,234.167908,-908.079041),(126.538918,234.090958,-912.445374),(123.162674,234.610825,-916.365784),(120.318474,235.727509,-919.840332),(118.00631,237.440994,-922.869019),(117.013802,238.591888,-924.274353),(116.252907,239.865021,-925.450684),(115.723648,241.260391,-926.39801),(115.42601,
   242.777985,-927.116455),(115.360001,244.417816,-927.605896),(115.503929,246.138214,-927.880127),(115.83213,247.761414,-927.923035),(116.344604,249.28743,-927.734497),(117.041344,250.716248,-927.314514),(117.922348,252.047882,-926.663208),(119.77253,254.127487,-925.113708),(121.917068,255.875671,-923.150024),(124.355965,257.292419,-920.771973),(127.089226,
   258.377716,-917.979675),(130.116837,259.131622,-914.773132),(129.915131,252.242767,-913.254517),(127.536392,251.582336,-915.756592),(125.524284,250.862396,-917.832214),(123.878822,250.082932,-919.481262),(122.599998,249.243942,-920.703796),(121.68782,248.345444,-921.499817),(121.384758,247.880463,-921.722168),(121.144615,247.367615,-921.861694),(120.9674,
   246.8069,-921.918579),(120.853104,246.198318,-921.8927),(120.80172,245.54187,-921.784058),(120.822525,244.954453,-921.611877),(120.920807,244.416824,-921.365417),(121.096565,243.929031,-921.044617),(121.349792,243.491043,-920.649536),(121.680504,243.102875,-920.180115),(123.248245,242.02684,-918.148254),(125.336967,241.369522,-915.637817),(127.946678,
   241.130875,-912.648865),(131.077362,241.310944,-909.181274),(134.729019,241.909698,-905.235107),(137.889008,242.690933,-901.886963),(140.603561,243.637131,-899.080383),(142.872711,244.748306,-896.815491),(144.696442,246.02446,-895.092163),(146.074768,247.465576,-893.910522),(146.514664,248.110992,-893.580322),(146.861252,248.76416,-893.356873),(147.114502,
   249.425125,-893.240112),(147.274414,250.093842,-893.230042),(147.341003,250.77034,-893.32666),(147.311661,251.36615,-893.510498),(147.187805,251.928925,-893.792053),(146.969421,252.458633,-894.171326),(146.656509,252.955292,-894.648254),(146.249069,253.418915,-895.2229),(145.40036,253.889435,-896.294495),(144.106659,254.139542,-897.809631),(142.367935,
   254.169235,-899.76825),(140.184204,253.978516,-902.170471),(137.555481,253.567383,-905.016235),(137.772125,260.966522,-906.647339)));
#627=COMPLEX_TRIANGULATED_SURFACE_SET('',#626,82,((-0.736199,0.166177,0.656046)),(),((65,18,17),(66,65,16),(17,16,65),(15,66,16),(20,19,63),(64,63,19),(64,19,18),(18,65,
   64),(20,63,62),(15,14,67),(69,13,12),(71,11,72),(11,71,12),(70,12,71),(66,15,67),(69,68,13),(70,69,12),(14,68,
   67),(14,13,68),(22,21,62),(22,61,23),(62,61,22),(21,20,62),(23,61,60),(23,60,24),(59,25,24),(25,59,26),(26,58,
   27),(60,59,24),(57,27,58),(56,55,29),(57,56,29),(57,28,27),(55,30,29),(29,28,57),(30,53,31),(54,53,30),(54,30,
   55),(31,53,52),(58,26,59),(72,11,73),(74,73,10),(10,9,75),(75,9,76),(10,75,74),(73,11,10),(77,76,9),(6,79,
   78),(4,80,79),(78,77,8),(9,8,77),(7,6,78),(5,4,79),(5,79,6),(3,80,4),(82,81,2),(2,1,82),(2,81,
   3),(80,3,81),(7,78,8),(49,48,33),(34,47,46),(33,47,34),(48,47,33),(31,51,32),(31,52,51),(49,32,50),(32,49,
   33),(50,32,51),(46,45,36),(39,44,43),(42,41,40),(42,40,43),(39,43,40),(36,35,46),(34,46,35),(44,38,37),(36,45,
   37),(44,39,38),(44,37,45)),());
#628=COORDINATES_LIST('',13,((153.630997,268.384521,-890.729858),(115.83313,260.576843,-931.16803),(116.042305,267.720825,-932.74292),(130.381958,270.682892,-917.401611),(130.670822,280.548401,-919.576355),(116.331169,277.586334,-934.917725),(116.540337,284.730316,-936.492554),(154.338211,292.537994,-896.054382),(154.129028,285.394012,-894.479553),(144.128036,
   283.328156,-905.179138),(136.112534,281.672455,-913.754517),(135.823685,271.806946,-911.579773),(153.840164,275.528503,-892.304749)));
#629=COMPLEX_TRIANGULATED_SURFACE_SET('',#628,13,((-0.736199,0.166177,0.656046)),(),((1,13,12),(1,12,2),(2,4,3),(4,2,12),(4,12,11),(9,8,10),(10,8,11),(5,11,
   7),(7,6,5),(11,8,7),(4,11,5)),());
#630=COORDINATES_LIST('',174,((138.938934,335.765747,-924.284729),(138.963791,335.016846,-924.067139),(139.084152,334.335022,-923.759399),(139.300049,333.720245,-923.361389),(139.611465,333.172577,-922.873169),(140.018402,332.691956,-922.2948),(140.667297,332.18692,-921.438721),(141.42038,331.845398,-920.50708),(142.277649,331.66745,-919.5),(143.23912,
   331.653046,-918.417419),(144.304779,331.802155,-917.259338),(145.559937,332.132446,-915.934509),(146.678085,332.576416,-914.792175),(147.659225,333.134125,-913.832458),(148.503357,333.805542,-913.055237),(149.210495,334.590698,-912.460571),(149.650696,335.246307,-912.13269),(149.998169,335.930115,-911.915955),(150.252914,336.64209,-911.810425),(150.414917,
   337.382233,-911.816101),(150.484192,338.150574,-911.932983),(150.45845,338.868866,-912.14386),(150.337372,339.526886,-912.446411),(150.120987,340.124634,-912.840637),(149.809265,340.66214,-913.326599),(149.402237,341.139343,-913.904236),(148.732758,341.640137,-914.782349),(147.917908,341.968872,-915.780029),(146.957672,342.125549,-916.897278),(145.852081,
   342.110199,-918.134033),(144.601105,341.922821,-919.490356),(143.531265,341.630798,-920.617004),(142.557236,341.216583,-921.605042),(141.679047,340.680145,-922.454651),(140.896683,340.021484,-923.165771),(140.210144,339.240601,-923.738403),(139.770035,338.588379,-924.067078),(139.422867,337.914795,-924.286072),(139.168625,337.219818,-924.395325),(139.007309,
   336.503479,-924.394897),(138.938934,335.765747,-924.284729),(136.473389,341.427368,-928.485596),(136.460175,341.674866,-928.56311),(136.585052,342.045563,-928.516907),(136.848022,342.539459,-928.346924),(137.2491,343.156555,-928.053162),(137.788269,343.896851,-927.63562),(139.139603,345.514984,-926.529053),(140.517471,346.841064,-925.318726),(141.921875,
   347.875031,-924.004639),(143.352814,348.616943,-922.586853),(144.810272,349.066803,-921.065247),(146.841385,349.337585,-918.854553),(148.69902,349.274963,-916.754089),(150.383163,348.878937,-914.763916),(151.893799,348.149536,-912.883911),(153.230972,347.086761,-911.114197),(154.171127,345.945343,-909.77002),(154.888657,344.588867,-908.621277),(155.383514,
   343.017334,-907.667847),(155.655731,341.230713,-906.909851),(155.705307,339.229065,-906.347168),(155.535614,337.128021,-906.005432),(155.154022,335.179352,-905.940002),(154.560547,333.382996,-906.151001),(153.755173,331.738983,-906.638306),(152.737915,330.247345,-907.402039),(151.321869,328.615845,-908.57782),(149.749863,327.249664,-909.99585),(148.021896,
   326.148834,-911.656067),(146.13797,325.313354,-913.558533),(144.098099,324.743225,-915.703247),(142.649384,324.592743,-917.290833),(141.244751,324.748932,-918.906616),(139.884171,325.211761,-920.550659),(138.567657,325.981293,-922.222961),(137.295212,327.057434,-923.923462),(136.792297,327.55542,-924.613953),(136.422302,327.999725,-925.141724),(136.185226,
   328.39032,-925.506653),(136.08107,328.727234,-925.708923),(136.109833,329.010437,-925.748352),(136.169464,328.850311,-925.640869),(136.121002,328.593475,-925.630188),(135.964478,328.239899,-925.716309),(135.69986,327.789642,-925.89917),(135.327148,327.242645,-926.178894),(134.103836,325.803101,-927.187012),(132.805923,324.611908,-928.341797),(131.433426,
   323.669037,-929.643127),(129.986343,322.974518,-931.091125),(128.464661,322.52832,-932.685669),(128.317581,322.497925,-932.843018),(126.400993,322.244049,-934.929443),(124.651596,322.308716,-936.908997),(123.06942,322.691986,-938.781555),(121.654442,323.393799,-940.54718),(120.40667,324.414215,-942.205872),(119.463913,325.467194,-943.530518),(118.742615,
   326.694397,-944.650818),(118.242767,328.095825,-945.566711),(117.964378,329.671509,-946.278198),(117.90744,331.421417,-946.785339),(118.066574,333.161835,-947.047668),(118.440384,334.845184,-947.054565),(119.028885,336.471436,-946.806091),(119.832062,338.040588,-946.302246),(120.849922,339.552673,-945.54303),(122.172096,341.073486,-944.44458),(123.644936,
   342.348175,-943.114624),(125.268463,343.376709,-941.553284),(127.042656,344.159088,-939.760498),(128.967514,344.695313,-937.736328),(129.114594,344.725708,-937.578979),(130.628494,344.906555,-935.925903),(132.052277,344.805054,-934.302429),(133.385941,344.421173,-932.708618),(134.629456,343.754944,-931.144409),(135.782852,342.806335,-929.609802),(136.128754,
   342.438202,-929.128418),(136.370773,342.116272,-928.775269),(136.508881,341.840485,-928.550415),(136.543091,341.61084,-928.453857),(136.473389,341.427368,-928.485596),(123.12854,332.499908,-941.199524),(123.150398,331.84845,-941.01001),(123.255814,331.254822,-940.741333),(123.444786,330.719025,-940.393555),(123.717308,330.241058,-939.966675),(124.073395,
   329.820953,-939.460693),(124.614983,329.445892,-938.757935),(125.330368,329.214966,-937.896606),(126.219551,329.128143,-936.876831),(127.282524,329.185394,-935.698486),(128.519287,329.38678,-934.361633),(128.666367,329.417145,-934.204285),(129.773941,329.700043,-933.03302),(130.74353,330.062622,-932.036804),(131.575104,330.504913,-931.215698),(132.268677,
   331.026886,-930.56958),(132.824265,331.628571,-930.098511),(133.209427,332.201782,-929.811523),(133.513428,332.798828,-929.621582),(133.736267,333.419678,-929.528809),(133.87793,334.064362,-929.533142),(133.938431,334.732819,-929.634521),(133.91568,335.353668,-929.817322),(133.80957,335.923492,-930.08075),(133.620102,336.442261,-930.424744),(133.347275,
   336.910034,-930.849426),(132.991104,337.326752,-931.354675),(132.464218,337.704803,-932.041687),(131.792953,337.944855,-932.855774),(130.97731,338.046875,-933.796936),(130.017288,338.010895,-934.865112),(128.912888,337.836853,-936.060364),(128.765808,337.806488,-936.217712),(127.525856,337.496246,-937.530579),(126.453323,337.112396,-938.636902),(125.54821,
   336.654938,-939.536743),(124.810509,336.12384,-940.230042),(124.240234,335.519135,-940.716797),(123.855164,334.94928,-941.004578),(123.55146,334.362457,-941.196777),(123.329124,333.758606,-941.293274),(123.188148,333.137756,-941.29425),(123.12854,332.499908,-941.199524),(136.522614,341.860229,-928.540039),(136.491394,341.767548,-928.551575),(136.133148,
   328.558777,-925.607788),(136.107117,328.643005,-925.658325),(136.120132,328.600891,-925.633057),(136.121536,328.596313,-925.63031),(136.511047,341.825897,-928.544312)));
#631=COMPLEX_TRIANGULATED_SURFACE_SET('',#630,171,((-0.736199,0.166177,0.656046)),(),((12,70,69),(11,72,71),(70,11,71),(69,68,12),(14,67,66),(12,11,70),(67,13,68),(13,12,
   68),(66,65,15),(72,11,74),(74,11,75),(75,10,76),(77,76,10),(72,74,73),(79,78,8),(77,9,78),(79,83,80),(8,83,
   79),(83,173,170),(10,9,77),(10,75,11),(64,18,17),(18,64,63),(15,65,16),(17,16,64),(15,14,66),(63,62,20),(20,19,
   63),(21,20,62),(62,22,21),(63,19,18),(13,67,14),(83,8,82),(9,8,78),(82,6,5),(82,7,6),(144,3,2),(143,4,
   3),(142,5,4),(82,8,7),(64,16,65),(145,2,1),(89,137,136),(136,91,90),(89,136,90),(88,137,89),(86,85,81),(85,84,
   171),(138,86,81),(88,87,137),(138,87,86),(94,93,135),(95,94,135),(134,96,95),(121,169,122),(93,92,136),(98,97,133),(96,134,
   97),(98,132,99),(100,99,131),(85,171,81),(93,136,135),(80,83,170),(92,91,136),(138,81,82),(140,139,82),(138,137,87),(139,138,
   82),(143,3,144),(141,82,5),(141,5,142),(142,4,143),(140,82,141),(132,98,133),(130,100,131),(100,130,101),(99,132,131),(133,97,
   134),(128,102,101),(128,101,129),(102,127,126),(127,102,128),(102,126,103),(129,101,130),(135,134,95),(2,145,144),(171,84,172),(145,1,
   146),(22,61,23),(61,22,62),(24,23,61),(60,25,24),(24,61,60),(27,26,59),(60,26,25),(58,28,27),(57,29,28),(29,56,
   30),(37,36,42),(149,39,38),(148,40,39),(38,37,150),(34,33,45),(35,34,42),(32,47,33),(36,35,42),(26,60,59),(147,1,
   40),(57,28,58),(56,55,30),(29,57,56),(55,54,30),(58,27,59),(53,31,54),(31,52,50),(31,53,52),(31,30,54),(50,52,
   51),(123,44,168),(44,123,45),(123,168,174),(169,121,43),(42,43,154),(34,123,42),(49,48,32),(33,47,46),(123,34,45),(45,33,
   46),(32,48,47),(49,31,50),(31,49,32),(37,42,151),(1,147,146),(148,39,149),(149,38,150),(40,148,147),(151,42,152),(153,42,
   154),(107,161,160),(42,153,152),(37,151,150),(166,165,104),(166,103,125),(103,166,104),(125,103,126),(165,164,104),(105,162,106),(164,163,
   105),(105,163,162),(164,105,104),(106,162,161),(119,154,120),(156,155,117),(155,154,119),(118,155,119),(154,43,120),(116,156,117),(115,114,
   156),(156,116,115),(117,155,118),(156,114,157),(109,159,158),(107,106,161),(107,160,108),(160,159,108),(158,157,112),(158,112,111),(111,110,
   158),(109,108,159),(158,110,109),(112,157,113),(157,114,113),(120,43,121),(122,169,174),(172,84,173)),());
#632=COORDINATES_LIST('',82,((137.218414,351.894318,-930.300842),(132.98613,351.236481,-934.883606),(129.290176,351.122253,-939.002197),(126.130562,351.551605,-942.656555),(123.507278,352.524567,-945.846802),(121.420319,354.041107,-948.572876),(120.427612,355.185211,-949.976685),(119.666122,356.437927,-951.14856),(119.135864,357.799286,-952.088379),(118.836838,
   359.269257,-952.796326),(118.769035,360.847839,-953.272278),(118.929771,362.443207,-953.496033),(119.318344,364.031555,-953.46228),(119.934761,365.612854,-953.171082),(120.779022,367.187103,-952.622437),(121.85112,368.754333,-951.816345),(124.052818,371.156769,-949.954224),(126.765358,373.231934,-947.435913),(129.988724,374.979767,-944.261414),(133.722916,
   376.40033,-940.430847),(137.967957,377.493622,-935.944092),(142.253174,378.162384,-931.304688),(145.990311,378.285126,-927.14209),(149.179337,377.861847,-923.456177),(151.820282,376.892517,-920.24707),(153.913116,375.377197,-917.514709),(154.90593,374.236511,-916.111633),(155.667709,372.993988,-914.942078),(156.198471,371.649658,-914.00592),(156.498199,
   370.203491,-913.303284),(156.566895,368.655518,-912.834106),(156.405258,367.02951,-912.603577),(156.015991,365.417358,-912.63208),(155.399078,363.819061,-912.919495),(154.55452,362.234589,-913.465881),(153.482315,360.663971,-914.27124),(151.274734,358.260315,-916.139709),(148.544556,356.181519,-918.67688),(145.291763,354.427612,-921.882813),(141.516388,
   352.998535,-925.757446),(137.218414,351.894318,-930.300842),(137.761276,370.434662,-934.388),(134.241837,369.558899,-938.115601),(131.213669,368.487061,-941.242188),(128.676804,367.219147,-943.767883),(126.631226,365.755157,-945.692505),(125.076927,364.095093,-947.016235),(124.774666,363.657318,-947.244507),(124.536911,363.226135,-947.4021),(124.363678,
   362.801483,-947.488953),(124.254959,362.383423,-947.505066),(124.210747,361.971893,-947.450439),(124.230354,361.543152,-947.319824),(124.315071,361.141357,-947.122986),(124.464897,360.766541,-946.859924),(124.67984,360.418701,-946.530579),(124.959885,360.097839,-946.135071),(126.50679,359.108826,-944.148621),(128.527008,358.508331,-941.729492),(131.020554,
   358.296417,-938.877625),(133.987411,358.473083,-935.593018),(137.427582,359.0383,-931.875732),(140.999863,359.9216,-928.090698),(144.068909,360.99176,-924.917786),(146.634689,362.248718,-922.356934),(148.69722,363.692566,-920.408142),(150.256516,365.323212,-919.07135),(150.558868,365.764374,-918.843811),(150.796921,366.20578,-918.688477),(150.970657,
   366.64743,-918.605408),(151.080078,367.089325,-918.594543),(151.125183,367.531464,-918.655945),(151.104675,367.929596,-918.779785),(151.019257,368.307556,-918.971375),(150.868942,368.665375,-919.230713),(150.653702,369.002991,-919.557739),(150.37355,369.320465,-919.952576),(148.892258,370.353485,-921.876465),(146.890381,370.981415,-924.281982),(144.36792,
   371.204254,-927.169067),(141.32489,371.022003,-930.537781),(137.761276,370.434662,-934.388)));
#633=COMPLEX_TRIANGULATED_SURFACE_SET('',#632,80,((-0.736199,0.166177,0.656046)),(),((64,38,37),(66,65,36),(37,36,65),(35,66,36),(40,39,63),(64,63,39),(64,39,38),(37,65,
   64),(40,63,62),(35,34,66),(69,33,32),(71,31,72),(31,71,32),(72,31,73),(70,32,71),(66,34,67),(69,68,33),(70,69,
   32),(67,33,68),(67,34,33),(2,1,62),(2,61,3),(62,61,2),(1,40,62),(3,61,60),(3,60,4),(5,4,60),(5,59,
   6),(6,58,7),(59,5,60),(58,8,7),(56,55,9),(57,56,9),(58,57,8),(8,57,9),(10,54,53),(10,9,55),(10,53,
   11),(54,10,55),(58,6,59),(74,73,30),(75,30,29),(30,75,74),(73,31,30),(77,29,28),(76,75,29),(78,77,28),(26,79,
   78),(76,29,77),(78,28,27),(26,25,79),(80,25,24),(25,80,79),(24,23,80),(80,23,81),(42,22,21),(22,42,81),(42,21,
   20),(23,22,81),(26,78,27),(50,49,12),(13,47,14),(48,47,13),(49,48,13),(52,11,53),(11,52,51),(50,12,51),(12,49,
   13),(51,12,11),(47,46,14),(17,45,44),(43,20,19),(20,43,42),(43,19,44),(18,44,19),(46,15,14),(45,17,16),(15,46,
   16),(17,44,18),(46,45,16)),());
#634=COORDINATES_LIST('',7,((162.254684,393.16153,-912.658813),(162.125183,388.739075,-911.683899),(157.186951,389.832336,-917.50238),(157.139633,388.216431,-917.146179),(151.183167,386.986053,-923.518738),(151.392334,394.130035,-925.093628),(156.613434,395.208527,-919.507751)));
#635=COMPLEX_TRIANGULATED_SURFACE_SET('',#634,7,((-0.736199,0.166177,0.656046)),(),((5,4,3),(3,1,7),(1,3,2),(7,6,3),(3,6,5)),());
#636=COORDINATES_LIST('',46,((145.91188,436.617065,-942.005676),(148.466766,437.002808,-939.236328),(150.719147,437.042023,-936.718689),(152.669022,436.734711,-934.452759),(154.316376,436.080872,-932.438538),(155.661209,435.080536,-930.675964),(156.65303,433.905823,-929.265442),(157.411819,432.561249,-928.073364),(157.937592,431.046814,-927.099731),(158.230347,
   429.362518,-926.344604),(158.290085,427.508392,-925.807861),(158.122177,425.66806,-925.530151),(157.728027,423.889221,-925.521912),(157.10762,422.171844,-925.783081),(156.260971,420.515961,-926.313721),(155.18808,418.921509,-927.113831),(153.767944,417.350006,-928.309387),(152.062012,416.00351,-929.88269),(150.070313,414.882019,-931.833618),(147.792831,
   413.985535,-934.162292),(145.229584,413.314056,-936.868652),(141.699814,412.58493,-940.644958),(141.908981,419.728912,-942.219849),(146.321198,420.64032,-937.49939),(147.772934,420.994293,-935.959961),(149.010178,421.41217,-934.677429),(150.032959,421.893951,-933.651672),(150.841248,422.439606,-932.882874),(151.435059,423.049194,-932.370911),(151.792862,
   423.586334,-932.105469),(152.075577,424.155304,-931.932312),(152.283203,424.756134,-931.851501),(152.415756,425.388763,-931.863037),(152.473221,426.053223,-931.966858),(152.458786,426.858398,-932.187012),(152.365677,427.572906,-932.472473),(152.193909,428.196777,-932.823242),(151.943466,428.730011,-933.23938),(151.614365,429.172607,-933.720764),(150.951019,
   429.583374,-934.569214),(150.042877,429.821838,-935.648682),(148.889969,429.888,-936.959229),(147.492264,429.78186,-938.500854),(145.849777,429.503448,-940.273438),(120.626694,424.293274,-967.258484),(120.835869,431.437256,-968.833313)));
#637=COMPLEX_TRIANGULATED_SURFACE_SET('',#636,46,((-0.736199,0.166177,0.656046)),(),((15,27,16),(17,25,18),(17,16,26),(28,15,14),(31,13,12),(11,33,12),(34,33,11),(32,31,
   12),(33,32,12),(14,13,29),(31,30,13),(24,20,25),(25,20,19),(20,24,21),(21,23,22),(23,21,24),(27,15,28),(28,14,
   29),(25,19,18),(25,17,26),(26,16,27),(13,30,29),(11,10,35),(36,35,10),(37,36,10),(10,9,37),(11,35,34),(39,9,
   8),(40,8,7),(42,6,5),(6,41,7),(9,38,37),(42,5,4),(38,9,39),(39,8,40),(41,6,42),(42,4,43),(7,41,
   40),(43,2,44),(2,43,3),(44,2,1),(45,1,46),(1,45,44),(3,43,4)),());
#638=COORDINATES_LIST('',12,((153.302292,459.361481,-939.473511),(153.369522,461.657745,-939.979736),(159.325989,462.888153,-933.607178),(158.982346,451.151581,-931.019897),(153.025879,449.921204,-937.392456),(153.093109,452.217468,-937.898682),(127.208199,446.870575,-965.591736),(127.140961,444.57431,-965.08551),(121.184486,443.343903,-971.458069),(121.52813,
   455.080475,-974.045349),(127.484604,456.310852,-967.672791),(127.417366,454.014587,-967.166565)));
#639=COMPLEX_TRIANGULATED_SURFACE_SET('',#638,12,((-0.736199,0.166177,0.656046)),(),((4,6,5),(6,4,3),(8,7,9),(9,7,12),(6,1,7),(1,3,2),(3,1,6),(12,11,
   10),(12,10,9),(1,12,7)),());
#640=COORDINATES_LIST('',115,((135.843445,479.677979,-964.211609),(137.149002,481.729614,-963.266235),(138.371597,483.743835,-962.40448),(139.51123,485.720612,-961.626343),(140.567917,487.659973,-960.931763),(141.541641,489.56192,-960.320862),(142.735321,491.78656,-959.544861),(144.127823,493.612732,-958.444763),(145.719177,495.040375,-957.02063),(147.509369,
   496.069519,-955.2724),(149.498398,496.700165,-953.200134),(151.391449,496.949188,-951.138855),(153.129074,496.88208,-949.171936),(154.711258,496.49881,-947.299377),(156.138,495.799408,-945.521118),(157.409302,494.783875,-943.83728),(158.400131,493.575165,-942.41925),(159.15593,492.12854,-941.204651),(159.676727,490.444,-940.193542),(159.962509,
   488.521576,-939.385864),(160.013275,486.361237,-938.781677),(159.842484,484.222778,-938.431641),(159.45961,482.229858,-938.356506),(158.864639,480.382507,-938.556213),(158.057571,478.680664,-939.030823),(157.038422,477.12439,-939.780273),(155.657669,475.500153,-940.918335),(154.191559,474.155853,-942.223022),(152.640076,473.091492,-943.694458),(151.003235,
   472.307037,-945.332581),(149.281036,471.802521,-947.13739),(146.486649,471.225311,-950.127014),(146.695816,478.369293,-951.701843),(149.34314,478.916138,-948.869629),(150.318359,479.171692,-947.839966),(151.184998,479.513,-946.953918),(151.943039,479.940094,-946.211426),(152.592484,480.452942,-945.612549),(153.133362,481.051575,-945.157227),(153.573761,
   481.713989,-944.830811),(153.921829,482.418213,-944.618591),(154.177567,483.164215,-944.520569),(154.340973,483.951996,-944.536743),(154.412033,484.781586,-944.667114),(154.397949,485.897888,-944.965698),(154.285934,486.865479,-945.336487),(154.076019,487.684357,-945.77948),(153.768188,488.354523,-946.294678),(153.362457,488.875946,-946.88208),(152.787354,
   489.304932,-947.636108),(152.143951,489.598083,-948.432373),(151.432251,489.755371,-949.270874),(150.652267,489.776855,-950.15155),(149.80397,489.662506,-951.074524),(148.951004,489.388245,-951.96228),(148.156967,488.930054,-952.737244),(147.42186,488.287903,-953.399536),(146.745697,487.461823,-953.949036),(146.128464,486.451813,-954.385864),(144.872269,
   484.089142,-955.197021),(143.582367,481.773621,-956.057983),(142.258774,479.505219,-956.96875),(140.901474,477.283966,-957.929199),(139.510468,475.109863,-958.939453),(138.363831,473.493439,-959.816772),(137.072617,472.131165,-960.920654),(135.636795,471.023041,-962.251221),(134.056412,470.169128,-963.808411),(132.331421,469.569336,-965.592224),(130.595596,
   469.298706,-967.471558),(128.980713,469.364105,-969.300293),(127.486778,469.765594,-971.07843),(126.113777,470.503143,-972.80603),(124.861725,471.576752,-974.483032),(123.871002,472.788879,-975.901794),(123.111504,474.10965,-977.088623),(122.583244,475.539032,-978.043518),(122.286201,477.077026,-978.766418),(122.220398,478.723663,-979.257385),(122.377579,
   480.697021,-979.580811),(122.729599,482.53479,-979.651306),(123.276466,484.236969,-979.468811),(124.018173,485.803589,-979.033264),(124.95472,487.234589,-978.344788),(126.353867,488.788239,-977.168274),(127.996826,490.081146,-975.652039),(129.883575,491.113312,-973.796204),(132.014145,491.884796,-971.600769),(134.388504,492.395538,-969.065674),(134.179337,
   485.251556,-967.490845),(132.797287,485.081024,-968.998535),(131.580673,484.76886,-970.284729),(130.529465,484.315033,-971.349426),(129.643707,483.719543,-972.192566),(128.92337,482.982391,-972.814209),(128.538193,482.409149,-973.101196),(128.234192,481.812103,-973.291138),(128.011353,481.191254,-973.383911),(127.86969,480.5466,-973.379578),(127.809181,
   479.878113,-973.278198),(127.83194,479.257263,-973.095398),(127.938049,478.687469,-972.83197),(128.127518,478.168671,-972.487976),(128.400345,477.700928,-972.063293),(128.756516,477.28421,-971.558044),(129.31308,476.820953,-970.816162),(129.902832,476.493073,-970.071289),(130.525787,476.300537,-969.323486),(131.181931,476.243317,-968.572632),(131.871292,
   476.321472,-967.818909),(132.665527,476.586975,-966.994873),(133.459869,477.055389,-966.222107),(134.254303,477.726685,-965.500671),(135.048813,478.600891,-964.830505),(135.843445,479.677979,-964.211609)));
#641=COMPLEX_TRIANGULATED_SURFACE_SET('',#640,114,((-0.736199,0.166177,0.656046)),(),((34,30,29),(28,35,29),(36,27,26),(36,35,27),(35,28,27),(25,37,26),(34,32,31),(34,31,
   30),(34,33,32),(29,35,34),(113,64,63),(25,24,38),(23,22,41),(41,22,42),(23,41,40),(61,2,62),(21,44,43),(42,22,
   43),(43,22,21),(36,26,37),(37,25,38),(39,24,40),(1,63,62),(24,39,38),(40,24,23),(2,1,62),(110,69,68),(110,68,
   67),(111,67,66),(110,70,69),(66,65,111),(111,110,67),(72,110,109),(110,71,70),(110,72,71),(109,73,72),(109,74,73),(107,75,
   74),(75,106,76),(108,74,109),(112,111,65),(113,63,114),(112,64,113),(65,64,112),(106,75,107),(105,77,76),(77,104,103),(104,77,
   105),(76,106,105),(103,102,78),(78,101,79),(101,78,102),(103,78,77),(107,74,108),(63,1,114),(44,21,45),(45,20,46),(20,45,
   21),(46,20,47),(47,19,48),(19,47,20),(49,48,19),(49,18,50),(5,59,58),(4,60,59),(17,51,50),(6,57,56),(5,58,
   57),(18,49,19),(3,61,60),(17,16,51),(17,50,18),(51,16,52),(15,53,52),(15,14,53),(15,52,16),(53,14,13),(53,13,
   54),(8,55,54),(10,54,11),(9,54,10),(11,54,12),(13,12,54),(56,55,7),(54,9,8),(2,61,3),(81,95,82),(95,94,
   82),(60,4,3),(96,95,81),(100,99,79),(79,99,80),(79,101,100),(98,97,80),(81,80,97),(97,96,81),(98,80,99),(94,93,
   83),(91,90,89),(7,6,56),(6,5,57),(4,59,5),(91,89,88),(84,83,93),(93,85,84),(82,94,83),(92,85,93),(86,92,
   87),(85,92,86),(92,91,87),(91,88,87),(55,8,7)),());
#642=COORDINATES_LIST('',92,((138.29071,540.793762,-976.946106),(138.264969,541.512024,-977.156921),(138.14389,542.170044,-977.459473),(137.927505,542.767822,-977.853699),(137.615784,543.305298,-978.339661),(137.208755,543.782532,-978.917297),(136.643372,544.243896,-979.66864),(136.027145,544.566345,-980.441833),(135.360077,544.749756,-981.236816),(134.642151,
   544.79425,-982.053711),(133.873383,544.699646,-982.892456),(133.116028,544.495911,-983.690735),(132.432358,544.212646,-984.386169),(131.822388,543.849976,-984.978821),(131.286102,543.407837,-985.468628),(130.823517,542.88623,-985.855652),(130.329056,542.175415,-986.230469),(129.940506,541.486511,-986.491943),(129.657852,540.819519,-986.640198),(129.481079,
   540.174377,-986.675171),(129.410202,539.551086,-986.596802),(129.238388,533.6828,-985.303162),(138.136322,535.520813,-975.783691),(138.29071,540.793762,-976.946106),(123.943588,537.576538,-992.23114),(124.103455,539.641724,-992.57489),(124.457573,541.550964,-992.661133),(125.005936,543.304138,-992.489868),(125.748535,544.901367,-992.061096),(126.685379,
   546.34259,-991.374878),(128.001678,547.862244,-990.282654),(129.398041,549.121094,-989.034546),(130.874496,550.119263,-987.630554),(132.431015,550.856689,-986.070679),(134.067612,551.333374,-984.354858),(135.558777,551.53656,-982.732971),(136.914368,551.502136,-981.203003),(138.134338,551.230042,-979.765076),(139.218719,550.720276,-978.419067),(140.167496,
   549.972839,-977.1651),(140.791702,549.324097,-976.300293),(141.243423,548.774963,-975.654297),(141.522629,548.325439,-975.227112),(141.629333,547.975525,-975.018738),(141.563522,547.72522,-975.029175),(141.717651,548.396118,-975.026123),(141.965714,549.079712,-974.920898),(142.307709,549.775879,-974.713501),(142.743622,550.48468,-974.40387),(143.273468,
   551.206177,-973.992004),(144.468521,552.578979,-972.998718),(145.803268,553.730469,-971.792542),(147.277725,554.660583,-970.373535),(148.891876,555.369324,-968.741699),(150.645737,555.85675,-966.897034),(152.571655,556.129456,-964.804932),(154.290176,556.109131,-962.871277),(155.801315,555.795715,-961.09613),(157.105072,555.18927,-959.479492),(158.201416,
   554.289734,-958.021301),(159.525528,552.781311,-956.15332),(160.540344,551.093994,-954.587158),(161.245865,549.227844,-953.322693),(161.642075,547.182861,-952.360107),(161.729004,544.958984,-951.699219),(161.385361,533.222412,-949.112),(123.587494,525.414734,-989.550171),(123.943588,537.576538,-992.23114),(143.578033,536.644836,-969.961853),(156.152817,
   539.242371,-956.508667),(156.262375,542.984436,-957.333618),(156.222565,544.22052,-957.691406),(156.02739,545.343384,-958.194824),(155.676865,546.353027,-958.843933),(155.171005,547.24939,-959.638611),(154.509796,548.032532,-960.578979),(153.869736,548.539368,-961.425659),(153.143127,548.886353,-962.328918),(152.329971,549.073425,-963.288818),(151.430283,
   549.100586,-964.305298),(150.444031,548.967896,-965.378418),(149.338593,548.658386,-966.540527),(148.31662,548.203857,-967.572266),(147.378098,547.604248,-968.473511),(146.523056,546.859558,-969.244446),(145.751465,545.969788,-969.884888),(145.037354,544.946533,-970.427063),(144.47641,543.96167,-970.807068),(144.068619,543.015198,-971.024963),(143.81398,
   542.107117,-971.080688),(143.712509,541.237427,-970.974243),(141.624603,547.991028,-975.027954)));
#643=COMPLEX_TRIANGULATED_SURFACE_SET('',#642,90,((-0.736199,0.166177,0.656046)),(),((66,70,69),(70,66,65),(71,65,72),(65,71,70),(73,72,64),(69,91,23),(23,91,1),(66,69,
   67),(90,2,1),(90,1,91),(72,65,64),(67,69,23),(74,64,63),(76,75,62),(63,75,74),(77,76,62),(3,89,88),(2,90,
   89),(86,85,45),(87,45,5),(5,88,87),(62,75,63),(74,73,64),(87,86,45),(3,2,89),(26,19,27),(3,88,4),(67,22,
   25),(67,23,22),(25,22,21),(21,20,26),(26,20,19),(21,26,25),(19,18,27),(45,6,5),(45,8,7),(42,9,8),(7,6,
   45),(27,17,28),(16,28,17),(17,27,18),(29,15,14),(28,16,15),(30,14,13),(4,88,5),(44,46,92),(60,79,78),(80,79,
   59),(78,77,61),(81,80,56),(77,62,61),(49,83,50),(84,83,48),(49,48,83),(81,53,82),(82,50,83),(84,48,47),(78,61,
   60),(58,80,59),(57,56,80),(80,58,57),(56,55,81),(82,52,51),(50,82,51),(82,53,52),(81,54,53),(81,55,54),(79,60,
   59),(45,92,43),(85,44,45),(46,44,84),(47,46,84),(45,43,42),(38,11,10),(14,30,29),(29,28,15),(11,33,12),(41,40,
   9),(42,41,9),(12,31,13),(8,45,42),(40,39,10),(39,38,10),(37,36,11),(38,37,11),(36,35,11),(32,31,12),(13,31,
   30),(11,34,33),(32,12,33),(35,34,11),(9,40,10),(85,84,44)),());
#644=COORDINATES_LIST('',66,((158.366562,614.849548,-973.175903),(163.808289,615.973633,-967.354065),(163.108551,592.075317,-962.085815),(158.990494,591.22467,-966.491516),(155.796646,592.681641,-970.444641),(152.684448,594.331299,-974.354919),(149.653915,596.173645,-978.222412),(146.705032,598.20874,-982.047058),(143.837814,600.436462,-985.828857),(142.365341,
   601.471313,-987.743347),(140.86058,602.201965,-989.617065),(139.323502,602.628357,-991.44989),(137.75415,602.750488,-993.241943),(136.152496,602.56842,-994.993164),(135.091766,602.288452,-996.112549),(134.145111,601.910339,-997.079102),(133.312546,601.434021,-997.892761),(132.59404,600.859558,-998.553528),(131.989609,600.186951,-999.061401),(131.686554,
   599.721985,-999.283752),(131.446411,599.209106,-999.423279),(131.269196,598.648376,-999.480164),(131.154892,598.039795,-999.454224),(131.103516,597.383362,-999.345642),(131.135529,596.879395,-999.182068),(131.26149,596.388062,-998.91626),(131.481369,595.909424,-998.548279),(131.795166,595.443359,-998.078064),(132.202911,594.989929,-997.505676),(132.915359,
   594.558899,-996.596985),(133.972794,594.327637,-995.351746),(135.375244,594.296082,-993.769958),(137.122681,594.464294,-991.851624),(139.215118,594.832275,-989.596802),(139.013412,587.94342,-988.078186),(136.008423,587.562805,-991.353882),(133.399872,587.541321,-994.275696),(131.187759,587.878967,-996.843628),(129.372101,588.575806,-999.057617),(127.952873,
   589.631775,-1000.917725),(127.088737,590.67395,-1002.151428),(126.42881,591.90033,-1003.202576),(125.973083,593.310852,-1004.071289),(125.721565,594.905579,-1004.757507),(125.674248,596.68457,-1005.26123),(125.833382,598.424988,-1005.523499),(126.207199,600.108337,-1005.530396),(126.795692,601.734619,-1005.281921),(127.598877,603.303772,-1004.778076),(128.61673,
   604.815796,-1004.01886),(129.881226,606.263855,-1002.966675),(131.302673,607.480591,-1001.679749),(132.881073,608.466003,-1000.158142),(134.616425,609.220032,-998.401794),(136.508743,609.742798,-996.410706),(138.804825,609.977051,-993.893372),(141.104431,609.731812,-991.250732),(143.407547,609.007202,-988.482666),(145.714157,607.803101,-985.589233),(148.024277,
   606.119629,-982.570435),(150.291763,604.278564,-979.55957),(152.413666,602.657654,-976.767883),(154.389999,601.256897,-974.195251),(156.220734,600.076294,-971.841797),(157.905884,599.115784,-969.707458),(158.13623,606.982666,-971.44165)));
#645=COMPLEX_TRIANGULATED_SURFACE_SET('',#644,66,((-0.736199,0.166177,0.656046)),(),((66,2,1),(4,3,5),(65,6,5),(6,65,7),(36,35,34),(36,34,33),(65,5,3),(63,7,
   64),(9,8,62),(8,7,63),(65,2,66),(36,33,37),(37,33,32),(8,63,62),(7,65,64),(3,2,65),(39,32,31),(37,32,
   38),(31,40,39),(39,38,32),(40,31,30),(40,30,41),(41,30,42),(42,29,43),(42,30,29),(27,43,28),(27,26,44),(27,44,
   43),(44,25,45),(25,44,26),(24,45,25),(23,45,24),(28,43,29),(9,61,10),(12,11,59),(10,60,11),(58,13,12),(53,15,
   14),(14,13,57),(10,61,60),(58,12,59),(56,14,57),(55,14,56),(13,58,57),(59,11,60),(54,14,55),(46,20,47),(48,19,
   18),(47,20,19),(22,46,45),(21,46,22),(46,21,20),(22,45,23),(18,17,48),(15,51,16),(15,52,51),(52,15,53),(14,54,
   53),(19,48,47),(16,50,49),(48,17,49),(50,16,51),(17,16,49),(9,62,61)),());
#646=COORDINATES_LIST('',125,((151.597076,625.793091,-983.544434),(153.32695,626.160583,-981.696289),(154.814331,626.633484,-980.146973),(156.059219,627.211853,-978.896545),(157.061584,627.895691,-977.944885),(157.821472,628.684937,-977.292114),(158.179764,629.239075,-977.030396),(158.463974,629.859131,-976.86853),(158.674088,630.544983,-976.806458),(158.81012,
   631.296692,-976.844238),(158.87207,632.114197,-976.981812),(158.838943,632.780273,-977.187683),(158.699722,633.417603,-977.50531),(158.454422,634.026306,-977.934814),(158.103012,634.606323,-978.476074),(157.645523,635.157654,-979.129089),(157.020416,635.576294,-979.936584),(156.227005,635.83844,-980.893372),(155.265289,635.944092,-981.999329),(154.135254,
   635.893311,-983.254578),(152.836929,635.685974,-984.658997),(151.837479,635.401733,-985.708557),(150.898163,634.974426,-986.654419),(150.018967,634.403931,-987.496521),(149.199921,633.690369,-988.234863),(148.440994,632.833679,-988.869507),(148.010056,632.095459,-989.166138),(147.690414,631.163757,-989.288818),(147.48204,630.038696,-989.237671),(147.384964,
   628.720215,-989.012634),(147.39917,627.208313,-988.613708),(142.32515,626.160217,-994.042175),(142.242493,627.63092,-994.507507),(142.077377,628.881714,-995.009583),(141.829819,629.912598,-995.548523),(141.499786,630.723572,-996.124329),(141.087311,631.314636,-996.736877),(140.575134,631.695801,-997.408203),(139.947998,631.944946,-998.175049),(139.205887,
   632.062134,-999.037537),(138.348816,632.047424,-999.995544),(137.376785,631.900757,-1001.049194),(136.127716,631.578491,-1002.369263),(135.027802,631.158508,-1003.497192),(134.077072,630.64093,-1004.432983),(133.275513,630.025635,-1005.176575),(132.623123,629.312683,-1005.728088),(132.320358,628.85791,-1005.952637),(132.081116,628.375671,-1006.098999),(131.905396,
   627.865967,-1006.167053),(131.793182,627.328857,-1006.156921),(131.744492,626.764221,-1006.068542),(131.759628,626.182373,-1005.904175),(131.840851,625.66156,-1005.681091),(131.98819,625.20166,-1005.399292),(132.20163,624.802795,-1005.058716),(132.481186,624.464966,-1004.659424),(133.212128,623.966736,-1003.713013),(134.152573,623.633484,-1002.573242),(135.302505,
   623.465271,-1001.240234),(136.661911,623.462036,-999.713867),(138.23082,623.62384,-997.994263),(138.031616,616.820007,-996.494446),(135.687546,616.545471,-999.055298),(133.593063,616.606506,-1001.421143),(131.748138,617.003113,-1003.59198),(130.152786,617.735291,-1005.567688),(128.806992,618.803101,-1007.348389),(127.942665,619.83844,-1008.580566),(127.282135,
   621.044373,-1009.627258),(126.825417,622.420898,-1010.488464),(126.572502,623.968018,-1011.164185),(126.523392,625.68573,-1011.654358),(126.676094,627.506042,-1011.944092),(127.024628,629.224731,-1011.988342),(127.569008,630.841858,-1011.787048),(128.309219,632.357422,-1011.340332),(129.24527,633.771423,-1010.648071),(130.497986,635.217041,-1009.608459),(131.88414,
   636.426514,-1008.359314),(133.403717,637.399719,-1006.900574),(135.056717,638.13678,-1005.232361),(136.843124,638.637695,-1003.354553),(138.443039,638.859985,-1001.615479),(139.889496,638.834106,-999.985718),(141.182526,638.560242,-998.465393),(142.322083,638.038208,-997.054321),(143.308212,637.268066,-995.752686),(143.986511,636.569641,-994.814575),(144.486832,
   635.983154,-994.104553),(144.809174,635.508728,-993.622681),(144.953506,635.146301,-993.368896),(144.919861,634.895935,-993.343201),(144.967667,635.429871,-993.424866),(145.139984,636.023438,-993.381836),(145.436859,636.676453,-993.214111),(145.858276,637.389038,-992.921692),(146.404221,638.161194,-992.504639),(147.633408,639.601929,-991.490173),(148.948975,
   640.796814,-990.316589),(150.350876,641.745728,-988.983765),(151.839157,642.448792,-987.491699),(153.413788,642.905884,-985.840515),(155.391953,643.165771,-983.686462),(157.208389,643.094604,-981.630066),(158.863113,642.692505,-979.671326),(160.356125,641.959473,-977.810242),(161.687393,640.895447,-976.046814),(162.679123,639.717346,-974.635498),(163.437607,
   638.36261,-973.441162),(163.962891,636.831177,-972.463806),(164.254944,635.123047,-971.703369),(164.313782,633.238281,-971.159973),(164.145691,631.19165,-970.8302),(163.764893,629.270203,-970.770752),(163.171417,627.473816,-970.98175),(162.36525,625.802612,-971.463074),(161.346405,624.256531,-972.214783),(159.950684,622.72052,-973.391968),(158.257233,
   621.400269,-974.957886),(156.266022,620.295776,-976.912598),(153.977081,619.407104,-979.256104),(151.390381,618.734131,-981.988342),(151.597076,625.793091,-983.544434),(144.944336,635.169312,-993.38501)));
#647=COMPLEX_TRIANGULATED_SURFACE_SET('',#646,124,((-0.736199,0.166177,0.656046)),(),((119,3,120),(118,3,119),(116,115,6),(118,117,4),(116,5,117),(115,7,6),(5,116,6),(1,122,
   2),(1,123,122),(122,121,2),(3,118,4),(2,121,120),(2,120,3),(117,5,4),(114,10,9),(10,114,113),(114,9,8),(113,112,
   12),(12,11,113),(112,13,12),(113,11,10),(7,115,8),(31,30,32),(14,13,112),(29,28,34),(35,28,27),(30,29,33),(112,111,
   14),(8,115,114),(63,62,64),(65,64,62),(67,61,60),(65,62,61),(68,60,59),(66,61,67),(68,67,60),(66,65,61),(69,58,
   70),(69,68,59),(57,71,70),(70,58,57),(59,58,69),(55,72,71),(55,71,56),(35,34,28),(74,49,48),(36,35,27),(33,29,
   34),(54,53,72),(73,53,52),(53,73,72),(54,72,55),(51,50,74),(74,73,51),(50,49,74),(51,73,52),(56,71,57),(32,30,
   33),(91,93,125),(15,111,16),(111,15,14),(16,111,110),(18,17,109),(110,17,16),(108,19,18),(19,107,20),(93,25,24),(93,27,
   26),(26,25,93),(104,21,20),(23,22,97),(21,99,22),(24,23,95),(17,110,109),(19,108,107),(106,20,107),(105,20,106),(104,103,
   21),(21,103,102),(20,105,104),(102,101,21),(23,96,95),(94,24,95),(97,96,23),(99,21,100),(22,99,98),(22,98,97),(21,101,
   100),(108,18,109),(24,94,92),(38,37,93),(39,38,93),(41,40,89),(39,90,40),(87,42,41),(43,42,82),(36,93,37),(46,45,
   76),(48,47,75),(46,76,47),(78,45,44),(75,47,76),(79,44,43),(77,76,45),(48,75,74),(39,93,91),(91,90,39),(125,92,
   94),(89,40,90),(89,88,41),(87,86,42),(42,86,85),(88,87,41),(42,85,84),(79,43,80),(78,44,79),(77,45,78),(80,43,
   81),(43,82,81),(82,42,83),(84,83,42),(93,24,92),(36,27,93)),());
#648=COORDINATES_LIST('',13,((165.100677,660.113281,-977.084412),(149.805038,656.953735,-993.448486),(136.568436,654.219543,-1007.609741),(136.381668,647.841003,-1006.203613),(132.263626,646.990356,-1010.609314),(132.138992,649.723755,-1011.441528),(131.587814,651.868652,-1012.603333),(130.610107,653.424988,-1014.094727),(129.205841,654.392761,-1015.91571),(127.375023,
   654.771973,-1018.066284),(127.509499,659.364563,-1019.078674),(165.307358,667.172241,-978.640503),(136.475052,651.030273,-1006.906677)));
#649=COMPLEX_TRIANGULATED_SURFACE_SET('',#648,13,((-0.736199,0.166177,0.656046)),(),((2,1,12),(6,5,4),(7,6,13),(3,7,13),(6,4,13),(8,3,9),(11,2,12),(3,2,
   11),(3,8,7),(9,11,10),(11,9,3)),());
#650=COORDINATES_LIST('',119,((138.597672,691.07251,-1014.66748),(137.3638,690.770264,-1015.975525),(136.309509,690.410522,-1017.067505),(135.434814,689.993103,-1017.943359),(134.739685,689.518188,-1018.603088),(134.224152,688.985657,-1019.046753),(134.058929,688.735107,-1019.16864),(133.928223,688.464661,-1019.246826),(133.832001,688.174255,-1019.28125),(133.770294,
   687.863953,-1019.271912),(133.743088,687.533752,-1019.218811),(133.760895,687.043762,-1019.074707),(133.844223,686.594299,-1018.867371),(133.993042,686.185486,-1018.596802),(134.207382,685.817261,-1018.263),(134.487244,685.489563,-1017.865906),(135.679169,684.559082,-1016.292664),(137.036316,683.87915,-1014.597473),(138.55867,683.449707,-1012.780334),(140.246246,
   683.270813,-1010.841309),(142.09903,683.342468,-1008.780273),(141.66452,683.780151,-1009.378784),(141.339188,684.551514,-1009.939209),(141.123032,685.656555,-1010.46167),(141.016052,687.095154,-1010.946167),(141.018234,688.867432,-1011.392639),(141.159286,690.289673,-1011.594604),(141.498764,691.698792,-1011.570557),(142.036652,693.094849,-1011.320557),(142.77298,
   694.477722,-1010.844604),(143.707733,695.847534,-1010.142578),(145.167908,697.488159,-1008.919617),(146.872284,698.881653,-1007.359985),(148.820862,700.028015,-1005.463684),(151.013626,700.927307,-1003.230835),(153.450607,701.579468,-1000.661255),(156.099228,701.971069,-997.788269),(158.456314,701.991333,-995.148315),(160.521835,701.64032,-992.741516),(162.295837,
   700.917969,-990.56781),(163.778275,699.82428,-988.627258),(164.642609,698.78894,-987.39502),(165.303131,697.583008,-986.348328),(165.759857,696.206482,-985.487122),(166.012772,694.659363,-984.811462),(166.061874,692.94165,-984.321228),(165.901138,691.346252,-984.097473),(165.512573,689.757935,-984.131226),(164.896149,688.176636,-984.422424),(164.051895,
   686.602356,-984.971069),(162.979797,685.035156,-985.777161),(160.963791,682.884094,-987.494568),(158.382629,681.00177,-989.914307),(155.236282,679.388123,-993.036316),(151.524765,678.043274,-996.860657),(147.248077,676.967163,-1001.387268),(143.005325,676.351074,-1005.992371),(139.219131,676.350098,-1010.240845),(135.889496,676.964111,-1014.132813),(133.016418,
   678.193176,-1017.668274),(130.599915,680.037292,-1020.847107),(129.735275,681.062439,-1022.077087),(129.073853,682.237732,-1023.117004),(128.615646,683.563232,-1023.96698),(128.360641,685.03894,-1024.626953),(128.308838,686.664795,-1025.096924),(128.428589,688.05896,-1025.315674),(128.704208,689.383911,-1025.341919),(129.135666,690.639587,-1025.175781),(129.722977,
   691.82605,-1024.817261),(130.466156,692.943237,-1024.266357),(131.72496,694.396851,-1023.221924),(133.188187,695.642517,-1021.895447),(134.855835,696.680115,-1020.286865),(136.72789,697.509766,-1018.39624),(138.804352,698.13147,-1016.223572),(138.597672,691.07251,-1014.66748),(146.214432,689.095459,-1005.619324),(146.235245,688.508057,-1005.447144),(146.333527,
   687.970398,-1005.200684),(146.509293,687.482605,-1004.879883),(146.762512,687.044617,-1004.484802),(147.093216,686.656433,-1004.015381),(147.890579,686.029907,-1002.961914),(148.804901,685.603394,-1001.82782),(149.836166,685.376831,-1000.613159),(150.984406,685.350281,-999.317932),(152.249588,685.523743,-997.942078),(154.276398,686.04718,-995.800232),(156.062317,
   686.730591,-993.969238),(157.607315,687.573792,-992.449097),(158.911407,688.576965,-991.239746),(159.974594,689.739929,-990.341248),(160.277161,690.187927,-990.115173),(160.515808,690.649719,-989.964355),(160.690536,691.125427,-989.888794),(160.801346,691.614929,-989.888428),(160.848236,692.118286,-989.963318),(160.821014,692.58606,-990.112366),(160.711411,
   693.036804,-990.349487),(160.519455,693.47052,-990.674805),(160.245132,693.887207,-991.088196),(159.888458,694.286926,-991.589661),(159.190704,694.721008,-992.482605),(158.177383,694.961426,-993.680664),(156.84848,695.008118,-995.183716),(155.203995,694.861206,-996.991943),(153.243927,694.520569,-999.105164),(151.538727,694.09729,-1000.911499),(150.070541,
   693.580994,-1002.428284),(148.839371,692.97168,-1003.655518),(147.845215,692.269226,-1004.593201),(147.088089,691.473816,-1005.241394),(146.785522,691.025818,-1005.467407),(146.546875,690.564026,-1005.618225),(146.372147,690.088318,-1005.693848),(146.261337,689.598816,-1005.694214),(146.214432,689.095459,-1005.619324),(138.701019,694.60199,-1015.445557)));
#651=COMPLEX_TRIANGULATED_SURFACE_SET('',#650,117,((-0.736199,0.166177,0.656046)),(),((53,89,54),(90,53,52),(91,51,50),(51,90,52),(91,90,51),(89,53,90),(87,56,55),(55,54,
   88),(87,55,88),(56,86,21),(87,86,56),(54,89,88),(85,21,86),(92,50,49),(94,48,47),(96,47,46),(95,47,96),(46,98,
   97),(98,46,99),(46,45,99),(46,97,96),(91,50,92),(21,85,84),(95,94,47),(94,93,48),(49,93,92),(21,84,83),(49,48,
   93),(23,83,82),(57,21,58),(57,56,21),(59,58,21),(1,119,2),(22,83,23),(82,24,23),(22,21,83),(59,21,20),(60,18,
   61),(60,59,20),(61,17,62),(17,63,62),(18,17,61),(18,60,19),(20,19,60),(80,25,24),(25,80,79),(26,25,78),(26,78,
   117),(26,117,116),(78,25,79),(16,64,63),(64,15,14),(15,64,16),(16,63,17),(14,13,65),(65,12,66),(12,65,13),(14,65,
   64),(24,81,80),(82,81,24),(73,119,74),(100,45,101),(45,100,99),(101,45,44),(102,44,103),(44,102,101),(43,104,103),(104,42,
   105),(28,114,113),(27,115,114),(30,112,111),(111,110,31),(28,113,112),(43,103,44),(42,41,105),(42,104,43),(105,41,106),(39,106,
   40),(39,107,106),(40,106,41),(107,39,38),(35,109,108),(109,33,110),(34,33,109),(108,107,37),(35,108,36),(34,109,35),(36,108,
   37),(107,38,37),(33,32,110),(71,4,3),(68,6,5),(5,4,69),(116,115,27),(67,6,68),(11,10,66),(66,10,9),(11,66,
   12),(8,7,67),(9,67,66),(67,9,8),(7,6,67),(2,119,3),(27,26,116),(114,28,27),(29,112,30),(28,112,29),(111,31,
   30),(119,76,75),(70,4,71),(69,4,70),(68,5,69),(119,73,72),(71,119,72),(3,119,71),(119,75,74),(110,32,31)),());
#460=TESSELLATED_GEOMETRIC_SET('note',(#464,#466,#468,#470,#472,#474,#476,#478,#480,#482,#484,#486,#488,#490,#492,#494,#496,#498,#500,#502,#504,#506,#508,#510,#512,#514,
#516,#518,#520,#522,#524,#526,#528,#530,#532,#534,#536,#538,#540,#542,#544,#546,#548,#550,#553,#555,#557,#559,#561,#563,#565,
#567,#569,#571,#573,#575,#577,#579,#581,#583,#585,#587,#589,#591,#593,#595,#597,#599,#601,#603,#605,#607,#609,#611,#613,#615,
#617,#619,#621,#623,#625,#627,#629,#631,#633,#635,#637,#639,#641,#643,#645,#647,#649,#651));
#459=TESSELLATED_ANNOTATION_OCCURRENCE('\X2\8A737D30FF71FF72FF83FF91\X0\1',(#463),#460);
#652=DRAUGHTING_CALLOUT('\X2\8A737D30FF71FF72FF83FF91\X0\1',(#459));
#654=CARTESIAN_POINT('',(0.,0.,0.));
#655=DIRECTION('',(0.,0.,1.));
#656=DIRECTION('',(1.,0.,0.));
#657=AXIS2_PLACEMENT_3D('',#654,#655,#656);
#658=PLANE('',#657);
#653=ANNOTATION_PLANE('\X2\6CE88A18981857DF\X0\1',(#346),#658,(#652));
#660=CARTESIAN_POINT('',(-29.96,49.,0.));
#661=DIRECTION('',(0.,1.,0.));
#662=DIRECTION('',(0.,0.,1.));
#663=AXIS2_PLACEMENT_3D('',#660,#661,#662);
#664=PLANE('',#663);
#665=CARTESIAN_POINT('',(-0.,49.,29.96));
#666=VERTEX_POINT('',#665);
#667=CARTESIAN_POINT('',(0.,49.,0.));
#668=DIRECTION('',(0.,1.,0.));
#669=DIRECTION('',(0.,-0.,1.));
#670=AXIS2_PLACEMENT_3D('',#667,#668,#669);
#671=CIRCLE('',#670,29.96);
#672=EDGE_CURVE('',#666,#666,#671,.T.);
#673=ORIENTED_EDGE('',*,*,#672,.T.);
#674=EDGE_LOOP('',(#673));
#675=FACE_BOUND('',#674,.T.);
#676=CARTESIAN_POINT('',(-0.,49.,17.25));
#677=VERTEX_POINT('',#676);
#678=CARTESIAN_POINT('',(0.,49.,0.));
#679=DIRECTION('',(0.,1.,0.));
#680=DIRECTION('',(0.,-0.,1.));
#681=AXIS2_PLACEMENT_3D('',#678,#679,#680);
#682=CIRCLE('',#681,17.25);
#683=EDGE_CURVE('',#677,#677,#682,.T.);
#684=ORIENTED_EDGE('',*,*,#683,.F.);
#685=EDGE_LOOP('',(#684));
#686=FACE_BOUND('',#685,.T.);
#687=ADVANCED_FACE('',(#675,#686),#664,.T.);
#688=CARTESIAN_POINT('',(0.,-2.592388883,0.));
#689=DIRECTION('',(0.,1.,0.));
#690=DIRECTION('',(0.,-0.,1.));
#691=AXIS2_PLACEMENT_3D('',#688,#689,#690);
#692=CYLINDRICAL_SURFACE('',#691,29.96);
#693=CARTESIAN_POINT('',(-0.,32.,29.96));
#694=VERTEX_POINT('',#693);
#695=CARTESIAN_POINT('',(0.,49.,29.96));
#696=DIRECTION('',(-0.,-1.,-0.));
#697=VECTOR('',#696,17.);
#698=LINE('',#695,#697);
#699=EDGE_CURVE('',#666,#694,#698,.T.);
#700=ORIENTED_EDGE('',*,*,#699,.T.);
#701=CARTESIAN_POINT('',(0.,32.,0.));
#702=DIRECTION('',(0.,1.,0.));
#703=DIRECTION('',(0.,-0.,1.));
#704=AXIS2_PLACEMENT_3D('',#701,#702,#703);
#705=CIRCLE('',#704,29.96);
#706=EDGE_CURVE('',#694,#694,#705,.T.);
#707=ORIENTED_EDGE('',*,*,#706,.T.);
#708=ORIENTED_EDGE('',*,*,#699,.F.);
#709=ORIENTED_EDGE('',*,*,#672,.F.);
#710=EDGE_LOOP('',(#700,#707,#708,#709));
#711=FACE_BOUND('',#710,.T.);
#712=ADVANCED_FACE('',(#711),#692,.T.);
#713=CARTESIAN_POINT('',(0.,0.,0.));
#714=DIRECTION('',(0.,1.,0.));
#715=DIRECTION('',(-1.,0.,0.));
#716=AXIS2_PLACEMENT_3D('',#713,#714,#715);
#717=SPHERICAL_SURFACE('',#716,26.);
#718=CARTESIAN_POINT('',(-13.6,22.159422375,-0.));
#719=VERTEX_POINT('',#718);
#720=CARTESIAN_POINT('',(-26.,0.,-0.));
#721=VERTEX_POINT('',#720);
#722=CARTESIAN_POINT('',(0.,0.,0.));
#723=DIRECTION('',(-0.,-0.,1.));
#724=DIRECTION('',(-1.,0.,0.));
#725=AXIS2_PLACEMENT_3D('',#722,#723,#724);
#726=CIRCLE('',#725,26.);
#727=EDGE_CURVE('',#719,#721,#726,.T.);
#728=ORIENTED_EDGE('',*,*,#727,.F.);
#729=CARTESIAN_POINT('',(-0.,22.159422375,13.6));
#730=VERTEX_POINT('',#729);
#731=CARTESIAN_POINT('',(0.,22.159422375,0.));
#732=DIRECTION('',(0.,1.,0.));
#733=DIRECTION('',(0.,-0.,1.));
#734=AXIS2_PLACEMENT_3D('',#731,#732,#733);
#735=CIRCLE('',#734,13.6);
#736=EDGE_CURVE('',#719,#730,#735,.T.);
#737=ORIENTED_EDGE('',*,*,#736,.T.);
#738=CARTESIAN_POINT('',(0.,22.159422375,0.));
#739=DIRECTION('',(0.,1.,0.));
#740=DIRECTION('',(0.,-0.,1.));
#741=AXIS2_PLACEMENT_3D('',#738,#739,#740);
#742=CIRCLE('',#741,13.6);
#743=EDGE_CURVE('',#730,#719,#742,.T.);
#744=ORIENTED_EDGE('',*,*,#743,.T.);
#745=ORIENTED_EDGE('',*,*,#727,.T.);
#746=CARTESIAN_POINT('',(-20.6,0.,-15.86316488));
#747=VERTEX_POINT('',#746);
#748=CARTESIAN_POINT('',(0.,0.,0.));
#749=DIRECTION('',(0.,1.,0.));
#750=DIRECTION('',(-0.792307692,0.,-0.610121726));
#751=AXIS2_PLACEMENT_3D('',#748,#749,#750);
#752=CIRCLE('',#751,26.);
#753=EDGE_CURVE('',#747,#721,#752,.T.);
#754=ORIENTED_EDGE('',*,*,#753,.F.);
#755=CARTESIAN_POINT('',(20.6,0.,-15.86316488));
#756=VERTEX_POINT('',#755);
#757=CARTESIAN_POINT('',(0.,0.,-15.86316488));
#758=DIRECTION('',(0.,0.,1.));
#759=DIRECTION('',(1.,0.,-0.));
#760=AXIS2_PLACEMENT_3D('',#757,#758,#759);
#761=CIRCLE('',#760,20.6);
#762=EDGE_CURVE('',#756,#747,#761,.T.);
#763=ORIENTED_EDGE('',*,*,#762,.F.);
#764=CARTESIAN_POINT('',(20.6,0.,15.86316488));
#765=VERTEX_POINT('',#764);
#766=CARTESIAN_POINT('',(0.,0.,0.));
#767=DIRECTION('',(-0.,1.,0.));
#768=DIRECTION('',(0.792307692,0.,0.610121726));
#769=AXIS2_PLACEMENT_3D('',#766,#767,#768);
#770=CIRCLE('',#769,26.);
#771=EDGE_CURVE('',#765,#756,#770,.T.);
#772=ORIENTED_EDGE('',*,*,#771,.F.);
#773=CARTESIAN_POINT('',(-20.6,0.,15.86316488));
#774=VERTEX_POINT('',#773);
#775=CARTESIAN_POINT('',(0.,0.,15.86316488));
#776=DIRECTION('',(0.,0.,-1.));
#777=DIRECTION('',(-1.,0.,0.));
#778=AXIS2_PLACEMENT_3D('',#775,#776,#777);
#779=CIRCLE('',#778,20.6);
#780=EDGE_CURVE('',#774,#765,#779,.T.);
#781=ORIENTED_EDGE('',*,*,#780,.F.);
#782=CARTESIAN_POINT('',(0.,0.,0.));
#783=DIRECTION('',(0.,1.,0.));
#784=DIRECTION('',(-0.792307692,0.,-0.610121726));
#785=AXIS2_PLACEMENT_3D('',#782,#783,#784);
#786=CIRCLE('',#785,26.);
#787=EDGE_CURVE('',#721,#774,#786,.T.);
#788=ORIENTED_EDGE('',*,*,#787,.F.);
#789=EDGE_LOOP('',(#728,#737,#744,#745,#754,#763,#772,#781,#788));
#790=FACE_BOUND('',#789,.T.);
#791=ADVANCED_FACE('',(#790),#717,.F.);
#792=CARTESIAN_POINT('',(-17.25,32.,0.));
#793=DIRECTION('',(0.,1.,0.));
#794=DIRECTION('',(0.,0.,1.));
#795=AXIS2_PLACEMENT_3D('',#792,#793,#794);
#796=PLANE('',#795);
#797=CARTESIAN_POINT('',(-0.,32.,17.25));
#798=VERTEX_POINT('',#797);
#799=CARTESIAN_POINT('',(0.,32.,0.));
#800=DIRECTION('',(0.,1.,0.));
#801=DIRECTION('',(0.,-0.,1.));
#802=AXIS2_PLACEMENT_3D('',#799,#800,#801);
#803=CIRCLE('',#802,17.25);
#804=EDGE_CURVE('',#798,#798,#803,.T.);
#805=ORIENTED_EDGE('',*,*,#804,.T.);
#806=EDGE_LOOP('',(#805));
#807=FACE_BOUND('',#806,.T.);
#808=CARTESIAN_POINT('',(-0.,32.,13.6));
#809=VERTEX_POINT('',#808);
#810=CARTESIAN_POINT('',(0.,32.,0.));
#811=DIRECTION('',(0.,1.,0.));
#812=DIRECTION('',(0.,-0.,1.));
#813=AXIS2_PLACEMENT_3D('',#810,#811,#812);
#814=CIRCLE('',#813,13.6);
#815=EDGE_CURVE('',#809,#809,#814,.T.);
#816=ORIENTED_EDGE('',*,*,#815,.F.);
#817=EDGE_LOOP('',(#816));
#818=FACE_BOUND('',#817,.T.);
#819=ADVANCED_FACE('',(#807,#818),#796,.T.);
#820=CARTESIAN_POINT('',(0.,0.,44.5));
#821=DIRECTION('',(0.,0.,-1.));
#822=DIRECTION('',(-1.,0.,0.));
#823=AXIS2_PLACEMENT_3D('',#820,#821,#822);
#824=CYLINDRICAL_SURFACE('',#823,20.6);
#825=CARTESIAN_POINT('',(-20.6,0.,-15.86316488));
#826=CARTESIAN_POINT('',(-20.6,1.562317556,-15.86316488));
#827=CARTESIAN_POINT('',(-20.414723886,3.141923877,-16.109659259));
#828=CARTESIAN_POINT('',(-20.07727229,4.61119696,-16.519780186));
#829=CARTESIAN_POINT('',(-19.623375555,6.587475227,-17.071422414));
#830=CARTESIAN_POINT('',(-18.890734584,8.433435851,-17.910975488));
#831=CARTESIAN_POINT('',(-17.958220647,10.092686024,-18.801657139));
#832=CARTESIAN_POINT('',(-16.703228763,12.325730935,-20.000350478));
#833=CARTESIAN_POINT('',(-15.041568252,14.309722604,-21.332609502));
#834=CARTESIAN_POINT('',(-13.04467561,15.943539075,-22.490807861));
#835=CARTESIAN_POINT('',(-11.436936023,17.258958524,-23.423297325));
#836=CARTESIAN_POINT('',(-9.565281705,18.375785221,-24.270332565));
#837=CARTESIAN_POINT('',(-7.524923404,19.17643157,-24.887256333));
#838=CARTESIAN_POINT('',(-5.811363527,19.848840656,-25.405369163));
#839=CARTESIAN_POINT('',(-3.935991589,20.310159121,-25.770704834));
#840=CARTESIAN_POINT('',(-2.038891583,20.498851702,-25.919932892));
#841=CARTESIAN_POINT('',(-0.136880225,20.688032784,-26.069547282));
#842=CARTESIAN_POINT('',(1.837712419,20.605493368,-26.003501008));
#843=CARTESIAN_POINT('',(3.705056617,20.264070555,-25.7346567));
#844=CARTESIAN_POINT('',(5.47786567,19.939932426,-25.479422757));
#845=CARTESIAN_POINT('',(7.198459969,19.378864234,-25.039017458));
#846=CARTESIAN_POINT('',(8.765420174,18.642087039,-24.477896339));
#847=CARTESIAN_POINT('',(10.488131997,17.832076179,-23.861001294));
#848=CARTESIAN_POINT('',(12.065530703,16.795646396,-23.087166188));
#849=CARTESIAN_POINT('',(13.444163949,15.608153501,-22.254313194));
#850=CARTESIAN_POINT('',(15.106834228,14.176003835,-21.249869173));
#851=CARTESIAN_POINT('',(16.521706229,12.495547013,-20.1339435));
#852=CARTESIAN_POINT('',(17.645759844,10.629541831,-19.095213001));
#853=CARTESIAN_POINT('',(18.638114666,8.982165571,-18.178184483));
#854=CARTESIAN_POINT('',(19.427751342,7.147522481,-17.29739772));
#855=CARTESIAN_POINT('',(19.940130126,5.172157243,-16.685059501));
#856=CARTESIAN_POINT('',(20.363256808,3.540884122,-16.179385482));
#857=CARTESIAN_POINT('',(20.6,1.75948697,-15.86316488));
#858=CARTESIAN_POINT('',(20.6,0.,-15.86316488));
#859=B_SPLINE_CURVE_WITH_KNOTS('',3,(#825,#826,#827,#828,#829,#830,#831,#832,#833,#834,#835,#836,#837,#838,#839,#840,#841,#842,#843,#844,#845,#846,#847,#848,#849,#850,
#851,#852,#853,#854,#855,#856,#857,#858),.UNSPECIFIED.,.F.,.F.,(4,3,3,3,3,3,3,3,3,3,3,4),(0.,0.004686953,0.010996285,0.019516101,0.026359854,0.032100568,0.037863736,0.043316739,0.049307445,0.056543556,0.062932734,0.068225082),.UNSPECIFIED.);
#860=EDGE_CURVE('',#747,#756,#859,.T.);
#861=ORIENTED_EDGE('',*,*,#860,.T.);
#862=ORIENTED_EDGE('',*,*,#762,.T.);
#863=EDGE_LOOP('',(#861,#862));
#864=FACE_BOUND('',#863,.T.);
#865=ADVANCED_FACE('',(#864),#824,.F.);
#866=CARTESIAN_POINT('',(0.,-2.592388883,0.));
#867=DIRECTION('',(0.,1.,0.));
#868=DIRECTION('',(0.,-0.,1.));
#869=AXIS2_PLACEMENT_3D('',#866,#867,#868);
#870=CYLINDRICAL_SURFACE('',#869,17.25);
#871=CARTESIAN_POINT('',(0.,49.,17.25));
#872=DIRECTION('',(-0.,-1.,-0.));
#873=VECTOR('',#872,17.);
#874=LINE('',#871,#873);
#875=EDGE_CURVE('',#677,#798,#874,.T.);
#876=ORIENTED_EDGE('',*,*,#875,.F.);
#877=ORIENTED_EDGE('',*,*,#683,.T.);
#878=ORIENTED_EDGE('',*,*,#875,.T.);
#879=ORIENTED_EDGE('',*,*,#804,.F.);
#880=EDGE_LOOP('',(#876,#877,#878,#879));
#881=FACE_BOUND('',#880,.T.);
#882=ADVANCED_FACE('',(#881),#870,.F.);
#883=CARTESIAN_POINT('',(0.,-2.592388883,0.));
#884=DIRECTION('',(0.,1.,0.));
#885=DIRECTION('',(0.,-0.,1.));
#886=AXIS2_PLACEMENT_3D('',#883,#884,#885);
#887=CYLINDRICAL_SURFACE('',#886,26.);
#888=CARTESIAN_POINT('',(-0.,32.,26.));
#889=VERTEX_POINT('',#888);
#890=CARTESIAN_POINT('',(0.000001251,20.598179,25.998317055));
#891=VERTEX_POINT('',#890);
#892=CARTESIAN_POINT('',(0.,32.,26.));
#893=DIRECTION('',(-0.,-1.,-0.));
#894=VECTOR('',#893,11.401821);
#895=LINE('',#892,#894);
#896=EDGE_CURVE('',#889,#891,#895,.T.);
#897=ORIENTED_EDGE('',*,*,#896,.T.);
#898=CARTESIAN_POINT('',(20.6,0.,15.86316488));
#899=CARTESIAN_POINT('',(20.6,1.562317556,15.86316488));
#900=CARTESIAN_POINT('',(20.414723886,3.141923877,16.109659259));
#901=CARTESIAN_POINT('',(20.07727229,4.61119696,16.519780186));
#902=CARTESIAN_POINT('',(19.623375555,6.587475227,17.071422414));
#903=CARTESIAN_POINT('',(18.890734584,8.433435851,17.910975488));
#904=CARTESIAN_POINT('',(17.958220647,10.092686024,18.801657139));
#905=CARTESIAN_POINT('',(16.703228763,12.325730935,20.000350478));
#906=CARTESIAN_POINT('',(15.041568252,14.309722604,21.332609502));
#907=CARTESIAN_POINT('',(13.04467561,15.943539075,22.490807861));
#908=CARTESIAN_POINT('',(11.436936023,17.258958524,23.423297325));
#909=CARTESIAN_POINT('',(9.565281705,18.375785221,24.270332565));
#910=CARTESIAN_POINT('',(7.524923404,19.17643157,24.887256333));
#911=CARTESIAN_POINT('',(5.811363527,19.848840656,25.405369163));
#912=CARTESIAN_POINT('',(3.935991589,20.310159121,25.770704834));
#913=CARTESIAN_POINT('',(2.038891583,20.498851702,25.919932892));
#914=CARTESIAN_POINT('',(0.136880225,20.688032784,26.069547282));
#915=CARTESIAN_POINT('',(-1.837712419,20.605493368,26.003501008));
#916=CARTESIAN_POINT('',(-3.705056617,20.264070555,25.7346567));
#917=CARTESIAN_POINT('',(-5.47786567,19.939932426,25.479422757));
#918=CARTESIAN_POINT('',(-7.198459969,19.378864234,25.039017458));
#919=CARTESIAN_POINT('',(-8.765420174,18.642087039,24.477896339));
#920=CARTESIAN_POINT('',(-10.488131997,17.832076179,23.861001294));
#921=CARTESIAN_POINT('',(-12.065530703,16.795646396,23.087166188));
#922=CARTESIAN_POINT('',(-13.444163949,15.608153501,22.254313194));
#923=CARTESIAN_POINT('',(-15.106834228,14.176003835,21.249869173));
#924=CARTESIAN_POINT('',(-16.521706229,12.495547013,20.1339435));
#925=CARTESIAN_POINT('',(-17.645759844,10.629541831,19.095213001));
#926=CARTESIAN_POINT('',(-18.638114666,8.982165571,18.178184483));
#927=CARTESIAN_POINT('',(-19.427751342,7.147522481,17.29739772));
#928=CARTESIAN_POINT('',(-19.940130126,5.172157243,16.685059501));
#929=CARTESIAN_POINT('',(-20.363256808,3.540884122,16.179385482));
#930=CARTESIAN_POINT('',(-20.6,1.75948697,15.86316488));
#931=CARTESIAN_POINT('',(-20.6,0.,15.86316488));
#932=B_SPLINE_CURVE_WITH_KNOTS('',3,(#898,#899,#900,#901,#902,#903,#904,#905,#906,#907,#908,#909,#910,#911,#912,#913,#914,#915,#916,#917,#918,#919,#920,#921,#922,#923,
#924,#925,#926,#927,#928,#929,#930,#931),.UNSPECIFIED.,.F.,.F.,(4,3,3,3,3,3,3,3,3,3,3,4),(0.,0.004686953,0.010996285,0.019516101,0.026359854,0.032100568,0.037863736,0.043316739,0.049307445,0.056543556,0.062932734,0.068225082),.UNSPECIFIED.);
#933=EDGE_CURVE('',#765,#891,#932,.T.);
#934=ORIENTED_EDGE('',*,*,#933,.F.);
#935=ORIENTED_EDGE('',*,*,#771,.T.);
#936=ORIENTED_EDGE('',*,*,#860,.F.);
#937=ORIENTED_EDGE('',*,*,#753,.T.);
#938=ORIENTED_EDGE('',*,*,#787,.T.);
#939=CARTESIAN_POINT('',(20.6,0.,15.86316488));
#940=CARTESIAN_POINT('',(20.6,1.562317556,15.86316488));
#941=CARTESIAN_POINT('',(20.414723886,3.141923877,16.109659259));
#942=CARTESIAN_POINT('',(20.07727229,4.61119696,16.519780186));
#943=CARTESIAN_POINT('',(19.623375555,6.587475227,17.071422414));
#944=CARTESIAN_POINT('',(18.890734584,8.433435851,17.910975488));
#945=CARTESIAN_POINT('',(17.958220647,10.092686024,18.801657139));
#946=CARTESIAN_POINT('',(16.703228763,12.325730935,20.000350478));
#947=CARTESIAN_POINT('',(15.041568252,14.309722604,21.332609502));
#948=CARTESIAN_POINT('',(13.04467561,15.943539075,22.490807861));
#949=CARTESIAN_POINT('',(11.436936023,17.258958524,23.423297325));
#950=CARTESIAN_POINT('',(9.565281705,18.375785221,24.270332565));
#951=CARTESIAN_POINT('',(7.524923404,19.17643157,24.887256333));
#952=CARTESIAN_POINT('',(5.811363527,19.848840656,25.405369163));
#953=CARTESIAN_POINT('',(3.935991589,20.310159121,25.770704834));
#954=CARTESIAN_POINT('',(2.038891583,20.498851702,25.919932892));
#955=CARTESIAN_POINT('',(0.136880225,20.688032784,26.069547282));
#956=CARTESIAN_POINT('',(-1.837712419,20.605493368,26.003501008));
#957=CARTESIAN_POINT('',(-3.705056617,20.264070555,25.7346567));
#958=CARTESIAN_POINT('',(-5.47786567,19.939932426,25.479422757));
#959=CARTESIAN_POINT('',(-7.198459969,19.378864234,25.039017458));
#960=CARTESIAN_POINT('',(-8.765420174,18.642087039,24.477896339));
#961=CARTESIAN_POINT('',(-10.488131997,17.832076179,23.861001294));
#962=CARTESIAN_POINT('',(-12.065530703,16.795646396,23.087166188));
#963=CARTESIAN_POINT('',(-13.444163949,15.608153501,22.254313194));
#964=CARTESIAN_POINT('',(-15.106834228,14.176003835,21.249869173));
#965=CARTESIAN_POINT('',(-16.521706229,12.495547013,20.1339435));
#966=CARTESIAN_POINT('',(-17.645759844,10.629541831,19.095213001));
#967=CARTESIAN_POINT('',(-18.638114666,8.982165571,18.178184483));
#968=CARTESIAN_POINT('',(-19.427751342,7.147522481,17.29739772));
#969=CARTESIAN_POINT('',(-19.940130126,5.172157243,16.685059501));
#970=CARTESIAN_POINT('',(-20.363256808,3.540884122,16.179385482));
#971=CARTESIAN_POINT('',(-20.6,1.75948697,15.86316488));
#972=CARTESIAN_POINT('',(-20.6,0.,15.86316488));
#973=B_SPLINE_CURVE_WITH_KNOTS('',3,(#939,#940,#941,#942,#943,#944,#945,#946,#947,#948,#949,#950,#951,#952,#953,#954,#955,#956,#957,#958,#959,#960,#961,#962,#963,#964,
#965,#966,#967,#968,#969,#970,#971,#972),.UNSPECIFIED.,.F.,.F.,(4,3,3,3,3,3,3,3,3,3,3,4),(0.,0.004686953,0.010996285,0.019516101,0.026359854,0.032100568,0.037863736,0.043316739,0.049307445,0.056543556,0.062932734,0.068225082),.UNSPECIFIED.);
#974=EDGE_CURVE('',#891,#774,#973,.T.);
#975=ORIENTED_EDGE('',*,*,#974,.F.);
#976=ORIENTED_EDGE('',*,*,#896,.F.);
#977=CARTESIAN_POINT('',(0.,32.,0.));
#978=DIRECTION('',(0.,1.,0.));
#979=DIRECTION('',(0.,-0.,1.));
#980=AXIS2_PLACEMENT_3D('',#977,#978,#979);
#981=CIRCLE('',#980,26.);
#982=EDGE_CURVE('',#889,#889,#981,.T.);
#983=ORIENTED_EDGE('',*,*,#982,.F.);
#984=EDGE_LOOP('',(#897,#934,#935,#936,#937,#938,#975,#976,#983));
#985=FACE_BOUND('',#984,.T.);
#986=ADVANCED_FACE('',(#985),#887,.T.);
#987=CARTESIAN_POINT('',(0.,0.,44.5));
#988=DIRECTION('',(0.,0.,-1.));
#989=DIRECTION('',(-1.,0.,0.));
#990=AXIS2_PLACEMENT_3D('',#987,#988,#989);
#991=CYLINDRICAL_SURFACE('',#990,20.6);
#992=ORIENTED_EDGE('',*,*,#933,.T.);
#993=ORIENTED_EDGE('',*,*,#974,.T.);
#994=ORIENTED_EDGE('',*,*,#780,.T.);
#995=EDGE_LOOP('',(#992,#993,#994));
#996=FACE_BOUND('',#995,.T.);
#997=ADVANCED_FACE('',(#996),#991,.F.);
#998=CARTESIAN_POINT('',(-29.96,32.,0.));
#999=DIRECTION('',(0.,-1.,0.));
#1000=DIRECTION('',(0.,0.,-1.));
#1001=AXIS2_PLACEMENT_3D('',#998,#999,#1000);
#1002=PLANE('',#1001);
#1003=ORIENTED_EDGE('',*,*,#982,.T.);
#1004=EDGE_LOOP('',(#1003));
#1005=FACE_BOUND('',#1004,.T.);
#1006=ORIENTED_EDGE('',*,*,#706,.F.);
#1007=EDGE_LOOP('',(#1006));
#1008=FACE_BOUND('',#1007,.T.);
#1009=ADVANCED_FACE('',(#1005,#1008),#1002,.T.);
#1010=CARTESIAN_POINT('',(0.,-2.592388883,0.));
#1011=DIRECTION('',(0.,1.,0.));
#1012=DIRECTION('',(0.,-0.,1.));
#1013=AXIS2_PLACEMENT_3D('',#1010,#1011,#1012);
#1014=CYLINDRICAL_SURFACE('',#1013,13.6);
#1015=CARTESIAN_POINT('',(0.,32.,13.6));
#1016=DIRECTION('',(-0.,-1.,-0.));
#1017=VECTOR('',#1016,9.840577625);
#1018=LINE('',#1015,#1017);
#1019=EDGE_CURVE('',#809,#730,#1018,.T.);
#1020=ORIENTED_EDGE('',*,*,#1019,.F.);
#1021=ORIENTED_EDGE('',*,*,#815,.T.);
#1022=ORIENTED_EDGE('',*,*,#1019,.T.);
#1023=ORIENTED_EDGE('',*,*,#736,.F.);
#1024=ORIENTED_EDGE('',*,*,#743,.F.);
#1025=EDGE_LOOP('',(#1020,#1021,#1022,#1023,#1024));
#1026=FACE_BOUND('',#1025,.T.);
#1027=ADVANCED_FACE('',(#1026),#1014,.F.);
#1028=CLOSED_SHELL('',(#687,#712,#791,#819,#865,#882,#986,#997,#1009,#1027));
#1029=MANIFOLD_SOLID_BREP('\X2\FF76FF6FFF84\X0\ - \X2\62BC305751FA3057\X0\10[2]',#1028);
#1030=COLOUR_RGB('',0.039215688,0.490196079,0.709803939);
#1031=FILL_AREA_STYLE_COLOUR('',#1030);
#1032=FILL_AREA_STYLE('',(#1031));
#1033=SURFACE_STYLE_FILL_AREA(#1032);
#1034=SURFACE_SIDE_STYLE('',(#1033));
#1035=SURFACE_STYLE_USAGE(.BOTH.,#1034);
#1036=PRESENTATION_STYLE_ASSIGNMENT((#1035));
#659=STYLED_ITEM('',(#1036),#1029);
#1038=CARTESIAN_POINT('',(0.,0.,30.3));
#1039=DIRECTION('',(0.,0.,1.));
#1040=DIRECTION('',(-1.,0.,0.));
#1041=AXIS2_PLACEMENT_3D('',#1038,#1039,#1040);
#1042=PLANE('',#1041);
#1043=CARTESIAN_POINT('',(-20.6,0.,30.3));
#1044=VERTEX_POINT('',#1043);
#1045=CARTESIAN_POINT('',(20.6,-0.,30.3));
#1046=VERTEX_POINT('',#1045);
#1047=CARTESIAN_POINT('',(0.,0.,30.3));
#1048=DIRECTION('',(0.,0.,1.));
#1049=DIRECTION('',(1.,0.,-0.));
#1050=AXIS2_PLACEMENT_3D('',#1047,#1048,#1049);
#1051=CIRCLE('',#1050,20.6);
#1052=EDGE_CURVE('',#1044,#1046,#1051,.T.);
#1053=ORIENTED_EDGE('',*,*,#1052,.F.);
#1054=CARTESIAN_POINT('',(0.,0.,30.3));
#1055=DIRECTION('',(0.,0.,1.));
#1056=DIRECTION('',(1.,0.,-0.));
#1057=AXIS2_PLACEMENT_3D('',#1054,#1055,#1056);
#1058=CIRCLE('',#1057,20.6);
#1059=EDGE_CURVE('',#1046,#1044,#1058,.T.);
#1060=ORIENTED_EDGE('',*,*,#1059,.F.);
#1061=EDGE_LOOP('',(#1053,#1060));
#1062=FACE_BOUND('',#1061,.T.);
#1063=CARTESIAN_POINT('',(24.55,0.,30.3));
#1064=VERTEX_POINT('',#1063);
#1065=CARTESIAN_POINT('',(-24.55,-0.,30.3));
#1066=VERTEX_POINT('',#1065);
#1067=CARTESIAN_POINT('',(0.,0.,30.3));
#1068=DIRECTION('',(0.,0.,-1.));
#1069=DIRECTION('',(-1.,0.,0.));
#1070=AXIS2_PLACEMENT_3D('',#1067,#1068,#1069);
#1071=CIRCLE('',#1070,24.55);
#1072=EDGE_CURVE('',#1064,#1066,#1071,.T.);
#1073=ORIENTED_EDGE('',*,*,#1072,.F.);
#1074=CARTESIAN_POINT('',(0.,0.,30.3));
#1075=DIRECTION('',(0.,0.,-1.));
#1076=DIRECTION('',(-1.,0.,0.));
#1077=AXIS2_PLACEMENT_3D('',#1074,#1075,#1076);
#1078=CIRCLE('',#1077,24.55);
#1079=EDGE_CURVE('',#1066,#1064,#1078,.T.);
#1080=ORIENTED_EDGE('',*,*,#1079,.F.);
#1081=EDGE_LOOP('',(#1073,#1080));
#1082=FACE_BOUND('',#1081,.T.);
#1083=ADVANCED_FACE('',(#1062,#1082),#1042,.T.);
#1084=CARTESIAN_POINT('',(0.,0.,21.7));
#1085=DIRECTION('',(0.,0.,1.));
#1086=DIRECTION('',(1.,0.,0.));
#1087=AXIS2_PLACEMENT_3D('',#1084,#1085,#1086);
#1088=PLANE('',#1087);
#1089=CARTESIAN_POINT('',(30.15,-0.,21.7));
#1090=VERTEX_POINT('',#1089);
#1091=CARTESIAN_POINT('',(0.,0.,21.7));
#1092=DIRECTION('',(0.,0.,1.));
#1093=DIRECTION('',(1.,0.,-0.));
#1094=AXIS2_PLACEMENT_3D('',#1091,#1092,#1093);
#1095=CIRCLE('',#1094,30.15);
#1096=EDGE_CURVE('',#1090,#1090,#1095,.T.);
#1097=ORIENTED_EDGE('',*,*,#1096,.F.);
#1098=EDGE_LOOP('',(#1097));
#1099=FACE_BOUND('',#1098,.T.);
#1100=CARTESIAN_POINT('',(26.19,-0.,21.7));
#1101=VERTEX_POINT('',#1100);
#1102=CARTESIAN_POINT('',(0.,0.,21.7));
#1103=DIRECTION('',(0.,0.,1.));
#1104=DIRECTION('',(1.,0.,-0.));
#1105=AXIS2_PLACEMENT_3D('',#1102,#1103,#1104);
#1106=CIRCLE('',#1105,26.19);
#1107=EDGE_CURVE('',#1101,#1101,#1106,.T.);
#1108=ORIENTED_EDGE('',*,*,#1107,.T.);
#1109=EDGE_LOOP('',(#1108));
#1110=FACE_BOUND('',#1109,.T.);
#1111=ADVANCED_FACE('',(#1099,#1110),#1088,.F.);
#1112=CARTESIAN_POINT('',(0.,0.,-69.771185801));
#1113=DIRECTION('',(0.,0.,1.));
#1114=DIRECTION('',(1.,0.,-0.));
#1115=AXIS2_PLACEMENT_3D('',#1112,#1113,#1114);
#1116=CYLINDRICAL_SURFACE('',#1115,26.19);
#1117=CARTESIAN_POINT('',(26.19,-0.,-21.7));
#1118=VERTEX_POINT('',#1117);
#1119=CARTESIAN_POINT('',(26.19,0.,21.7));
#1120=DIRECTION('',(-0.,-0.,-1.));
#1121=VECTOR('',#1120,43.4);
#1122=LINE('',#1119,#1121);
#1123=EDGE_CURVE('',#1101,#1118,#1122,.T.);
#1124=ORIENTED_EDGE('',*,*,#1123,.T.);
#1125=CARTESIAN_POINT('',(0.,0.,-21.7));
#1126=DIRECTION('',(0.,0.,1.));
#1127=DIRECTION('',(1.,0.,-0.));
#1128=AXIS2_PLACEMENT_3D('',#1125,#1126,#1127);
#1129=CIRCLE('',#1128,26.19);
#1130=EDGE_CURVE('',#1118,#1118,#1129,.T.);
#1131=ORIENTED_EDGE('',*,*,#1130,.T.);
#1132=ORIENTED_EDGE('',*,*,#1123,.F.);
#1133=ORIENTED_EDGE('',*,*,#1107,.F.);
#1134=EDGE_LOOP('',(#1124,#1131,#1132,#1133));
#1135=FACE_BOUND('',#1134,.T.);
#1136=ADVANCED_FACE('',(#1135),#1116,.T.);
#1137=CARTESIAN_POINT('',(0.,0.,-21.7));
#1138=DIRECTION('',(0.,0.,1.));
#1139=DIRECTION('',(1.,0.,0.));
#1140=AXIS2_PLACEMENT_3D('',#1137,#1138,#1139);
#1141=PLANE('',#1140);
#1142=CARTESIAN_POINT('',(30.15,-0.,-21.7));
#1143=VERTEX_POINT('',#1142);
#1144=CARTESIAN_POINT('',(0.,0.,-21.7));
#1145=DIRECTION('',(0.,0.,1.));
#1146=DIRECTION('',(1.,0.,-0.));
#1147=AXIS2_PLACEMENT_3D('',#1144,#1145,#1146);
#1148=CIRCLE('',#1147,30.15);
#1149=EDGE_CURVE('',#1143,#1143,#1148,.T.);
#1150=ORIENTED_EDGE('',*,*,#1149,.T.);
#1151=EDGE_LOOP('',(#1150));
#1152=FACE_BOUND('',#1151,.T.);
#1153=ORIENTED_EDGE('',*,*,#1130,.F.);
#1154=EDGE_LOOP('',(#1153));
#1155=FACE_BOUND('',#1154,.T.);
#1156=ADVANCED_FACE('',(#1152,#1155),#1141,.T.);
#1157=CARTESIAN_POINT('',(0.,0.,-44.5));
#1158=DIRECTION('',(0.,0.,1.));
#1159=DIRECTION('',(1.,0.,0.));
#1160=AXIS2_PLACEMENT_3D('',#1157,#1158,#1159);
#1161=PLANE('',#1160);
#1162=CARTESIAN_POINT('',(-24.55,-0.,-44.5));
#1163=VERTEX_POINT('',#1162);
#1164=CARTESIAN_POINT('',(0.,0.,-44.5));
#1165=DIRECTION('',(0.,0.,-1.));
#1166=DIRECTION('',(-1.,0.,0.));
#1167=AXIS2_PLACEMENT_3D('',#1164,#1165,#1166);
#1168=CIRCLE('',#1167,24.55);
#1169=EDGE_CURVE('',#1163,#1163,#1168,.T.);
#1170=ORIENTED_EDGE('',*,*,#1169,.F.);
#1171=EDGE_LOOP('',(#1170));
#1172=FACE_BOUND('',#1171,.T.);
#1173=CARTESIAN_POINT('',(30.15,-0.,-44.5));
#1174=VERTEX_POINT('',#1173);
#1175=CARTESIAN_POINT('',(0.,0.,-44.5));
#1176=DIRECTION('',(0.,0.,1.));
#1177=DIRECTION('',(1.,0.,-0.));
#1178=AXIS2_PLACEMENT_3D('',#1175,#1176,#1177);
#1179=CIRCLE('',#1178,30.15);
#1180=EDGE_CURVE('',#1174,#1174,#1179,.T.);
#1181=ORIENTED_EDGE('',*,*,#1180,.F.);
#1182=EDGE_LOOP('',(#1181));
#1183=FACE_BOUND('',#1182,.T.);
#1184=ADVANCED_FACE('',(#1172,#1183),#1161,.F.);
#1185=CARTESIAN_POINT('',(0.,0.,-69.771185801));
#1186=DIRECTION('',(0.,0.,1.));
#1187=DIRECTION('',(1.,0.,-0.));
#1188=AXIS2_PLACEMENT_3D('',#1185,#1186,#1187);
#1189=CYLINDRICAL_SURFACE('',#1188,30.15);
#1190=CARTESIAN_POINT('',(30.15,-0.,44.5));
#1191=VERTEX_POINT('',#1190);
#1192=CARTESIAN_POINT('',(30.15,0.,44.5));
#1193=DIRECTION('',(-0.,-0.,-1.));
#1194=VECTOR('',#1193,22.8);
#1195=LINE('',#1192,#1194);
#1196=EDGE_CURVE('',#1191,#1090,#1195,.T.);
#1197=ORIENTED_EDGE('',*,*,#1196,.T.);
#1198=ORIENTED_EDGE('',*,*,#1096,.T.);
#1199=ORIENTED_EDGE('',*,*,#1196,.F.);
#1200=CARTESIAN_POINT('',(0.,0.,44.5));
#1201=DIRECTION('',(0.,0.,1.));
#1202=DIRECTION('',(1.,0.,-0.));
#1203=AXIS2_PLACEMENT_3D('',#1200,#1201,#1202);
#1204=CIRCLE('',#1203,30.15);
#1205=EDGE_CURVE('',#1191,#1191,#1204,.T.);
#1206=ORIENTED_EDGE('',*,*,#1205,.F.);
#1207=EDGE_LOOP('',(#1197,#1198,#1199,#1206));
#1208=FACE_BOUND('',#1207,.T.);
#1209=ADVANCED_FACE('',(#1208),#1189,.T.);
#1210=CARTESIAN_POINT('',(0.,0.,30.3));
#1211=DIRECTION('',(0.,0.,1.));
#1212=DIRECTION('',(1.,0.,-0.));
#1213=AXIS2_PLACEMENT_3D('',#1210,#1211,#1212);
#1214=CYLINDRICAL_SURFACE('',#1213,24.55);
#1215=CARTESIAN_POINT('',(24.55,0.,44.5));
#1216=VERTEX_POINT('',#1215);
#1217=CARTESIAN_POINT('',(24.55,0.,44.5));
#1218=DIRECTION('',(-0.,-0.,-1.));
#1219=VECTOR('',#1218,14.2);
#1220=LINE('',#1217,#1219);
#1221=EDGE_CURVE('',#1216,#1064,#1220,.T.);
#1222=ORIENTED_EDGE('',*,*,#1221,.F.);
#1223=CARTESIAN_POINT('',(-24.55,-0.,44.5));
#1224=VERTEX_POINT('',#1223);
#1225=CARTESIAN_POINT('',(0.,0.,44.5));
#1226=DIRECTION('',(0.,0.,-1.));
#1227=DIRECTION('',(-1.,0.,0.));
#1228=AXIS2_PLACEMENT_3D('',#1225,#1226,#1227);
#1229=CIRCLE('',#1228,24.55);
#1230=EDGE_CURVE('',#1224,#1216,#1229,.T.);
#1231=ORIENTED_EDGE('',*,*,#1230,.F.);
#1232=CARTESIAN_POINT('',(0.,0.,44.5));
#1233=DIRECTION('',(0.,0.,-1.));
#1234=DIRECTION('',(-1.,0.,0.));
#1235=AXIS2_PLACEMENT_3D('',#1232,#1233,#1234);
#1236=CIRCLE('',#1235,24.55);
#1237=EDGE_CURVE('',#1216,#1224,#1236,.T.);
#1238=ORIENTED_EDGE('',*,*,#1237,.F.);
#1239=ORIENTED_EDGE('',*,*,#1221,.T.);
#1240=ORIENTED_EDGE('',*,*,#1072,.T.);
#1241=ORIENTED_EDGE('',*,*,#1079,.T.);
#1242=EDGE_LOOP('',(#1222,#1231,#1238,#1239,#1240,#1241));
#1243=FACE_BOUND('',#1242,.T.);
#1244=ADVANCED_FACE('',(#1243),#1214,.F.);
#1245=CARTESIAN_POINT('',(0.,0.,-30.3));
#1246=DIRECTION('',(0.,0.,-1.));
#1247=DIRECTION('',(-1.,0.,0.));
#1248=AXIS2_PLACEMENT_3D('',#1245,#1246,#1247);
#1249=CYLINDRICAL_SURFACE('',#1248,24.55);
#1250=CARTESIAN_POINT('',(-24.55,-0.,-30.3));
#1251=VERTEX_POINT('',#1250);
#1252=CARTESIAN_POINT('',(-24.55,0.,-44.5));
#1253=DIRECTION('',(-0.,-0.,1.));
#1254=VECTOR('',#1253,14.2);
#1255=LINE('',#1252,#1254);
#1256=EDGE_CURVE('',#1163,#1251,#1255,.T.);
#1257=ORIENTED_EDGE('',*,*,#1256,.F.);
#1258=ORIENTED_EDGE('',*,*,#1169,.T.);
#1259=ORIENTED_EDGE('',*,*,#1256,.T.);
#1260=CARTESIAN_POINT('',(0.,0.,-30.3));
#1261=DIRECTION('',(0.,0.,-1.));
#1262=DIRECTION('',(-1.,0.,0.));
#1263=AXIS2_PLACEMENT_3D('',#1260,#1261,#1262);
#1264=CIRCLE('',#1263,24.55);
#1265=EDGE_CURVE('',#1251,#1251,#1264,.T.);
#1266=ORIENTED_EDGE('',*,*,#1265,.F.);
#1267=EDGE_LOOP('',(#1257,#1258,#1259,#1266));
#1268=FACE_BOUND('',#1267,.T.);
#1269=ADVANCED_FACE('',(#1268),#1249,.F.);
#1270=CARTESIAN_POINT('',(0.,0.,44.5));
#1271=DIRECTION('',(0.,0.,1.));
#1272=DIRECTION('',(1.,0.,0.));
#1273=AXIS2_PLACEMENT_3D('',#1270,#1271,#1272);
#1274=PLANE('',#1273);
#1275=ORIENTED_EDGE('',*,*,#1230,.T.);
#1276=ORIENTED_EDGE('',*,*,#1237,.T.);
#1277=EDGE_LOOP('',(#1275,#1276));
#1278=FACE_BOUND('',#1277,.T.);
#1279=ORIENTED_EDGE('',*,*,#1205,.T.);
#1280=EDGE_LOOP('',(#1279));
#1281=FACE_BOUND('',#1280,.T.);
#1282=ADVANCED_FACE('',(#1278,#1281),#1274,.T.);
#1283=CARTESIAN_POINT('',(0.,0.,-69.771185801));
#1284=DIRECTION('',(0.,0.,1.));
#1285=DIRECTION('',(1.,0.,-0.));
#1286=AXIS2_PLACEMENT_3D('',#1283,#1284,#1285);
#1287=CYLINDRICAL_SURFACE('',#1286,30.15);
#1288=CARTESIAN_POINT('',(30.15,0.,-21.7));
#1289=DIRECTION('',(-0.,-0.,-1.));
#1290=VECTOR('',#1289,22.8);
#1291=LINE('',#1288,#1290);
#1292=EDGE_CURVE('',#1143,#1174,#1291,.T.);
#1293=ORIENTED_EDGE('',*,*,#1292,.T.);
#1294=ORIENTED_EDGE('',*,*,#1180,.T.);
#1295=ORIENTED_EDGE('',*,*,#1292,.F.);
#1296=ORIENTED_EDGE('',*,*,#1149,.F.);
#1297=EDGE_LOOP('',(#1293,#1294,#1295,#1296));
#1298=FACE_BOUND('',#1297,.T.);
#1299=ADVANCED_FACE('',(#1298),#1287,.T.);
#1300=CARTESIAN_POINT('',(0.,0.,-30.3));
#1301=DIRECTION('',(0.,0.,-1.));
#1302=DIRECTION('',(-1.,0.,0.));
#1303=AXIS2_PLACEMENT_3D('',#1300,#1301,#1302);
#1304=PLANE('',#1303);
#1305=CARTESIAN_POINT('',(-20.6,-0.,-30.3));
#1306=VERTEX_POINT('',#1305);
#1307=CARTESIAN_POINT('',(0.,0.,-30.3));
#1308=DIRECTION('',(0.,0.,-1.));
#1309=DIRECTION('',(-1.,0.,0.));
#1310=AXIS2_PLACEMENT_3D('',#1307,#1308,#1309);
#1311=CIRCLE('',#1310,20.6);
#1312=EDGE_CURVE('',#1306,#1306,#1311,.T.);
#1313=ORIENTED_EDGE('',*,*,#1312,.F.);
#1314=EDGE_LOOP('',(#1313));
#1315=FACE_BOUND('',#1314,.T.);
#1316=ORIENTED_EDGE('',*,*,#1265,.T.);
#1317=EDGE_LOOP('',(#1316));
#1318=FACE_BOUND('',#1317,.T.);
#1319=ADVANCED_FACE('',(#1315,#1318),#1304,.T.);
#1320=CARTESIAN_POINT('',(0.,0.,44.5));
#1321=DIRECTION('',(0.,0.,-1.));
#1322=DIRECTION('',(-1.,0.,0.));
#1323=AXIS2_PLACEMENT_3D('',#1320,#1321,#1322);
#1324=CYLINDRICAL_SURFACE('',#1323,20.6);
#1325=CARTESIAN_POINT('',(-20.6,0.,-30.3));
#1326=DIRECTION('',(-0.,-0.,1.));
#1327=VECTOR('',#1326,60.6);
#1328=LINE('',#1325,#1327);
#1329=EDGE_CURVE('',#1306,#1044,#1328,.T.);
#1330=ORIENTED_EDGE('',*,*,#1329,.F.);
#1331=ORIENTED_EDGE('',*,*,#1312,.T.);
#1332=ORIENTED_EDGE('',*,*,#1329,.T.);
#1333=ORIENTED_EDGE('',*,*,#1052,.T.);
#1334=ORIENTED_EDGE('',*,*,#1059,.T.);
#1335=EDGE_LOOP('',(#1330,#1331,#1332,#1333,#1334));
#1336=FACE_BOUND('',#1335,.T.);
#1337=ADVANCED_FACE('',(#1336),#1324,.F.);
#1338=CLOSED_SHELL('',(#1083,#1111,#1136,#1156,#1184,#1209,#1244,#1269,#1282,#1299,#1319,#1337));
#1339=MANIFOLD_SOLID_BREP('\X2\FF76FF6FFF84\X0\ - \X2\62BC305751FA3057\X0\10[1]',#1338);
#1037=STYLED_ITEM('',(#1036),#1339);
#1340=STYLED_ITEM('',(#346),#1244);
#1341=OVER_RIDING_STYLED_ITEM('',(#1036),#1244,#1340);
#1342=STYLED_ITEM('',(#346),#1083);
#1343=OVER_RIDING_STYLED_ITEM('',(#1036),#1083,#1342);
#16=SHAPE_REPRESENTATION('\X2\FF83FF9EFF8CFF6BFF99FF84\X0\',(#15),#10);
#17=ADVANCED_BREP_SHAPE_REPRESENTATION('\X2\FF83FF9EFF8CFF6BFF99FF84\X0\',(#1029,#1339),#10);
#1351=SHAPE_REPRESENTATION_RELATIONSHIP('','',#16,#17);
#1352=CARTESIAN_POINT('',(0.,0.,0.));
#1353=DIRECTION('',(0.,0.,1.));
#1354=DIRECTION('',(1.,0.,0.));
#1355=AXIS2_PLACEMENT_3D('',#1352,#1353,#1354);
#1357=MAPPED_ITEM('',#1356,#1355);
#1356=REPRESENTATION_MAP(#1355,#16);
#1358=APPLICATION_CONTEXT('Managed model based 3d engineering');
#1359=APPLICATION_PROTOCOL_DEFINITION('international standard','ap242_managed_model_based_3d_engineering',2022,#1358);
#1360=PRODUCT_CONTEXT('',#1358,'mechanical');
#1361=PRODUCT_DEFINITION_CONTEXT('part definition',#1358,'design');
#24=PRODUCT('\X2\FF83FF9EFF8CFF6BFF99FF84\X0\','\X2\FF83FF9EFF8CFF6BFF99FF84\X0\','',(#1360));
#1362=PRODUCT_RELATED_PRODUCT_CATEGORY('part','',(#24));
#1363=PRODUCT_DEFINITION_FORMATION_WITH_SPECIFIED_SOURCE('','',#24,.NOT_KNOWN.);
#25=PRODUCT_DEFINITION('design','',#1363,#1361);
#23=PRODUCT_DEFINITION_SHAPE('','',#25);
#1364=SHAPE_DEFINITION_REPRESENTATION(#23,#16);
#11=DRAUGHTING_MODEL('',(#345,#453,#653,#1357),#10);
#1365=ID_ATTRIBUTE('SA #1366',#1366);
#1366=SHAPE_ASPECT('\X2\8DDD96E295939694\X0\2@\X2\5E739762\X0\6(30.3)','',#23,.T.);
#1367=GEOMETRIC_ITEM_SPECIFIC_USAGE('','\X2\8DDD96E295939694\X0\2@\X2\5E739762\X0\6(30.3)',#1366,#17,#1319);
#1368=DRAUGHTING_MODEL_ITEM_ASSOCIATION('','',#1366,#11,#74);
#1369=ID_ATTRIBUTE('SA #1370',#1370);
#1370=SHAPE_ASPECT('\X2\8DDD96E295939694\X0\4@\X2\5E739762\X0\9(30.3)','',#23,.T.);
#1371=GEOMETRIC_ITEM_SPECIFIC_USAGE('','\X2\8DDD96E295939694\X0\4@\X2\5E739762\X0\9(30.3)',#1370,#17,#1083);
#1372=DRAUGHTING_MODEL_ITEM_ASSOCIATION('','',#1370,#11,#119);
#1373=DRAUGHTING_MODEL_ITEM_ASSOCIATION('','',#1370,#11,#152);
#1374=ID_ATTRIBUTE('SA #1375',#1375);
#1375=SHAPE_ASPECT('\X2\8DDD96E295939694\X0\1@\X2\5E739762\X0\10(14.2)','',#23,.T.);
#1376=GEOMETRIC_ITEM_SPECIFIC_USAGE('','\X2\8DDD96E295939694\X0\1@\X2\5E739762\X0\10(14.2)',#1375,#17,#1282);
#1377=DRAUGHTING_MODEL_ITEM_ASSOCIATION('','',#1375,#11,#152);
#1378=DRAUGHTING_MODEL_ITEM_ASSOCIATION('','',#1366,#11,#185);
#1379=ID_ATTRIBUTE('SA #1380',#1380);
#1380=SHAPE_ASPECT('\X2\8DDD96E295939694\X0\1@\X2\5E739762\X0\11(14.2)','',#23,.T.);
#1381=GEOMETRIC_ITEM_SPECIFIC_USAGE('','\X2\8DDD96E295939694\X0\1@\X2\5E739762\X0\11(14.2)',#1380,#17,#1184);
#1382=DRAUGHTING_MODEL_ITEM_ASSOCIATION('','',#1380,#11,#185);
#1383=DRAUGHTING_MODEL_ITEM_ASSOCIATION('','',#1375,#11,#218);
#1384=DRAUGHTING_MODEL_ITEM_ASSOCIATION('','',#1380,#11,#218);
#1385=ID_ATTRIBUTE('SA #1386',#1386);
#1386=SHAPE_ASPECT('\X2\5EA73050308A7A74\X0\4@\X2\5EA73050308A7A74\X0\3(34.5)','',#23,.T.);
#1387=GEOMETRIC_ITEM_SPECIFIC_USAGE('','\X2\5EA73050308A7A74\X0\4@\X2\5EA73050308A7A74\X0\3(34.5)',#1386,#17,#1027);
#1388=DRAUGHTING_MODEL_ITEM_ASSOCIATION('','',#1386,#11,#257);
#1389=ID_ATTRIBUTE('SA #1390',#1390);
#1390=SHAPE_ASPECT('\X2\5EA73050308A7A74\X0\4@\X2\5EA73050308A7A74\X0\3(34.5)-2','',#23,.T.);
#1391=GEOMETRIC_ITEM_SPECIFIC_USAGE('','\X2\5EA73050308A7A74\X0\4@\X2\5EA73050308A7A74\X0\3(34.5)-2',#1390,#17,#882);
#1392=DRAUGHTING_MODEL_ITEM_ASSOCIATION('','',#1390,#11,#288);
#1393=DRAUGHTING_MODEL_ITEM_ASSOCIATION('','',#1390,#11,#317);
#1394=ID_ATTRIBUTE('SA #1395',#1395);
#1395=SHAPE_ASPECT('\X2\76F45F84\X0\10@\X2\FF8EFF9EFF7D\X0\2(59.92)','',#23,.T.);
#1396=GEOMETRIC_ITEM_SPECIFIC_USAGE('','\X2\76F45F84\X0\10@\X2\FF8EFF9EFF7D\X0\2(59.92)',#1395,#17,#712);
#1397=DRAUGHTING_MODEL_ITEM_ASSOCIATION('','',#1395,#11,#344);
#1398=ID_ATTRIBUTE('SA #1399',#1399);
#1399=SHAPE_ASPECT('\X2\76F45F84\X0\2@\X2\51867B525F62\X0\1(49.1)','',#23,.T.);
#1400=GEOMETRIC_ITEM_SPECIFIC_USAGE('','\X2\76F45F84\X0\2@\X2\51867B525F62\X0\1(49.1)',#1399,#17,#1269);
#1401=DRAUGHTING_MODEL_ITEM_ASSOCIATION('','',#1399,#11,#427);
#1402=ID_ATTRIBUTE('SA #1403',#1403);
#1403=SHAPE_ASPECT('\X2\76F45F84\X0\3@\X2\FF8EFF9EFF7D\X0\1(60.3)','',#23,.T.);
#1404=GEOMETRIC_ITEM_SPECIFIC_USAGE('','\X2\76F45F84\X0\3@\X2\FF8EFF9EFF7D\X0\1(60.3)',#1403,#17,#1209);
#1405=DRAUGHTING_MODEL_ITEM_ASSOCIATION('','',#1403,#11,#452);
#1406=DIMENSIONAL_LOCATION('linear distance','',#1370,#1375);
#1407=(LENGTH_UNIT()NAMED_UNIT(*)SI_UNIT(.MILLI.,.METRE.));
#1408=VALUE_FORMAT_TYPE_QUALIFIER('NR2 2.1');
#1409=(LENGTH_MEASURE_WITH_UNIT()MEASURE_REPRESENTATION_ITEM()MEASURE_WITH_UNIT(POSITIVE_LENGTH_MEASURE(14.2),#1407)QUALIFIED_REPRESENTATION_ITEM((#1408))REPRESENTATION_ITEM('nominal value'));
#1411=DIMENSIONAL_CHARACTERISTIC_REPRESENTATION(#1406,#1410);
#1410=SHAPE_DIMENSION_REPRESENTATION('',(#1409),#10);
#1412=DRAUGHTING_MODEL_ITEM_ASSOCIATION('PMI representation to presentation link','',#1406,#11,#152);
#1413=DIMENSIONAL_LOCATION('linear distance','',#1366,#1380);
#1414=(LENGTH_MEASURE_WITH_UNIT()MEASURE_REPRESENTATION_ITEM()MEASURE_WITH_UNIT(POSITIVE_LENGTH_MEASURE(14.2),#1407)QUALIFIED_REPRESENTATION_ITEM((#1408))REPRESENTATION_ITEM('nominal value'));
#1416=DIMENSIONAL_CHARACTERISTIC_REPRESENTATION(#1413,#1415);
#1415=SHAPE_DIMENSION_REPRESENTATION('',(#1414),#10);
#1417=DRAUGHTING_MODEL_ITEM_ASSOCIATION('PMI representation to presentation link','',#1413,#11,#185);
#1418=DIMENSIONAL_LOCATION('linear distance','',#1375,#1380);
#1419=(LENGTH_MEASURE_WITH_UNIT()MEASURE_REPRESENTATION_ITEM()MEASURE_WITH_UNIT(POSITIVE_LENGTH_MEASURE(89.),#1407)QUALIFIED_REPRESENTATION_ITEM((#1408))REPRESENTATION_ITEM('nominal value'));
#1421=DIMENSIONAL_CHARACTERISTIC_REPRESENTATION(#1418,#1420);
#1420=SHAPE_DIMENSION_REPRESENTATION('',(#1419),#10);
#1422=DRAUGHTING_MODEL_ITEM_ASSOCIATION('PMI representation to presentation link','',#1418,#11,#218);
#1423=DIMENSIONAL_SIZE(#1386,'diameter');
#1424=(LENGTH_MEASURE_WITH_UNIT()MEASURE_REPRESENTATION_ITEM()MEASURE_WITH_UNIT(POSITIVE_LENGTH_MEASURE(27.2),#1407)QUALIFIED_REPRESENTATION_ITEM((#1408))REPRESENTATION_ITEM('nominal value'));
#1426=DIMENSIONAL_CHARACTERISTIC_REPRESENTATION(#1423,#1425);
#1425=SHAPE_DIMENSION_REPRESENTATION('',(#1424),#10);
#1427=LENGTH_MEASURE_WITH_UNIT(LENGTH_MEASURE(0.3),#1407);
#1428=LENGTH_MEASURE_WITH_UNIT(LENGTH_MEASURE(-0.2),#1407);
#1429=TOLERANCE_VALUE(#1428,#1427);
#1430=PLUS_MINUS_TOLERANCE(#1429,#1423);
#1431=DRAUGHTING_MODEL_ITEM_ASSOCIATION('PMI representation to presentation link','',#1423,#11,#257);
#1432=DIMENSIONAL_SIZE(#1390,'diameter');
#1433=(LENGTH_MEASURE_WITH_UNIT()MEASURE_REPRESENTATION_ITEM()MEASURE_WITH_UNIT(POSITIVE_LENGTH_MEASURE(34.5),#1407)QUALIFIED_REPRESENTATION_ITEM((#1408))REPRESENTATION_ITEM('nominal value'));
#1435=DIMENSIONAL_CHARACTERISTIC_REPRESENTATION(#1432,#1434);
#1434=SHAPE_DIMENSION_REPRESENTATION('',(#1433),#10);
#1436=LENGTH_MEASURE_WITH_UNIT(LENGTH_MEASURE(0.2),#1407);
#1437=LENGTH_MEASURE_WITH_UNIT(LENGTH_MEASURE(-0.2),#1407);
#1438=TOLERANCE_VALUE(#1437,#1436);
#1439=PLUS_MINUS_TOLERANCE(#1438,#1432);
#1440=DRAUGHTING_MODEL_ITEM_ASSOCIATION('PMI representation to presentation link','',#1432,#11,#288);
#1441=DIMENSIONAL_SIZE(#1390,'curve length');
#1442=(LENGTH_MEASURE_WITH_UNIT()MEASURE_REPRESENTATION_ITEM()MEASURE_WITH_UNIT(POSITIVE_LENGTH_MEASURE(17.),#1407)QUALIFIED_REPRESENTATION_ITEM((#1408))REPRESENTATION_ITEM('nominal value'));
#1444=DIMENSIONAL_CHARACTERISTIC_REPRESENTATION(#1441,#1443);
#1443=SHAPE_DIMENSION_REPRESENTATION('',(#1442),#10);
#1445=LENGTH_MEASURE_WITH_UNIT(LENGTH_MEASURE(0.5),#1407);
#1446=LENGTH_MEASURE_WITH_UNIT(LENGTH_MEASURE(-0.5),#1407);
#1447=TOLERANCE_VALUE(#1446,#1445);
#1448=PLUS_MINUS_TOLERANCE(#1447,#1441);
#1449=DRAUGHTING_MODEL_ITEM_ASSOCIATION('PMI representation to presentation link','',#1441,#11,#317);
#1450=DIMENSIONAL_SIZE(#1395,'diameter');
#1451=VALUE_FORMAT_TYPE_QUALIFIER('NR2 2.2');
#1452=(LENGTH_MEASURE_WITH_UNIT()MEASURE_REPRESENTATION_ITEM()MEASURE_WITH_UNIT(POSITIVE_LENGTH_MEASURE(59.92),#1407)QUALIFIED_REPRESENTATION_ITEM((#1451))REPRESENTATION_ITEM('nominal value'));
#1454=DIMENSIONAL_CHARACTERISTIC_REPRESENTATION(#1450,#1453);
#1453=SHAPE_DIMENSION_REPRESENTATION('',(#1452),#10);
#1455=DRAUGHTING_MODEL_ITEM_ASSOCIATION('PMI representation to presentation link','',#1450,#11,#344);
#1456=DIMENSIONAL_SIZE(#1399,'diameter');
#1457=(LENGTH_MEASURE_WITH_UNIT()MEASURE_REPRESENTATION_ITEM()MEASURE_WITH_UNIT(POSITIVE_LENGTH_MEASURE(49.1),#1407)QUALIFIED_REPRESENTATION_ITEM((#1408))REPRESENTATION_ITEM('nominal value'));
#1459=DIMENSIONAL_CHARACTERISTIC_REPRESENTATION(#1456,#1458);
#1458=SHAPE_DIMENSION_REPRESENTATION('',(#1457),#10);
#1460=DRAUGHTING_MODEL_ITEM_ASSOCIATION('PMI representation to presentation link','',#1456,#11,#427);
#1461=DIMENSIONAL_SIZE(#1403,'diameter');
#1462=(LENGTH_MEASURE_WITH_UNIT()MEASURE_REPRESENTATION_ITEM()MEASURE_WITH_UNIT(POSITIVE_LENGTH_MEASURE(60.3),#1407)QUALIFIED_REPRESENTATION_ITEM((#1408))REPRESENTATION_ITEM('nominal value'));
#1464=DIMENSIONAL_CHARACTERISTIC_REPRESENTATION(#1461,#1463);
#1463=SHAPE_DIMENSION_REPRESENTATION('',(#1462),#10);
#1465=DRAUGHTING_MODEL_ITEM_ASSOCIATION('PMI representation to presentation link','',#1461,#11,#452);
#1466=INVISIBILITY((#74,#119,#152,#185,#218,#257,#288,#317,#344,#402,#427,#452,#652));
#1468=CARTESIAN_POINT('',(22.551872061,-368.702667236,-540.418445587));
#1469=DIRECTION('',(-0.736199047,0.166177429,0.65604575));
#1470=DIRECTION('',(0.028581452,0.976154303,-0.215188004));
#1471=AXIS2_PLACEMENT_3D('\X2\73FE5728306EFF93FF83FF9EFF99\X0\ \X2\FF8BFF9EFF6DFF70\X0\',#1468,#1469,#1470);
#1472=CARTESIAN_POINT('',(-3596.718783718,-2742.57815733,7823.293641022));
#1473=DIRECTION('',(-0.736199047,0.166177429,0.65604575));
#1474=DIRECTION('',(0.028581452,0.976154303,-0.215188004));
#1475=AXIS2_PLACEMENT_3D('\X2\73FE5728306EFF93FF83FF9EFF99\X0\ \X2\FF8BFF9EFF6DFF70\X0\',#1472,#1473,#1474);
#1477=CARTESIAN_POINT('\X2\73FE5728306EFF93FF83FF9EFF99\X0\ \X2\FF8BFF9EFF6DFF70\X0\',(-5741.641302969,411.677655122,5377.507981536));
#1478=PLANAR_BOX('',5354.600097656,5354.600097656,#1475);
#1476=VIEW_VOLUME(.PARALLEL.,#1477,7822.341796875,0.,.F.,0.,.F.,.F.,#1478);
#1467=CAMERA_MODEL_D3('\X2\73FE5728306EFF93FF83FF9EFF99\X0\ \X2\FF8BFF9EFF6DFF70\X0\',#1471,#1476);
#1479=DRAUGHTING_MODEL('\X2\73FE5728306EFF93FF83FF9EFF99\X0\ \X2\FF8BFF9EFF6DFF70\X0\',(#1467,#652,#402,#427,#452,#74,#119,#152,#185,#218,#257,#288,#317,#344),#10);
#1480=MECHANICAL_DESIGN_AND_DRAUGHTING_RELATIONSHIP('\X2\73FE5728306EFF93FF83FF9EFF99\X0\ \X2\FF8BFF9EFF6DFF70\X0\','',#1479,#11);
#1=MECHANICAL_DESIGN_GEOMETRIC_PRESENTATION_REPRESENTATION('',(#659,#1037,#1340,#1341,#1342,#1343),#10);
ENDSEC;
END-ISO-10303-21;
